Row ID,Order ID,Order Date,Ship Date,Ship Mode,Customer ID,Customer Name,Segment,Country,City,State,Postal Code,Region,Product ID,Category,Sub-Category,Product Name,Sales
1,2456,08/11/2017,11/11/2017,2,143,166,0,0,194,15,42420.0,2,12,0,4,386,261.96
2,2456,08/11/2017,11/11/2017,2,143,166,0,0,194,15,42420.0,2,55,0,5,838,731.94
3,2254,12/06/2017,16/06/2017,2,237,201,1,0,265,3,90036.0,3,946,1,10,1432,14.62
4,4295,11/10/2016,18/10/2016,3,705,687,0,0,153,8,33311.0,2,319,0,16,366,957.5775
5,4295,11/10/2016,18/10/2016,3,705,687,0,0,153,8,33311.0,2,1316,1,14,573,22.368
6,194,09/06/2015,14/06/2015,3,88,113,0,0,265,3,90032.0,3,185,0,9,570,48.86
7,194,09/06/2015,14/06/2015,3,88,113,0,0,265,3,90032.0,3,562,1,2,1128,7.28
8,194,09/06/2015,14/06/2015,3,88,113,0,0,265,3,90032.0,3,1760,2,13,1091,907.152
9,194,09/06/2015,14/06/2015,3,88,113,0,0,265,3,90032.0,3,794,1,3,499,18.504
10,194,09/06/2015,14/06/2015,3,88,113,0,0,265,3,90032.0,3,437,1,1,302,114.9
11,194,09/06/2015,14/06/2015,3,88,113,0,0,265,3,90032.0,3,328,0,16,427,1706.184
12,194,09/06/2015,14/06/2015,3,88,113,0,0,265,3,90032.0,3,1749,2,13,964,911.424
13,3035,15/04/2018,20/04/2018,3,2,31,0,0,96,31,28027.0,2,1167,1,12,1755,15.552
14,2612,05/12/2017,10/12/2017,3,338,336,0,0,450,45,98103.0,3,781,1,3,647,407.976
15,4312,22/11/2016,26/11/2016,3,330,319,2,0,154,41,76106.0,0,421,1,1,821,68.81
16,4312,22/11/2016,26/11/2016,3,330,319,2,0,154,41,76106.0,0,663,1,3,1511,2.544
17,81,11/11/2015,18/11/2015,3,597,603,0,0,271,47,53711.0,0,1407,1,14,1517,665.88
18,758,13/05/2015,15/05/2015,2,18,17,0,0,511,42,84084.0,3,1294,1,14,659,55.5
19,516,27/08/2015,01/09/2015,2,792,792,0,0,436,3,94109.0,3,567,1,2,1149,8.56
20,516,27/08/2015,01/09/2015,2,792,792,0,0,436,3,94109.0,3,1748,2,13,436,213.48
21,516,27/08/2015,01/09/2015,2,792,792,0,0,436,3,94109.0,3,730,1,3,1632,22.72
22,2235,09/12/2017,13/12/2017,3,417,437,1,0,158,25,68025.0,0,477,1,2,1123,19.46
23,2235,09/12/2017,13/12/2017,3,417,437,1,0,158,25,68025.0,0,408,1,1,78,60.34
24,4875,16/07/2018,18/07/2018,2,684,669,0,0,372,36,19140.0,1,95,0,5,745,71.372
25,868,25/09/2016,30/09/2016,3,249,256,0,0,349,42,84057.0,3,319,0,16,366,1044.63
26,2001,16/01/2017,20/01/2017,2,258,261,0,0,265,3,90049.0,3,702,1,3,1623,11.648
27,2001,16/01/2017,20/01/2017,2,258,261,0,0,265,3,90049.0,3,1545,2,0,913,90.57
28,4379,17/09/2016,21/09/2016,3,738,765,0,0,372,36,19140.0,1,48,0,4,1350,3083.43
29,4379,17/09/2016,21/09/2016,3,738,765,0,0,372,36,19140.0,1,655,1,3,265,9.618
30,4379,17/09/2016,21/09/2016,3,738,765,0,0,372,36,19140.0,1,310,0,9,880,124.2
31,4379,17/09/2016,21/09/2016,3,738,765,0,0,372,36,19140.0,1,860,1,7,1283,3.264
32,4379,17/09/2016,21/09/2016,3,738,765,0,0,372,36,19140.0,1,610,1,2,279,86.304
33,4379,17/09/2016,21/09/2016,3,738,765,0,0,372,36,19140.0,1,695,1,3,73,6.858
34,4379,17/09/2016,21/09/2016,3,738,765,0,0,372,36,19140.0,1,526,1,2,1030,15.76
35,2922,19/10/2018,23/10/2018,2,482,502,2,0,207,41,77095.0,0,1034,1,12,537,29.472
36,1936,08/12/2017,10/12/2017,0,300,297,1,0,404,41,75080.0,0,1860,2,13,724,1097.544
37,1936,08/12/2017,10/12/2017,0,300,297,1,0,404,41,75080.0,0,265,0,9,592,190.92
38,1004,27/12/2016,31/12/2016,3,704,712,2,0,207,41,77041.0,0,875,1,7,6,113.328
39,1004,27/12/2016,31/12/2016,3,704,712,2,0,207,41,77041.0,0,20,0,4,167,532.3992
40,1004,27/12/2016,31/12/2016,3,704,712,2,0,207,41,77041.0,0,120,0,5,751,212.058
41,1004,27/12/2016,31/12/2016,3,704,712,2,0,207,41,77041.0,0,1695,2,13,1272,371.168
42,3157,10/09/2018,15/09/2018,3,452,460,1,0,319,11,60540.0,0,1829,2,13,1243,147.168
43,1685,17/07/2017,22/07/2017,3,617,657,1,0,265,3,90049.0,3,1393,1,14,556,77.88
44,3528,19/09/2018,23/09/2018,3,278,270,1,0,286,8,32935.0,2,1386,1,14,115,95.616
45,1949,11/03/2017,13/03/2017,0,579,579,1,0,129,21,55122.0,0,1461,2,0,1597,45.98
46,1949,11/03/2017,13/03/2017,0,579,579,1,0,129,21,55122.0,0,767,1,3,1636,17.46
47,544,20/10/2015,25/10/2015,2,603,589,0,0,514,20,48185.0,0,1351,1,14,775,211.96
48,2737,20/06/2017,25/06/2017,3,461,458,0,0,124,6,19901.0,1,1519,2,0,914,45.0
49,2737,20/06/2017,25/06/2017,3,461,458,0,0,124,6,19901.0,1,1824,2,13,966,21.8
50,988,18/04/2016,22/04/2016,3,229,198,0,0,322,12,47150.0,0,822,1,3,394,38.22
51,988,18/04/2016,22/04/2016,3,229,198,0,0,322,12,47150.0,0,980,1,10,192,75.18
52,988,18/04/2016,22/04/2016,3,229,198,0,0,322,12,47150.0,0,192,0,9,1028,6.16
53,988,18/04/2016,22/04/2016,3,229,198,0,0,322,12,47150.0,0,100,0,5,759,89.99
54,1754,11/12/2017,17/12/2017,3,390,349,1,0,327,30,10024.0,1,904,1,8,122,15.26
55,1754,11/12/2017,17/12/2017,3,390,349,1,0,327,30,10024.0,1,1768,2,13,43,1029.95
56,1840,17/06/2017,18/06/2017,0,731,735,0,0,486,30,12180.0,1,1306,1,14,823,208.56
57,1840,17/06/2017,18/06/2017,0,731,735,0,0,486,30,12180.0,1,1110,1,12,1829,32.4
58,1840,17/06/2017,18/06/2017,0,731,735,0,0,486,30,12180.0,1,115,0,5,1173,319.41
59,1840,17/06/2017,18/06/2017,0,731,735,0,0,486,30,12180.0,1,1061,1,12,159,14.56
60,1840,17/06/2017,18/06/2017,0,731,735,0,0,486,30,12180.0,1,1519,2,0,914,30.0
61,1840,17/06/2017,18/06/2017,0,731,735,0,0,486,30,12180.0,1,692,1,3,1279,48.48
62,1840,17/06/2017,18/06/2017,0,731,735,0,0,486,30,12180.0,1,531,1,2,1297,1.68
63,1245,24/11/2016,30/11/2016,3,438,446,0,0,265,3,90004.0,3,1587,2,0,1598,13.98
64,1245,24/11/2016,30/11/2016,3,438,446,0,0,265,3,90004.0,3,677,1,3,66,25.824
65,1245,24/11/2016,30/11/2016,3,438,446,0,0,265,3,90004.0,3,1237,1,12,1730,146.73
66,1245,24/11/2016,30/11/2016,3,438,446,0,0,265,3,90004.0,3,153,0,9,1033,79.76
67,4408,30/04/2016,05/05/2016,3,609,596,2,0,80,11,60610.0,0,65,0,5,769,213.115
68,86,05/12/2015,10/12/2015,3,106,105,1,0,166,1,85234.0,3,557,1,2,884,1113.024
69,86,05/12/2015,10/12/2015,3,106,105,1,0,166,1,85234.0,3,1784,2,13,1848,167.968
70,1973,04/06/2017,06/06/2017,0,422,416,0,0,462,44,22153.0,2,1050,1,12,1455,75.88
71,1757,18/09/2017,23/09/2017,3,329,330,0,0,327,30,10009.0,1,832,1,3,235,4.616
72,3036,14/09/2018,17/09/2018,2,738,765,0,0,215,20,49201.0,0,1276,1,12,1529,19.05
73,4342,26/04/2016,02/05/2016,3,356,381,0,0,287,40,38109.0,2,56,0,5,813,831.936
74,4342,26/04/2016,02/05/2016,3,356,381,0,0,287,40,38109.0,2,267,0,9,1545,97.04
75,4342,26/04/2016,02/05/2016,3,356,381,0,0,287,40,38109.0,2,1405,1,14,1381,72.784
76,4723,09/12/2018,11/12/2018,0,418,438,1,0,207,41,77041.0,0,809,1,3,542,1.248
77,4723,09/12/2018,11/12/2018,0,418,438,1,0,207,41,77041.0,0,147,0,9,30,9.708
78,4723,09/12/2018,11/12/2018,0,418,438,1,0,207,41,77041.0,0,1307,1,14,1448,27.24
79,4223,26/11/2015,01/12/2015,2,356,381,0,0,207,41,77070.0,0,250,0,9,564,19.3
80,2081,12/06/2017,15/06/2017,0,679,716,1,0,116,0,35601.0,2,416,1,1,8,208.16
81,2081,12/06/2017,15/06/2017,0,679,716,1,0,116,0,35601.0,2,732,1,3,247,16.74
82,468,12/10/2015,16/10/2015,3,226,244,0,0,436,3,94122.0,3,542,1,2,1303,14.9
83,468,12/10/2015,16/10/2015,3,226,244,0,0,436,3,94122.0,3,1367,1,14,1465,21.39
84,1431,03/09/2016,08/09/2016,3,347,405,1,0,128,31,27707.0,2,850,1,7,939,200.984
85,4733,13/11/2018,16/11/2018,0,177,158,2,0,80,11,60623.0,0,1397,1,14,1380,230.376
86,3537,28/05/2018,30/05/2018,2,603,589,0,0,93,38,29203.0,2,63,0,5,1172,301.96
87,3843,26/10/2018,02/11/2018,3,592,591,0,0,408,21,55901.0,0,1512,2,0,1022,19.99
88,3843,26/10/2018,02/11/2018,3,592,591,0,0,408,21,55901.0,0,945,1,10,221,6.16
89,2582,05/04/2017,10/04/2017,2,304,295,2,0,207,41,77095.0,0,1390,1,14,581,158.368
90,1810,17/09/2017,22/09/2017,3,406,377,1,0,265,3,90036.0,3,632,1,2,1578,20.1
91,1810,17/09/2017,22/09/2017,3,406,377,1,0,265,3,90036.0,3,1829,2,13,1243,73.584
92,1810,17/09/2017,22/09/2017,3,406,377,1,0,265,3,90036.0,3,1038,1,12,1786,6.48
93,1425,31/01/2016,05/02/2016,2,415,419,0,0,298,21,55407.0,0,1207,1,12,1790,12.96
94,1425,31/01/2016,05/02/2016,2,415,419,0,0,298,21,55407.0,0,272,0,9,1439,53.34
95,1425,31/01/2016,05/02/2016,2,415,419,0,0,298,21,55407.0,0,752,1,3,903,32.96
96,4685,06/11/2018,12/11/2018,3,626,645,2,0,387,35,97206.0,3,836,1,3,672,5.682
97,3950,09/11/2018,11/11/2018,2,601,583,2,0,327,30,10009.0,1,159,0,9,31,96.53
98,3885,17/06/2018,20/06/2018,0,423,421,0,0,436,3,94122.0,3,708,1,3,1572,51.312
99,2414,06/09/2017,11/09/2017,3,276,255,1,0,425,21,55106.0,0,385,1,1,636,77.88
100,2562,29/08/2017,02/09/2017,3,623,629,2,0,80,11,60610.0,0,1210,1,12,261,64.624
101,2562,29/08/2017,02/09/2017,3,623,629,2,0,80,11,60610.0,0,1505,2,0,1404,95.976
102,2562,29/08/2017,02/09/2017,3,623,629,2,0,80,11,60610.0,0,743,1,3,255,1.788
103,2122,01/12/2017,04/12/2017,2,314,296,0,0,408,21,55901.0,0,1246,1,12,1588,23.92
104,4389,13/11/2016,17/11/2016,3,450,456,0,0,24,4,80013.0,3,1499,2,0,1006,238.896
105,4389,13/11/2016,17/11/2016,3,450,456,0,0,24,4,80013.0,3,283,0,9,511,102.36
106,4389,13/11/2016,17/11/2016,3,450,456,0,0,24,4,80013.0,3,747,1,3,270,36.882
107,3129,23/11/2018,28/11/2018,3,389,348,0,0,74,31,28205.0,2,1561,2,0,1077,74.112
108,3129,23/11/2018,28/11/2018,3,389,348,0,0,74,31,28205.0,2,1790,2,13,1477,27.992
109,3129,23/11/2018,28/11/2018,3,389,348,0,0,74,31,28205.0,2,482,1,2,1161,3.304
110,1154,15/10/2016,20/10/2016,3,581,602,2,0,350,11,60462.0,0,1476,2,0,1020,339.96
111,3681,25/12/2018,30/12/2018,3,183,185,1,0,327,30,10035.0,1,202,0,9,1039,41.96
112,2106,03/11/2017,10/11/2017,3,152,169,0,0,492,13,50322.0,0,481,1,2,887,75.96
113,2106,03/11/2017,10/11/2017,3,152,169,0,0,492,13,50322.0,0,797,1,3,237,27.24
114,190,25/08/2015,27/08/2015,2,629,662,0,0,94,33,43229.0,1,908,1,8,1196,40.096
115,190,25/08/2015,27/08/2015,2,629,662,0,0,94,33,43229.0,1,871,1,7,1339,4.72
116,190,25/08/2015,27/08/2015,2,629,662,0,0,94,33,43229.0,1,1285,1,12,1706,23.976
117,190,25/08/2015,27/08/2015,2,629,662,0,0,94,33,43229.0,1,869,1,7,1580,130.464
118,908,02/03/2016,06/03/2016,3,213,204,0,0,450,45,98103.0,3,332,0,16,853,787.53
119,4347,05/04/2016,10/04/2016,3,297,308,1,0,51,40,37620.0,2,779,1,3,680,157.794
120,1722,12/06/2017,15/06/2017,0,678,713,0,0,519,6,19805.0,1,214,0,9,160,47.04
121,1722,12/06/2017,15/06/2017,0,678,713,0,0,519,6,19805.0,1,794,1,3,499,30.84
122,1722,12/06/2017,15/06/2017,0,678,713,0,0,519,6,19805.0,1,1317,1,14,461,226.56
123,1722,12/06/2017,15/06/2017,0,678,713,0,0,519,6,19805.0,1,868,1,7,772,115.02
124,1722,12/06/2017,15/06/2017,0,678,713,0,0,519,6,19805.0,1,1820,2,13,943,68.04
125,4239,26/12/2015,28/12/2015,2,15,11,2,0,207,41,77041.0,0,118,0,5,742,600.558
126,4198,20/09/2015,25/09/2015,3,589,609,0,0,41,11,61701.0,0,369,0,16,318,617.7
127,4672,05/11/2018,12/11/2018,3,767,771,0,0,373,1,85023.0,3,766,1,3,241,2.388
128,4672,05/11/2018,12/11/2018,3,767,771,0,0,373,1,85023.0,3,1381,1,14,1571,243.992
129,4495,06/11/2017,10/11/2017,2,472,463,2,0,265,3,90004.0,3,65,0,5,767,81.424
130,4495,06/11/2017,10/11/2017,2,472,463,2,0,265,3,90004.0,3,270,0,9,558,238.56
131,4900,02/02/2018,05/02/2018,0,242,237,1,0,94,33,43229.0,1,1761,2,13,149,59.97
132,4900,02/02/2018,05/02/2018,0,242,237,1,0,94,33,43229.0,1,1168,1,12,1700,78.304
133,4900,02/02/2018,05/02/2018,0,242,237,1,0,94,33,43229.0,1,925,1,8,1498,21.456
134,2357,13/10/2017,19/10/2017,3,451,457,0,0,416,3,95661.0,3,1129,1,12,1737,20.04
135,2357,13/10/2017,19/10/2017,3,451,457,0,0,416,3,95661.0,3,1121,1,12,1661,35.44
136,2357,13/10/2017,19/10/2017,3,451,457,0,0,416,3,95661.0,3,506,1,2,1406,11.52
137,2357,13/10/2017,19/10/2017,3,451,457,0,0,416,3,95661.0,3,929,1,8,907,4.02
138,2357,13/10/2017,19/10/2017,3,451,457,0,0,416,3,95661.0,3,837,1,3,721,76.176
139,2357,13/10/2017,19/10/2017,3,451,457,0,0,416,3,95661.0,3,1429,1,15,669,65.88
140,2357,13/10/2017,19/10/2017,3,451,457,0,0,416,3,95661.0,3,192,0,9,1028,43.12
141,1822,05/09/2017,07/09/2017,2,349,391,1,0,372,36,19140.0,1,310,0,9,880,82.8
142,2892,18/09/2018,23/09/2018,3,691,663,1,0,436,3,94122.0,3,500,1,2,1151,8.82
143,2892,18/09/2018,23/09/2018,3,691,663,1,0,436,3,94122.0,3,891,1,7,471,10.86
144,2892,18/09/2018,23/09/2018,3,691,663,1,0,436,3,94122.0,3,1259,1,12,1695,143.7
145,3841,22/12/2018,27/12/2018,3,687,670,0,0,210,23,64055.0,0,396,1,1,1416,839.43
146,912,07/09/2016,12/09/2016,3,317,326,0,0,362,3,91104.0,3,1397,1,14,1380,671.93
147,132,22/10/2015,28/10/2015,3,503,510,2,0,328,33,43055.0,1,156,0,9,1441,93.888
148,1893,05/12/2017,09/12/2017,3,357,409,1,0,156,47,53132.0,0,1687,2,13,1270,384.45
149,1893,05/12/2017,09/12/2017,3,357,409,1,0,156,47,53132.0,0,1722,2,13,150,149.97
150,1893,05/12/2017,09/12/2017,3,357,409,1,0,156,47,53132.0,0,55,0,5,838,1951.84
151,1893,05/12/2017,09/12/2017,3,357,409,1,0,156,47,53132.0,0,745,1,3,700,171.55
152,2569,13/03/2017,16/03/2017,0,773,733,2,0,449,1,85254.0,3,384,1,1,296,157.92
153,2569,13/03/2017,16/03/2017,0,773,733,2,0,449,1,85254.0,3,1714,2,13,931,203.184
154,1098,31/05/2016,02/06/2016,0,708,708,1,0,438,3,95123.0,3,1141,1,12,1468,58.38
155,1098,31/05/2016,02/06/2016,0,708,708,1,0,438,3,95123.0,3,1162,1,12,1664,105.52
156,1098,31/05/2016,02/06/2016,0,708,708,1,0,438,3,95123.0,3,1350,1,14,1542,80.88
157,1018,28/05/2016,03/06/2016,3,566,564,2,0,450,45,98105.0,3,522,1,2,1116,6.63
158,62,01/03/2015,06/03/2015,2,190,202,0,0,450,45,98115.0,3,118,0,5,742,457.568
159,1889,20/11/2017,24/11/2017,3,571,576,0,0,134,34,73034.0,0,979,1,10,229,14.62
160,1889,20/11/2017,24/11/2017,3,571,576,0,0,134,34,73034.0,0,1843,2,13,174,944.93
161,2638,11/05/2017,12/05/2017,0,769,736,0,0,265,3,90045.0,3,1186,1,12,1705,5.98
162,1030,28/12/2016,31/12/2016,2,269,262,0,0,372,36,19134.0,1,1566,2,0,975,54.384
163,2496,16/11/2017,20/11/2017,3,635,658,0,0,65,29,88220.0,3,865,1,7,1492,28.4
164,1885,07/11/2017,11/11/2017,3,516,514,0,0,450,45,98115.0,3,801,1,3,1635,27.68
165,473,08/09/2015,12/09/2015,3,90,75,0,0,432,41,78207.0,0,618,1,2,276,9.936
166,473,08/09/2015,12/09/2015,3,90,75,0,0,432,41,78207.0,0,1623,2,11,984,8159.952
167,473,08/09/2015,12/09/2015,3,90,75,0,0,432,41,78207.0,0,1325,1,14,1475,275.928
168,473,08/09/2015,12/09/2015,3,90,75,0,0,432,41,78207.0,0,121,0,5,1362,1740.06
169,473,08/09/2015,12/09/2015,3,90,75,0,0,432,41,78207.0,0,556,1,2,1410,32.064
170,473,08/09/2015,12/09/2015,3,90,75,0,0,432,41,78207.0,0,428,1,1,949,177.98
171,473,08/09/2015,12/09/2015,3,90,75,0,0,432,41,78207.0,0,1822,2,13,929,143.976
172,223,05/08/2015,09/08/2015,3,173,140,0,0,265,3,90004.0,3,1064,1,12,106,20.94
173,223,05/08/2015,09/08/2015,3,173,140,0,0,265,3,90004.0,3,1085,1,12,1697,110.96
174,223,05/08/2015,09/08/2015,3,173,140,0,0,265,3,90004.0,3,111,0,5,770,340.144
175,4124,14/09/2015,19/09/2015,3,340,358,1,0,80,11,60623.0,0,393,1,1,948,52.448
176,4124,14/09/2015,19/09/2015,3,340,358,1,0,80,11,60623.0,0,985,1,10,219,20.16
177,4859,21/04/2018,25/04/2018,2,696,698,0,0,207,41,77036.0,0,433,1,1,54,97.264
178,4285,21/11/2016,23/11/2016,2,356,381,0,0,328,33,43055.0,1,128,0,5,1225,396.802
179,4285,21/11/2016,23/11/2016,2,356,381,0,0,328,33,43055.0,1,1434,1,15,96,15.88
180,1268,15/12/2016,19/12/2016,3,379,374,2,0,327,30,10009.0,1,535,1,2,1407,3.28
181,745,05/12/2015,09/12/2015,2,214,208,1,0,116,11,62521.0,0,1391,1,14,1540,24.816
182,745,05/12/2015,09/12/2015,2,214,208,1,0,116,11,62521.0,0,1588,2,0,916,408.744
183,667,19/11/2015,24/11/2015,2,649,643,2,0,306,16,71203.0,2,1803,2,13,46,503.96
184,667,19/11/2015,24/11/2015,2,649,643,2,0,306,16,71203.0,2,1853,2,13,1163,149.95
185,667,19/11/2015,24/11/2015,2,649,643,2,0,306,16,71203.0,2,1526,2,0,790,29.0
186,1735,28/11/2017,02/12/2017,3,697,664,0,0,147,5,6824.0,1,714,1,3,262,7.16
187,268,26/08/2015,30/08/2015,3,287,284,2,0,265,3,90032.0,3,1523,2,0,1403,176.8
188,2534,16/07/2017,22/07/2017,3,40,23,1,0,172,41,75051.0,0,1336,1,14,1260,37.224
189,2534,16/07/2017,22/07/2017,3,40,23,1,0,172,41,75051.0,0,1141,1,12,1468,20.016
190,813,12/10/2016,14/10/2016,0,532,496,2,0,327,30,10035.0,1,22,0,4,168,899.136
191,813,12/10/2016,14/10/2016,0,532,496,2,0,327,30,10035.0,1,1729,2,13,889,71.76
192,813,12/10/2016,14/10/2016,0,532,496,2,0,327,30,10035.0,1,1017,1,12,1799,51.84
193,813,12/10/2016,14/10/2016,0,532,496,2,0,327,30,10035.0,1,20,0,4,167,626.352
194,813,12/10/2016,14/10/2016,0,532,496,2,0,327,30,10035.0,1,585,1,2,28,19.9
195,1188,31/10/2016,06/11/2016,3,551,499,1,0,397,3,92374.0,3,860,1,7,1283,14.28
196,474,21/03/2015,25/03/2015,3,125,133,0,0,187,33,45011.0,1,625,1,2,331,7.408
197,474,21/03/2015,25/03/2015,3,125,133,0,0,187,33,45011.0,1,609,1,2,334,6.048
198,2921,06/11/2018,13/11/2018,3,780,776,2,0,513,28,7090.0,1,1338,1,14,507,46.26
199,4751,06/07/2018,13/07/2018,3,285,289,1,0,372,36,19120.0,1,653,1,3,1304,2.946
200,4751,06/07/2018,13/07/2018,3,285,289,1,0,372,36,19120.0,1,1185,1,12,1648,16.056
201,2866,24/06/2018,29/06/2018,3,484,485,0,0,2,33,44312.0,1,1180,1,12,1470,21.744
202,410,03/08/2015,05/08/2015,0,108,116,0,0,120,4,80219.0,3,367,0,16,364,218.75
203,410,03/08/2015,05/08/2015,0,108,116,0,0,120,4,80219.0,3,450,1,1,365,2.6
204,4716,17/12/2018,21/12/2018,2,455,474,0,0,109,41,75220.0,0,444,1,1,607,66.284
205,3278,03/06/2018,07/06/2018,3,326,324,1,0,156,40,37064.0,2,242,0,9,548,35.168
206,2940,09/12/2018,14/12/2018,3,458,452,0,0,517,3,90604.0,3,1745,2,13,1166,444.768
207,3463,01/12/2018,07/12/2018,3,371,397,0,0,421,20,48601.0,0,1310,1,14,1552,83.92
208,3463,01/12/2018,07/12/2018,3,371,397,0,0,421,20,48601.0,0,1736,2,13,1240,131.98
209,3463,01/12/2018,07/12/2018,3,371,397,0,0,421,20,48601.0,0,766,1,3,241,15.92
210,3463,01/12/2018,07/12/2018,3,371,397,0,0,421,20,48601.0,0,902,1,8,123,52.29
211,3463,01/12/2018,07/12/2018,3,371,397,0,0,421,20,48601.0,0,1346,1,14,774,91.99
212,801,09/02/2016,13/02/2016,2,541,530,1,0,109,41,75220.0,0,1489,2,0,1072,20.8
213,1387,02/01/2016,09/01/2016,3,786,782,1,0,285,33,44256.0,1,1007,1,10,214,23.68
214,1387,02/01/2016,09/01/2016,3,786,782,1,0,285,33,44256.0,1,46,0,4,1179,452.45
215,1387,02/01/2016,09/01/2016,3,786,782,1,0,285,33,44256.0,1,1790,2,13,1477,62.982
216,1387,02/01/2016,09/01/2016,3,786,782,1,0,285,33,44256.0,1,1624,2,11,431,1188.0
217,1387,02/01/2016,09/01/2016,3,786,782,1,0,285,33,44256.0,1,1459,2,0,1462,89.584
218,2127,28/10/2017,01/11/2017,3,370,392,0,0,265,3,90032.0,3,1336,1,14,1260,93.06
219,2127,28/10/2017,01/11/2017,3,370,392,0,0,265,3,90032.0,3,1775,2,13,114,302.376
220,1658,24/12/2016,27/12/2016,0,341,393,0,0,126,33,43017.0,1,906,1,8,1195,5.584
221,1658,24/12/2016,27/12/2016,0,341,393,0,0,126,33,43017.0,1,1243,1,12,1613,22.704
222,1658,24/12/2016,27/12/2016,0,341,393,0,0,126,33,43017.0,1,752,1,3,903,19.776
223,1658,24/12/2016,27/12/2016,0,341,393,0,0,126,33,43017.0,1,140,0,9,622,72.704
224,1658,24/12/2016,27/12/2016,0,341,393,0,0,126,33,43017.0,1,1631,2,11,1521,479.988
225,1658,24/12/2016,27/12/2016,0,341,393,0,0,126,33,43017.0,1,539,1,2,1490,27.168
226,1592,09/08/2016,16/08/2016,3,236,210,1,0,123,20,48227.0,0,502,1,2,1413,2.2
227,1592,09/08/2016,16/08/2016,3,236,210,1,0,123,20,48227.0,0,358,0,16,317,622.45
228,1592,09/08/2016,16/08/2016,3,236,210,1,0,123,20,48227.0,0,1370,1,14,1351,21.98
229,4369,28/02/2016,04/03/2016,3,776,775,0,0,93,40,38401.0,2,131,0,5,761,161.568
230,4369,28/02/2016,04/03/2016,3,776,775,0,0,93,40,38401.0,2,123,0,5,763,389.696
231,4247,13/09/2015,17/09/2015,3,245,267,1,0,74,31,28205.0,2,706,1,3,689,18.648
232,4640,07/04/2018,12/04/2018,3,177,158,2,0,471,8,33614.0,2,331,0,16,377,233.86
233,4640,07/04/2018,12/04/2018,3,177,158,2,0,471,8,33614.0,2,355,0,16,368,620.6145
234,4640,07/04/2018,12/04/2018,3,177,158,2,0,471,8,33614.0,2,706,1,3,689,5.328
235,4640,07/04/2018,12/04/2018,3,177,158,2,0,471,8,33614.0,2,284,0,9,1539,258.072
236,4640,07/04/2018,12/04/2018,3,177,158,2,0,471,8,33614.0,2,1568,2,0,1024,617.976
237,3940,12/11/2018,16/11/2018,3,191,206,1,0,446,3,95051.0,3,1171,1,12,1830,10.56
238,2549,04/06/2017,09/06/2017,2,434,441,0,0,80,11,60610.0,0,1214,1,12,1745,25.92
239,2549,04/06/2017,09/06/2017,2,434,441,0,0,80,11,60610.0,0,158,0,9,1035,419.68
240,2549,04/06/2017,09/06/2017,2,434,441,0,0,80,11,60610.0,0,297,0,9,1496,11.688
241,2549,04/06/2017,09/06/2017,2,434,441,0,0,80,11,60610.0,0,1678,2,13,1312,31.984
242,2549,04/06/2017,09/06/2017,2,434,441,0,0,80,11,60610.0,0,344,0,16,942,177.225
243,2549,04/06/2017,09/06/2017,2,434,441,0,0,80,11,60610.0,0,226,0,9,545,4.044
244,2549,04/06/2017,09/06/2017,2,434,441,0,0,80,11,60610.0,0,625,1,2,331,7.408
245,386,01/06/2015,06/06/2015,2,240,230,2,0,239,21,55044.0,0,118,0,5,742,2001.86
246,386,01/06/2015,06/06/2015,2,240,230,2,0,239,21,55044.0,0,1361,1,14,1382,166.72
247,386,01/06/2015,06/06/2015,2,240,230,2,0,239,21,55044.0,0,1249,1,12,109,47.88
248,386,01/06/2015,06/06/2015,2,240,230,2,0,239,21,55044.0,0,439,1,1,858,1503.25
249,386,01/06/2015,06/06/2015,2,240,230,2,0,239,21,55044.0,0,1017,1,12,1799,25.92
250,2501,10/12/2017,15/12/2017,2,463,475,0,0,436,3,94109.0,3,99,0,5,758,321.568
251,2359,11/09/2017,17/09/2017,3,420,434,0,0,435,3,92037.0,3,1271,1,12,1652,7.61
252,2359,11/09/2017,17/09/2017,3,420,434,0,0,435,3,92037.0,3,1568,2,0,1024,3347.37
253,2384,10/12/2017,13/12/2017,0,219,219,0,0,327,30,10024.0,1,1331,1,14,650,80.58
254,2384,10/12/2017,13/12/2017,0,219,219,0,0,327,30,10024.0,1,884,1,7,1582,361.92
255,4396,28/11/2016,04/12/2016,3,233,190,1,0,80,11,60623.0,0,226,0,9,545,12.132
256,4396,28/11/2016,04/12/2016,3,233,190,1,0,80,11,60623.0,0,1414,1,14,291,82.368
257,4396,28/11/2016,04/12/2016,3,233,190,1,0,80,11,60623.0,0,1350,1,14,1542,53.92
258,4396,28/11/2016,04/12/2016,3,233,190,1,0,80,11,60623.0,0,1732,2,13,1010,647.904
259,4000,01/12/2018,03/12/2018,2,136,176,0,0,327,30,10009.0,1,1463,2,0,1374,20.37
260,4000,01/12/2018,03/12/2018,2,136,176,0,0,327,30,10009.0,1,1379,1,14,1379,221.55
261,4000,01/12/2018,03/12/2018,2,136,176,0,0,327,30,10009.0,1,774,1,3,49,17.52
262,4869,08/06/2018,12/06/2018,3,243,238,1,0,362,41,77506.0,0,418,1,1,604,1.624
263,4136,19/09/2015,21/09/2015,2,666,684,1,0,207,41,77036.0,0,1623,2,11,984,3059.982
264,4136,19/09/2015,21/09/2015,2,666,684,1,0,207,41,77036.0,0,1658,2,11,1833,2519.958
265,2057,06/06/2017,13/06/2017,3,628,653,0,0,80,11,60610.0,0,1721,2,13,443,328.224
266,1499,10/11/2016,15/11/2016,3,31,13,0,0,49,3,94513.0,3,1581,2,0,1088,79.9
267,3481,16/06/2018,20/06/2018,3,127,167,1,0,73,31,27514.0,2,588,1,2,1318,14.016
268,1830,22/01/2017,28/01/2017,3,592,591,0,0,312,28,7960.0,1,934,1,8,283,7.56
269,4831,09/12/2018,13/12/2018,3,123,152,1,0,83,33,45231.0,1,1406,1,14,1376,37.208
270,4831,09/12/2018,13/12/2018,3,123,152,1,0,83,33,45231.0,1,894,1,7,1334,57.576
271,4016,28/12/2018,02/01/2019,2,432,444,1,0,436,3,94110.0,3,1384,1,14,112,725.84
272,1505,30/07/2016,31/07/2016,0,317,326,0,0,436,3,94109.0,3,1565,2,0,992,209.93
273,1505,30/07/2016,31/07/2016,0,317,326,0,0,436,3,94109.0,3,253,0,9,1344,5.28
274,1505,30/07/2016,31/07/2016,0,317,326,0,0,436,3,94109.0,3,741,1,3,1308,10.92
275,3109,16/09/2018,17/09/2018,0,64,65,1,0,212,3,90301.0,3,1178,1,12,142,8.82
276,3109,16/09/2018,17/09/2018,0,64,65,1,0,212,3,90301.0,3,517,1,2,1137,5.98
277,3406,13/10/2018,17/10/2018,3,22,32,1,0,372,36,19140.0,1,1065,1,12,1293,11.648
278,3406,13/10/2018,17/10/2018,3,22,32,1,0,372,36,19140.0,1,1267,1,12,111,18.176
279,3406,13/10/2018,17/10/2018,3,22,32,1,0,372,36,19140.0,1,1319,1,14,587,59.712
280,3406,13/10/2018,17/10/2018,3,22,32,1,0,372,36,19140.0,1,972,1,10,196,24.84
281,4402,26/09/2016,28/09/2016,2,678,713,0,0,207,41,77070.0,0,843,1,3,1356,2.08
282,4402,26/09/2016,28/09/2016,2,678,713,0,0,207,41,77070.0,0,1738,2,13,347,1114.4
283,1180,02/11/2016,06/11/2016,3,397,350,0,0,265,3,90004.0,3,349,0,16,322,1038.84
284,1179,26/09/2016,02/10/2016,3,738,765,0,0,387,35,97206.0,3,1048,1,12,537,141.76
285,1179,26/09/2016,02/10/2016,3,738,765,0,0,387,35,97206.0,3,1510,2,0,1085,239.8
286,1179,26/09/2016,02/10/2016,3,738,765,0,0,387,35,97206.0,3,1251,1,12,1811,31.104
287,1860,18/12/2017,20/12/2017,2,30,12,1,0,470,8,33319.0,2,665,1,3,715,254.058
288,1860,18/12/2017,20/12/2017,2,30,12,1,0,470,8,33319.0,2,433,1,1,54,194.528
289,1860,18/12/2017,20/12/2017,2,30,12,1,0,470,8,33319.0,2,1423,1,15,1298,961.48
290,1826,20/11/2017,24/11/2017,2,578,569,2,0,94,33,43229.0,1,928,1,8,126,19.096
291,1826,20/11/2017,24/11/2017,2,578,569,2,0,94,33,43229.0,1,1011,1,10,222,18.496
292,1826,20/11/2017,24/11/2017,2,578,569,2,0,94,33,43229.0,1,1513,2,0,1013,255.984
293,1826,20/11/2017,24/11/2017,2,578,569,2,0,94,33,43229.0,1,47,0,4,390,86.97
294,148,26/12/2015,28/12/2015,0,433,435,1,0,92,4,80906.0,3,290,0,9,877,300.416
295,148,26/12/2015,28/12/2015,0,433,435,1,0,92,4,80906.0,3,77,0,5,744,230.352
296,148,26/12/2015,28/12/2015,0,433,435,1,0,92,4,80906.0,3,240,0,9,559,218.352
297,148,26/12/2015,28/12/2015,0,433,435,1,0,92,4,80906.0,3,829,1,3,897,78.6
298,148,26/12/2015,28/12/2015,0,433,435,1,0,92,4,80906.0,3,941,1,8,1600,27.552
299,2311,28/10/2017,03/11/2017,3,349,391,1,0,35,28,7109.0,1,1151,1,12,1819,32.4
300,2311,28/10/2017,03/11/2017,3,349,391,1,0,35,28,7109.0,1,1378,1,14,1557,1082.48
301,2311,28/10/2017,03/11/2017,3,349,391,1,0,35,28,7109.0,1,1255,1,12,1725,56.91
302,2311,28/10/2017,03/11/2017,3,349,391,1,0,35,28,7109.0,1,197,0,9,673,77.6
303,2311,28/10/2017,03/11/2017,3,349,391,1,0,35,28,7109.0,1,744,1,3,263,14.28
304,4860,19/11/2018,23/11/2018,3,370,392,0,0,80,11,60623.0,0,343,0,16,281,219.075
305,1359,04/05/2016,09/05/2016,2,54,14,1,0,327,30,10024.0,1,232,0,9,591,26.8
306,374,30/12/2015,04/01/2016,3,418,438,1,0,472,20,48180.0,0,590,1,2,1159,9.84
307,144,01/06/2015,06/06/2015,3,167,173,2,0,240,28,8701.0,1,676,1,3,678,45.48
308,144,01/06/2015,06/06/2015,3,167,173,2,0,240,28,8701.0,1,544,1,2,359,289.2
309,3287,15/04/2018,17/04/2018,0,692,691,0,0,16,44,22204.0,2,560,1,2,626,4.89
310,2316,12/09/2017,14/09/2017,2,101,78,1,0,18,4,80004.0,3,201,0,9,391,15.136
311,2316,12/09/2017,14/09/2017,2,101,78,1,0,18,4,80004.0,3,119,0,5,830,466.768
312,2316,12/09/2017,14/09/2017,2,101,78,1,0,18,4,80004.0,3,194,0,9,565,15.232
313,2316,12/09/2017,14/09/2017,2,101,78,1,0,18,4,80004.0,3,955,1,10,218,6.264
314,245,27/09/2015,03/10/2015,3,762,745,1,0,184,28,7601.0,1,188,0,9,516,87.54
315,763,09/08/2015,16/08/2015,3,23,34,1,0,427,8,33710.0,2,1766,2,13,36,178.384
316,763,09/08/2015,16/08/2015,3,23,34,1,0,427,8,33710.0,2,1139,1,12,1804,15.552
317,722,28/12/2015,30/12/2015,0,709,722,1,0,372,36,19143.0,1,577,1,2,363,99.136
318,732,04/11/2015,09/11/2015,3,568,561,2,0,327,30,10024.0,1,92,0,5,497,135.882
319,732,04/11/2015,09/11/2015,3,568,561,2,0,327,30,10024.0,1,1646,2,11,405,3991.98
320,732,04/11/2015,09/11/2015,3,568,561,2,0,327,30,10024.0,1,1829,2,13,1243,275.94
321,732,04/11/2015,09/11/2015,3,568,561,2,0,327,30,10024.0,1,1478,2,0,1106,360.0
322,732,04/11/2015,09/11/2015,3,568,561,2,0,327,30,10024.0,1,1381,1,14,1571,43.57
323,652,19/09/2015,24/09/2015,3,279,280,1,0,261,3,90805.0,3,909,1,8,1193,7.16
324,2625,23/04/2017,27/04/2017,3,302,306,1,0,196,3,92345.0,3,829,1,3,897,251.52
325,2625,23/04/2017,27/04/2017,3,302,306,1,0,196,3,92345.0,3,1509,2,0,1015,99.99
326,3807,03/11/2018,05/11/2018,2,208,232,1,0,315,40,37130.0,2,205,0,9,1530,15.992
327,4542,30/08/2017,01/09/2017,0,602,588,0,0,372,36,19143.0,1,1815,2,13,47,290.898
328,4542,30/08/2017,01/09/2017,0,602,588,0,0,372,36,19143.0,1,1312,1,14,664,54.224
329,4542,30/08/2017,01/09/2017,0,602,588,0,0,372,36,19143.0,1,103,0,5,824,786.744
330,4542,30/08/2017,01/09/2017,0,602,588,0,0,372,36,19143.0,1,958,1,10,1357,100.24
331,4542,30/08/2017,01/09/2017,0,602,588,0,0,372,36,19143.0,1,694,1,3,698,37.764
332,4571,25/04/2017,29/04/2017,2,388,388,0,0,372,36,19134.0,1,1846,2,13,40,82.8
333,4571,25/04/2017,29/04/2017,2,388,388,0,0,372,36,19134.0,1,684,1,3,901,20.724
334,4571,25/04/2017,29/04/2017,2,388,388,0,0,372,36,19134.0,1,717,1,3,1626,4.896
335,1278,01/09/2016,04/09/2016,2,197,239,0,0,265,3,90045.0,3,716,1,3,1510,4.752
336,1278,01/09/2016,04/09/2016,2,197,239,0,0,265,3,90045.0,3,1603,2,6,804,959.984
337,1278,01/09/2016,04/09/2016,2,197,239,0,0,265,3,90045.0,3,807,1,3,259,14.368
338,359,12/07/2015,17/07/2015,3,11,27,1,0,436,3,94122.0,3,769,1,3,1577,7.712
339,359,12/07/2015,17/07/2015,3,11,27,1,0,436,3,94122.0,3,370,0,16,833,698.352
340,1142,22/06/2016,26/06/2016,2,434,441,0,0,249,42,84041.0,3,905,1,8,1194,4.96
341,257,13/04/2015,17/04/2015,2,349,391,1,0,372,36,19140.0,1,474,1,2,1119,17.856
342,257,13/04/2015,17/04/2015,2,349,391,1,0,372,36,19140.0,1,781,1,3,647,509.97
343,257,13/04/2015,17/04/2015,2,349,391,1,0,372,36,19140.0,1,925,1,8,1498,30.992
344,257,13/04/2015,17/04/2015,2,349,391,1,0,372,36,19140.0,1,1703,2,13,1483,71.928
345,4317,20/12/2016,24/12/2016,3,173,140,0,0,25,41,78745.0,0,1294,1,14,659,88.8
346,4120,15/06/2018,19/06/2018,3,134,168,0,0,436,3,94122.0,3,1761,2,13,149,47.976
347,3434,08/07/2018,12/07/2018,3,746,731,0,0,268,19,1852.0,1,609,1,2,334,7.56
348,3434,08/07/2018,12/07/2018,3,746,731,0,0,268,19,1852.0,1,1034,1,12,537,24.56
349,3434,08/07/2018,12/07/2018,3,746,731,0,0,268,19,1852.0,1,515,1,2,277,12.96
350,2117,01/09/2017,03/09/2017,0,5,3,2,0,327,30,10009.0,1,1463,2,0,1374,6.79
351,2117,01/09/2017,03/09/2017,0,5,3,2,0,327,30,10009.0,1,1144,1,12,1662,24.56
352,2117,01/09/2017,03/09/2017,0,5,3,2,0,327,30,10009.0,1,728,1,3,64,3.048
353,2117,01/09/2017,03/09/2017,0,5,3,2,0,327,30,10009.0,1,1144,1,12,1662,49.12
354,2117,01/09/2017,03/09/2017,0,5,3,2,0,327,30,10009.0,1,845,1,3,682,4355.168
355,2250,08/04/2017,13/04/2017,3,386,365,0,0,327,30,10035.0,1,19,0,4,1419,388.704
356,2250,08/04/2017,13/04/2017,3,386,365,0,0,327,30,10035.0,1,853,1,7,1,8.26
357,2250,08/04/2017,13/04/2017,3,386,365,0,0,327,30,10035.0,1,552,1,2,527,17.04
358,2250,08/04/2017,13/04/2017,3,386,365,0,0,327,30,10035.0,1,1183,1,12,105,34.4
359,2123,23/04/2017,28/04/2017,3,326,324,1,0,74,31,28205.0,2,1180,1,12,1470,36.24
360,3847,08/03/2018,11/03/2018,0,775,780,1,0,94,9,31907.0,2,397,1,1,300,647.84
361,3847,08/03/2018,11/03/2018,0,775,780,1,0,94,9,31907.0,2,959,1,10,232,20.7
362,3643,25/09/2018,01/10/2018,3,445,427,0,0,327,30,10009.0,1,959,1,10,232,20.7
363,3643,25/09/2018,01/10/2018,3,445,427,0,0,327,30,10009.0,1,61,0,5,749,488.646
364,3643,25/09/2018,01/10/2018,3,445,427,0,0,327,30,10009.0,1,594,1,2,1140,5.56
365,3643,25/09/2018,01/10/2018,3,445,427,0,0,327,30,10009.0,1,137,0,9,590,47.12
366,272,24/09/2015,29/09/2015,3,351,402,0,0,436,3,94109.0,3,1351,1,14,775,211.96
367,2516,21/10/2017,21/10/2017,1,517,525,1,0,273,5,6040.0,1,735,1,3,1643,23.2
368,2516,21/10/2017,21/10/2017,1,517,525,1,0,273,5,6040.0,1,1430,1,15,1495,7.36
369,2516,21/10/2017,21/10/2017,1,517,525,1,0,273,5,6040.0,1,1368,1,14,1263,104.79
370,2516,21/10/2017,21/10/2017,1,517,525,1,0,273,5,6040.0,1,20,0,4,167,1043.92
371,2856,29/05/2018,04/06/2018,3,312,315,0,0,189,41,78550.0,0,1150,1,12,1716,25.92
372,2856,29/05/2018,04/06/2018,3,312,315,0,0,189,41,78550.0,0,1359,1,14,663,53.424
373,4169,23/07/2015,27/07/2015,3,26,59,0,0,487,1,85705.0,3,717,1,3,1626,8.16
374,4169,23/07/2015,27/07/2015,3,26,59,0,0,487,1,85705.0,3,1570,2,0,1105,1023.936
375,4169,23/07/2015,27/07/2015,3,26,59,0,0,487,1,85705.0,3,492,1,2,1130,9.24
376,4169,23/07/2015,27/07/2015,3,26,59,0,0,487,1,85705.0,3,1517,2,0,1087,479.04
377,4523,28/09/2017,01/10/2017,0,527,550,1,0,391,11,62301.0,0,1200,1,12,1749,99.136
378,4796,27/08/2018,01/09/2018,3,46,26,1,0,156,19,2038.0,1,374,0,16,1199,1488.424
379,1176,28/04/2016,05/05/2016,3,618,659,0,0,207,41,77095.0,0,390,1,1,818,8.652
380,1176,28/04/2016,05/05/2016,3,618,659,0,0,207,41,77095.0,0,1389,1,14,130,23.832
381,1176,28/04/2016,05/05/2016,3,618,659,0,0,207,41,77095.0,0,650,1,3,713,12.176
382,2200,28/10/2017,29/10/2017,0,56,18,1,0,436,3,94109.0,3,1278,1,12,1473,50.96
383,2200,28/10/2017,29/10/2017,0,56,18,1,0,436,3,94109.0,3,731,1,3,1484,49.536
384,1105,26/06/2016,29/06/2016,2,447,450,1,0,472,20,48180.0,0,1590,2,0,1459,41.9
385,4422,27/11/2016,02/12/2016,3,227,227,0,0,367,8,33024.0,2,320,0,16,852,375.4575
386,4422,27/11/2016,02/12/2016,3,227,227,0,0,367,8,33024.0,2,1525,2,0,1009,83.976
387,1075,03/12/2016,07/12/2016,3,215,213,1,0,372,36,19140.0,1,1633,2,11,985,482.34
388,1075,03/12/2016,07/12/2016,3,215,213,1,0,372,36,19140.0,1,203,0,9,21,2.96
389,196,24/11/2015,26/11/2015,0,564,560,0,0,83,33,45231.0,1,629,1,2,474,2.624
390,2795,11/12/2018,15/12/2018,3,545,544,0,0,327,30,10009.0,1,638,1,3,146,23.36
391,2795,11/12/2018,15/12/2018,3,545,544,0,0,327,30,10009.0,1,1512,2,0,1022,39.98
392,4203,21/09/2015,23/09/2015,2,364,339,0,0,121,45,98198.0,3,1795,2,13,1167,246.384
393,4203,21/09/2015,23/09/2015,2,364,339,0,0,121,45,98198.0,3,1608,2,6,401,1799.97
394,4201,07/06/2015,10/06/2015,2,99,72,1,0,369,11,61604.0,0,798,1,3,1624,12.462
395,2821,30/06/2018,05/07/2018,3,782,779,2,0,245,26,89115.0,3,824,1,3,1576,75.792
396,4040,17/10/2018,19/10/2018,2,713,674,1,0,502,37,2886.0,1,1318,1,14,13,49.96
397,4040,17/10/2018,19/10/2018,2,713,674,1,0,502,37,2886.0,1,1173,1,12,1746,12.96
398,1069,31/10/2016,04/11/2016,3,330,319,2,0,215,20,49201.0,0,1440,1,15,84,70.12
399,1799,08/09/2017,10/09/2017,2,24,44,0,0,207,41,77036.0,0,1349,1,14,1519,35.952
400,1799,08/09/2017,10/09/2017,2,24,44,0,0,207,41,77036.0,0,48,0,4,1350,2396.2656
401,1799,08/09/2017,10/09/2017,2,24,44,0,0,207,41,77036.0,0,1323,1,14,469,131.136
402,1799,08/09/2017,10/09/2017,2,24,44,0,0,207,41,77036.0,0,1460,2,0,1460,57.584
403,163,24/12/2015,26/12/2015,0,459,477,0,0,293,8,33180.0,2,1140,1,12,1763,9.568
404,635,16/04/2015,20/04/2015,3,708,708,1,0,519,31,28403.0,2,582,1,2,250,39.072
405,3104,24/12/2018,29/12/2018,3,641,654,0,0,327,30,10024.0,1,462,1,1,1493,35.91
406,3091,08/12/2018,12/12/2018,3,430,432,0,0,436,3,94110.0,3,1460,2,0,1460,179.95
407,3091,08/12/2018,12/12/2018,3,430,432,0,0,436,3,94110.0,3,1611,2,6,1445,1199.976
408,3091,08/12/2018,12/12/2018,3,430,432,0,0,436,3,94110.0,3,1228,1,12,1646,27.15
409,3091,08/12/2018,12/12/2018,3,430,432,0,0,436,3,94110.0,3,339,0,16,325,1004.024
410,3091,08/12/2018,12/12/2018,3,430,432,0,0,436,3,94110.0,3,1190,1,12,1654,9.68
411,3091,08/12/2018,12/12/2018,3,430,432,0,0,436,3,94110.0,3,995,1,10,1434,28.35
412,3091,08/12/2018,12/12/2018,3,430,432,0,0,436,3,94110.0,3,1144,1,12,1691,55.98
413,3091,08/12/2018,12/12/2018,3,430,432,0,0,436,3,94110.0,3,15,0,4,1182,1336.829
414,3091,08/12/2018,12/12/2018,3,430,432,0,0,436,3,94110.0,3,114,0,5,1171,113.568
415,3588,03/11/2018,07/11/2018,3,421,443,1,0,450,45,98105.0,3,1024,1,12,1693,139.86
416,3588,03/11/2018,07/11/2018,3,421,443,1,0,450,45,98105.0,3,77,0,5,744,307.136
417,3193,24/06/2018,28/06/2018,3,146,132,0,0,208,3,92646.0,3,617,1,2,375,95.92
418,2409,14/04/2017,18/04/2017,3,584,608,0,0,265,3,90004.0,3,133,0,5,326,383.8
419,3830,06/11/2018,10/11/2018,3,775,780,1,0,405,15,40475.0,2,1234,1,12,1777,5.78
420,2972,04/03/2018,09/03/2018,3,709,722,1,0,265,3,90045.0,3,523,1,2,138,9.32
421,2972,04/03/2018,09/03/2018,3,709,722,1,0,265,3,90045.0,3,848,1,7,1617,15.25
422,504,22/06/2015,25/06/2015,0,356,381,0,0,266,4,80027.0,3,1572,2,0,955,196.752
423,3261,19/10/2018,23/10/2018,3,533,529,1,0,247,19,1841.0,1,307,0,9,1611,56.56
424,3261,19/10/2018,23/10/2018,3,533,529,1,0,247,19,1841.0,1,1322,1,14,472,32.7
425,3848,21/08/2018,23/08/2018,2,560,557,0,0,215,22,39212.0,2,49,0,5,847,866.4
426,3729,23/11/2018,26/11/2018,2,390,349,1,0,64,20,48187.0,0,254,0,9,457,28.4
427,3729,23/11/2018,26/11/2018,2,390,349,1,0,64,20,48187.0,0,696,1,3,716,287.92
428,22,12/09/2015,13/09/2015,0,682,697,2,0,326,30,10801.0,1,1615,2,11,603,69.99
429,3784,01/10/2018,08/10/2018,3,431,440,1,0,432,41,78207.0,0,480,1,2,521,6.672
430,4493,15/04/2017,21/04/2017,3,627,651,2,0,164,31,28052.0,2,828,1,3,701,189.588
431,4493,15/04/2017,21/04/2017,3,627,651,2,0,164,31,28052.0,2,1588,2,0,916,408.744
432,4493,15/04/2017,21/04/2017,3,627,651,2,0,164,31,28052.0,2,1588,2,0,916,291.96
433,4493,15/04/2017,21/04/2017,3,627,651,2,0,164,31,28052.0,2,1308,1,14,1657,4.768
434,2085,06/06/2017,07/06/2017,0,190,202,0,0,268,19,1852.0,1,1387,1,14,978,714.3
435,4235,19/12/2015,25/12/2015,3,518,542,0,0,216,8,32216.0,2,664,1,3,924,4.812
436,4235,19/12/2015,25/12/2015,3,518,542,0,0,216,8,32216.0,2,1535,2,0,311,247.8
437,2391,12/06/2017,14/06/2017,2,604,610,2,0,80,11,60623.0,0,1648,2,11,396,1007.979
438,2391,12/06/2017,14/06/2017,2,604,610,2,0,80,11,60623.0,0,1144,1,12,1691,313.488
439,3350,15/09/2018,19/09/2018,3,65,102,1,0,207,41,77070.0,0,1158,1,12,1679,31.872
440,3875,20/01/2018,23/01/2018,2,183,185,1,0,327,30,10024.0,1,105,0,5,746,207.846
441,1913,05/09/2017,07/09/2017,2,597,603,0,0,123,20,48227.0,0,146,0,9,135,12.22
442,1913,05/09/2017,07/09/2017,2,597,603,0,0,123,20,48227.0,0,1292,1,14,633,194.94
443,1913,05/09/2017,07/09/2017,2,597,603,0,0,123,20,48227.0,0,1382,1,14,579,70.95
444,1913,05/09/2017,07/09/2017,2,597,603,0,0,123,20,48227.0,0,1157,1,12,1832,91.36
445,1913,05/09/2017,07/09/2017,2,597,603,0,0,123,20,48227.0,0,90,0,5,1206,242.94
446,1913,05/09/2017,07/09/2017,2,597,603,0,0,123,20,48227.0,0,962,1,10,231,22.05
447,3821,20/03/2018,25/03/2018,2,739,770,0,0,94,12,47201.0,0,143,0,9,728,2.91
448,2705,01/04/2017,03/04/2017,2,621,622,0,0,23,30,13021.0,1,488,1,2,1153,59.52
449,2705,01/04/2017,03/04/2017,2,621,622,0,0,23,30,13021.0,1,1340,1,14,632,161.94
450,2705,01/04/2017,03/04/2017,2,621,622,0,0,23,30,13021.0,1,536,1,2,348,263.88
451,2705,01/04/2017,03/04/2017,2,621,622,0,0,23,30,13021.0,1,569,1,2,29,30.48
452,2705,01/04/2017,03/04/2017,2,621,622,0,0,23,30,13021.0,1,634,1,2,1150,9.84
453,2705,01/04/2017,03/04/2017,2,621,622,0,0,23,30,13021.0,1,1765,2,13,308,35.12
454,3689,20/10/2018,24/10/2018,3,246,245,1,0,2,33,44312.0,1,328,0,16,427,284.364
455,3689,20/10/2018,24/10/2018,3,246,245,1,0,2,33,44312.0,1,1297,1,14,520,665.408
456,1668,13/12/2017,17/12/2017,3,431,440,1,0,334,34,73071.0,0,1506,2,0,1073,63.88
457,4143,12/02/2015,18/02/2015,3,669,671,0,0,96,3,94521.0,3,51,0,5,752,129.568
458,4598,26/09/2017,01/10/2017,3,560,557,0,0,116,11,62521.0,0,88,0,5,832,747.558
459,4598,26/09/2017,01/10/2017,3,560,557,0,0,116,11,62521.0,0,857,1,7,1492,8.928
460,897,15/12/2016,22/12/2016,3,371,397,0,0,450,45,98115.0,3,426,1,1,22,103.92
461,897,15/12/2016,22/12/2016,3,371,397,0,0,450,45,98115.0,3,1585,2,0,1004,899.91
462,897,15/12/2016,22/12/2016,3,371,397,0,0,450,45,98115.0,3,679,1,3,57,51.312
463,1813,22/04/2017,29/04/2017,3,755,734,2,0,373,1,85023.0,3,137,0,9,590,23.56
464,1813,22/04/2017,29/04/2017,3,755,734,2,0,373,1,85023.0,3,336,0,16,376,1272.63
465,1813,22/04/2017,29/04/2017,3,755,734,2,0,373,1,85023.0,3,651,1,3,1282,28.485
466,1813,22/04/2017,29/04/2017,3,755,734,2,0,373,1,85023.0,3,1443,1,15,1299,185.376
467,1813,22/04/2017,29/04/2017,3,755,734,2,0,373,1,85023.0,3,430,1,1,652,78.272
468,4284,17/01/2016,24/01/2016,3,408,394,2,0,359,11,60068.0,0,240,0,9,559,254.744
469,3831,31/03/2018,04/04/2018,3,236,210,1,0,8,41,79109.0,0,23,0,4,384,205.3328
470,4424,16/12/2017,20/12/2017,2,136,176,0,0,80,11,60610.0,0,729,1,3,409,4.788
471,1484,20/12/2016,24/12/2016,3,513,517,1,0,257,30,11757.0,1,1248,1,12,538,55.48
472,529,09/11/2015,11/11/2015,2,400,366,0,0,436,3,94110.0,3,1377,1,14,1363,340.92
473,529,09/11/2015,11/11/2015,2,400,366,0,0,436,3,94110.0,3,9,0,4,1429,222.666
474,529,09/11/2015,11/11/2015,2,400,366,0,0,436,3,94110.0,3,1783,2,13,1389,703.968
475,529,09/11/2015,11/11/2015,2,400,366,0,0,436,3,94110.0,3,1334,1,14,508,92.52
476,529,09/11/2015,11/11/2015,2,400,366,0,0,436,3,94110.0,3,1106,1,12,1330,62.65
477,529,09/11/2015,11/11/2015,2,400,366,0,0,436,3,94110.0,3,1219,1,12,1696,94.85
478,1723,12/07/2017,19/07/2017,3,432,444,1,0,265,3,90008.0,3,1683,2,13,442,95.76
479,2468,27/10/2017,02/11/2017,3,353,363,0,0,486,30,12180.0,1,232,0,9,591,40.2
480,1676,26/06/2017,02/07/2017,3,367,385,1,0,327,30,10024.0,1,566,1,2,1295,14.7
481,1676,26/06/2017,02/07/2017,3,367,385,1,0,327,30,10024.0,1,1314,1,14,658,704.25
482,424,06/10/2015,10/10/2015,3,788,788,0,0,435,3,92024.0,3,1495,2,0,919,9.09
483,335,22/07/2015,27/07/2015,3,270,269,0,0,327,30,10024.0,1,542,1,2,1303,5.96
484,335,22/07/2015,27/07/2015,3,270,269,0,0,327,30,10024.0,1,1534,2,0,1003,159.98
485,3557,10/06/2018,13/06/2018,0,543,536,2,0,265,3,90045.0,3,996,1,10,134,29.6
486,3557,10/06/2018,13/06/2018,0,543,536,2,0,265,3,90045.0,3,6,0,4,1187,514.165
487,3557,10/06/2018,13/06/2018,0,543,536,2,0,265,3,90045.0,3,1746,2,13,1843,279.96
488,628,29/10/2015,31/10/2015,0,663,720,0,0,80,11,60610.0,0,1719,2,13,157,2735.952
489,412,09/06/2015,13/06/2015,2,184,125,2,0,209,41,77340.0,0,1691,2,13,1482,7.992
490,412,09/06/2015,13/06/2015,2,184,125,2,0,209,41,77340.0,0,1464,2,0,1008,63.984
491,412,09/06/2015,13/06/2015,2,184,125,2,0,209,41,77340.0,0,536,1,2,348,70.368
492,166,14/09/2015,19/09/2015,3,39,63,0,0,408,30,14609.0,1,1353,1,14,646,449.15
493,166,14/09/2015,19/09/2015,3,39,63,0,0,408,30,14609.0,1,888,1,7,455,11.07
494,2736,09/05/2017,14/05/2017,3,716,704,0,0,450,45,98115.0,3,1482,2,0,1464,93.98
495,4487,18/03/2017,21/03/2017,2,651,650,0,0,287,40,38109.0,2,334,0,16,284,189.882
496,1229,27/12/2016,31/12/2016,3,495,488,0,0,150,2,72701.0,2,858,1,7,1513,105.42
497,2067,25/07/2017,31/07/2017,3,669,671,0,0,104,3,92627.0,3,740,1,3,448,119.616
498,2067,25/07/2017,31/07/2017,3,669,671,0,0,104,3,92627.0,3,311,0,9,881,255.76
499,2067,25/07/2017,31/07/2017,3,669,671,0,0,104,3,92627.0,3,92,0,5,497,241.568
500,2067,25/07/2017,31/07/2017,3,669,671,0,0,104,3,92627.0,3,138,0,9,509,69.3
501,4439,30/05/2017,04/06/2017,3,548,490,1,0,360,4,80134.0,3,705,1,3,1601,22.62
502,4439,30/05/2017,04/06/2017,3,548,490,1,0,360,4,80134.0,3,704,1,3,710,14.952
503,4439,30/05/2017,04/06/2017,3,548,490,1,0,360,4,80134.0,3,67,0,5,768,801.568
504,4439,30/05/2017,04/06/2017,3,548,490,1,0,360,4,80134.0,3,668,1,3,1512,2.376
505,4439,30/05/2017,04/06/2017,3,548,490,1,0,360,4,80134.0,3,1044,1,12,1616,32.792
506,3449,12/11/2018,15/11/2018,2,246,245,1,0,327,30,10024.0,1,766,1,3,241,15.92
507,1373,16/03/2016,22/03/2016,3,160,157,0,0,21,9,30318.0,2,525,1,2,1352,2.74
508,1373,16/03/2016,22/03/2016,3,160,157,0,0,21,9,30318.0,2,601,1,2,1152,8.34
509,1373,16/03/2016,22/03/2016,3,160,157,0,0,21,9,30318.0,2,1331,1,14,1259,46.74
510,1373,16/03/2016,22/03/2016,3,160,157,0,0,21,9,30318.0,2,776,1,3,649,6354.95
511,3456,26/11/2018,27/11/2018,0,475,481,0,0,167,23,64118.0,0,179,0,9,625,126.3
512,3456,26/11/2018,27/11/2018,0,475,481,0,0,167,23,64118.0,0,1529,2,0,1398,38.04
513,1761,20/10/2017,23/10/2017,0,459,477,0,0,328,33,43055.0,1,542,1,2,1303,7.152
514,4007,21/12/2018,25/12/2018,3,95,100,0,0,265,3,90049.0,3,599,1,2,1133,6.63
515,4007,21/12/2018,25/12/2018,3,95,100,0,0,265,3,90049.0,3,513,1,2,1122,5.88
516,3302,22/01/2018,27/01/2018,3,15,11,2,0,175,24,59405.0,3,1609,2,6,397,2999.95
517,3302,22/01/2018,27/01/2018,3,15,11,2,0,175,24,59405.0,3,1412,1,14,125,51.45
518,3302,22/01/2018,27/01/2018,3,15,11,2,0,175,24,59405.0,3,1117,1,12,778,11.96
519,3302,22/01/2018,27/01/2018,3,15,11,2,0,175,24,59405.0,3,1411,1,14,1555,1126.02
520,1539,22/03/2016,26/03/2016,3,192,212,0,0,207,41,77041.0,0,1461,2,0,1597,18.392
521,1539,22/03/2016,26/03/2016,3,192,212,0,0,207,41,77041.0,0,1315,1,14,417,129.568
522,1539,22/03/2016,26/03/2016,3,192,212,0,0,207,41,77041.0,0,648,1,3,1836,14.112
523,3647,23/01/2018,25/01/2018,0,490,505,1,0,123,20,48234.0,0,334,0,16,284,210.98
524,4536,21/05/2017,23/05/2017,0,463,475,0,0,265,3,90032.0,3,1811,2,13,1098,55.176
525,4536,21/05/2017,23/05/2017,0,463,475,0,0,265,3,90032.0,3,1568,2,0,910,66.26
526,1550,26/12/2016,02/01/2017,3,70,106,0,0,247,19,1841.0,1,926,1,8,1498,22.2
527,3025,21/10/2018,26/10/2018,3,593,584,2,0,238,8,33801.0,2,104,0,5,740,683.952
528,3025,21/10/2018,26/10/2018,3,593,584,2,0,238,8,33801.0,2,194,0,9,565,45.696
529,4355,03/09/2016,07/09/2016,3,507,541,0,0,372,36,19134.0,1,1418,1,14,574,36.336
530,4355,03/09/2016,07/09/2016,3,507,541,0,0,372,36,19134.0,1,1441,1,15,1042,666.248
531,4355,03/09/2016,07/09/2016,3,507,541,0,0,372,36,19134.0,1,856,1,7,1614,52.512
532,820,07/11/2016,09/11/2016,2,414,414,1,0,265,3,90036.0,3,58,0,5,1377,190.72
533,4774,07/09/2018,11/09/2018,3,344,354,0,0,265,3,90032.0,3,155,0,9,1537,47.94
534,2727,29/05/2017,01/06/2017,2,647,639,0,0,308,0,36116.0,2,1708,2,13,1241,979.95
535,2727,29/05/2017,01/06/2017,2,647,639,0,0,308,0,36116.0,2,741,1,3,1308,22.75
536,2073,10/07/2017,16/07/2017,3,1,24,0,0,291,1,85204.0,3,1335,1,14,1504,16.768
537,4743,03/09/2018,08/09/2018,2,275,259,0,0,80,11,60653.0,0,737,1,3,1300,42.616
538,1404,03/12/2016,08/12/2016,3,532,496,2,0,327,30,10009.0,1,827,1,3,412,10.752
539,1231,07/12/2016,11/12/2016,3,212,197,0,0,194,15,42420.0,2,401,1,1,609,152.94
540,1231,07/12/2016,11/12/2016,3,212,197,0,0,194,15,42420.0,2,93,0,5,1449,283.92
541,485,01/02/2015,03/02/2015,0,68,99,0,0,177,47,54302.0,0,1494,2,0,599,468.9
542,2227,14/07/2017,17/07/2017,0,278,270,1,0,487,1,85705.0,3,1759,2,13,967,380.864
543,4314,18/12/2016,23/12/2016,3,465,469,0,0,462,33,45503.0,1,1353,1,14,646,646.776
544,58,11/05/2015,16/05/2015,3,592,591,0,0,154,41,76106.0,0,1496,2,0,1400,58.112
545,58,11/05/2015,16/05/2015,3,592,591,0,0,154,41,76106.0,0,1779,2,13,1659,100.792
546,58,11/05/2015,16/05/2015,3,592,591,0,0,154,41,76106.0,0,162,0,9,513,66.112
547,3992,19/11/2018,22/11/2018,0,53,8,2,0,327,30,10035.0,1,654,1,3,264,41.28
548,3992,19/11/2018,22/11/2018,0,53,8,2,0,327,30,10035.0,1,1195,1,12,1680,13.36
549,963,15/11/2016,17/11/2016,2,215,213,1,0,80,11,60653.0,0,1306,1,14,823,250.272
550,963,15/11/2016,17/11/2016,2,215,213,1,0,80,11,60653.0,0,836,1,3,672,11.364
551,963,15/11/2016,17/11/2016,2,215,213,1,0,80,11,60653.0,0,1433,1,15,1495,8.72
552,2220,15/04/2017,17/04/2017,2,67,87,0,0,436,3,94110.0,3,80,0,5,785,1121.568
553,3009,11/09/2018,12/09/2018,0,629,662,0,0,216,8,32216.0,2,245,0,9,873,34.504
554,2797,24/11/2018,28/11/2018,3,311,312,0,0,207,41,77070.0,0,938,1,8,127,10.824
555,2769,29/06/2018,03/07/2018,2,215,213,1,0,9,3,92804.0,3,1352,1,14,1547,1295.78
556,641,03/03/2015,07/03/2015,2,38,62,0,0,519,31,28403.0,2,586,1,2,1840,19.456
557,1870,10/06/2017,15/06/2017,3,580,580,0,0,265,3,90045.0,3,961,1,10,179,20.7
558,1870,10/06/2017,15/06/2017,3,580,580,0,0,265,3,90045.0,3,366,0,16,369,1335.68
559,1870,10/06/2017,15/06/2017,3,580,580,0,0,265,3,90045.0,3,1218,1,12,1822,32.4
560,3123,20/11/2018,22/11/2018,2,467,470,0,0,436,3,94110.0,3,254,0,9,457,42.6
561,3123,20/11/2018,22/11/2018,2,467,470,0,0,436,3,94110.0,3,639,1,3,699,84.056
562,536,14/09/2015,18/09/2015,2,124,183,0,0,471,8,33614.0,2,456,1,1,1414,13.0
563,536,14/09/2015,18/09/2015,2,124,183,0,0,471,8,33614.0,2,286,0,9,119,13.128
564,1174,07/12/2016,09/12/2016,0,362,364,0,0,450,45,98105.0,3,933,1,8,131,3.96
565,1174,07/12/2016,09/12/2016,0,362,364,0,0,450,45,98105.0,3,955,1,10,218,2.61
566,3487,07/12/2018,10/12/2018,0,290,286,0,0,265,3,90008.0,3,1771,2,13,439,374.376
567,3870,01/10/2018,08/10/2018,3,248,254,1,0,450,45,98105.0,3,1270,1,12,1258,91.84
568,3870,01/10/2018,08/10/2018,3,248,254,1,0,450,45,98105.0,3,680,1,3,719,81.088
569,3870,01/10/2018,08/10/2018,3,248,254,1,0,450,45,98105.0,3,1266,1,12,1818,19.44
570,3870,01/10/2018,08/10/2018,3,248,254,1,0,450,45,98105.0,3,135,0,5,841,451.152
571,4029,28/12/2018,04/01/2019,3,361,359,0,0,327,30,10024.0,1,961,1,10,179,72.45
572,4029,28/12/2018,04/01/2019,3,361,359,0,0,327,30,10024.0,1,906,1,8,1195,13.96
573,4029,28/12/2018,04/01/2019,3,361,359,0,0,327,30,10024.0,1,716,1,3,1510,33.264
574,4029,28/12/2018,04/01/2019,3,361,359,0,0,327,30,10024.0,1,1689,2,13,477,14.85
575,2084,03/11/2017,07/11/2017,3,685,678,0,0,282,45,98270.0,3,578,1,2,1139,8.82
576,1430,18/09/2016,22/09/2016,2,748,773,0,0,261,3,90805.0,3,1270,1,12,1258,160.72
577,1430,18/09/2016,22/09/2016,2,748,773,0,0,261,3,90805.0,3,1101,1,12,1341,19.92
578,1430,18/09/2016,22/09/2016,2,748,773,0,0,261,3,90805.0,3,1431,1,15,102,7.3
579,3120,20/07/2018,26/07/2018,3,172,128,0,0,80,11,60610.0,0,1381,1,14,1571,69.712
580,3120,20/07/2018,26/07/2018,3,172,128,0,0,80,11,60610.0,0,184,0,9,470,8.792
581,1208,10/09/2016,14/09/2016,3,129,141,0,0,265,3,90004.0,3,1450,1,15,1043,51.52
582,3650,01/12/2018,05/12/2018,3,238,229,0,0,120,4,80219.0,3,1860,2,13,724,470.376
583,3650,01/12/2018,05/12/2018,3,238,229,0,0,120,4,80219.0,3,1700,2,13,45,105.584
584,3650,01/12/2018,05/12/2018,3,238,229,0,0,120,4,80219.0,3,385,1,1,636,31.152
585,3650,01/12/2018,05/12/2018,3,238,229,0,0,120,4,80219.0,3,746,1,3,1336,6.783
586,3650,01/12/2018,05/12/2018,3,238,229,0,0,120,4,80219.0,3,1714,2,13,931,406.368
587,1141,03/07/2016,09/07/2016,3,73,114,0,0,405,15,40475.0,2,114,0,5,1171,70.98
588,1141,03/07/2016,09/07/2016,3,73,114,0,0,405,15,40475.0,2,997,1,10,534,294.93
589,4594,20/03/2017,24/03/2017,3,791,791,0,0,428,35,97301.0,3,1818,2,13,1842,84.784
590,4594,20/03/2017,24/03/2017,3,791,791,0,0,428,35,97301.0,3,1149,1,12,1821,20.736
591,4594,20/03/2017,24/03/2017,3,791,791,0,0,428,35,97301.0,3,740,1,3,448,16.821
592,4594,20/03/2017,24/03/2017,3,791,791,0,0,428,35,97301.0,3,1252,1,12,1676,10.368
593,427,09/01/2015,13/01/2015,3,540,520,0,0,243,41,78041.0,0,612,1,2,1117,9.344
594,427,09/01/2015,13/01/2015,3,540,520,0,0,243,41,78041.0,0,1489,2,0,1072,31.2
595,381,08/08/2015,15/08/2015,3,469,459,0,0,435,3,92024.0,3,468,1,1,661,76.12
596,381,08/08/2015,15/08/2015,3,469,459,0,0,435,3,92024.0,3,1611,2,6,1445,1199.976
597,381,08/08/2015,15/08/2015,3,469,459,0,0,435,3,92024.0,3,1766,2,13,36,445.96
598,381,08/08/2015,15/08/2015,3,469,459,0,0,435,3,92024.0,3,206,0,9,503,327.76
599,1979,14/07/2017,16/07/2017,0,756,740,0,0,372,36,19134.0,1,1446,1,15,99,11.632
600,4427,16/07/2017,21/07/2017,3,147,145,0,0,372,36,19120.0,1,1720,2,13,1095,143.982
601,4427,16/07/2017,21/07/2017,3,147,145,0,0,372,36,19120.0,1,1823,2,13,722,494.376
602,4427,16/07/2017,21/07/2017,3,147,145,0,0,372,36,19120.0,1,1431,1,15,102,5.84
603,577,15/03/2015,19/03/2015,3,55,15,0,0,471,8,33614.0,2,1342,1,14,871,142.776
604,577,15/03/2015,19/03/2015,3,55,15,0,0,471,8,33614.0,2,194,0,9,565,45.696
605,577,15/03/2015,19/03/2015,3,55,15,0,0,471,8,33614.0,2,664,1,3,924,7.218
606,577,15/03/2015,19/03/2015,3,55,15,0,0,471,8,33614.0,2,696,1,3,716,43.188
607,577,15/03/2015,19/03/2015,3,55,15,0,0,471,8,33614.0,2,1153,1,12,1670,131.904
608,4133,23/05/2015,27/05/2015,3,47,33,0,0,372,36,19134.0,1,669,1,3,147,3.282
609,4133,23/05/2015,27/05/2015,3,47,33,0,0,372,36,19134.0,1,513,1,2,1122,21.168
610,4133,23/05/2015,27/05/2015,3,47,33,0,0,372,36,19134.0,1,1797,2,13,1100,55.188
611,2620,28/04/2017,01/05/2017,0,553,575,1,0,109,41,75217.0,0,1795,2,13,1167,369.576
612,2620,28/04/2017,01/05/2017,0,553,575,1,0,109,41,75217.0,0,1003,1,10,201,15.712
613,1993,11/09/2017,13/09/2017,2,296,304,1,0,372,36,19143.0,1,1088,1,12,1761,8.448
614,1993,11/09/2017,13/09/2017,2,296,304,1,0,372,36,19143.0,1,1847,2,13,430,728.946
615,3514,14/11/2018,17/11/2018,2,149,171,0,0,182,33,43123.0,1,1678,2,13,1312,119.94
616,3514,14/11/2018,17/11/2018,2,149,171,0,0,182,33,43123.0,1,757,1,3,1309,3.648
617,3105,18/08/2018,23/08/2018,2,563,555,1,0,327,30,10011.0,1,276,0,9,487,40.48
618,3105,18/08/2018,23/08/2018,2,563,555,1,0,327,30,10011.0,1,136,0,9,492,9.94
619,3105,18/08/2018,23/08/2018,2,563,555,1,0,327,30,10011.0,1,750,1,3,1331,107.424
620,3105,18/08/2018,23/08/2018,2,563,555,1,0,327,30,10011.0,1,1772,2,13,776,37.91
621,3105,18/08/2018,23/08/2018,2,563,555,1,0,327,30,10011.0,1,156,0,9,1441,88.02
622,4144,26/12/2015,31/12/2015,3,122,149,0,0,80,11,60610.0,0,726,1,3,413,8.69
623,1281,29/11/2016,03/12/2016,3,686,729,1,0,114,20,48126.0,0,130,0,5,762,301.96
624,1281,29/11/2016,03/12/2016,3,686,729,1,0,114,20,48126.0,0,380,1,1,859,555.21
625,1281,29/11/2016,03/12/2016,3,686,729,1,0,114,20,48126.0,0,1332,1,14,1090,523.48
626,1281,29/11/2016,03/12/2016,3,686,729,1,0,114,20,48126.0,0,610,1,2,279,161.82
627,3996,15/09/2018,19/09/2018,3,530,518,2,0,327,30,10009.0,1,144,0,9,1045,35.56
628,3809,19/05/2018,23/05/2018,3,59,48,0,0,450,45,98115.0,3,409,1,1,310,97.16
629,3419,17/12/2018,21/12/2018,3,455,474,0,0,436,3,94122.0,3,660,1,3,75,15.24
630,3419,17/12/2018,21/12/2018,3,455,474,0,0,436,3,94122.0,3,1178,1,12,142,13.23
631,4527,11/12/2017,13/12/2017,2,288,290,0,0,24,4,80013.0,3,1356,1,14,1554,243.384
632,4527,11/12/2017,13/12/2017,2,288,290,0,0,24,4,80013.0,3,1490,2,0,912,119.8
633,4527,11/12/2017,13/12/2017,2,288,290,0,0,24,4,80013.0,3,1753,2,13,932,300.768
634,3636,24/09/2018,26/09/2018,2,70,106,0,0,293,8,33180.0,2,1541,2,0,1595,17.88
635,3636,24/09/2018,26/09/2018,2,70,106,0,0,293,8,33180.0,2,997,1,10,534,235.944
636,1642,04/10/2016,09/10/2016,2,207,226,1,0,501,9,31088.0,2,70,0,5,1207,392.94
637,4491,15/08/2017,21/08/2017,3,498,513,0,0,24,4,80013.0,3,718,1,3,1301,18.882
638,4491,15/08/2017,21/08/2017,3,498,513,0,0,24,4,80013.0,3,448,1,1,1575,122.328
639,1914,20/05/2017,25/05/2017,3,623,629,2,0,495,3,94591.0,3,158,0,9,1035,1049.2
640,1914,20/05/2017,25/05/2017,3,623,629,2,0,495,3,94591.0,3,835,1,3,1641,15.424
641,2385,18/12/2017,22/12/2017,3,352,408,1,0,298,21,55407.0,0,163,0,9,546,18.84
642,4084,30/07/2018,03/08/2018,2,387,387,0,0,301,3,92691.0,3,1305,1,14,543,330.4
643,4084,30/07/2018,03/08/2018,2,387,387,0,0,301,3,92691.0,3,981,1,10,187,26.25
644,2891,10/06/2018,15/06/2018,3,672,685,0,0,409,20,48307.0,0,1568,2,0,910,132.52
645,4766,21/07/2018,25/07/2018,3,773,733,2,0,376,28,7060.0,1,1138,1,12,1784,6.48
646,3275,30/12/2018,05/01/2019,3,132,160,2,0,94,12,47201.0,0,425,1,1,611,209.3
647,1725,01/04/2017,08/04/2017,3,64,65,1,0,453,1,85635.0,3,932,1,8,1498,31.56
648,1725,01/04/2017,08/04/2017,3,64,65,1,0,453,1,85635.0,3,422,1,1,305,30.144
649,2604,11/12/2017,16/12/2017,2,50,54,1,0,496,45,98661.0,3,203,0,9,21,14.8
650,2604,11/12/2017,16/12/2017,2,50,54,1,0,496,45,98661.0,3,1803,2,13,46,302.376
651,2604,11/12/2017,16/12/2017,2,50,54,1,0,496,45,98661.0,3,1488,2,0,665,316.0
652,2164,23/10/2017,29/10/2017,3,712,714,2,0,327,30,10024.0,1,1050,1,12,1455,379.4
653,3554,19/06/2018,23/06/2018,3,46,26,1,0,327,30,10035.0,1,1237,1,12,1730,97.82
654,3554,19/06/2018,23/06/2018,3,46,26,1,0,327,30,10035.0,1,1485,2,0,1458,103.12
655,2234,22/08/2017,28/08/2017,3,168,180,0,0,94,33,43229.0,1,424,1,1,1574,113.552
656,2234,22/08/2017,28/08/2017,3,168,180,0,0,94,33,43229.0,1,751,1,3,238,3.318
657,2234,22/08/2017,28/08/2017,3,168,180,0,0,94,33,43229.0,1,866,1,7,128,134.288
658,4592,19/09/2017,19/09/2017,1,261,273,2,0,24,11,60505.0,0,67,0,5,768,701.372
659,4592,19/09/2017,19/09/2017,1,261,273,2,0,24,11,60505.0,0,832,1,3,235,2.308
660,1391,24/08/2016,28/08/2016,3,125,133,0,0,16,41,76017.0,0,1342,1,14,871,999.432
661,1391,24/08/2016,28/08/2016,3,125,133,0,0,16,41,76017.0,0,1345,1,14,1474,724.08
662,1391,24/08/2016,28/08/2016,3,125,133,0,0,16,41,76017.0,0,332,0,16,853,918.785
663,1391,24/08/2016,28/08/2016,3,125,133,0,0,16,41,76017.0,0,797,1,3,237,2.724
664,2027,26/03/2017,30/03/2017,3,706,701,1,0,327,30,10011.0,1,1346,1,14,774,459.95
665,2319,04/11/2017,04/11/2017,1,628,653,0,0,266,15,40214.0,2,908,1,8,1196,10.74
666,3403,08/06/2018,10/06/2018,2,751,747,1,0,109,41,75081.0,0,1447,1,15,100,23.76
667,3403,08/06/2018,10/06/2018,2,751,747,1,0,109,41,75081.0,0,1048,1,12,537,85.056
668,3403,08/06/2018,10/06/2018,2,751,747,1,0,109,41,75081.0,0,1826,2,13,450,381.576
669,646,24/12/2015,26/12/2015,0,653,624,0,0,86,33,44105.0,1,247,0,9,1049,30.36
670,4669,09/06/2018,13/06/2018,3,530,518,2,0,80,11,60653.0,0,235,0,9,11,23.976
671,4669,09/06/2018,13/06/2018,3,530,518,2,0,80,11,60653.0,0,321,0,16,426,108.925
672,4669,09/06/2018,13/06/2018,3,530,518,2,0,80,11,60653.0,0,1168,1,12,107,36.352
673,2980,15/06/2018,22/06/2018,3,746,731,0,0,391,11,62301.0,0,537,1,2,1138,19.56
674,3356,05/12/2018,08/12/2018,0,624,636,0,0,94,12,47201.0,0,465,1,1,945,61.44
675,3356,05/12/2018,08/12/2018,0,624,636,0,0,94,12,47201.0,0,1154,1,12,1467,38.9
676,3356,05/12/2018,08/12/2018,0,624,636,0,0,94,12,47201.0,0,1568,2,0,910,99.39
677,4732,18/03/2018,23/03/2018,3,139,130,0,0,491,41,75701.0,0,391,1,1,865,2.688
678,4732,18/03/2018,23/03/2018,3,139,130,0,0,491,41,75701.0,0,1564,2,0,1596,27.816
679,4732,18/03/2018,23/03/2018,3,139,130,0,0,491,41,75701.0,0,261,0,9,879,82.524
680,4732,18/03/2018,23/03/2018,3,139,130,0,0,491,41,75701.0,0,831,1,3,895,182.994
681,2668,19/11/2017,24/11/2017,3,209,240,0,0,327,30,10024.0,1,768,1,3,246,14.352
682,2668,19/11/2017,24/11/2017,3,209,240,0,0,327,30,10024.0,1,1375,1,14,645,64.96
683,2668,19/11/2017,24/11/2017,3,209,240,0,0,327,30,10024.0,1,1412,1,14,125,68.6
684,4914,04/11/2018,04/11/2018,1,310,307,1,0,60,31,27217.0,2,1668,2,11,476,7999.98
685,4914,04/11/2018,04/11/2018,1,310,307,1,0,60,31,27217.0,2,425,1,1,611,167.44
686,661,05/07/2015,08/07/2015,0,492,521,0,0,215,22,39212.0,2,1570,2,0,1105,479.97
687,661,05/07/2015,08/07/2015,0,492,521,0,0,215,22,39212.0,2,969,1,10,226,14.62
688,661,05/07/2015,08/07/2015,0,492,521,0,0,215,22,39212.0,2,1038,1,12,1786,19.44
689,3963,25/12/2018,29/12/2018,3,616,617,0,0,327,30,10035.0,1,39,0,4,378,191.984
690,4161,21/06/2015,23/06/2015,2,570,553,0,0,509,44,22980.0,2,288,0,9,1036,104.01
691,4161,21/06/2015,23/06/2015,2,570,553,0,0,509,44,22980.0,2,1749,2,13,964,284.82
692,4161,21/06/2015,23/06/2015,2,570,553,0,0,509,44,22980.0,2,1369,1,14,1332,36.84
693,1189,28/03/2016,02/04/2016,3,8,10,0,0,265,3,90036.0,3,1521,2,0,909,166.24
694,1189,28/03/2016,02/04/2016,3,8,10,0,0,265,3,90036.0,3,1071,1,12,1766,33.4
695,1022,14/05/2016,17/05/2016,0,398,368,2,0,78,36,19013.0,1,577,1,2,363,198.272
696,1022,14/05/2016,17/05/2016,0,398,368,2,0,78,36,19013.0,1,975,1,10,198,47.36
697,1022,14/05/2016,17/05/2016,0,398,368,2,0,78,36,19013.0,1,850,1,7,939,200.984
698,1022,14/05/2016,17/05/2016,0,398,368,2,0,78,36,19013.0,1,990,1,10,178,97.696
699,1022,14/05/2016,17/05/2016,0,398,368,2,0,78,36,19013.0,1,504,1,2,332,2.696
700,1022,14/05/2016,17/05/2016,0,398,368,2,0,78,36,19013.0,1,698,1,3,692,18.588
701,1022,14/05/2016,17/05/2016,0,398,368,2,0,78,36,19013.0,1,717,1,3,1626,4.896
702,3038,02/09/2018,08/09/2018,3,243,238,1,0,86,33,44105.0,1,242,0,9,548,15.072
703,2654,04/11/2017,08/11/2017,2,56,18,1,0,450,45,98103.0,3,256,0,9,1531,209.88
704,1325,09/04/2016,14/04/2016,3,377,356,0,0,261,3,90805.0,3,347,0,16,971,369.912
705,459,12/09/2015,17/09/2015,3,94,97,1,0,68,31,27511.0,2,1127,1,12,1816,10.368
706,459,12/09/2015,17/09/2015,3,94,97,1,0,68,31,27511.0,2,407,1,1,628,166.84
707,459,12/09/2015,17/09/2015,3,94,97,1,0,68,31,27511.0,2,1529,2,0,1398,15.216
708,156,02/12/2015,04/12/2015,0,231,209,0,0,327,30,10035.0,1,1565,2,0,992,119.96
709,156,02/12/2015,04/12/2015,0,231,209,0,0,327,30,10035.0,1,28,0,4,1189,883.92
710,156,02/12/2015,04/12/2015,0,231,209,0,0,327,30,10035.0,1,638,1,3,146,46.72
711,172,05/04/2015,07/04/2015,0,752,767,2,0,327,30,10035.0,1,1248,1,12,538,55.48
712,3669,03/09/2018,07/09/2018,3,44,60,0,0,358,8,32137.0,2,855,1,7,5,24.448
713,4636,19/05/2018,24/05/2018,3,658,649,1,0,314,30,10550.0,1,398,1,1,337,281.34
714,4636,19/05/2018,24/05/2018,3,658,649,1,0,314,30,10550.0,1,1795,2,13,1167,307.98
715,4636,19/05/2018,24/05/2018,3,658,649,1,0,314,30,10550.0,1,1502,2,0,1017,299.97
716,613,01/07/2015,06/07/2015,2,243,238,1,0,450,45,98105.0,3,771,1,3,410,19.92
717,361,11/01/2015,14/01/2015,0,720,689,0,0,124,6,19901.0,1,136,0,9,492,9.94
718,2950,24/09/2018,29/09/2018,3,420,434,0,0,328,33,43055.0,1,217,0,9,878,103.056
719,65,02/06/2015,07/06/2015,3,148,153,2,0,349,42,84057.0,3,704,1,3,710,59.808
720,65,02/06/2015,07/06/2015,3,148,153,2,0,349,42,84057.0,3,146,0,9,135,73.32
721,1863,13/02/2017,18/02/2017,3,634,652,2,0,265,3,90045.0,3,1250,1,12,1566,146.82
722,2306,15/12/2017,19/12/2017,3,533,529,1,0,123,20,48205.0,0,318,0,16,425,1652.94
723,2306,15/12/2017,19/12/2017,3,533,529,1,0,123,20,48205.0,0,1290,1,14,1329,296.37
724,213,07/10/2015,13/10/2015,3,535,501,2,0,372,36,19140.0,1,145,0,9,1442,129.92
725,1896,07/07/2017,12/07/2017,3,677,711,1,0,197,8,33012.0,2,1452,1,15,98,45.584
726,3622,16/09/2018,20/09/2018,3,360,355,0,0,25,41,78745.0,0,854,1,7,1041,17.568
727,3622,16/09/2018,20/09/2018,3,360,355,0,0,25,41,78745.0,0,1756,2,13,451,55.992
728,4574,03/12/2017,06/12/2017,0,256,258,0,0,341,30,11572.0,1,1143,1,12,1752,182.72
729,4574,03/12/2017,06/12/2017,0,256,258,0,0,341,30,11572.0,1,340,0,16,327,400.032
730,4574,03/12/2017,06/12/2017,0,256,258,0,0,341,30,11572.0,1,1413,1,14,1261,33.63
731,4574,03/12/2017,06/12/2017,0,256,258,0,0,341,30,11572.0,1,99,0,5,758,542.646
732,4574,03/12/2017,06/12/2017,0,256,258,0,0,341,30,11572.0,1,962,1,10,231,6.3
733,3385,21/01/2018,25/01/2018,3,235,200,2,0,450,45,98115.0,3,1315,1,14,417,242.94
734,3385,21/01/2018,25/01/2018,3,235,200,2,0,450,45,98115.0,3,1563,2,0,1021,179.97
735,3385,21/01/2018,25/01/2018,3,235,200,2,0,450,45,98115.0,3,798,1,3,1624,99.696
736,3385,21/01/2018,25/01/2018,3,235,200,2,0,450,45,98115.0,3,767,1,3,1636,27.936
737,3385,21/01/2018,25/01/2018,3,235,200,2,0,450,45,98115.0,3,11,0,4,1185,84.98
738,3385,21/01/2018,25/01/2018,3,235,200,2,0,450,45,98115.0,3,642,1,3,82,18.72
739,391,08/09/2015,12/09/2015,3,314,296,0,0,436,3,94110.0,3,1493,2,0,1018,49.98
740,157,04/01/2015,08/01/2015,3,605,611,2,0,319,11,60540.0,0,987,1,10,217,11.784
741,157,04/01/2015,08/01/2015,3,605,611,2,0,319,11,60540.0,0,1377,1,14,1363,272.736
742,157,04/01/2015,08/01/2015,3,605,611,2,0,319,11,60540.0,0,804,1,3,707,3.54
743,4557,27/08/2017,01/09/2017,3,717,723,0,0,109,41,75220.0,0,1450,1,15,1043,51.52
744,4557,27/08/2017,01/09/2017,3,717,723,0,0,109,41,75220.0,0,1178,1,12,142,3.528
745,4557,27/08/2017,01/09/2017,3,717,723,0,0,109,41,75220.0,0,1286,1,12,1748,4.624
746,4557,27/08/2017,01/09/2017,3,717,723,0,0,109,41,75220.0,0,1448,1,15,667,55.168
747,282,27/05/2015,27/05/2015,1,513,517,1,0,435,3,92105.0,3,344,0,16,942,567.12
748,282,27/05/2015,27/05/2015,1,513,517,1,0,435,3,92105.0,3,1353,1,14,646,359.32
749,2441,20/03/2017,22/03/2017,2,583,605,0,0,145,11,60201.0,0,1677,2,13,314,11.992
750,3272,02/10/2018,06/10/2018,3,640,647,0,0,485,20,48183.0,0,778,1,3,686,58.05
751,3272,02/10/2018,06/10/2018,3,640,647,0,0,485,20,48183.0,0,262,0,9,1177,157.74
752,3272,02/10/2018,06/10/2018,3,640,647,0,0,485,20,48183.0,0,582,1,2,250,56.98
753,3272,02/10/2018,06/10/2018,3,640,647,0,0,485,20,48183.0,0,658,1,3,236,2.88
754,1824,07/04/2017,09/04/2017,0,789,790,1,0,436,3,94110.0,3,1607,2,6,803,1199.976
755,1238,07/12/2016,12/12/2016,3,540,520,0,0,265,3,90036.0,3,235,0,9,11,79.92
756,2293,18/09/2017,22/09/2017,3,553,575,1,0,216,8,32216.0,2,325,0,16,428,383.438
757,91,29/12/2015,02/01/2016,3,200,217,0,0,105,21,55016.0,0,1369,1,14,1332,24.56
758,91,29/12/2015,02/01/2016,3,200,217,0,0,105,21,55016.0,0,1490,2,0,912,119.8
759,3083,23/07/2018,28/07/2018,3,165,154,1,0,327,30,10009.0,1,669,1,3,147,13.128
760,3418,18/09/2018,22/09/2018,3,80,67,1,0,177,47,54302.0,0,1168,1,12,107,22.72
761,949,31/08/2016,05/09/2016,3,47,33,0,0,265,3,90004.0,3,1218,1,12,1822,58.32
762,3270,03/11/2018,07/11/2018,3,347,405,1,0,21,9,30318.0,2,1006,1,10,182,12.39
763,979,08/02/2016,13/02/2016,3,462,466,0,0,94,33,43229.0,1,1822,2,13,929,107.982
764,704,13/01/2015,15/01/2015,2,175,148,1,0,45,16,71111.0,2,865,1,7,1492,11.36
765,704,13/01/2015,15/01/2015,2,175,148,1,0,45,16,71111.0,2,861,1,7,373,50.94
766,704,13/01/2015,15/01/2015,2,175,148,1,0,45,16,71111.0,2,1552,2,0,1274,646.74
767,704,13/01/2015,15/01/2015,2,175,148,1,0,45,16,71111.0,2,810,1,3,16,5.64
768,704,13/01/2015,15/01/2015,2,175,148,1,0,45,16,71111.0,2,1289,1,14,657,572.58
769,92,14/05/2015,20/05/2015,3,37,52,1,0,427,8,33710.0,2,296,0,9,594,310.88
770,2537,19/05/2017,24/05/2017,3,458,452,0,0,16,44,22204.0,2,108,0,5,831,641.96
771,2847,30/01/2018,05/02/2018,3,116,82,1,0,121,13,50315.0,0,674,1,3,407,18.28
772,2847,30/01/2018,05/02/2018,3,116,82,1,0,121,13,50315.0,0,1846,2,13,40,207.0
773,2847,30/01/2018,05/02/2018,3,116,82,1,0,121,13,50315.0,0,649,1,3,690,32.35
774,2847,30/01/2018,05/02/2018,3,116,82,1,0,121,13,50315.0,0,794,1,3,499,7.71
775,2847,30/01/2018,05/02/2018,3,116,82,1,0,121,13,50315.0,0,624,1,2,357,40.3
776,2847,30/01/2018,05/02/2018,3,116,82,1,0,121,13,50315.0,0,231,0,9,393,34.58
777,742,29/06/2015,06/07/2015,3,217,189,0,0,83,33,45231.0,1,579,1,2,526,32.76
778,1360,21/08/2016,23/08/2016,0,578,569,2,0,436,3,94110.0,3,89,0,5,842,544.008
779,1360,21/08/2016,23/08/2016,0,578,569,2,0,436,3,94110.0,3,1024,1,12,1693,59.94
780,1360,21/08/2016,23/08/2016,0,578,569,2,0,436,3,94110.0,3,1140,1,12,1763,23.92
781,1360,21/08/2016,23/08/2016,0,578,569,2,0,436,3,94110.0,3,1226,1,12,1712,4.28
782,4390,03/10/2016,06/10/2016,2,93,118,0,0,94,33,43229.0,1,679,1,3,57,32.07
783,4390,03/10/2016,06/10/2016,2,93,118,0,0,94,33,43229.0,1,1519,2,0,914,24.0
784,4390,03/10/2016,06/10/2016,2,93,118,0,0,94,33,43229.0,1,43,0,4,1383,35.49
785,4390,03/10/2016,06/10/2016,2,93,118,0,0,94,33,43229.0,1,1458,2,0,1086,47.984
786,1496,23/05/2016,28/05/2016,3,245,267,1,0,93,38,29203.0,2,846,1,7,395,186.69
787,3343,17/03/2018,21/03/2018,2,152,169,0,0,241,3,93534.0,3,636,1,3,801,17.456
788,1490,12/12/2016,16/12/2016,3,477,472,0,0,241,3,93534.0,3,127,0,5,988,348.928
789,992,26/06/2016,30/06/2016,3,663,720,0,0,405,44,23223.0,2,696,1,3,716,143.96
790,992,26/06/2016,30/06/2016,3,663,720,0,0,405,44,23223.0,2,1334,1,14,508,15.42
791,992,26/06/2016,30/06/2016,3,663,720,0,0,405,44,23223.0,2,683,1,3,67,43.04
792,992,26/06/2016,30/06/2016,3,663,720,0,0,405,44,23223.0,2,101,0,5,1202,332.94
793,1738,20/05/2017,20/05/2017,1,380,380,0,0,19,31,28806.0,2,1727,2,13,445,1363.96
794,648,20/09/2015,26/09/2015,3,277,266,0,0,436,3,94110.0,3,965,1,10,207,9.96
795,648,20/09/2015,26/09/2015,3,277,266,0,0,436,3,94110.0,3,1228,1,12,1646,21.72
796,3768,21/09/2018,26/09/2018,3,642,631,0,0,408,21,55901.0,0,658,1,3,236,20.16
797,1095,24/12/2016,26/12/2016,0,191,206,1,0,408,30,14609.0,1,1027,1,12,1668,132.79
798,1095,24/12/2016,26/12/2016,0,191,206,1,0,408,30,14609.0,1,1167,1,12,1755,12.96
799,1095,24/12/2016,26/12/2016,0,191,206,1,0,408,30,14609.0,1,974,1,10,1454,21.56
800,808,27/11/2016,03/12/2016,3,138,126,0,0,236,3,92530.0,3,93,0,5,1449,283.92
801,2881,20/02/2018,23/02/2018,0,333,327,1,0,435,3,92105.0,3,289,0,9,620,22.23
802,2881,20/02/2018,23/02/2018,0,333,327,1,0,435,3,92105.0,3,1732,2,13,1010,215.968
803,2214,18/08/2017,23/08/2017,2,333,327,1,0,327,30,10024.0,1,387,1,1,295,355.32
804,1909,12/03/2017,17/03/2017,3,494,540,1,0,306,16,71203.0,2,1241,1,12,1813,12.96
805,3462,22/04/2018,24/04/2018,0,303,294,0,0,436,3,94122.0,3,168,0,9,589,18.28
806,420,01/11/2015,07/11/2015,3,618,659,0,0,120,4,80219.0,3,532,1,2,1094,43.176
807,420,01/11/2015,07/11/2015,3,618,659,0,0,120,4,80219.0,3,1739,2,13,449,1983.968
808,1311,03/02/2016,05/02/2016,0,1,24,0,0,346,25,68104.0,0,254,0,9,457,28.4
809,1311,03/02/2016,05/02/2016,0,1,24,0,0,346,25,68104.0,0,1598,2,0,954,149.97
810,599,13/10/2015,15/10/2015,0,791,791,0,0,135,45,98026.0,3,573,1,2,1125,11.52
811,599,13/10/2015,15/10/2015,0,791,791,0,0,135,45,98026.0,3,349,0,16,322,1298.55
812,599,13/10/2015,15/10/2015,0,791,791,0,0,135,45,98026.0,3,381,1,1,304,213.92
813,599,13/10/2015,15/10/2015,0,791,791,0,0,135,45,98026.0,3,1485,2,0,1458,25.78
814,3616,14/05/2018,14/05/2018,1,595,599,0,0,444,3,92704.0,3,168,0,9,589,18.28
815,3616,14/05/2018,14/05/2018,1,595,599,0,0,444,3,92704.0,3,1507,2,0,1328,1399.93
816,870,20/03/2016,23/03/2016,0,118,73,1,0,297,47,53209.0,0,1017,1,12,1799,51.84
817,2420,15/09/2017,19/09/2017,3,192,212,0,0,372,36,19140.0,1,1224,1,12,1756,5.344
818,487,28/06/2015,02/07/2015,3,124,183,0,0,372,36,19140.0,1,1038,1,12,1786,41.472
819,487,28/06/2015,02/07/2015,3,124,183,0,0,372,36,19140.0,1,763,1,3,1435,3.168
820,487,28/06/2015,02/07/2015,3,124,183,0,0,372,36,19140.0,1,69,0,5,757,1228.465
821,487,28/06/2015,02/07/2015,3,124,183,0,0,372,36,19140.0,1,813,1,3,704,31.086
822,487,28/06/2015,02/07/2015,3,124,183,0,0,372,36,19140.0,1,1216,1,12,1728,335.52
823,2786,20/06/2018,27/06/2018,3,759,753,0,0,35,28,7109.0,1,1530,2,0,1327,239.97
824,2786,20/06/2018,27/06/2018,3,759,753,0,0,35,28,7109.0,1,987,1,10,217,9.82
825,4125,09/05/2015,15/05/2015,3,591,586,0,0,436,3,94110.0,3,1559,2,0,960,67.8
826,4125,09/05/2015,15/05/2015,3,591,586,0,0,436,3,94110.0,3,1459,2,0,1462,167.97
827,3292,21/08/2018,28/08/2018,3,311,312,0,0,239,21,55044.0,0,921,1,8,121,35.0
828,3292,21/08/2018,28/08/2018,3,311,312,0,0,239,21,55044.0,0,1421,1,15,89,37.24
829,3292,21/08/2018,28/08/2018,3,311,312,0,0,239,21,55044.0,0,895,1,7,1430,15.28
830,3341,16/06/2018,21/06/2018,2,356,381,0,0,151,15,41042.0,2,59,0,5,735,301.96
831,3341,16/06/2018,21/06/2018,2,356,381,0,0,151,15,41042.0,2,455,1,1,655,180.66
832,3341,16/06/2018,21/06/2018,2,356,381,0,0,151,15,41042.0,2,1730,2,13,1313,191.98
833,3341,16/06/2018,21/06/2018,2,356,381,0,0,151,15,41042.0,2,1752,2,13,446,65.99
834,2682,23/07/2017,27/07/2017,3,340,358,1,0,471,8,33614.0,2,564,1,2,352,35.216
835,2682,23/07/2017,27/07/2017,3,340,358,1,0,471,8,33614.0,2,445,1,1,819,23.696
836,2682,23/07/2017,27/07/2017,3,340,358,1,0,471,8,33614.0,2,1666,2,11,1838,265.475
837,4159,08/09/2015,13/09/2015,2,462,466,0,0,491,41,75701.0,0,675,1,3,702,51.184
838,4873,04/11/2018,11/11/2018,3,384,343,2,0,93,40,38401.0,2,1109,1,12,110,9.664
839,4531,07/03/2017,12/03/2017,3,246,245,1,0,154,41,76106.0,0,1765,2,13,308,21.072
840,791,20/11/2016,25/11/2016,3,92,109,1,0,327,30,10035.0,1,624,1,2,357,60.45
841,791,20/11/2016,25/11/2016,3,92,109,1,0,327,30,10035.0,1,555,1,2,1142,11.52
842,791,20/11/2016,25/11/2016,3,92,109,1,0,327,30,10035.0,1,7,0,4,1181,186.048
843,2616,07/11/2017,09/11/2017,0,271,271,1,0,265,3,90036.0,3,689,1,3,637,37.44
844,2616,07/11/2017,09/11/2017,0,271,271,1,0,265,3,90036.0,3,703,1,3,899,26.976
845,2616,07/11/2017,09/11/2017,0,271,271,1,0,265,3,90036.0,3,1436,1,15,95,11.36
846,2616,07/11/2017,09/11/2017,0,271,271,1,0,265,3,90036.0,3,1000,1,10,193,14.62
847,975,13/10/2016,17/10/2016,3,17,58,0,0,266,15,40214.0,2,1729,2,13,889,83.72
848,975,13/10/2016,17/10/2016,3,17,58,0,0,266,15,40214.0,2,77,0,5,744,287.94
849,2916,01/01/2018,06/01/2018,3,293,313,0,0,264,33,44052.0,1,277,0,9,989,48.896
850,103,07/02/2015,12/02/2015,3,150,182,1,0,256,28,7036.0,1,1474,2,0,1058,115.36
851,2466,20/06/2017,25/06/2017,2,230,205,1,0,429,3,93905.0,3,550,1,2,495,5.16
852,2466,20/06/2017,25/06/2017,2,230,205,1,0,429,3,93905.0,3,1135,1,12,1796,38.88
853,1883,28/05/2017,04/06/2017,3,776,775,0,0,215,22,39212.0,2,577,1,2,363,185.88
854,2018,19/02/2017,24/02/2017,3,311,312,0,0,327,30,10035.0,1,289,0,9,620,44.46
855,2018,19/02/2017,24/02/2017,3,311,312,0,0,327,30,10035.0,1,1315,1,14,417,242.94
856,302,03/08/2015,08/08/2015,3,89,83,0,0,327,30,10035.0,1,1082,1,12,1665,39.96
857,302,03/08/2015,08/08/2015,3,89,83,0,0,327,30,10035.0,1,1438,1,15,85,102.3
858,302,03/08/2015,08/08/2015,3,89,83,0,0,327,30,10035.0,1,1385,1,14,1494,21.36
859,3976,10/04/2018,15/04/2018,3,694,673,2,0,324,28,8901.0,1,1271,1,12,1652,7.61
860,3976,10/04/2018,15/04/2018,3,694,673,2,0,324,28,8901.0,1,909,1,8,1193,7.16
861,415,09/06/2015,16/06/2015,3,161,161,0,0,436,3,94122.0,3,1430,1,15,1495,7.36
862,415,09/06/2015,16/06/2015,3,161,161,0,0,436,3,94122.0,3,595,1,2,518,23.1
863,2196,05/01/2017,07/01/2017,2,37,52,1,0,216,8,32216.0,2,1504,2,0,1023,191.472
864,2196,05/01/2017,07/01/2017,2,37,52,1,0,216,8,32216.0,2,605,1,2,1144,5.248
865,2196,05/01/2017,07/01/2017,2,37,52,1,0,216,8,32216.0,2,1794,2,13,993,59.184
866,569,10/01/2015,15/01/2015,3,36,51,1,0,462,44,22153.0,2,1002,1,10,189,2.89
867,569,10/01/2015,15/01/2015,3,36,51,1,0,462,44,22153.0,2,170,0,9,874,51.94
868,2193,29/09/2017,02/10/2017,0,471,461,1,0,372,36,19140.0,1,1012,1,10,190,15.936
869,438,06/04/2015,10/04/2015,3,308,314,1,0,241,36,17602.0,1,790,1,3,972,44.91
870,2555,03/09/2017,05/09/2017,0,596,592,2,0,372,36,19143.0,1,657,1,3,687,1141.47
871,2555,03/09/2017,05/09/2017,0,596,592,2,0,372,36,19143.0,1,1771,2,13,439,280.782
872,1184,19/10/2016,20/10/2016,0,738,765,0,0,96,27,3301.0,1,1221,1,12,1466,34.44
873,562,10/12/2015,15/12/2015,3,699,665,0,0,327,30,10009.0,1,1267,1,12,111,11.36
874,562,10/12/2015,15/12/2015,3,699,665,0,0,327,30,10009.0,1,651,1,3,1282,106.344
875,3039,25/08/2018,29/08/2018,3,293,313,0,0,74,31,28205.0,2,1126,1,12,1694,192.16
876,1926,17/01/2017,21/01/2017,3,132,160,2,0,96,27,3301.0,1,284,0,9,1539,322.59
877,1926,17/01/2017,21/01/2017,3,132,160,2,0,96,27,3301.0,1,1565,2,0,992,29.99
878,1926,17/01/2017,21/01/2017,3,132,160,2,0,96,27,3301.0,1,1516,2,0,998,371.97
879,4257,17/09/2015,21/09/2015,3,25,50,2,0,372,36,19120.0,1,788,1,3,74,5.892
880,2991,30/11/2018,02/12/2018,2,330,319,2,0,327,30,10024.0,1,799,1,3,991,68.472
881,2991,30/11/2018,02/12/2018,2,330,319,2,0,327,30,10024.0,1,121,0,5,1362,1242.9
882,1149,09/10/2016,13/10/2016,3,213,204,0,0,462,44,22153.0,2,1334,1,14,508,30.84
883,4748,23/12/2018,23/12/2018,1,314,296,0,0,436,3,94109.0,3,504,1,2,332,13.48
884,2679,22/10/2017,24/10/2017,0,600,607,2,0,123,20,48227.0,0,163,0,9,546,31.4
885,416,29/04/2015,04/05/2015,3,464,454,0,0,408,30,14609.0,1,181,0,9,506,17.46
886,1352,25/04/2016,28/04/2016,2,405,371,1,0,265,3,90045.0,3,723,1,3,638,13.944
887,3047,26/06/2018,02/07/2018,3,580,580,0,0,435,3,92105.0,3,1371,1,14,586,83.76
888,3753,14/10/2018,19/10/2018,3,266,247,2,0,93,18,21044.0,1,677,1,3,66,37.66
889,72,09/12/2015,16/12/2015,3,150,182,1,0,436,3,94122.0,3,1234,1,12,1777,34.68
890,3405,20/06/2018,26/06/2018,3,353,363,0,0,326,30,10801.0,1,1480,2,0,153,149.95
891,3405,20/06/2018,26/06/2018,3,353,363,0,0,326,30,10801.0,1,679,1,3,57,51.312
892,3416,26/06/2018,27/06/2018,0,752,767,2,0,123,20,48227.0,0,1114,1,12,144,4.54
893,3416,26/06/2018,27/06/2018,0,752,767,2,0,123,20,48227.0,0,570,1,2,674,15.92
894,3416,26/06/2018,27/06/2018,0,752,767,2,0,123,20,48227.0,0,1782,2,13,1169,543.92
895,1746,10/11/2017,12/11/2017,0,586,581,1,0,436,3,94122.0,3,1359,1,14,663,155.82
896,1746,10/11/2017,12/11/2017,0,586,581,1,0,436,3,94122.0,3,772,1,3,330,70.008
897,2289,03/10/2017,06/10/2017,2,327,334,0,0,207,41,77095.0,0,852,1,7,1492,15.648
898,526,09/09/2015,15/09/2015,3,536,489,0,0,123,20,48227.0,0,996,1,10,134,103.6
899,3949,29/10/2018,31/10/2018,2,294,300,1,0,23,30,13021.0,1,1161,1,12,1564,46.96
900,4468,10/04/2017,12/04/2017,0,404,412,1,0,462,33,45503.0,1,834,1,3,1631,8.904
901,3756,11/11/2018,13/11/2018,0,746,731,0,0,163,41,75043.0,0,957,1,10,1256,10.44
902,3756,11/11/2018,13/11/2018,0,746,731,0,0,163,41,75043.0,0,693,1,3,519,18.336
903,3396,15/09/2018,17/09/2018,0,190,202,0,0,80,11,60653.0,0,1843,2,13,174,323.976
904,2134,08/04/2017,12/04/2017,3,455,474,0,0,265,3,90032.0,3,1192,1,12,1708,20.04
905,2134,08/04/2017,12/04/2017,3,455,474,0,0,265,3,90032.0,3,1375,1,14,645,64.96
906,2134,08/04/2017,12/04/2017,3,455,474,0,0,265,3,90032.0,3,1014,1,12,1717,12.96
907,3604,30/12/2018,03/01/2019,3,603,589,0,0,327,30,10009.0,1,31,0,4,389,323.136
908,3604,30/12/2018,03/01/2019,3,603,589,0,0,327,30,10009.0,1,1849,2,13,730,90.93
909,3604,30/12/2018,03/01/2019,3,603,589,0,0,327,30,10009.0,1,784,1,3,1638,52.776
910,3500,02/09/2018,07/09/2018,3,75,88,2,0,215,20,49201.0,0,1725,2,13,1285,1199.8
911,3500,02/09/2018,07/09/2018,3,75,88,2,0,215,20,49201.0,0,1589,2,0,1061,1928.78
912,3500,02/09/2018,07/09/2018,3,75,88,2,0,215,20,49201.0,0,1402,1,14,642,352.38
913,1219,31/05/2016,07/06/2016,3,668,668,2,0,338,5,6360.0,1,203,0,9,21,22.2
914,2810,27/11/2018,29/11/2018,0,92,109,1,0,297,47,53209.0,0,290,0,9,877,46.94
915,2810,27/11/2018,29/11/2018,0,92,109,1,0,297,47,53209.0,0,1506,2,0,1073,143.73
916,4215,15/06/2015,21/06/2015,3,433,435,1,0,432,41,78207.0,0,327,0,16,977,99.918
917,4215,15/06/2015,21/06/2015,3,433,435,1,0,432,41,78207.0,0,104,0,5,740,797.944
918,4215,15/06/2015,21/06/2015,3,433,435,1,0,432,41,78207.0,0,744,1,3,263,8.568
919,2681,05/03/2017,11/03/2017,3,661,640,1,0,109,41,75220.0,0,846,1,7,395,149.352
920,2681,05/03/2017,11/03/2017,3,661,640,1,0,109,41,75220.0,0,1348,1,14,71,12.992
921,453,05/12/2015,12/12/2015,3,628,653,0,0,4,44,22304.0,2,1369,1,14,1332,24.56
922,924,11/04/2016,15/04/2016,3,683,672,0,0,327,30,10009.0,1,1531,2,0,1052,85.14
923,924,11/04/2016,15/04/2016,3,683,672,0,0,327,30,10009.0,1,1842,2,13,1221,21.99
924,924,11/04/2016,15/04/2016,3,683,672,0,0,327,30,10009.0,1,464,1,1,944,406.6
925,2429,15/09/2017,20/09/2017,3,28,4,1,0,327,30,10011.0,1,779,1,3,680,841.568
926,398,13/09/2015,16/09/2015,0,391,367,0,0,372,36,19143.0,1,1220,1,12,1775,15.552
927,398,13/09/2015,16/09/2015,0,391,367,0,0,372,36,19143.0,1,1578,2,0,888,252.0
928,980,05/10/2016,09/10/2016,3,374,382,2,0,462,44,22153.0,2,492,1,2,1130,46.2
929,980,05/10/2016,09/10/2016,3,374,382,2,0,462,44,22153.0,2,390,1,1,818,28.84
930,3644,14/04/2018,17/04/2018,0,8,10,0,0,483,33,43615.0,1,586,1,2,1840,14.592
931,3644,14/04/2018,17/04/2018,0,8,10,0,0,483,33,43615.0,1,519,1,2,1412,89.856
932,3644,14/04/2018,17/04/2018,0,8,10,0,0,483,33,43615.0,1,1286,1,12,1748,13.872
933,3032,02/09/2018,06/09/2018,3,646,618,0,0,372,36,19140.0,1,1156,1,12,1325,12.192
934,2276,20/06/2017,24/06/2017,3,142,134,2,0,372,36,19120.0,1,1122,1,12,1647,45.056
935,2276,20/06/2017,24/06/2017,3,142,134,2,0,372,36,19120.0,1,839,1,3,930,29.718
936,2276,20/06/2017,24/06/2017,3,142,134,2,0,372,36,19120.0,1,1135,1,12,1796,15.552
937,2276,20/06/2017,24/06/2017,3,142,134,2,0,372,36,19120.0,1,396,1,1,1416,447.696
938,4697,05/11/2018,06/11/2018,0,617,657,1,0,149,29,87401.0,3,1570,2,0,1105,159.99
939,1407,13/12/2016,17/12/2016,3,652,616,1,0,407,3,92503.0,3,1035,1,12,1808,12.96
940,1407,13/12/2016,17/12/2016,3,652,616,1,0,407,3,92503.0,3,441,1,1,629,134.48
941,1752,19/06/2017,20/06/2017,0,419,415,1,0,436,3,94110.0,3,1043,1,12,1079,17.12
942,2317,13/12/2017,20/12/2017,3,661,640,1,0,484,3,90503.0,3,711,1,3,72,6.096
943,2317,13/12/2017,20/12/2017,3,661,640,1,0,484,3,90503.0,3,319,0,16,366,1114.272
944,1048,29/05/2016,03/06/2016,3,388,388,0,0,450,45,98105.0,3,1252,1,12,1676,32.4
945,1048,29/05/2016,03/06/2016,3,388,388,0,0,450,45,98105.0,3,1343,1,14,1489,540.57
946,1048,29/05/2016,03/06/2016,3,388,388,0,0,450,45,98105.0,3,756,1,3,269,167.76
947,4360,26/07/2016,28/07/2016,0,124,183,0,0,291,1,85204.0,3,341,0,16,319,393.165
948,4689,28/11/2018,02/12/2018,3,627,651,2,0,372,36,19120.0,1,263,0,9,515,516.488
949,4689,28/11/2018,02/12/2018,3,627,651,2,0,372,36,19120.0,1,158,0,9,1035,1007.232
950,4689,28/11/2018,02/12/2018,3,627,651,2,0,372,36,19120.0,1,364,0,16,1348,2065.32
951,4689,28/11/2018,02/12/2018,3,627,651,2,0,372,36,19120.0,1,1072,1,12,1805,15.552
952,4689,28/11/2018,02/12/2018,3,627,651,2,0,372,36,19120.0,1,1171,1,12,1830,25.344
953,3370,03/04/2018,07/04/2018,3,429,422,0,0,372,36,19143.0,1,204,0,9,1496,25.472
954,3476,28/12/2018,01/01/2019,3,301,309,0,0,418,41,78664.0,0,539,1,2,1490,27.168
955,3476,28/12/2018,01/01/2019,3,301,309,0,0,418,41,78664.0,0,47,0,4,390,78.8528
956,3133,30/11/2018,04/12/2018,3,725,683,0,0,215,22,39212.0,2,1306,1,14,823,173.8
957,2809,15/05/2018,18/05/2018,2,339,396,0,0,373,1,85023.0,3,1794,2,13,993,29.592
958,2809,15/05/2018,18/05/2018,2,339,396,0,0,373,1,85023.0,3,823,1,3,239,4.752
959,2809,15/05/2018,18/05/2018,2,339,396,0,0,373,1,85023.0,3,1166,1,12,1590,15.552
960,954,22/09/2016,22/09/2016,1,218,193,0,0,341,3,92054.0,3,293,0,9,1034,204.6
961,3779,14/11/2018,19/11/2018,3,479,464,1,0,436,3,94110.0,3,99,0,5,758,321.568
962,1558,27/11/2016,01/12/2016,3,733,744,2,0,150,2,72701.0,2,643,1,3,1841,6.24
963,1989,01/09/2017,04/09/2017,0,183,185,1,0,436,3,94110.0,3,856,1,7,1614,21.88
964,330,22/09/2015,24/09/2015,2,536,489,0,0,42,8,33433.0,2,966,1,10,242,4.608
965,3455,09/04/2018,11/04/2018,0,109,119,2,0,327,30,10011.0,1,999,1,10,454,9.82
966,3455,09/04/2018,11/04/2018,0,109,119,2,0,327,30,10011.0,1,617,1,2,375,35.97
967,3455,09/04/2018,11/04/2018,0,109,119,2,0,327,30,10011.0,1,1274,1,12,1807,12.96
968,3455,09/04/2018,11/04/2018,0,109,119,2,0,327,30,10011.0,1,1094,1,12,463,191.6
969,3455,09/04/2018,11/04/2018,0,109,119,2,0,327,30,10011.0,1,966,1,10,242,8.64
970,3455,09/04/2018,11/04/2018,0,109,119,2,0,327,30,10011.0,1,1328,1,14,1200,501.81
971,193,16/01/2015,18/01/2015,2,219,219,0,0,372,36,19134.0,1,175,0,9,479,127.104
972,193,16/01/2015,18/01/2015,2,219,219,0,0,372,36,19134.0,1,1846,2,13,40,124.2
973,193,16/01/2015,18/01/2015,2,219,219,0,0,372,36,19134.0,1,698,1,3,692,18.588
974,193,16/01/2015,18/01/2015,2,219,219,0,0,372,36,19134.0,1,958,1,10,1357,30.072
975,4652,05/10/2018,08/10/2018,2,605,611,2,0,327,30,10011.0,1,1811,2,13,1098,160.93
976,4652,05/10/2018,08/10/2018,2,605,611,2,0,327,30,10011.0,1,824,1,3,1576,75.792
977,4637,09/07/2018,15/07/2018,3,746,731,0,0,387,35,97206.0,3,720,1,3,1628,1.08
978,3920,07/01/2018,10/01/2018,0,118,73,1,0,123,20,48205.0,0,1623,2,11,984,3059.982
979,2355,30/05/2017,31/05/2017,0,662,644,0,0,519,31,28403.0,2,669,1,3,147,3.282
980,1530,09/12/2016,12/12/2016,0,418,438,1,0,94,12,47201.0,0,1253,1,12,1660,34.02
981,2346,03/10/2017,08/10/2017,3,249,256,0,0,327,30,10035.0,1,101,0,5,1202,599.292
982,712,11/11/2015,14/11/2015,2,774,769,0,0,266,4,80027.0,3,473,1,2,275,3.392
983,712,11/11/2015,14/11/2015,2,774,769,0,0,266,4,80027.0,3,1697,2,13,1390,559.984
984,712,11/11/2015,14/11/2015,2,774,769,0,0,266,4,80027.0,3,59,0,5,735,603.92
985,2756,29/09/2018,05/10/2018,3,57,41,2,0,362,41,77506.0,0,965,1,10,207,7.968
986,2756,29/09/2018,05/10/2018,3,57,41,2,0,362,41,77506.0,0,847,1,7,4,27.968
987,2756,29/09/2018,05/10/2018,3,57,41,2,0,362,41,77506.0,0,1650,2,11,1607,336.51
988,1394,10/03/2016,10/03/2016,1,763,754,0,0,207,41,77041.0,0,802,1,3,81,1.112
989,4083,21/05/2018,26/05/2018,3,367,385,1,0,23,30,13021.0,1,288,0,9,1036,520.05
990,4083,21/05/2018,26/05/2018,3,367,385,1,0,23,30,13021.0,1,541,1,2,374,17.97
991,1475,29/03/2016,31/03/2016,2,698,675,2,0,216,8,32216.0,2,119,0,5,830,1166.92
992,1818,09/09/2017,11/09/2017,0,767,771,0,0,327,30,10024.0,1,674,1,3,407,14.624
993,1747,26/08/2017,27/08/2017,0,640,647,0,0,438,3,95123.0,3,928,1,8,126,10.23
994,1747,26/08/2017,27/08/2017,0,640,647,0,0,438,3,95123.0,3,1222,1,12,1768,154.9
995,216,21/05/2015,25/05/2015,3,547,547,1,0,498,44,23464.0,2,795,1,3,648,2715.93
996,216,21/05/2015,25/05/2015,3,547,547,1,0,498,44,23464.0,2,1727,2,13,1278,617.97
997,1583,28/10/2016,03/11/2016,3,631,637,0,0,194,15,42420.0,2,889,1,7,973,10.67
998,1583,28/10/2016,03/11/2016,3,631,637,0,0,194,15,42420.0,2,1408,1,14,1291,36.63
999,1583,28/10/2016,03/11/2016,3,631,637,0,0,194,15,42420.0,2,239,0,9,1038,24.1
1000,1583,28/10/2016,03/11/2016,3,631,637,0,0,194,15,42420.0,2,201,0,9,391,33.11
1001,2515,13/11/2017,17/11/2017,3,287,284,2,0,496,45,98661.0,3,564,1,2,352,44.02
1002,1097,31/07/2016,31/07/2016,1,642,631,0,0,327,30,10024.0,1,1546,2,0,1268,2309.65
1003,1097,31/07/2016,31/07/2016,1,642,631,0,0,327,30,10024.0,1,349,0,16,322,1090.782
1004,1097,31/07/2016,31/07/2016,1,642,631,0,0,327,30,10024.0,1,1274,1,12,1807,19.44
1005,1116,27/08/2016,31/08/2016,3,619,661,0,0,317,3,92563.0,3,1291,1,14,660,484.65
1006,925,13/11/2016,17/11/2016,3,380,380,0,0,216,31,28540.0,2,1126,1,12,1694,115.296
1007,852,06/11/2016,09/11/2016,0,542,519,0,0,449,1,85254.0,3,871,1,7,1339,7.08
1008,852,06/11/2016,09/11/2016,0,542,519,0,0,449,1,85254.0,3,722,1,3,1587,4.401
1009,4670,26/12/2018,01/01/2019,3,602,588,0,0,60,13,52601.0,0,1106,1,12,1330,44.75
1010,3450,01/08/2018,03/08/2018,0,59,48,0,0,80,11,60653.0,0,1822,2,13,929,95.984
1011,673,24/11/2015,26/11/2015,0,778,783,0,0,435,3,92037.0,3,190,0,9,560,151.72
1012,3116,17/06/2018,21/06/2018,2,589,609,0,0,345,45,98502.0,3,310,0,9,880,155.25
1013,3116,17/06/2018,21/06/2018,2,589,609,0,0,345,45,98502.0,3,1400,1,14,1311,14.03
1014,4327,21/12/2016,24/12/2016,2,407,390,0,0,450,45,98103.0,3,358,0,16,317,1618.37
1015,4327,21/12/2016,24/12/2016,2,407,390,0,0,450,45,98103.0,3,1553,2,0,598,99.6
1016,1211,17/09/2016,19/09/2016,2,530,518,2,0,265,3,90036.0,3,1251,1,12,1811,32.4
1017,884,06/07/2016,10/07/2016,3,435,413,1,0,327,30,10011.0,1,215,0,9,675,13.96
1018,884,06/07/2016,10/07/2016,3,435,413,1,0,327,30,10011.0,1,170,0,9,874,155.82
1019,884,06/07/2016,10/07/2016,3,435,413,1,0,327,30,10011.0,1,1834,2,13,1220,124.95
1020,884,06/07/2016,10/07/2016,3,435,413,1,0,327,30,10011.0,1,1347,1,14,904,601.65
1021,1092,27/04/2016,03/05/2016,3,311,312,0,0,503,7,20016.0,1,507,1,2,1499,22.74
1022,1092,27/04/2016,03/05/2016,3,311,312,0,0,503,7,20016.0,1,53,0,5,738,1267.53
1023,1092,27/04/2016,03/05/2016,3,311,312,0,0,503,7,20016.0,1,1669,2,11,441,1379.92
1024,1637,16/06/2016,20/06/2016,3,584,608,0,0,372,36,19134.0,1,880,1,7,1247,6.208
1025,2904,17/12/2018,20/12/2018,0,331,316,2,0,265,3,90045.0,3,652,1,3,694,11.808
1026,2071,11/01/2017,13/01/2017,2,202,215,2,0,462,33,45503.0,1,1086,1,12,1791,15.552
1027,2071,11/01/2017,13/01/2017,2,202,215,2,0,462,33,45503.0,1,1225,1,12,1721,63.312
1028,2071,11/01/2017,13/01/2017,2,202,215,2,0,462,33,45503.0,1,1682,2,13,478,15.588
1029,715,11/07/2015,15/07/2015,3,447,450,1,0,184,28,7601.0,1,1048,1,12,537,177.2
1030,715,11/07/2015,15/07/2015,3,447,450,1,0,184,28,7601.0,1,1821,2,13,440,197.97
1031,715,11/07/2015,15/07/2015,3,447,450,1,0,184,28,7601.0,1,104,0,5,740,854.94
1032,715,11/07/2015,15/07/2015,3,447,450,1,0,184,28,7601.0,1,159,0,9,31,124.11
1033,715,11/07/2015,15/07/2015,3,447,450,1,0,184,28,7601.0,1,960,1,10,224,14.4
1034,1811,20/11/2017,22/11/2017,0,21,25,0,0,83,33,45231.0,1,1079,1,12,1469,15.696
1035,1811,20/11/2017,22/11/2017,0,21,25,0,0,83,33,45231.0,1,774,1,3,49,2.628
1036,1811,20/11/2017,22/11/2017,0,21,25,0,0,83,33,45231.0,1,655,1,3,265,14.427
1037,1864,22/04/2017,26/04/2017,3,266,247,2,0,218,23,65109.0,0,280,0,9,553,86.62
1038,1128,13/06/2016,14/06/2016,0,373,361,0,0,265,3,90004.0,3,786,1,3,136,36.624
1039,3183,20/11/2018,21/11/2018,0,368,360,0,0,60,31,27217.0,2,476,1,2,1143,23.968
1040,3183,20/11/2018,21/11/2018,0,368,360,0,0,60,31,27217.0,2,630,1,2,1499,28.728
1041,2088,20/03/2017,24/03/2017,3,632,642,2,0,426,23,63376.0,0,325,0,16,428,697.16
1042,1714,06/09/2017,09/09/2017,2,529,498,0,0,327,30,10035.0,1,1591,2,0,1051,31.86
1043,1714,06/09/2017,09/09/2017,2,529,498,0,0,327,30,10035.0,1,13,0,4,169,722.352
1044,3052,09/07/2018,12/07/2018,0,576,574,1,0,80,11,60610.0,0,505,1,2,1317,8.84
1045,3052,09/07/2018,12/07/2018,0,576,574,1,0,80,11,60610.0,0,377,1,1,307,58.464
1046,3792,12/10/2018,16/10/2018,3,704,712,2,0,411,11,61107.0,0,85,0,5,765,254.604
1047,2735,08/03/2017,13/03/2017,3,791,791,0,0,293,8,33142.0,2,1727,2,13,445,1363.96
1048,2735,08/03/2017,13/03/2017,3,791,791,0,0,293,8,33142.0,2,283,0,9,511,102.36
1049,465,27/05/2015,01/06/2015,2,451,457,0,0,436,3,94109.0,3,1695,2,13,1272,1113.504
1050,465,27/05/2015,01/06/2015,2,451,457,0,0,436,3,94109.0,3,1502,2,0,1017,99.99
1051,4384,03/07/2016,05/07/2016,0,204,218,1,0,372,36,19134.0,1,149,0,9,555,168.464
1052,4384,03/07/2016,05/07/2016,0,204,218,1,0,372,36,19134.0,1,1098,1,12,920,6.72
1053,4384,03/07/2016,05/07/2016,0,204,218,1,0,372,36,19134.0,1,299,0,9,875,282.888
1054,911,04/04/2016,08/04/2016,3,562,571,2,0,327,30,10009.0,1,493,1,2,496,11.16
1055,911,04/04/2016,08/04/2016,3,562,571,2,0,327,30,10009.0,1,303,0,9,554,108.4
1056,911,04/04/2016,08/04/2016,3,562,571,2,0,327,30,10009.0,1,745,1,3,700,82.344
1057,911,04/04/2016,08/04/2016,3,562,571,2,0,327,30,10009.0,1,777,1,3,267,9.088
1058,4070,10/12/2018,17/12/2018,3,101,78,1,0,435,3,92037.0,3,678,1,3,256,19.936
1059,4070,10/12/2018,17/12/2018,3,101,78,1,0,435,3,92037.0,3,699,1,3,1637,65.568
1060,1741,24/11/2017,01/12/2017,3,502,508,2,0,372,36,19143.0,1,918,1,8,1508,4.416
1061,4326,23/03/2016,29/03/2016,3,351,402,0,0,207,41,77095.0,0,105,0,5,746,107.772
1062,1569,16/04/2016,21/04/2016,3,761,742,1,0,483,33,43615.0,1,422,1,1,305,45.216
1063,1569,16/04/2016,21/04/2016,3,761,742,1,0,483,33,43615.0,1,940,1,8,1518,10.416
1064,1569,16/04/2016,21/04/2016,3,761,742,1,0,483,33,43615.0,1,629,1,2,474,7.872
1065,1569,16/04/2016,21/04/2016,3,761,742,1,0,483,33,43615.0,1,1755,2,13,1264,118.782
1066,1569,16/04/2016,21/04/2016,3,761,742,1,0,483,33,43615.0,1,931,1,8,161,1.448
1067,1569,16/04/2016,21/04/2016,3,761,742,1,0,483,33,43615.0,1,818,1,3,718,55.47
1068,2545,01/10/2017,02/10/2017,0,71,107,0,0,436,3,94122.0,3,65,0,5,769,194.848
1069,4814,28/09/2018,30/09/2018,2,157,142,0,0,54,41,78521.0,0,1433,1,15,1495,1.744
1070,4377,25/07/2016,29/07/2016,3,627,651,2,0,372,36,19143.0,1,694,1,3,698,25.176
1071,1366,20/11/2016,26/11/2016,3,703,702,2,0,265,3,90008.0,3,594,1,2,1140,19.46
1072,2474,28/04/2017,02/05/2017,3,260,265,2,0,120,4,80219.0,3,1144,1,12,1662,29.472
1073,2903,14/11/2018,19/11/2018,3,289,285,0,0,327,30,10035.0,1,782,1,3,23,8.64
1074,2192,12/11/2017,19/11/2017,3,538,512,0,0,291,1,85204.0,3,791,1,3,240,6.27
1075,2192,12/11/2017,19/11/2017,3,538,512,0,0,291,1,85204.0,3,843,1,3,1356,4.368
1076,2192,12/11/2017,19/11/2017,3,538,512,0,0,291,1,85204.0,3,1560,2,0,1084,31.984
1077,2619,29/09/2017,30/09/2017,0,128,138,2,0,94,12,47201.0,0,478,1,2,1134,40.88
1078,3399,23/09/2018,25/09/2018,2,241,234,0,0,450,45,98105.0,3,417,1,1,299,119.96
1079,3399,23/09/2018,25/09/2018,2,241,234,0,0,450,45,98105.0,3,1335,1,14,1504,31.44
1080,3399,23/09/2018,25/09/2018,2,241,234,0,0,450,45,98105.0,3,654,1,3,264,6.88
1081,902,29/11/2016,04/12/2016,3,111,92,1,0,123,20,48227.0,0,1042,1,12,537,19.92
1082,902,29/11/2016,04/12/2016,3,111,92,1,0,123,20,48227.0,0,97,0,5,753,1106.91
1083,4548,01/03/2017,05/03/2017,3,422,416,0,0,525,30,10701.0,1,325,0,16,428,836.592
1084,4548,01/03/2017,05/03/2017,3,422,416,0,0,525,30,10701.0,1,1203,1,12,537,26.38
1085,4548,01/03/2017,05/03/2017,3,422,416,0,0,525,30,10701.0,1,1384,1,14,112,362.92
1086,4548,01/03/2017,05/03/2017,3,422,416,0,0,525,30,10701.0,1,1665,2,11,165,4899.93
1087,2714,12/08/2017,12/08/2017,1,450,456,0,0,121,13,50315.0,0,1015,1,12,1820,6.48
1088,2693,15/08/2017,20/08/2017,2,185,181,1,0,340,3,94601.0,3,1853,2,13,1163,71.976
1089,2693,15/08/2017,20/08/2017,2,185,181,1,0,340,3,94601.0,3,953,1,10,195,3.15
1090,3901,04/06/2018,10/06/2018,3,479,464,1,0,306,31,28110.0,2,205,0,9,1530,31.984
1091,3901,04/06/2018,10/06/2018,3,479,464,1,0,306,31,28110.0,2,1742,2,13,922,71.984
1092,1350,06/12/2016,13/12/2016,3,570,553,0,0,435,3,92105.0,3,563,1,2,1491,120.15
1093,1350,06/12/2016,13/12/2016,3,570,553,0,0,435,3,92105.0,3,1699,2,13,37,219.184
1094,1618,27/12/2016,31/12/2016,3,113,98,2,0,88,18,20735.0,1,1063,1,12,1738,28.9
1095,1618,27/12/2016,31/12/2016,3,113,98,2,0,88,18,20735.0,1,428,1,1,949,355.96
1096,3938,21/01/2018,26/01/2018,3,610,601,2,0,74,31,28205.0,2,1410,1,14,644,348.208
1097,3938,21/01/2018,26/01/2018,3,610,601,2,0,74,31,28205.0,2,800,1,3,706,35.784
1098,678,25/06/2015,28/06/2015,0,576,574,1,0,265,3,90049.0,3,362,0,16,829,447.84
1099,1775,14/06/2017,17/06/2017,0,612,597,2,0,436,3,94122.0,3,521,1,2,1132,7.04
1100,1775,14/06/2017,17/06/2017,0,612,597,2,0,436,3,94122.0,3,143,0,9,728,8.73
1101,1775,14/06/2017,17/06/2017,0,612,597,2,0,436,3,94122.0,3,1483,2,0,994,29.29
1102,1775,14/06/2017,17/06/2017,0,612,597,2,0,436,3,94122.0,3,547,1,2,1154,8.64
1103,4833,21/04/2018,27/04/2018,3,653,624,0,0,207,41,77041.0,0,807,1,3,259,2.694
1104,4833,21/04/2018,27/04/2018,3,653,624,0,0,207,41,77041.0,0,722,1,3,1587,2.934
1105,1853,21/10/2017,27/10/2017,3,569,566,0,0,407,3,92503.0,3,1137,1,12,1343,22.92
1106,4452,19/11/2017,24/11/2017,3,258,261,0,0,207,41,77041.0,0,1310,1,14,1552,100.704
1107,4452,19/11/2017,24/11/2017,3,258,261,0,0,207,41,77041.0,0,143,0,9,728,2.328
1108,4452,19/11/2017,24/11/2017,3,258,261,0,0,207,41,77041.0,0,783,1,3,709,10.78
1109,4452,19/11/2017,24/11/2017,3,258,261,0,0,207,41,77041.0,0,936,1,8,1498,58.368
1110,4452,19/11/2017,24/11/2017,3,258,261,0,0,207,41,77041.0,0,887,1,7,1333,40.968
1111,4452,19/11/2017,24/11/2017,3,258,261,0,0,207,41,77041.0,0,1813,2,13,1847,71.96
1112,4452,19/11/2017,24/11/2017,3,258,261,0,0,207,41,77041.0,0,1279,1,12,1688,10.368
1113,4452,19/11/2017,24/11/2017,3,258,261,0,0,207,41,77041.0,0,743,1,3,255,1.192
1114,3548,18/12/2018,23/12/2018,2,618,659,0,0,141,3,92024.0,3,772,1,3,330,46.672
1115,3548,18/12/2018,23/12/2018,2,618,659,0,0,141,3,92024.0,3,17,0,4,385,119.833
1116,3548,18/12/2018,23/12/2018,2,618,659,0,0,141,3,92024.0,3,1563,2,0,1021,119.98
1117,2344,22/07/2017,24/07/2017,2,221,231,1,0,436,3,94110.0,3,995,1,10,1434,6.3
1118,1339,04/09/2016,08/09/2016,3,176,155,0,0,417,9,30076.0,2,1144,1,12,1691,279.9
1119,1339,04/09/2016,08/09/2016,3,176,155,0,0,417,9,30076.0,2,1516,2,0,998,619.95
1120,1339,04/09/2016,08/09/2016,3,176,155,0,0,417,9,30076.0,2,1022,1,12,141,4.36
1121,1339,04/09/2016,08/09/2016,3,176,155,0,0,417,9,30076.0,2,895,1,7,1430,15.28
1122,4224,20/01/2015,26/01/2015,3,327,334,0,0,220,2,72401.0,2,1710,2,13,156,699.93
1123,4224,20/01/2015,26/01/2015,3,327,334,0,0,220,2,72401.0,2,551,1,2,1160,22.96
1124,4224,20/01/2015,26/01/2015,3,327,334,0,0,220,2,72401.0,2,250,0,9,564,38.6
1125,4224,20/01/2015,26/01/2015,3,327,334,0,0,220,2,72401.0,2,599,1,2,1133,6.63
1126,4224,20/01/2015,26/01/2015,3,327,334,0,0,220,2,72401.0,2,863,1,7,1492,23.34
1127,4224,20/01/2015,26/01/2015,3,327,334,0,0,220,2,72401.0,2,88,0,5,832,1067.94
1128,863,02/03/2016,07/03/2016,3,581,602,2,0,405,12,47374.0,0,569,1,2,29,10.16
1129,863,02/03/2016,07/03/2016,3,581,602,2,0,405,12,47374.0,0,861,1,7,373,101.88
1130,1848,12/04/2017,16/04/2017,3,70,106,0,0,462,44,22153.0,2,361,0,16,941,343.92
1131,1848,12/04/2017,16/04/2017,3,70,106,0,0,462,44,22153.0,2,1020,1,12,1732,40.99
1132,1848,12/04/2017,16/04/2017,3,70,106,0,0,462,44,22153.0,2,868,1,7,772,63.9
1133,4469,06/12/2017,07/12/2017,0,297,308,1,0,12,3,94509.0,3,1251,1,12,1811,19.44
1134,4525,05/06/2017,09/06/2017,3,408,394,2,0,372,36,19134.0,1,1393,1,14,556,124.608
1135,4525,05/06/2017,09/06/2017,3,408,394,2,0,372,36,19134.0,1,956,1,10,212,7.56
1136,4565,11/12/2017,11/12/2017,1,469,459,0,0,204,8,33030.0,2,1341,1,14,1503,85.224
1137,2458,12/11/2017,15/11/2017,2,283,283,1,0,231,12,46350.0,0,873,1,7,1579,287.52
1138,2458,12/11/2017,15/11/2017,2,283,283,1,0,231,12,46350.0,0,422,1,1,305,37.68
1139,2458,12/11/2017,15/11/2017,2,283,283,1,0,231,12,46350.0,0,1124,1,12,1678,19.98
1140,2458,12/11/2017,15/11/2017,2,283,283,1,0,231,12,46350.0,0,578,1,2,1139,20.58
1141,2458,12/11/2017,15/11/2017,2,283,283,1,0,231,12,46350.0,0,724,1,3,414,17.38
1142,550,29/09/2015,03/10/2015,3,44,60,0,0,265,3,90045.0,3,293,0,9,1034,204.6
1143,550,29/09/2015,03/10/2015,3,44,60,0,0,265,3,90045.0,3,917,1,8,1509,8.72
1144,550,29/09/2015,03/10/2015,3,44,60,0,0,265,3,90045.0,3,1151,1,12,1819,6.48
1145,550,29/09/2015,03/10/2015,3,44,60,0,0,265,3,90045.0,3,1670,2,11,1501,686.32
1146,550,29/09/2015,03/10/2015,3,44,60,0,0,265,3,90045.0,3,1410,1,14,644,62.18
1147,951,04/04/2016,04/04/2016,1,554,554,0,0,242,20,48911.0,0,453,1,1,868,644.076
1148,951,04/04/2016,04/04/2016,1,554,554,0,0,242,20,48911.0,0,910,1,8,1498,5.84
1149,951,04/04/2016,04/04/2016,1,554,554,0,0,242,20,48911.0,0,770,1,3,60,12.76
1150,951,04/04/2016,04/04/2016,1,554,554,0,0,242,20,48911.0,0,1688,2,13,1446,10.95
1151,951,04/04/2016,04/04/2016,1,554,554,0,0,242,20,48911.0,0,1612,2,6,371,599.98
1152,971,08/05/2016,14/05/2016,3,127,167,1,0,108,33,44221.0,1,196,0,9,585,8.352
1153,2597,31/12/2017,06/01/2018,3,433,435,1,0,401,26,89502.0,3,596,1,2,473,3.64
1154,2597,31/12/2017,06/01/2018,3,433,435,1,0,401,26,89502.0,3,799,1,3,991,159.768
1155,436,20/12/2015,21/12/2015,0,610,601,2,0,190,44,22801.0,2,1409,1,14,1364,122.48
1156,436,20/12/2015,21/12/2015,0,610,601,2,0,190,44,22801.0,2,337,0,16,423,2244.48
1157,436,20/12/2015,21/12/2015,0,610,601,2,0,190,44,22801.0,2,798,1,3,1624,62.31
1158,436,20/12/2015,21/12/2015,0,610,601,2,0,190,44,22801.0,2,320,0,16,852,455.1
1159,2417,02/07/2017,07/07/2017,2,294,300,1,0,265,3,90004.0,3,84,0,5,837,195.184
1160,3685,29/06/2018,04/07/2018,3,0,20,0,0,298,21,55407.0,0,387,1,1,292,362.94
1161,3685,29/06/2018,04/07/2018,3,0,20,0,0,298,21,55407.0,0,832,1,3,235,11.54
1162,316,01/09/2015,05/09/2015,2,476,449,0,0,143,3,92025.0,3,610,1,2,279,53.94
1163,339,03/03/2015,08/03/2015,3,43,47,2,0,327,30,10035.0,1,1848,2,13,1294,9.99
1164,339,03/03/2015,08/03/2015,3,43,47,2,0,327,30,10035.0,1,829,1,3,897,125.76
1165,339,03/03/2015,08/03/2015,3,43,47,2,0,327,30,10035.0,1,773,1,3,408,25.32
1166,217,04/05/2015,08/05/2015,3,599,594,0,0,215,20,49201.0,0,689,1,3,637,46.8
1167,1106,02/11/2016,02/11/2016,1,420,434,0,0,450,45,98115.0,3,1499,2,0,1006,447.93
1168,3649,08/12/2018,10/12/2018,2,219,219,0,0,327,30,10035.0,1,314,0,9,392,109.48
1169,3649,08/12/2018,10/12/2018,2,219,219,0,0,327,30,10035.0,1,1405,1,14,1381,272.94
1170,3649,08/12/2018,10/12/2018,2,219,219,0,0,327,30,10035.0,1,1206,1,12,1787,19.44
1171,3649,08/12/2018,10/12/2018,2,219,219,0,0,327,30,10035.0,1,1366,1,14,927,31.92
1172,4123,10/03/2015,14/03/2015,3,725,683,0,0,419,20,48073.0,0,1163,1,12,732,22.38
1173,665,21/04/2015,25/04/2015,3,1,24,0,0,265,3,90008.0,3,759,1,3,33,16.52
1174,4289,22/10/2016,26/10/2016,3,477,472,0,0,41,11,61701.0,0,649,1,3,690,5.176
1175,1195,22/08/2016,25/08/2016,0,230,205,1,0,327,30,10035.0,1,785,1,3,177,50.112
1176,2610,29/08/2017,03/09/2017,3,5,3,2,0,96,27,3301.0,1,1421,1,15,89,27.93
1177,234,27/12/2015,30/12/2015,2,58,28,2,0,265,3,90004.0,3,1005,1,10,1497,11.56
1178,1879,01/12/2017,05/12/2017,3,356,381,0,0,412,18,20852.0,1,68,0,5,798,172.5
1179,1879,01/12/2017,05/12/2017,3,356,381,0,0,412,18,20852.0,1,1822,2,13,929,179.97
1180,2721,24/04/2017,27/04/2017,2,121,135,2,0,207,41,77070.0,0,1552,2,0,1274,258.696
1181,342,21/06/2015,25/06/2015,3,190,202,0,0,240,28,8701.0,1,1844,2,13,1656,1322.93
1182,342,21/06/2015,25/06/2015,3,190,202,0,0,240,28,8701.0,1,534,1,2,1192,3.76
1183,3516,14/01/2018,15/01/2018,0,624,636,0,0,216,31,28540.0,2,869,1,7,1580,21.744
1184,3516,14/01/2018,15/01/2018,0,624,636,0,0,216,31,28540.0,2,1816,2,13,1415,7.92
1185,323,24/11/2015,30/11/2015,3,332,320,1,0,450,45,98103.0,3,833,1,3,1249,12.096
1186,323,24/11/2015,30/11/2015,3,332,320,1,0,450,45,98103.0,3,1365,1,14,416,485.88
1187,323,24/11/2015,30/11/2015,3,332,320,1,0,450,45,98103.0,3,1127,1,12,1816,25.92
1188,323,24/11/2015,30/11/2015,3,332,320,1,0,450,45,98103.0,3,1290,1,14,1329,197.58
1189,3082,26/02/2018,28/02/2018,2,114,101,2,0,265,3,90036.0,3,465,1,1,945,81.92
1190,3082,26/02/2018,28/02/2018,2,114,101,2,0,265,3,90036.0,3,1840,2,13,1569,889.536
1191,3082,26/02/2018,28/02/2018,2,114,101,2,0,265,3,90036.0,3,116,0,5,784,892.224
1192,3082,26/02/2018,28/02/2018,2,114,101,2,0,265,3,90036.0,3,1144,1,12,1691,223.92
1193,3082,26/02/2018,28/02/2018,2,114,101,2,0,265,3,90036.0,3,1067,1,12,1709,23.12
1194,4338,15/09/2016,15/09/2016,1,563,555,1,0,102,8,33065.0,2,1139,1,12,1804,15.552
1195,4338,15/09/2016,15/09/2016,1,563,555,1,0,102,8,33065.0,2,218,0,9,1586,15.712
1196,4338,15/09/2016,15/09/2016,1,563,555,1,0,102,8,33065.0,2,1334,1,14,508,24.672
1197,4338,15/09/2016,15/09/2016,1,563,555,1,0,102,8,33065.0,2,256,0,9,1531,55.968
1198,2142,08/04/2017,12/04/2017,3,791,791,0,0,207,41,77041.0,0,1511,2,0,953,431.928
1199,2142,08/04/2017,12/04/2017,3,791,791,0,0,207,41,77041.0,0,125,0,5,737,95.984
1200,2142,08/04/2017,12/04/2017,3,791,791,0,0,207,41,77041.0,0,845,1,3,682,1088.792
1201,1897,18/07/2017,24/07/2017,3,471,461,1,0,120,4,80219.0,3,89,0,5,842,544.008
1202,1897,18/07/2017,24/07/2017,3,471,461,1,0,120,4,80219.0,3,843,1,3,1356,1.872
1203,1897,18/07/2017,24/07/2017,3,471,461,1,0,120,4,80219.0,3,88,0,5,832,854.352
1204,1897,18/07/2017,24/07/2017,3,471,461,1,0,120,4,80219.0,3,1363,1,14,1425,593.568
1205,1897,18/07/2017,24/07/2017,3,471,461,1,0,120,4,80219.0,3,1314,1,14,658,338.04
1206,3414,01/08/2018,04/08/2018,0,460,448,0,0,74,31,28205.0,2,1782,2,13,1169,271.96
1207,2230,14/07/2017,18/07/2017,2,728,715,1,0,327,30,10009.0,1,1413,1,14,1261,11.21
1208,2230,14/07/2017,18/07/2017,2,728,715,1,0,327,30,10009.0,1,728,1,3,64,9.144
1209,2230,14/07/2017,18/07/2017,2,728,715,1,0,327,30,10009.0,1,929,1,8,907,14.07
1210,2230,14/07/2017,18/07/2017,2,728,715,1,0,327,30,10009.0,1,635,1,2,1120,41.86
1211,2230,14/07/2017,18/07/2017,2,728,715,1,0,327,30,10009.0,1,673,1,3,1306,8.544
1212,2230,14/07/2017,18/07/2017,2,728,715,1,0,327,30,10009.0,1,46,0,4,1179,579.136
1213,4724,09/09/2018,13/09/2018,3,707,706,1,0,372,36,19134.0,1,131,0,5,761,141.372
1214,4724,09/09/2018,13/09/2018,3,707,706,1,0,372,36,19134.0,1,738,1,3,1639,3.036
1215,4724,09/09/2018,13/09/2018,3,707,706,1,0,372,36,19134.0,1,639,1,3,699,4.503
1216,4724,09/09/2018,13/09/2018,3,707,706,1,0,372,36,19134.0,1,588,1,2,1318,4.672
1217,4724,09/09/2018,13/09/2018,3,707,706,1,0,372,36,19134.0,1,1581,2,0,1088,95.88
1218,4724,09/09/2018,13/09/2018,3,707,706,1,0,372,36,19134.0,1,198,0,9,568,17.024
1219,4724,09/09/2018,13/09/2018,3,707,706,1,0,372,36,19134.0,1,1552,2,0,1274,258.696
1220,4724,09/09/2018,13/09/2018,3,707,706,1,0,372,36,19134.0,1,1758,2,13,1388,1931.958
1221,134,12/07/2015,16/07/2015,3,82,77,2,0,265,3,90036.0,3,1294,1,14,659,249.75
1222,134,12/07/2015,16/07/2015,3,82,77,2,0,265,3,90036.0,3,1692,2,13,727,255.936
1223,2065,04/12/2017,05/12/2017,0,90,75,0,0,327,30,10024.0,1,190,0,9,560,113.79
1224,2065,04/12/2017,05/12/2017,0,90,75,0,0,327,30,10024.0,1,1494,2,0,599,78.15
1225,2065,04/12/2017,05/12/2017,0,90,75,0,0,327,30,10024.0,1,833,1,3,1249,1.728
1226,2065,04/12/2017,05/12/2017,0,90,75,0,0,327,30,10024.0,1,1118,1,12,537,40.56
1227,2065,04/12/2017,05/12/2017,0,90,75,0,0,327,30,10024.0,1,1339,1,14,418,182.94
1228,2065,04/12/2017,05/12/2017,0,90,75,0,0,327,30,10024.0,1,1313,1,14,641,193.86
1229,2748,06/11/2018,11/11/2018,3,791,791,0,0,265,3,90045.0,3,855,1,7,5,15.28
1230,2748,06/11/2018,11/11/2018,3,791,791,0,0,265,3,90045.0,3,181,0,9,506,8.73
1231,2748,06/11/2018,11/11/2018,3,791,791,0,0,265,3,90045.0,3,501,1,2,1371,5.68
1232,1204,31/10/2016,02/11/2016,2,444,430,0,0,56,30,14215.0,1,480,1,2,521,2.78
1233,1204,31/10/2016,02/11/2016,2,444,430,0,0,56,30,14215.0,1,878,1,7,345,79.96
1234,2487,30/05/2017,01/06/2017,0,86,112,1,0,83,33,45231.0,1,1602,2,6,398,839.988
1235,2335,28/10/2017,28/10/2017,1,591,586,0,0,47,8,33437.0,2,139,0,9,15,47.952
1236,2335,28/10/2017,28/10/2017,1,591,586,0,0,47,8,33437.0,2,790,1,3,972,37.425
1237,2335,28/10/2017,28/10/2017,1,591,586,0,0,47,8,33437.0,2,252,0,9,583,63.968
1238,2335,28/10/2017,28/10/2017,1,591,586,0,0,47,8,33437.0,2,261,0,9,879,165.048
1239,322,11/08/2015,15/08/2015,3,306,310,0,0,450,45,98105.0,3,266,0,9,577,12.35
1240,322,11/08/2015,15/08/2015,3,306,310,0,0,450,45,98105.0,3,604,1,2,1405,40.97
1241,322,11/08/2015,15/08/2015,3,306,310,0,0,450,45,98105.0,3,941,1,8,1600,22.96
1242,2103,29/08/2017,04/09/2017,3,530,518,2,0,327,30,10024.0,1,1807,2,13,1395,22.0
1243,4615,15/02/2017,22/02/2017,3,591,586,0,0,327,30,10009.0,1,826,1,3,681,398.352
1244,4615,15/02/2017,22/02/2017,3,591,586,0,0,327,30,10009.0,1,904,1,8,122,8.72
1245,3423,14/05/2018,21/05/2018,3,264,275,0,0,183,22,39503.0,2,899,1,7,627,48.69
1246,772,12/12/2015,14/12/2015,2,573,578,0,0,159,3,93727.0,3,372,0,16,848,764.688
1247,772,12/12/2015,14/12/2015,2,573,578,0,0,159,3,93727.0,3,355,0,16,368,3610.848
1248,772,12/12/2015,14/12/2015,2,573,578,0,0,159,3,93727.0,3,44,0,4,316,254.9745
1249,3051,18/12/2018,24/12/2018,3,209,240,0,0,327,30,10009.0,1,549,1,2,1499,38.82
1250,3051,18/12/2018,24/12/2018,3,209,240,0,0,327,30,10009.0,1,72,0,5,1201,1141.938
1251,3051,18/12/2018,24/12/2018,3,209,240,0,0,327,30,10009.0,1,393,1,1,948,1704.56
1252,3051,18/12/2018,24/12/2018,3,209,240,0,0,327,30,10009.0,1,485,1,2,1411,3.2
1253,1497,04/07/2016,09/07/2016,3,338,336,0,0,297,47,53209.0,0,1833,2,13,1092,1099.96
1254,3634,10/03/2018,14/03/2018,3,515,539,2,0,78,36,19013.0,1,605,1,2,1144,5.248
1255,3634,10/03/2018,14/03/2018,3,515,539,2,0,78,36,19013.0,1,1683,2,13,442,35.91
1256,3634,10/03/2018,14/03/2018,3,515,539,2,0,78,36,19013.0,1,268,0,9,1609,6.696
1257,3634,10/03/2018,14/03/2018,3,515,539,2,0,78,36,19013.0,1,260,0,9,883,43.872
1258,4633,24/12/2017,28/12/2017,2,627,651,2,0,74,31,28205.0,2,698,1,3,692,27.882
1259,4633,24/12/2017,28/12/2017,2,627,651,2,0,74,31,28205.0,2,1399,1,14,1550,540.048
1260,4633,24/12/2017,28/12/2017,2,627,651,2,0,74,31,28205.0,2,1581,2,0,1088,255.68
1261,3077,23/10/2018,27/10/2018,3,403,378,0,0,216,8,32216.0,2,1845,2,13,1644,863.88
1262,4552,28/10/2017,04/11/2017,3,702,728,1,0,179,31,27834.0,2,815,1,3,1835,17.616
1263,2865,07/07/2018,09/07/2018,2,176,155,0,0,261,30,11561.0,1,702,1,3,1623,17.472
1264,2524,01/10/2017,02/10/2017,0,130,146,0,0,231,12,46350.0,0,1687,2,13,1270,69.9
1265,2524,01/10/2017,02/10/2017,0,130,146,0,0,231,12,46350.0,0,268,0,9,1609,41.85
1266,2969,02/09/2018,07/09/2018,3,590,613,0,0,436,3,94122.0,3,484,1,2,1251,6.57
1267,4277,24/12/2015,29/12/2015,3,347,405,1,0,265,3,90045.0,3,1387,1,14,978,142.86
1268,4277,24/12/2015,29/12/2015,3,347,405,1,0,265,3,90045.0,3,65,0,5,769,292.272
1269,3169,23/09/2018,27/09/2018,3,86,112,1,0,266,4,80027.0,3,146,0,9,135,29.328
1270,2761,04/06/2018,08/06/2018,3,199,188,0,0,151,0,35630.0,2,1189,1,12,143,12.48
1271,4435,21/04/2017,26/04/2017,3,706,701,1,0,80,11,60623.0,0,1304,1,14,634,102.336
1272,4435,21/04/2017,26/04/2017,3,706,701,1,0,80,11,60623.0,0,464,1,1,944,48.792
1273,4435,21/04/2017,26/04/2017,3,706,701,1,0,80,11,60623.0,0,753,1,3,1253,44.848
1274,1968,26/05/2017,26/05/2017,1,538,512,0,0,154,41,76106.0,0,1274,1,12,1807,10.368
1275,1968,26/05/2017,26/05/2017,1,538,512,0,0,154,41,76106.0,0,78,0,5,1212,388.43
1276,1968,26/05/2017,26/05/2017,1,538,512,0,0,154,41,76106.0,0,1246,1,12,1588,14.352
1277,1968,26/05/2017,26/05/2017,1,538,512,0,0,154,41,76106.0,0,1472,2,0,997,63.992
1278,2406,02/05/2017,07/05/2017,3,74,117,0,0,207,41,77070.0,0,608,1,2,1230,86.352
1279,710,08/09/2015,11/09/2015,0,419,415,1,0,270,9,31204.0,2,1576,2,0,1067,32.97
1280,710,08/09/2015,11/09/2015,0,419,415,1,0,270,9,31204.0,2,1457,2,0,1055,83.88
1281,2605,05/09/2017,06/09/2017,0,759,753,0,0,70,13,52402.0,0,1809,2,13,731,278.4
1282,3195,09/04/2018,11/04/2018,0,663,720,0,0,216,8,32216.0,2,944,1,10,186,15.12
1283,3195,09/04/2018,11/04/2018,0,663,720,0,0,216,8,32216.0,2,721,1,3,233,17.43
1284,3195,09/04/2018,11/04/2018,0,663,720,0,0,216,8,32216.0,2,1080,1,12,1699,251.64
1285,4376,06/12/2016,12/12/2016,3,445,427,0,0,25,41,78745.0,0,749,1,3,266,2.772
1286,1969,26/06/2017,03/07/2017,3,305,298,0,0,388,37,2908.0,1,1308,1,14,1657,14.9
1287,1091,04/07/2016,08/07/2016,3,15,11,2,0,327,30,10035.0,1,631,1,2,458,15.48
1288,2500,22/11/2017,26/11/2017,3,736,755,1,0,327,30,10009.0,1,153,0,9,1033,39.88
1289,2500,22/11/2017,26/11/2017,3,736,755,1,0,327,30,10009.0,1,660,1,3,75,12.192
1290,2500,22/11/2017,26/11/2017,3,736,755,1,0,327,30,10009.0,1,530,1,2,278,20.82
1291,2649,10/11/2017,12/11/2017,0,132,160,2,0,436,3,94122.0,3,844,1,3,32,13.216
1292,2649,10/11/2017,12/11/2017,0,132,160,2,0,436,3,94122.0,3,1206,1,12,1787,32.4
1293,805,27/08/2016,01/09/2016,3,589,609,0,0,435,3,92105.0,3,1429,1,15,669,32.94
1294,805,27/08/2016,01/09/2016,3,589,609,0,0,435,3,92105.0,3,1194,1,12,1762,114.2
1295,805,27/08/2016,01/09/2016,3,589,609,0,0,435,3,92105.0,3,945,1,10,221,3.08
1296,1290,25/05/2016,29/05/2016,3,372,410,0,0,390,4,81001.0,3,464,1,1,944,845.728
1297,3048,30/12/2018,03/01/2019,3,251,263,1,0,147,3,94533.0,3,726,1,3,413,13.904
1298,3048,30/12/2018,03/01/2019,3,251,263,1,0,147,3,94533.0,3,831,1,3,677,20.72
1299,2195,08/12/2017,12/12/2017,2,615,615,1,0,425,21,55106.0,0,1811,2,13,1098,114.95
1300,1056,04/10/2016,07/10/2016,0,0,20,0,0,436,3,94109.0,3,1350,1,14,1542,26.96
1301,2229,23/12/2017,25/12/2017,2,455,474,0,0,462,44,22153.0,2,265,0,9,592,572.76
1302,2229,23/12/2017,25/12/2017,2,455,474,0,0,462,44,22153.0,2,265,0,9,592,286.38
1303,990,19/09/2016,24/09/2016,2,745,766,2,0,16,44,22204.0,2,30,0,4,1423,61.96
1304,4763,03/07/2018,07/07/2018,3,178,162,0,0,94,9,31907.0,2,230,0,9,1610,23.99
1305,4763,03/07/2018,07/07/2018,3,178,162,0,0,94,9,31907.0,2,1730,2,13,1313,287.97
1306,1700,14/07/2017,16/07/2017,2,93,118,0,0,207,41,77036.0,0,1806,2,13,344,419.944
1307,2299,20/06/2017,21/06/2017,0,628,653,0,0,362,3,91104.0,3,1195,1,12,1680,46.76
1308,2299,20/06/2017,21/06/2017,0,628,653,0,0,362,3,91104.0,3,652,1,3,694,17.712
1309,2299,20/06/2017,21/06/2017,0,628,653,0,0,362,3,91104.0,3,457,1,1,294,21.78
1310,2299,20/06/2017,21/06/2017,0,628,653,0,0,362,3,91104.0,3,1340,1,14,632,161.94
1311,2299,20/06/2017,21/06/2017,0,628,653,0,0,362,3,91104.0,3,113,0,5,855,161.568
1312,2297,09/12/2017,13/12/2017,3,288,290,0,0,247,19,1841.0,1,963,1,10,227,3.69
1313,2297,09/12/2017,13/12/2017,3,288,290,0,0,247,19,1841.0,1,964,1,10,183,122.12
1314,4522,24/09/2017,01/10/2017,3,597,603,0,0,94,33,43229.0,1,101,0,5,1202,155.372
1315,2365,18/12/2017,23/12/2017,3,322,329,1,0,265,3,90032.0,3,1202,1,12,606,38.88
1316,2365,18/12/2017,23/12/2017,3,322,329,1,0,265,3,90032.0,3,315,0,9,1438,183.84
1317,2365,18/12/2017,23/12/2017,3,322,329,1,0,265,3,90032.0,3,1443,1,15,1299,579.3
1318,3883,10/12/2018,14/12/2018,3,317,326,0,0,372,36,19120.0,1,1550,2,0,1068,14.2
1319,695,01/07/2015,05/07/2015,3,478,453,1,0,119,8,32725.0,2,1845,2,13,1644,575.92
1320,695,01/07/2015,05/07/2015,3,478,453,1,0,119,8,32725.0,2,658,1,3,236,5.184
1321,4080,03/02/2018,08/02/2018,3,488,503,0,0,83,33,45231.0,1,723,1,3,638,5.229
1322,4080,03/02/2018,08/02/2018,3,488,503,0,0,83,33,45231.0,1,1342,1,14,871,285.552
1323,3182,03/03/2018,08/03/2018,3,468,471,0,0,316,15,42071.0,2,470,1,1,52,72.8
1324,3987,09/10/2018,10/10/2018,0,253,276,0,0,519,31,28403.0,2,1179,1,12,273,10.816
1325,95,28/09/2015,03/10/2015,3,315,301,1,0,247,19,1841.0,1,1334,1,14,508,46.26
1326,4160,27/05/2015,30/05/2015,0,458,452,0,0,80,11,60653.0,0,806,1,3,653,17.46
1327,1039,14/06/2016,18/06/2016,3,15,11,2,0,372,36,19120.0,1,198,0,9,568,51.072
1328,2095,30/03/2017,01/04/2017,0,164,137,1,0,338,5,6360.0,1,1253,1,12,1660,11.34
1329,2888,15/10/2018,18/10/2018,2,282,282,2,0,436,3,94110.0,3,561,1,2,1228,87.92
1330,2314,23/05/2017,27/05/2017,3,457,465,0,0,436,3,94109.0,3,266,0,9,577,37.05
1331,3308,02/06/2018,06/06/2018,3,9,16,2,0,264,33,44052.0,1,1689,2,13,477,2.97
1332,3308,02/06/2018,06/06/2018,3,9,16,2,0,264,33,44052.0,1,1412,1,14,125,27.44
1333,258,16/02/2015,21/02/2015,3,528,527,0,0,109,41,75220.0,0,720,1,3,1628,1.08
1334,258,16/02/2015,21/02/2015,3,528,527,0,0,109,41,75220.0,0,403,1,1,815,7.96
1335,251,06/05/2015,10/05/2015,3,330,319,2,0,265,3,90049.0,3,784,1,3,1638,140.736
1336,2006,16/05/2017,23/05/2017,3,402,376,0,0,294,5,6457.0,1,1374,1,14,1365,552.56
1337,4747,02/04/2018,07/04/2018,3,358,344,0,0,265,3,90008.0,3,268,0,9,1609,25.11
1338,2763,31/03/2018,02/04/2018,2,156,139,0,0,327,30,10011.0,1,285,0,9,1560,29.78
1339,2763,31/03/2018,02/04/2018,2,156,139,0,0,327,30,10011.0,1,1773,2,13,1286,677.58
1340,2763,31/03/2018,02/04/2018,2,156,139,0,0,327,30,10011.0,1,1282,1,12,1340,75.04
1341,3023,02/01/2018,04/01/2018,0,51,2,1,0,216,31,28540.0,2,1639,2,11,432,695.7
1342,3023,02/01/2018,04/01/2018,0,51,2,1,0,216,31,28540.0,2,785,1,3,177,15.66
1343,3023,02/01/2018,04/01/2018,0,51,2,1,0,216,31,28540.0,2,655,1,3,265,28.854
1344,1191,28/05/2016,01/06/2016,3,415,419,0,0,157,30,11520.0,1,483,1,2,349,47.82
1345,1191,28/05/2016,01/06/2016,3,415,419,0,0,157,30,11520.0,1,948,1,10,202,13.05
1346,222,17/03/2015,24/03/2015,3,95,100,0,0,239,21,55044.0,0,398,1,1,337,93.78
1347,222,17/03/2015,24/03/2015,3,95,100,0,0,239,21,55044.0,0,1047,1,12,1064,47.18
1348,222,17/03/2015,24/03/2015,3,95,100,0,0,239,21,55044.0,0,600,1,2,1158,19.68
1349,222,17/03/2015,24/03/2015,3,95,100,0,0,239,21,55044.0,0,710,1,3,1622,53.4
1350,222,17/03/2015,24/03/2015,3,95,100,0,0,239,21,55044.0,0,641,1,3,260,35.88
1351,620,03/10/2015,08/10/2015,2,103,85,0,0,145,11,60201.0,0,97,0,5,753,258.279
1352,2640,28/03/2017,31/03/2017,0,51,2,1,0,16,44,22204.0,2,1311,1,14,796,31.4
1353,3994,04/05/2018,09/05/2018,3,479,464,1,0,436,3,94109.0,3,1797,2,13,1100,183.96
1354,3994,04/05/2018,09/05/2018,3,479,464,1,0,436,3,94109.0,3,1161,1,12,1564,17.61
1355,3994,04/05/2018,09/05/2018,3,479,464,1,0,436,3,94109.0,3,355,0,16,368,300.904
1356,4261,05/07/2015,05/07/2015,1,199,188,0,0,207,41,77036.0,0,1346,1,14,774,220.776
1357,4261,05/07/2015,05/07/2015,1,199,188,0,0,207,41,77036.0,0,1304,1,14,634,281.424
1358,2351,05/05/2017,07/05/2017,0,558,556,0,0,266,15,40214.0,2,1223,1,12,1692,79.14
1359,3933,26/04/2018,27/04/2018,0,448,447,0,0,154,41,76106.0,0,136,0,9,492,1.988
1360,4238,26/09/2015,01/10/2015,2,443,429,0,0,265,3,90049.0,3,98,0,5,974,145.568
1361,3256,19/10/2018,25/10/2018,3,328,322,1,0,372,36,19120.0,1,564,1,2,352,123.256
1362,3256,19/10/2018,25/10/2018,3,328,322,1,0,372,36,19120.0,1,1247,1,12,928,23.68
1363,3256,19/10/2018,25/10/2018,3,328,322,1,0,372,36,19120.0,1,1718,2,13,524,309.576
1364,4870,10/11/2018,11/11/2018,0,10,39,1,0,487,1,85705.0,3,674,1,3,407,38.388
1365,4870,10/11/2018,11/11/2018,0,10,39,1,0,487,1,85705.0,3,1653,2,11,501,95.994
1366,4870,10/11/2018,11/11/2018,0,10,39,1,0,487,1,85705.0,3,1492,2,0,420,239.952
1367,4870,10/11/2018,11/11/2018,0,10,39,1,0,487,1,85705.0,3,1775,2,13,114,201.584
1368,4870,10/11/2018,11/11/2018,0,10,39,1,0,487,1,85705.0,3,103,0,5,824,899.136
1369,3415,08/07/2018,11/07/2018,0,729,667,2,0,374,3,90660.0,3,188,0,9,516,145.9
1370,4286,24/12/2016,28/12/2016,3,402,376,0,0,92,4,80906.0,3,22,0,4,168,590.058
1371,4286,24/12/2016,28/12/2016,3,402,376,0,0,92,4,80906.0,3,579,1,2,526,14.04
1372,3480,07/03/2018,12/03/2018,3,506,524,2,0,88,18,20735.0,1,1582,2,0,995,49.08
1373,4249,01/04/2015,06/04/2015,2,438,446,0,0,495,3,94591.0,3,975,1,10,198,29.6
1374,4249,01/04/2015,06/04/2015,2,438,446,0,0,495,3,94591.0,3,637,1,3,1305,17.088
1375,1037,14/09/2016,19/09/2016,3,122,149,0,0,389,42,84604.0,3,351,0,16,976,912.75
1376,313,04/08/2015,09/08/2015,2,776,775,0,0,379,42,84062.0,3,449,1,1,870,1089.75
1377,313,04/08/2015,09/08/2015,2,776,775,0,0,379,42,84062.0,3,1074,1,12,1720,447.84
1378,313,04/08/2015,09/08/2015,2,776,775,0,0,379,42,84062.0,3,497,1,2,1135,16.4
1379,313,04/08/2015,09/08/2015,2,776,775,0,0,379,42,84062.0,3,1762,2,13,1235,399.96
1380,313,04/08/2015,09/08/2015,2,776,775,0,0,379,42,84062.0,3,1362,1,14,1385,158.9
1381,313,04/08/2015,09/08/2015,2,776,775,0,0,379,42,84062.0,3,752,1,3,903,13.184
1382,4426,03/09/2017,09/09/2017,3,382,406,2,0,24,11,60505.0,0,256,0,9,1531,83.952
1383,4448,05/02/2017,05/02/2017,1,606,595,2,0,456,9,30080.0,2,1365,1,14,416,80.98
1384,4448,05/02/2017,05/02/2017,1,606,595,2,0,456,9,30080.0,2,1095,1,12,1615,348.84
1385,4448,05/02/2017,05/02/2017,1,606,595,2,0,456,9,30080.0,2,900,1,8,1345,9.45
1386,4448,05/02/2017,05/02/2017,1,606,595,2,0,456,9,30080.0,2,290,0,9,547,18.84
1387,4448,05/02/2017,05/02/2017,1,606,595,2,0,456,9,30080.0,2,39,0,4,378,239.98
1388,4448,05/02/2017,05/02/2017,1,606,595,2,0,456,9,30080.0,2,876,1,7,139,167.96
1389,4448,05/02/2017,05/02/2017,1,606,595,2,0,456,9,30080.0,2,1687,2,13,1270,104.85
1390,4448,05/02/2017,05/02/2017,1,606,595,2,0,456,9,30080.0,2,1815,2,13,47,484.83
1391,4448,05/02/2017,05/02/2017,1,606,595,2,0,456,9,30080.0,2,1044,1,12,1616,122.97
1392,4448,05/02/2017,05/02/2017,1,606,595,2,0,456,9,30080.0,2,1414,1,14,291,154.44
1393,4448,05/02/2017,05/02/2017,1,606,595,2,0,456,9,30080.0,2,1237,1,12,1730,342.37
1394,3251,03/07/2018,04/07/2018,0,790,789,1,0,60,31,27217.0,2,585,1,2,28,9.552
1395,4718,09/10/2018,14/10/2018,3,150,182,1,0,24,11,60505.0,0,350,0,16,320,652.45
1396,4718,09/10/2018,14/10/2018,3,150,182,1,0,24,11,60505.0,0,329,0,16,834,66.645
1397,2039,24/11/2017,26/11/2017,0,554,554,0,0,327,30,10035.0,1,666,1,3,68,17.216
1398,2039,24/11/2017,26/11/2017,0,554,554,0,0,327,30,10035.0,1,1286,1,12,1748,11.56
1399,2039,24/11/2017,26/11/2017,0,554,554,0,0,327,30,10035.0,1,1523,2,0,1403,88.4
1400,2039,24/11/2017,26/11/2017,0,554,554,0,0,327,30,10035.0,1,1281,1,12,1812,6.48
1401,2577,01/11/2017,05/11/2017,3,436,423,2,0,428,44,24153.0,2,1824,2,13,966,21.8
1402,2577,01/11/2017,05/11/2017,3,436,423,2,0,428,44,24153.0,2,866,1,7,128,251.79
1403,4608,19/04/2017,25/04/2017,3,304,295,2,0,94,33,43229.0,1,345,0,16,379,205.176
1404,4608,19/04/2017,25/04/2017,3,304,295,2,0,94,33,43229.0,1,1046,1,12,1671,419.4
1405,4166,06/04/2015,08/04/2015,0,682,697,2,0,372,36,19143.0,1,1450,1,15,1043,10.304
1406,4166,06/04/2015,08/04/2015,0,682,697,2,0,372,36,19143.0,1,323,0,16,941,154.764
1407,4166,06/04/2015,08/04/2015,0,682,697,2,0,372,36,19143.0,1,1588,2,0,916,116.784
1408,2132,02/09/2017,06/09/2017,3,422,416,0,0,327,30,10024.0,1,546,1,2,1227,75.48
1409,2132,02/09/2017,06/09/2017,3,422,416,0,0,327,30,10024.0,1,205,0,9,1530,39.98
1410,4490,25/09/2017,30/09/2017,3,6,6,0,0,373,1,85023.0,3,341,0,16,319,393.165
1411,2868,04/11/2018,11/11/2018,3,729,667,2,0,172,41,75051.0,0,996,1,10,134,23.68
1412,2218,09/07/2017,13/07/2017,3,349,391,1,0,327,30,10035.0,1,89,0,5,842,408.006
1413,2218,09/07/2017,13/07/2017,3,349,391,1,0,327,30,10035.0,1,162,0,9,513,165.28
1414,543,30/06/2015,05/07/2015,3,316,325,0,0,327,30,10024.0,1,754,1,3,705,334.768
1415,3057,28/01/2018,31/01/2018,2,110,86,2,0,104,3,92627.0,3,1472,2,0,997,239.97
1416,3057,28/01/2018,31/01/2018,2,110,86,2,0,104,3,92627.0,3,281,0,9,486,37.74
1417,1120,21/09/2016,24/09/2016,0,722,719,1,0,207,41,77041.0,0,1793,2,13,1447,946.344
1418,1120,21/09/2016,24/09/2016,0,722,719,1,0,207,41,77041.0,0,1578,2,0,888,151.2
1419,1120,21/09/2016,24/09/2016,0,722,719,1,0,207,41,77041.0,0,192,0,9,1028,4.928
1420,1096,26/09/2016,30/09/2016,3,660,634,1,0,291,1,85204.0,3,1052,1,12,1262,86.272
1421,1096,26/09/2016,30/09/2016,3,660,634,1,0,291,1,85204.0,3,665,1,3,715,72.588
1422,1096,26/09/2016,30/09/2016,3,660,634,1,0,291,1,85204.0,3,472,1,1,26,60.672
1423,1096,26/09/2016,30/09/2016,3,660,634,1,0,291,1,85204.0,3,799,1,3,991,77.031
1424,1096,26/09/2016,30/09/2016,3,660,634,1,0,291,1,85204.0,3,1318,1,14,13,119.904
1425,1096,26/09/2016,30/09/2016,3,660,634,1,0,291,1,85204.0,3,1737,2,13,1396,263.96
1426,1096,26/09/2016,30/09/2016,3,660,634,1,0,291,1,85204.0,3,1377,1,14,1363,363.648
1427,4412,31/10/2016,04/11/2016,2,210,187,1,0,429,3,93905.0,3,757,1,3,1309,9.728
1428,4412,31/10/2016,04/11/2016,2,210,187,1,0,429,3,93905.0,3,871,1,7,1339,14.75
1429,4412,31/10/2016,04/11/2016,2,210,187,1,0,429,3,93905.0,3,787,1,3,62,29.8
1430,4412,31/10/2016,04/11/2016,2,210,187,1,0,429,3,93905.0,3,990,1,10,178,427.42
1431,3207,26/11/2018,30/11/2018,3,477,472,0,0,94,33,43229.0,1,1797,2,13,1100,220.752
1432,241,19/12/2015,21/12/2015,2,338,336,0,0,151,0,35630.0,2,685,1,3,406,152.76
1433,241,19/12/2015,21/12/2015,2,338,336,0,0,151,0,35630.0,2,1446,1,15,99,7.27
1434,241,19/12/2015,21/12/2015,2,338,336,0,0,151,0,35630.0,2,56,0,5,813,1819.86
1435,4582,26/12/2017,30/12/2017,3,290,286,0,0,450,45,98105.0,3,1227,1,12,1515,33.9
1436,2901,20/06/2018,27/06/2018,3,718,700,0,0,361,33,44134.0,1,1115,1,12,1797,31.104
1437,2901,20/06/2018,27/06/2018,3,718,700,0,0,361,33,44134.0,1,600,1,2,1158,5.248
1438,1298,15/10/2016,15/10/2016,1,356,381,0,0,8,41,79109.0,0,1599,2,0,1266,263.88
1439,1298,15/10/2016,15/10/2016,1,356,381,0,0,8,41,79109.0,0,80,0,5,785,2453.43
1440,3209,12/04/2018,15/04/2018,2,67,87,0,0,388,37,2908.0,1,820,1,3,1510,29.7
1441,3209,12/04/2018,15/04/2018,2,67,87,0,0,388,37,2908.0,1,1119,1,12,1735,39.96
1442,3317,19/12/2018,24/12/2018,2,525,526,0,0,436,3,94110.0,3,693,1,3,519,36.672
1443,3097,05/08/2018,08/08/2018,0,613,600,1,0,405,15,40475.0,2,1183,1,12,105,13.76
1444,1625,01/10/2016,06/10/2016,3,674,694,1,0,24,4,80013.0,3,1381,1,14,1571,139.424
1445,2180,23/05/2017,28/05/2017,3,434,441,0,0,80,11,60623.0,0,1833,2,13,1092,1979.928
1446,2806,13/06/2018,16/06/2018,0,682,697,2,0,80,11,60653.0,0,1414,1,14,291,164.736
1447,2806,13/06/2018,16/06/2018,0,682,697,2,0,80,11,60653.0,0,122,0,5,766,470.302
1448,2806,13/06/2018,16/06/2018,0,682,697,2,0,80,11,60653.0,0,1776,2,13,1222,47.984
1449,4147,23/04/2015,24/04/2015,0,761,742,1,0,372,36,19134.0,1,841,1,3,1640,2.502
1450,1380,01/05/2016,07/05/2016,3,340,358,1,0,265,3,90008.0,3,1837,2,13,1223,88.752
1451,4397,19/07/2016,20/07/2016,0,760,737,0,0,373,1,85023.0,3,819,1,3,1627,2.025
1452,2179,26/11/2017,29/11/2017,0,487,493,1,0,304,0,36608.0,2,1118,1,12,537,70.98
1453,2179,26/11/2017,29/11/2017,0,487,493,1,0,304,0,36608.0,2,662,1,3,1520,91.68
1454,2179,26/11/2017,29/11/2017,0,487,493,1,0,304,0,36608.0,2,819,1,3,1627,33.75
1455,2179,26/11/2017,29/11/2017,0,487,493,1,0,304,0,36608.0,2,1614,2,11,806,3040.0
1456,3717,12/06/2018,19/06/2018,3,497,486,2,0,94,9,31907.0,2,672,1,3,898,91.2
1457,3717,12/06/2018,19/06/2018,3,497,486,2,0,94,9,31907.0,2,342,0,16,906,452.94
1458,928,17/08/2016,21/08/2016,3,674,694,1,0,323,19,2740.0,1,735,1,3,1643,52.2
1459,2028,25/09/2017,01/10/2017,3,565,572,1,0,214,41,75061.0,0,965,1,10,207,15.936
1460,637,04/05/2015,04/05/2015,1,2,31,0,0,294,5,6457.0,1,183,0,9,493,27.46
1461,1032,01/12/2016,08/12/2016,3,455,474,0,0,450,45,98103.0,3,712,1,3,1633,55.424
1462,4506,11/03/2017,15/03/2017,3,485,537,0,0,497,28,8360.0,1,325,0,16,428,244.006
1463,2460,26/08/2017,28/08/2017,0,452,460,1,0,362,41,77506.0,0,1585,2,0,1004,159.984
1464,2460,26/08/2017,28/08/2017,0,452,460,1,0,362,41,77506.0,0,84,0,5,837,1024.716
1465,4436,16/12/2017,19/12/2017,0,424,431,1,0,327,30,10009.0,1,918,1,8,1508,3.68
1466,593,08/08/2015,14/08/2015,3,484,485,0,0,168,1,85301.0,3,190,0,9,560,121.376
1467,593,08/08/2015,14/08/2015,3,484,485,0,0,168,1,85301.0,3,1505,2,0,1404,95.976
1468,797,16/05/2016,16/05/2016,1,752,767,2,0,216,8,32216.0,2,1530,2,0,1327,255.968
1469,3519,09/12/2018,13/12/2018,3,210,187,1,0,123,20,48234.0,0,62,0,5,750,872.94
1470,3519,09/12/2018,13/12/2018,3,210,187,1,0,123,20,48234.0,0,798,1,3,1624,41.54
1471,3519,09/12/2018,13/12/2018,3,210,187,1,0,123,20,48234.0,0,1096,1,12,1733,12.96
1472,4401,24/09/2016,27/09/2016,2,579,579,1,0,372,36,19120.0,1,490,1,2,1126,6.848
1473,4031,11/07/2018,15/07/2018,3,439,424,1,0,265,3,90004.0,3,1002,1,10,189,8.67
1474,4290,01/12/2016,02/12/2016,1,569,566,0,0,207,41,77036.0,0,295,0,9,576,6.688
1475,1868,19/11/2017,25/11/2017,3,572,577,2,0,330,30,14304.0,1,597,1,2,1148,17.28
1476,1868,19/11/2017,25/11/2017,3,572,577,2,0,330,30,14304.0,1,652,1,3,694,17.712
1477,4659,19/03/2018,24/03/2018,3,142,134,2,0,327,30,10024.0,1,984,1,10,215,28.91
1478,2002,13/11/2017,17/11/2017,3,180,165,0,0,478,31,27360.0,2,1421,1,15,89,52.136
1479,3171,19/11/2018,20/11/2018,0,423,421,0,0,515,3,92683.0,3,1691,2,13,1482,31.968
1480,4446,02/12/2017,08/12/2017,3,518,542,0,0,436,3,94122.0,3,1164,1,12,1704,25.92
1481,4446,02/12/2017,08/12/2017,3,518,542,0,0,436,3,94122.0,3,1170,1,12,788,40.46
1482,4446,02/12/2017,08/12/2017,3,518,542,0,0,436,3,94122.0,3,1360,1,14,1658,33.87
1483,2781,25/08/2018,28/08/2018,2,241,234,0,0,215,40,38301.0,2,586,1,2,1840,9.728
1484,2781,25/08/2018,28/08/2018,2,241,234,0,0,215,40,38301.0,2,1021,1,12,1780,3.424
1485,4445,14/10/2017,18/10/2017,3,165,154,1,0,450,45,98115.0,3,1477,2,0,1606,177.0
1486,225,27/11/2015,03/12/2015,3,539,516,0,0,327,30,10035.0,1,930,1,8,1498,3.76
1487,1307,03/11/2016,07/11/2016,3,162,175,2,0,265,3,90008.0,3,1812,2,13,434,1212.848
1488,1307,03/11/2016,07/11/2016,3,162,175,2,0,265,3,90008.0,3,1486,2,0,1011,89.97
1489,1307,03/11/2016,07/11/2016,3,162,175,2,0,265,3,90008.0,3,254,0,9,457,42.6
1490,433,29/11/2015,06/12/2015,3,186,174,0,0,372,36,19143.0,1,953,1,10,195,5.04
1491,3774,30/04/2018,05/05/2018,2,221,231,1,0,327,30,10024.0,1,875,1,7,6,62.96
1492,4054,24/11/2018,28/11/2018,3,764,756,1,0,327,30,10035.0,1,1133,1,12,108,5.88
1493,4054,24/11/2018,28/11/2018,3,764,756,1,0,327,30,10035.0,1,61,0,5,749,977.292
1494,3529,30/10/2018,03/11/2018,3,410,346,1,0,496,45,98661.0,3,239,0,9,1038,9.64
1495,277,17/12/2015,19/12/2015,2,641,654,0,0,94,9,31907.0,2,563,1,2,1491,40.05
1496,3787,04/09/2018,08/09/2018,3,348,384,0,0,100,41,75019.0,0,596,1,2,473,10.192
1497,3787,04/09/2018,08/09/2018,3,348,384,0,0,100,41,75019.0,0,1417,1,14,70,16.784
1498,3787,04/09/2018,08/09/2018,3,348,384,0,0,100,41,75019.0,0,535,1,2,1407,13.12
1499,2302,17/10/2017,20/10/2017,0,566,564,2,0,436,3,94122.0,3,797,1,3,237,18.16
1500,3357,12/11/2018,18/11/2018,3,564,560,0,0,25,41,78745.0,0,1185,1,12,1648,16.056
1501,3357,12/11/2018,18/11/2018,3,564,560,0,0,25,41,78745.0,0,1233,1,12,1758,223.056
1502,3357,12/11/2018,18/11/2018,3,564,560,0,0,25,41,78745.0,0,1399,1,14,1550,540.048
1503,1673,24/11/2017,01/12/2017,3,58,28,2,0,265,3,90045.0,3,1716,2,13,1844,33.52
1504,1673,24/11/2017,01/12/2017,3,58,28,2,0,265,3,90045.0,3,136,0,9,492,9.94
1505,1471,01/08/2016,07/08/2016,3,587,598,2,0,265,3,90004.0,3,531,1,2,1297,6.72
1506,1471,01/08/2016,07/08/2016,3,587,598,2,0,265,3,90004.0,3,357,0,16,825,1004.976
1507,3832,24/12/2018,29/12/2018,3,48,35,0,0,327,30,10024.0,1,787,1,3,62,17.88
1508,2189,17/09/2017,23/09/2017,3,180,165,0,0,94,9,31907.0,2,1672,2,11,987,396.0
1509,2938,10/12/2018,10/12/2018,1,472,463,2,0,346,25,68104.0,0,842,1,3,892,34.5
1510,2836,12/09/2018,15/09/2018,0,391,367,0,0,265,3,90036.0,3,295,0,9,576,8.36
1511,2759,24/06/2018,01/07/2018,3,565,572,1,0,381,3,91767.0,3,544,1,2,359,385.6
1512,2759,24/06/2018,01/07/2018,3,565,572,1,0,381,3,91767.0,3,585,1,2,28,35.82
1513,3010,18/08/2018,22/08/2018,3,618,659,0,0,109,41,75220.0,0,1361,1,14,1382,200.064
1514,3010,18/08/2018,22/08/2018,3,618,659,0,0,109,41,75220.0,0,679,1,3,57,21.38
1515,3010,18/08/2018,22/08/2018,3,618,659,0,0,109,41,75220.0,0,703,1,3,899,6.744
1516,4887,11/12/2018,17/12/2018,3,35,56,0,0,372,36,19120.0,1,98,0,5,974,63.686
1517,3716,10/12/2018,14/12/2018,2,492,521,0,0,336,26,89031.0,3,366,0,16,369,1669.6
1518,145,03/02/2015,06/02/2015,2,737,758,0,0,450,45,98105.0,3,829,1,3,897,83.84
1519,145,03/02/2015,06/02/2015,2,737,758,0,0,450,45,98105.0,3,751,1,3,238,13.272
1520,3060,11/02/2018,14/02/2018,2,786,782,1,0,436,3,94110.0,3,711,1,3,72,21.336
1521,2963,16/04/2018,21/04/2018,3,598,593,2,0,80,11,60610.0,0,516,1,2,1131,16.52
1522,1368,06/12/2016,11/12/2016,3,299,293,0,0,487,1,85705.0,3,217,0,9,878,206.112
1523,1368,06/12/2016,11/12/2016,3,299,293,0,0,487,1,85705.0,3,1176,1,12,1759,19.92
1524,1368,06/12/2016,11/12/2016,3,299,293,0,0,487,1,85705.0,3,1200,1,12,1749,198.272
1525,1368,06/12/2016,11/12/2016,3,299,293,0,0,487,1,85705.0,3,1414,1,14,291,247.104
1526,1368,06/12/2016,11/12/2016,3,299,293,0,0,487,1,85705.0,3,610,1,2,279,86.304
1527,2008,22/07/2017,27/07/2017,3,146,132,0,0,6,36,18103.0,1,545,1,2,10,4.16
1528,2008,22/07/2017,27/07/2017,3,146,132,0,0,6,36,18103.0,1,224,0,9,1048,11.648
1529,1409,07/11/2016,10/11/2016,2,494,540,1,0,328,6,19711.0,1,942,1,8,1358,26.18
1530,1409,07/11/2016,10/11/2016,2,494,540,1,0,328,6,19711.0,1,1093,1,12,1029,7.3
1531,830,26/03/2016,31/03/2016,3,116,82,1,0,293,8,33142.0,2,1084,1,12,1778,74.352
1532,3929,31/08/2018,05/09/2018,3,362,364,0,0,474,1,85281.0,3,1299,1,14,1108,10.744
1533,3929,31/08/2018,05/09/2018,3,362,364,0,0,474,1,85281.0,3,906,1,8,1195,8.376
1534,2270,04/12/2017,08/12/2017,3,248,254,1,0,327,30,10035.0,1,1388,1,14,309,212.88
1535,3237,10/02/2018,14/02/2018,3,534,543,2,0,234,3,92677.0,3,39,0,4,378,203.983
1536,1855,29/10/2017,02/11/2017,3,393,375,1,0,50,28,8302.0,1,1301,1,14,1353,40.74
1537,1855,29/10/2017,02/11/2017,3,393,375,1,0,50,28,8302.0,1,411,1,1,459,11.67
1538,3186,15/09/2018,17/09/2018,2,151,124,0,0,146,19,2149.0,1,1692,2,13,727,39.99
1539,3186,15/09/2018,17/09/2018,2,151,124,0,0,146,19,2149.0,1,582,1,2,250,16.28
1540,3186,15/09/2018,17/09/2018,2,151,124,0,0,146,19,2149.0,1,20,0,4,167,782.94
1541,3186,15/09/2018,17/09/2018,2,151,124,0,0,146,19,2149.0,1,712,1,3,1633,242.48
1542,753,11/03/2015,16/03/2015,2,147,145,0,0,94,33,43229.0,1,282,0,9,590,8.32
1543,753,11/03/2015,16/03/2015,2,147,145,0,0,94,33,43229.0,1,917,1,8,1509,10.464
1544,96,04/02/2015,08/02/2015,3,193,216,2,0,435,3,92024.0,3,813,1,3,704,82.896
1545,96,04/02/2015,08/02/2015,3,193,216,2,0,435,3,92024.0,3,1043,1,12,1079,34.24
1546,579,31/12/2015,04/01/2016,2,586,581,1,0,506,30,13601.0,1,22,0,4,168,1573.488
1547,931,23/11/2016,27/11/2016,3,775,780,1,0,432,41,78207.0,0,1080,1,12,1699,335.52
1548,931,23/11/2016,27/11/2016,3,775,780,1,0,432,41,78207.0,0,754,1,3,705,23.912
1549,931,23/11/2016,27/11/2016,3,775,780,1,0,432,41,78207.0,0,1333,1,14,1543,27.056
1550,419,06/07/2015,08/07/2015,0,275,259,0,0,327,30,10011.0,1,1602,2,6,398,559.992
1551,4754,13/11/2018,18/11/2018,2,497,486,2,0,207,41,77095.0,0,471,1,1,863,9.324
1552,2578,17/06/2017,22/06/2017,3,335,337,0,0,435,3,92024.0,3,1074,1,12,1720,111.96
1553,363,03/05/2015,05/05/2015,0,408,394,2,0,15,47,54915.0,0,973,1,10,188,21.56
1554,3900,16/10/2018,21/10/2018,3,97,94,0,0,405,15,40475.0,2,790,1,3,972,124.75
1555,933,06/02/2016,13/02/2016,3,786,782,1,0,36,45,98006.0,3,514,1,2,1115,5.28
1556,3154,04/09/2018,08/09/2018,3,7,9,0,0,261,30,11561.0,1,1461,2,0,1597,91.96
1557,1801,09/05/2017,15/05/2017,3,412,403,0,0,372,36,19140.0,1,881,1,7,1492,9.344
1558,1801,09/05/2017,15/05/2017,3,412,403,0,0,372,36,19140.0,1,538,1,2,1124,79.36
1559,944,16/03/2016,18/03/2016,2,353,363,0,0,450,45,98103.0,3,323,0,16,941,171.96
1560,2076,09/04/2017,13/04/2017,3,247,248,1,0,450,45,98103.0,3,788,1,3,74,35.352
1561,74,04/04/2015,09/04/2015,3,596,592,2,0,436,3,94109.0,3,967,1,10,228,18.9
1562,2911,05/09/2018,06/09/2018,0,177,158,2,0,450,45,98115.0,3,594,1,2,1140,2.78
1563,4649,30/06/2018,30/06/2018,1,688,696,0,0,327,30,10011.0,1,319,0,16,366,1044.63
1564,1547,09/11/2016,09/11/2016,1,158,144,0,0,372,36,19134.0,1,1243,1,12,1613,11.352
1565,199,04/03/2015,04/03/2015,1,152,169,0,0,93,38,29203.0,2,1337,1,14,1436,354.9
1566,1196,19/03/2016,25/03/2016,3,398,368,2,0,450,45,98105.0,3,1844,2,13,1656,453.576
1567,1150,29/11/2016,30/11/2016,0,60,55,0,0,5,41,75002.0,0,1547,2,0,959,21.48
1568,1150,29/11/2016,30/11/2016,0,60,55,0,0,5,41,75002.0,0,640,1,3,688,8.784
1569,4858,11/06/2018,11/06/2018,1,238,229,0,0,265,3,90004.0,3,1044,1,12,1616,122.97
1570,4033,26/11/2018,30/11/2018,3,28,4,1,0,21,9,30318.0,2,584,1,2,1155,12.84
1571,4251,23/11/2015,25/11/2015,0,669,671,0,0,265,3,90004.0,3,63,0,5,1172,603.92
1572,4251,23/11/2015,25/11/2015,0,669,671,0,0,265,3,90004.0,3,882,1,7,1245,21.84
1573,4251,23/11/2015,25/11/2015,0,669,671,0,0,265,3,90004.0,3,1555,2,0,303,29.99
1574,4251,23/11/2015,25/11/2015,0,669,671,0,0,265,3,90004.0,3,58,0,5,1377,381.44
1575,24,15/12/2015,18/12/2015,0,493,538,0,0,137,41,79907.0,0,1684,2,13,35,40.68
1576,24,15/12/2015,18/12/2015,0,493,538,0,0,137,41,79907.0,0,127,0,5,988,763.28
1577,1800,22/04/2017,27/04/2017,3,772,761,2,0,24,11,60505.0,0,1368,1,14,1263,23.952
1578,2495,23/05/2017,27/05/2017,3,43,47,2,0,151,0,35630.0,2,1107,1,12,1736,4.98
1579,1707,27/02/2017,01/03/2017,0,217,189,0,0,327,30,10011.0,1,463,1,1,466,170.88
1580,1185,09/08/2016,12/08/2016,0,570,553,0,0,327,30,10024.0,1,1795,2,13,1167,307.98
1581,1185,09/08/2016,12/08/2016,0,570,553,0,0,327,30,10024.0,1,344,0,16,942,382.806
1582,1185,09/08/2016,12/08/2016,0,570,553,0,0,327,30,10024.0,1,1310,1,14,1552,41.96
1583,1185,09/08/2016,12/08/2016,0,570,553,0,0,327,30,10024.0,1,657,1,3,687,1217.568
1584,1185,09/08/2016,12/08/2016,0,570,553,0,0,327,30,10024.0,1,214,0,9,160,47.04
1585,1185,09/08/2016,12/08/2016,0,570,553,0,0,327,30,10024.0,1,192,0,9,1028,6.16
1586,1185,09/08/2016,12/08/2016,0,570,553,0,0,327,30,10024.0,1,1708,2,13,1241,979.95
1587,1185,09/08/2016,12/08/2016,0,570,553,0,0,327,30,10024.0,1,1099,1,12,1667,143.7
1588,1185,09/08/2016,12/08/2016,0,570,553,0,0,327,30,10024.0,1,913,1,8,56,10.65
1589,1185,09/08/2016,12/08/2016,0,570,553,0,0,327,30,10024.0,1,1535,2,0,311,247.8
1590,1814,12/05/2017,16/05/2017,3,779,784,1,0,498,44,23464.0,2,525,1,2,1352,10.96
1591,4516,15/04/2017,19/04/2017,3,549,551,1,0,174,41,76051.0,0,510,1,2,530,33.488
1592,4516,15/04/2017,19/04/2017,3,549,551,1,0,174,41,76051.0,0,929,1,8,907,8.04
1593,1076,23/06/2016,25/06/2016,2,630,630,0,0,345,45,98502.0,3,1850,2,13,1314,201.568
1594,211,19/10/2015,19/10/2015,1,362,364,0,0,265,3,90032.0,3,1269,1,12,1481,13.44
1595,1013,24/03/2016,27/03/2016,0,232,224,2,0,369,11,61604.0,0,2,0,4,1428,359.058
1596,3730,08/05/2018,12/05/2018,3,495,488,0,0,94,33,43229.0,1,125,0,5,737,47.992
1597,3391,16/10/2018,18/10/2018,0,548,490,1,0,327,30,10011.0,1,179,0,9,625,547.3
1598,3908,19/11/2018,21/11/2018,2,7,9,0,0,67,41,75007.0,0,1039,1,12,1685,16.896
1599,3908,19/11/2018,21/11/2018,2,7,9,0,0,67,41,75007.0,0,1427,1,15,88,6.672
1600,3908,19/11/2018,21/11/2018,2,7,9,0,0,67,41,75007.0,0,577,1,2,363,99.136
1601,3908,19/11/2018,21/11/2018,2,7,9,0,0,67,41,75007.0,0,205,0,9,1530,15.992
1602,2671,08/05/2017,13/05/2017,2,294,300,1,0,124,6,19901.0,1,186,0,9,1532,211.96
1603,4518,11/12/2017,17/12/2017,3,124,183,0,0,456,40,37167.0,2,575,1,2,1296,6.672
1604,3066,30/11/2018,04/12/2018,3,498,513,0,0,328,6,19711.0,1,503,1,2,280,155.94
1605,4472,19/04/2017,24/04/2017,2,397,350,0,0,265,3,90049.0,3,1848,2,13,1294,39.96
1606,4472,19/04/2017,24/04/2017,2,397,350,0,0,265,3,90049.0,3,496,1,2,1111,5.46
1607,4472,19/04/2017,24/04/2017,2,397,350,0,0,265,3,90049.0,3,619,1,2,1231,73.2
1608,4472,19/04/2017,24/04/2017,2,397,350,0,0,265,3,90049.0,3,638,1,3,146,5.84
1609,4472,19/04/2017,24/04/2017,2,397,350,0,0,265,3,90049.0,3,1168,1,12,107,22.72
1610,4472,19/04/2017,24/04/2017,2,397,350,0,0,265,3,90049.0,3,659,1,3,234,9.336
1611,647,26/05/2015,30/05/2015,3,519,491,1,0,265,3,90008.0,3,2,0,4,1428,290.666
1612,647,26/05/2015,30/05/2015,3,519,491,1,0,265,3,90008.0,3,1693,2,13,1593,201.584
1613,647,26/05/2015,30/05/2015,3,519,491,1,0,265,3,90008.0,3,1784,2,13,1848,83.984
1614,3510,21/12/2018,25/12/2018,3,790,789,1,0,340,3,94601.0,3,1387,1,14,978,1000.02
1615,4460,15/03/2017,19/03/2017,3,598,593,2,0,372,36,19143.0,1,1594,2,0,1592,83.976
1616,1163,10/08/2016,16/08/2016,3,382,406,2,0,129,21,55122.0,0,981,1,10,187,3.75
1617,1163,10/08/2016,16/08/2016,3,382,406,2,0,129,21,55122.0,0,972,1,10,196,41.4
1618,1163,10/08/2016,16/08/2016,3,382,406,2,0,129,21,55122.0,0,533,1,2,1250,29.79
1619,4482,10/09/2017,14/09/2017,2,601,583,2,0,327,30,10011.0,1,1300,1,14,69,59.48
1620,4482,10/09/2017,14/09/2017,2,601,583,2,0,327,30,10011.0,1,1060,1,12,1650,6.69
1621,2944,08/07/2018,15/07/2018,3,345,357,0,0,225,45,98031.0,3,241,0,9,726,198.46
1622,2944,08/07/2018,15/07/2018,3,345,357,0,0,225,45,98031.0,3,997,1,10,534,786.48
1623,2944,08/07/2018,15/07/2018,3,345,357,0,0,225,45,98031.0,3,680,1,3,719,23.168
1624,2944,08/07/2018,15/07/2018,3,345,357,0,0,225,45,98031.0,3,1548,2,0,1082,50.0
1625,1531,19/12/2016,24/12/2016,3,365,342,0,0,265,3,90049.0,3,1793,2,13,1447,675.96
1626,1531,19/12/2016,24/12/2016,3,365,342,0,0,265,3,90049.0,3,1516,2,0,1275,1265.85
1627,1610,16/11/2016,22/11/2016,3,604,610,2,0,327,30,10011.0,1,425,1,1,611,523.25
1628,1346,24/09/2016,30/09/2016,3,486,483,0,0,233,16,70506.0,2,68,0,5,798,517.5
1629,2778,21/06/2018,25/06/2018,2,55,15,0,0,86,33,44105.0,1,298,0,9,1486,17.92
1630,2778,21/06/2018,25/06/2018,2,55,15,0,0,86,33,44105.0,1,693,1,3,519,41.256
1631,1765,08/05/2017,08/05/2017,1,152,169,0,0,86,33,44105.0,1,1357,1,14,1452,1006.056
1632,1765,08/05/2017,08/05/2017,1,152,169,0,0,86,33,44105.0,1,1195,1,12,1680,10.688
1633,1765,08/05/2017,08/05/2017,1,152,169,0,0,86,33,44105.0,1,1266,1,12,1818,10.368
1634,1765,08/05/2017,08/05/2017,1,152,169,0,0,86,33,44105.0,1,1311,1,14,796,25.12
1635,1765,08/05/2017,08/05/2017,1,152,169,0,0,86,33,44105.0,1,1496,2,0,1400,58.112
1636,775,26/11/2015,02/12/2015,3,577,558,0,0,481,35,97224.0,3,1086,1,12,1791,15.552
1637,775,26/11/2015,02/12/2015,3,577,558,0,0,481,35,97224.0,3,1328,1,14,1200,669.08
1638,775,26/11/2015,02/12/2015,3,577,558,0,0,481,35,97224.0,3,1679,2,13,937,438.336
1639,2539,26/05/2017,01/06/2017,3,735,750,0,0,503,7,20016.0,1,1181,1,12,1612,19.44
1640,2539,26/05/2017,01/06/2017,3,735,750,0,0,503,7,20016.0,1,835,1,3,1641,9.64
1641,2539,26/05/2017,01/06/2017,3,735,750,0,0,503,7,20016.0,1,1276,1,12,1529,12.7
1642,2539,26/05/2017,01/06/2017,3,735,750,0,0,503,7,20016.0,1,159,0,9,31,41.37
1643,4199,29/11/2015,04/12/2015,3,105,91,1,0,455,11,60076.0,0,932,1,8,1498,12.624
1644,938,19/03/2016,20/03/2016,0,285,289,1,0,450,45,98115.0,3,1297,1,14,520,1247.64
1645,938,19/03/2016,20/03/2016,0,285,289,1,0,450,45,98115.0,3,1605,2,6,403,3149.93
1646,938,19/03/2016,20/03/2016,0,285,289,1,0,450,45,98115.0,3,1262,1,12,1103,209.7
1647,851,01/11/2016,03/11/2016,0,780,776,2,0,372,36,19140.0,1,1523,2,0,1403,35.36
1648,851,01/11/2016,03/11/2016,0,780,776,2,0,372,36,19140.0,1,914,1,8,370,3.168
1649,1036,26/09/2016,29/09/2016,2,685,678,0,0,372,36,19143.0,1,812,1,3,421,121.104
1650,1036,26/09/2016,29/09/2016,2,685,678,0,0,372,36,19143.0,1,1805,2,13,777,45.894
1651,430,29/08/2015,29/08/2015,1,324,332,1,0,436,3,94110.0,3,1268,1,12,1727,109.92
1652,430,29/08/2015,29/08/2015,1,324,332,1,0,436,3,94110.0,3,1196,1,12,1776,13.36
1653,4788,18/11/2018,21/11/2018,0,140,150,0,0,450,45,98105.0,3,1390,1,14,581,169.68
1654,4788,18/11/2018,21/11/2018,0,140,150,0,0,450,45,98105.0,3,1568,2,0,910,132.52
1655,4788,18/11/2018,21/11/2018,0,140,150,0,0,450,45,98105.0,3,907,1,8,328,2.96
1656,4788,18/11/2018,21/11/2018,0,140,150,0,0,450,45,98105.0,3,681,1,3,1621,8.448
1657,4788,18/11/2018,21/11/2018,0,140,150,0,0,450,45,98105.0,3,1304,1,14,634,95.94
1658,324,12/05/2015,15/05/2015,0,327,334,0,0,297,47,53209.0,0,136,0,9,492,34.79
1659,3970,20/01/2018,26/01/2018,3,749,738,0,0,265,3,90045.0,3,1857,2,13,1323,160.776
1660,3298,30/10/2018,06/11/2018,3,526,535,0,0,450,45,98115.0,3,818,1,3,718,88.752
1661,3298,30/10/2018,06/11/2018,3,526,535,0,0,450,45,98115.0,3,724,1,3,414,13.904
1662,3630,30/04/2018,06/05/2018,3,615,615,1,0,372,36,19143.0,1,1773,2,13,1286,677.58
1663,3630,30/04/2018,06/05/2018,3,615,615,1,0,372,36,19143.0,1,733,1,3,714,13.896
1664,2099,24/11/2017,26/11/2017,2,575,565,0,0,109,41,75217.0,0,1335,1,14,1504,41.92
1665,2099,24/11/2017,26/11/2017,2,575,565,0,0,109,41,75217.0,0,1516,2,0,998,297.576
1666,2099,24/11/2017,26/11/2017,2,575,565,0,0,109,41,75217.0,0,922,1,8,456,4.344
1667,2099,24/11/2017,26/11/2017,2,575,565,0,0,109,41,75217.0,0,1544,2,0,996,94.992
1668,2099,24/11/2017,26/11/2017,2,575,565,0,0,109,41,75217.0,0,1025,1,12,1710,74.352
1669,2099,24/11/2017,26/11/2017,2,575,565,0,0,109,41,75217.0,0,579,1,2,526,14.04
1670,4391,10/01/2016,15/01/2016,3,525,526,0,0,327,30,10011.0,1,336,0,16,376,1018.104
1671,3921,19/10/2018,26/10/2018,3,630,630,0,0,207,41,77095.0,0,1757,2,13,1315,16.68
1672,1778,22/03/2017,25/03/2017,0,625,641,1,0,336,26,89031.0,3,1483,2,0,994,58.58
1673,2990,03/07/2018,07/07/2018,3,631,637,0,0,377,41,75023.0,0,1784,2,13,1848,167.968
1674,1443,11/12/2016,12/12/2016,0,727,695,0,0,465,44,23434.0,2,997,1,10,534,196.62
1675,1344,17/09/2016,21/09/2016,3,686,729,1,0,207,41,77041.0,0,260,0,9,883,21.936
1676,1344,17/09/2016,21/09/2016,3,686,729,1,0,207,41,77041.0,0,640,1,3,688,6.588
1677,2012,18/05/2017,24/05/2017,3,250,260,0,0,436,3,94110.0,3,1306,1,14,823,104.28
1678,2012,18/05/2017,24/05/2017,3,250,260,0,0,436,3,94110.0,3,1246,1,12,1588,17.94
1679,262,07/09/2015,13/09/2015,3,666,684,1,0,372,36,19134.0,1,1365,1,14,416,64.784
1680,262,07/09/2015,13/09/2015,3,666,684,1,0,372,36,19134.0,1,1813,2,13,1847,32.382
1681,262,07/09/2015,13/09/2015,3,666,684,1,0,372,36,19134.0,1,166,0,9,488,42.368
1682,262,07/09/2015,13/09/2015,3,666,684,1,0,372,36,19134.0,1,1676,2,11,1502,399.54
1683,4430,29/09/2017,01/10/2017,2,608,582,0,0,265,3,90008.0,3,1027,1,12,1668,18.97
1684,2397,07/11/2017,12/11/2017,3,127,167,1,0,436,3,94110.0,3,231,0,9,393,14.82
1685,3732,24/04/2018,27/04/2018,0,210,187,1,0,372,36,19143.0,1,427,1,1,80,99.28
1686,3732,24/04/2018,27/04/2018,0,210,187,1,0,372,36,19143.0,1,749,1,3,266,1.188
1687,3732,24/04/2018,27/04/2018,0,210,187,1,0,372,36,19143.0,1,736,1,3,703,7.518
1688,3618,10/12/2018,12/12/2018,0,60,55,0,0,372,36,19140.0,1,1072,1,12,1805,10.368
1689,3618,10/12/2018,12/12/2018,0,60,55,0,0,372,36,19140.0,1,296,0,9,594,310.88
1690,510,16/08/2015,20/08/2015,3,767,771,0,0,372,36,19143.0,1,328,0,16,427,853.092
1691,3347,09/12/2018,15/12/2018,3,320,331,0,0,211,12,46203.0,0,1060,1,12,1650,33.45
1692,3347,09/12/2018,15/12/2018,3,320,331,0,0,211,12,46203.0,0,809,1,3,542,10.4
1693,4585,14/03/2017,19/03/2017,3,334,328,0,0,94,33,43229.0,1,286,0,9,119,21.88
1694,4602,26/06/2017,29/06/2017,2,9,16,2,0,377,41,75023.0,0,1551,2,0,1075,13.616
1695,1517,25/09/2016,28/09/2016,2,605,611,2,0,31,28,7002.0,1,1514,2,0,1069,63.96
1696,1517,25/09/2016,28/09/2016,2,605,611,2,0,31,28,7002.0,1,769,1,3,1577,14.46
1697,1517,25/09/2016,28/09/2016,2,605,611,2,0,31,28,7002.0,1,1784,2,13,1848,104.98
1698,1408,27/12/2016,31/12/2016,3,26,59,0,0,265,3,90008.0,3,381,1,1,304,106.96
1699,1408,27/12/2016,31/12/2016,3,26,59,0,0,265,3,90008.0,3,977,1,10,205,21.56
1700,429,03/06/2015,07/06/2015,2,678,713,0,0,450,45,98115.0,3,361,0,16,941,515.88
1701,973,13/07/2016,15/07/2016,2,558,556,0,0,327,30,10035.0,1,652,1,3,694,11.808
1702,973,13/07/2016,15/07/2016,2,558,556,0,0,327,30,10035.0,1,58,0,5,1377,1931.04
1703,973,13/07/2016,15/07/2016,2,558,556,0,0,327,30,10035.0,1,1042,1,12,537,9.96
1704,472,02/02/2015,06/02/2015,3,141,184,2,0,435,3,92037.0,3,919,1,8,1498,12.35
1705,1760,08/03/2017,08/03/2017,1,591,586,0,0,168,1,85301.0,3,783,1,3,709,9.702
1706,792,22/11/2016,26/11/2016,3,338,336,0,0,372,36,19120.0,1,778,1,3,686,11.61
1707,3228,30/10/2018,05/11/2018,3,375,345,0,0,436,3,94122.0,3,983,1,10,210,43.86
1708,3228,30/10/2018,05/11/2018,3,375,345,0,0,436,3,94122.0,3,1809,2,13,731,148.48
1709,3228,30/10/2018,05/11/2018,3,375,345,0,0,436,3,94122.0,3,1217,1,12,0,7.42
1710,3228,30/10/2018,05/11/2018,3,375,345,0,0,436,3,94122.0,3,100,0,5,759,71.992
1711,3228,30/10/2018,05/11/2018,3,375,345,0,0,436,3,94122.0,3,585,1,2,28,19.9
1712,3228,30/10/2018,05/11/2018,3,375,345,0,0,436,3,94122.0,3,433,1,1,54,1702.12
1713,1375,30/01/2016,04/02/2016,3,400,366,0,0,207,41,77070.0,0,1264,1,12,1342,14.304
1714,4755,08/09/2018,13/09/2018,2,526,535,0,0,80,11,60610.0,0,367,0,16,364,765.625
1715,2840,07/10/2018,13/10/2018,3,200,217,0,0,436,3,94110.0,3,37,0,4,1190,307.666
1716,2503,30/04/2017,04/05/2017,3,387,387,0,0,327,30,10011.0,1,769,1,3,1577,7.712
1717,2745,19/05/2017,24/05/2017,3,95,100,0,0,327,30,10011.0,1,409,1,1,310,242.9
1718,2745,19/05/2017,24/05/2017,3,95,100,0,0,327,30,10011.0,1,1405,1,14,1381,454.9
1719,2745,19/05/2017,24/05/2017,3,95,100,0,0,327,30,10011.0,1,210,0,9,1176,35.92
1720,2745,19/05/2017,24/05/2017,3,95,100,0,0,327,30,10011.0,1,136,0,9,492,39.76
1721,2745,19/05/2017,24/05/2017,3,95,100,0,0,327,30,10011.0,1,750,1,3,1331,47.744
1722,4322,20/12/2016,25/12/2016,3,423,421,0,0,80,11,60623.0,0,1710,2,13,156,159.984
1723,4322,20/12/2016,25/12/2016,3,423,421,0,0,80,11,60623.0,0,1475,2,0,1002,255.968
1724,4322,20/12/2016,25/12/2016,3,423,421,0,0,80,11,60623.0,0,38,0,4,1424,359.058
1725,1129,19/12/2016,20/12/2016,0,377,356,0,0,372,36,19143.0,1,392,1,1,171,434.352
1726,1129,19/12/2016,20/12/2016,0,377,356,0,0,372,36,19143.0,1,438,1,1,866,3.552
1727,1129,19/12/2016,20/12/2016,0,377,356,0,0,372,36,19143.0,1,454,1,1,630,88.832
1728,4899,29/04/2018,04/05/2018,2,286,279,1,0,126,33,43017.0,1,326,0,16,1370,1048.35
1729,1769,07/02/2017,07/02/2017,1,122,149,0,0,462,44,22153.0,2,1548,2,0,1082,100.0
1730,1769,07/02/2017,07/02/2017,1,122,149,0,0,462,44,22153.0,2,957,1,10,1256,7.83
1731,296,28/09/2015,03/10/2015,3,424,431,1,0,150,31,28314.0,2,1102,1,12,1618,96.256
1732,296,28/09/2015,03/10/2015,3,424,431,1,0,150,31,28314.0,2,1129,1,12,1737,10.688
1733,4511,10/07/2017,14/07/2017,3,463,475,0,0,109,41,75081.0,0,1314,1,14,658,338.04
1734,4511,10/07/2017,14/07/2017,3,463,475,0,0,109,41,75081.0,0,544,1,2,359,154.24
1735,2787,29/07/2018,01/08/2018,2,24,44,0,0,216,31,28540.0,2,415,1,1,816,34.848
1736,2787,29/07/2018,01/08/2018,2,24,44,0,0,216,31,28540.0,2,1807,2,13,1395,22.0
1737,2787,29/07/2018,01/08/2018,2,24,44,0,0,216,31,28540.0,2,562,1,2,1128,4.368
1738,1166,03/09/2016,09/09/2016,3,191,206,1,0,436,3,94122.0,3,1335,1,14,1504,31.44
1739,1166,03/09/2016,09/09/2016,3,191,206,1,0,436,3,94122.0,3,1547,2,0,959,17.9
1740,1166,03/09/2016,09/09/2016,3,191,206,1,0,436,3,94122.0,3,1562,2,0,1527,129.45
1741,138,09/08/2015,16/08/2015,3,255,257,2,0,435,3,92037.0,3,948,1,10,202,20.88
1742,3796,30/10/2018,03/11/2018,3,493,538,0,0,372,36,19140.0,1,1261,1,12,1828,20.736
1743,3796,30/10/2018,03/11/2018,3,493,538,0,0,372,36,19140.0,1,298,0,9,1486,7.168
1744,3796,30/10/2018,03/11/2018,3,493,538,0,0,372,36,19140.0,1,1371,1,14,586,11.168
1745,3796,30/10/2018,03/11/2018,3,493,538,0,0,372,36,19140.0,1,1488,2,0,665,442.4
1746,402,06/06/2015,09/06/2015,0,93,118,0,0,408,30,14609.0,1,556,1,2,1410,13.36
1747,2520,13/08/2017,17/08/2017,2,270,269,0,0,216,31,28540.0,2,642,1,3,82,11.232
1748,2520,13/08/2017,17/08/2017,2,270,269,0,0,216,31,28540.0,2,1283,1,12,537,10.272
1749,4252,25/04/2015,29/04/2015,3,187,228,2,0,207,41,77095.0,0,1220,1,12,1775,10.368
1750,4252,25/04/2015,29/04/2015,3,187,228,2,0,207,41,77095.0,0,545,1,2,10,6.24
1751,1292,22/11/2016,27/11/2016,3,530,518,2,0,432,41,78207.0,0,371,0,16,826,206.962
1752,4100,14/10/2018,17/10/2018,0,411,395,0,0,340,3,94601.0,3,201,0,9,391,9.46
1753,3068,02/12/2018,05/12/2018,0,786,782,1,0,436,3,94122.0,3,1410,1,14,644,559.62
1754,3068,02/12/2018,05/12/2018,0,786,782,1,0,436,3,94122.0,3,1268,1,12,1727,109.92
1755,3068,02/12/2018,05/12/2018,0,786,782,1,0,436,3,94122.0,3,1238,1,12,1750,8.56
1756,1247,08/12/2016,11/12/2016,2,772,761,2,0,154,41,76106.0,0,1020,1,12,1732,360.712
1757,1247,08/12/2016,11/12/2016,2,772,761,2,0,154,41,76106.0,0,1741,2,13,1620,1718.4
1758,4293,13/07/2016,15/07/2016,0,698,675,2,0,207,41,77095.0,0,712,1,3,1633,41.568
1759,464,11/05/2015,17/05/2015,3,648,623,0,0,207,41,77095.0,0,1483,2,0,994,46.864
1760,501,05/01/2015,12/01/2015,3,485,537,0,0,372,36,19143.0,1,582,1,2,250,19.536
1761,1175,05/09/2016,09/09/2016,3,26,59,0,0,435,3,92105.0,3,1,0,4,1420,411.332
1762,1175,05/09/2016,09/09/2016,3,26,59,0,0,435,3,92105.0,3,715,1,3,500,28.752
1763,1175,05/09/2016,09/09/2016,3,26,59,0,0,435,3,92105.0,3,27,0,4,1421,293.199
1764,1821,04/08/2017,08/08/2017,3,521,515,2,0,465,44,23434.0,2,1440,1,15,84,35.06
1765,1821,04/08/2017,08/08/2017,3,521,515,2,0,465,44,23434.0,2,1006,1,10,182,4.13
1766,1821,04/08/2017,08/08/2017,3,521,515,2,0,465,44,23434.0,2,189,0,9,120,109.8
1767,1821,04/08/2017,08/08/2017,3,521,515,2,0,465,44,23434.0,2,971,1,10,184,9.82
1768,4254,22/03/2015,26/03/2015,3,137,177,0,0,178,31,27405.0,2,822,1,3,394,7.644
1769,4254,22/03/2015,26/03/2015,3,137,177,0,0,178,31,27405.0,2,745,1,3,700,51.465
1770,3667,02/03/2018,08/03/2018,3,679,716,1,0,109,41,75081.0,0,1433,1,15,1495,6.976
1771,3667,02/03/2018,08/03/2018,3,679,716,1,0,109,41,75081.0,0,767,1,3,1636,12.222
1772,2115,27/11/2017,29/11/2017,2,297,308,1,0,80,11,60623.0,0,1409,1,14,1364,97.984
1773,2115,27/11/2017,29/11/2017,2,297,308,1,0,80,11,60623.0,0,1489,2,0,1072,62.4
1774,224,28/04/2015,03/05/2015,3,549,551,1,0,28,18,21215.0,1,701,1,3,58,20.86
1775,224,28/04/2015,03/05/2015,3,549,551,1,0,28,18,21215.0,1,1320,1,14,1338,497.61
1776,224,28/04/2015,03/05/2015,3,549,551,1,0,28,18,21215.0,1,628,1,2,343,5.34
1777,224,28/04/2015,03/05/2015,3,549,551,1,0,28,18,21215.0,1,953,1,10,195,3.15
1778,853,24/11/2016,28/11/2016,3,229,198,0,0,265,3,90004.0,3,1066,1,12,1703,368.91
1779,853,24/11/2016,28/11/2016,3,229,198,0,0,265,3,90004.0,3,566,1,2,1295,14.7
1780,2045,11/11/2017,16/11/2017,3,74,117,0,0,327,30,10011.0,1,1560,2,0,1084,59.97
1781,2045,11/11/2017,16/11/2017,3,74,117,0,0,327,30,10011.0,1,1361,1,14,1382,83.36
1782,923,09/07/2016,13/07/2016,3,127,167,1,0,156,19,2038.0,1,1113,1,12,1568,6.58
1783,923,09/07/2016,13/07/2016,3,127,167,1,0,156,19,2038.0,1,699,1,3,1637,122.94
1784,4052,22/09/2018,26/09/2018,3,354,372,1,0,297,47,53209.0,0,1268,1,12,1727,219.84
1785,4052,22/09/2018,26/09/2018,3,354,372,1,0,297,47,53209.0,0,1582,2,0,995,98.16
1786,4052,22/09/2018,26/09/2018,3,354,372,1,0,297,47,53209.0,0,759,1,3,33,33.04
1787,4052,22/09/2018,26/09/2018,3,354,372,1,0,297,47,53209.0,0,1733,2,13,42,86.97
1788,1488,15/02/2016,19/02/2016,3,654,655,1,0,224,47,53142.0,0,1742,2,13,922,134.97
1789,1488,15/02/2016,19/02/2016,3,654,655,1,0,224,47,53142.0,0,1697,2,13,1390,699.98
1790,1488,15/02/2016,19/02/2016,3,654,655,1,0,224,47,53142.0,0,1584,2,0,1060,139.95
1791,28,30/09/2015,04/10/2015,3,618,659,0,0,327,30,10011.0,1,1250,1,12,1566,48.94
1792,238,01/12/2015,03/12/2015,0,653,624,0,0,271,47,53711.0,0,76,0,5,1209,2807.84
1793,238,01/12/2015,03/12/2015,0,653,624,0,0,271,47,53711.0,0,486,1,2,885,46.64
1794,68,08/12/2015,13/12/2015,3,732,743,1,0,207,41,77041.0,0,1317,1,14,461,60.416
1795,2292,05/09/2017,10/09/2017,3,77,96,2,0,344,14,66062.0,0,608,1,2,1230,107.94
1796,4811,27/08/2018,30/08/2018,0,535,501,2,0,327,30,10024.0,1,1366,1,14,927,63.84
1797,4811,27/08/2018,30/08/2018,0,535,501,2,0,327,30,10024.0,1,1694,2,13,723,347.97
1798,4811,27/08/2018,30/08/2018,0,535,501,2,0,327,30,10024.0,1,794,1,3,499,37.008
1799,1678,07/07/2017,11/07/2017,3,648,623,0,0,438,3,95123.0,3,245,0,9,873,215.65
1800,1992,08/08/2017,10/08/2017,2,363,369,0,0,109,41,75081.0,0,906,1,8,1195,11.168
1801,1992,08/08/2017,10/08/2017,2,363,369,0,0,109,41,75081.0,0,1147,1,12,921,53.952
1802,2422,13/11/2017,19/11/2017,3,53,8,2,0,23,45,98002.0,3,295,0,9,576,4.18
1803,3899,22/09/2018,26/09/2018,2,339,396,0,0,372,36,19134.0,1,740,1,3,448,5.607
1804,3899,22/09/2018,26/09/2018,2,339,396,0,0,372,36,19134.0,1,1441,1,15,1042,4663.736
1805,3899,22/09/2018,26/09/2018,2,339,396,0,0,372,36,19134.0,1,1542,2,0,1016,79.984
1806,4477,25/12/2017,28/12/2017,0,302,306,1,0,265,3,90049.0,3,1758,2,13,1388,2575.944
1807,4477,25/12/2017,28/12/2017,0,302,306,1,0,265,3,90049.0,3,1149,1,12,1821,45.36
1808,4477,25/12/2017,28/12/2017,0,302,306,1,0,265,3,90049.0,3,1496,2,0,1400,254.24
1809,2677,11/02/2017,13/02/2017,0,585,612,1,0,488,34,74133.0,0,1854,2,13,1063,69.93
1810,2685,23/10/2017,29/10/2017,3,326,324,1,0,80,11,60610.0,0,177,0,9,484,16.156
1811,2685,23/10/2017,29/10/2017,3,326,324,1,0,80,11,60610.0,0,1062,1,12,1714,54.816
1812,393,09/06/2015,11/06/2015,2,289,285,0,0,190,44,22801.0,2,369,0,16,318,1441.3
1813,4889,20/11/2018,26/11/2018,3,115,111,0,0,328,33,43055.0,1,197,0,9,673,77.6
1814,4889,20/11/2018,26/11/2018,3,115,111,0,0,328,33,43055.0,1,143,0,9,728,4.656
1815,1190,14/09/2016,18/09/2016,3,707,706,1,0,265,3,90045.0,3,344,0,16,942,170.136
1816,1614,04/06/2016,04/06/2016,1,464,454,0,0,450,45,98105.0,3,952,1,10,211,7.38
1817,1614,04/06/2016,04/06/2016,1,464,454,0,0,450,45,98105.0,3,625,1,2,331,9.26
1818,1107,13/12/2016,15/12/2016,2,488,503,0,0,265,3,90036.0,3,968,1,10,223,9.96
1819,4189,25/05/2015,29/05/2015,3,385,347,0,0,80,11,60623.0,0,406,1,1,799,75.6
1820,4189,25/05/2015,29/05/2015,3,385,347,0,0,80,11,60623.0,0,229,0,9,595,29.32
1821,2733,16/02/2017,20/02/2017,3,245,267,1,0,80,11,60623.0,0,461,1,1,856,92.064
1822,2733,16/02/2017,20/02/2017,3,245,267,1,0,80,11,60623.0,0,904,1,8,122,6.976
1823,2733,16/02/2017,20/02/2017,3,245,267,1,0,80,11,60623.0,0,129,0,5,764,62.958
1824,2733,16/02/2017,20/02/2017,3,245,267,1,0,80,11,60623.0,0,1076,1,12,1800,5.184
1825,2712,22/12/2017,28/12/2017,3,663,720,0,0,398,35,97756.0,3,785,1,3,177,31.32
1826,2712,22/12/2017,28/12/2017,3,663,720,0,0,398,35,97756.0,3,203,0,9,21,11.84
1827,2712,22/12/2017,28/12/2017,3,663,720,0,0,398,35,97756.0,3,238,0,9,1440,22.784
1828,1802,08/02/2017,11/02/2017,2,144,136,2,0,392,31,27604.0,2,1780,2,13,1393,1127.976
1829,4361,13/07/2016,15/07/2016,2,559,562,1,0,270,9,31204.0,2,1014,1,12,1717,38.88
1830,47,18/05/2015,24/05/2015,3,108,116,0,0,86,33,44105.0,1,1791,2,13,155,779.796
1831,3666,21/10/2018,21/10/2018,1,698,675,2,0,318,34,74403.0,0,1705,2,13,1289,1439.92
1832,3666,21/10/2018,21/10/2018,1,698,675,2,0,318,34,74403.0,0,341,0,16,319,262.11
1833,1187,05/11/2016,09/11/2016,3,294,300,1,0,306,31,28110.0,2,68,0,5,798,207.0
1834,3988,01/08/2018,07/08/2018,3,51,2,1,0,25,41,78745.0,0,1620,2,11,282,1439.982
1835,3988,01/08/2018,07/08/2018,3,51,2,1,0,25,41,78745.0,0,1229,1,12,1789,36.288
1836,493,21/06/2015,24/06/2015,0,648,623,0,0,289,5,6450.0,1,567,1,2,1149,21.4
1837,3206,19/02/2018,21/02/2018,2,565,572,1,0,417,9,30076.0,2,428,1,1,949,1245.86
1838,212,01/08/2015,05/08/2015,3,78,64,1,0,74,31,28205.0,2,946,1,10,1432,17.544
1839,212,01/08/2015,05/08/2015,3,78,64,1,0,74,31,28205.0,2,159,0,9,31,44.128
1840,212,01/08/2015,05/08/2015,3,78,64,1,0,74,31,28205.0,2,395,1,1,860,62.92
1841,212,01/08/2015,05/08/2015,3,78,64,1,0,74,31,28205.0,2,1168,1,12,1700,78.304
1842,2550,18/07/2017,23/07/2017,3,428,420,1,0,46,15,42104.0,2,64,0,5,850,140.81
1843,1241,09/02/2016,11/02/2016,2,279,280,1,0,432,41,78207.0,0,958,1,10,1357,40.096
1844,1241,09/02/2016,11/02/2016,2,279,280,1,0,432,41,78207.0,0,207,0,9,502,40.784
1845,4703,29/07/2018,02/08/2018,3,313,305,0,0,450,45,98115.0,3,1545,2,0,913,90.57
1846,4880,12/01/2018,17/01/2018,2,187,228,2,0,503,7,20016.0,1,1129,1,12,1737,40.08
1847,4880,12/01/2018,17/01/2018,2,187,228,2,0,503,7,20016.0,1,317,0,9,671,37.68
1848,3323,10/09/2018,10/09/2018,1,283,283,1,0,265,3,90004.0,3,92,0,5,497,362.352
1849,3323,10/09/2018,10/09/2018,1,283,283,1,0,265,3,90004.0,3,807,1,3,259,7.184
1850,1562,20/07/2016,25/07/2016,2,646,618,0,0,457,12,46614.0,0,1302,1,14,1102,34.76
1851,1562,20/07/2016,25/07/2016,2,646,618,0,0,457,12,46614.0,0,1521,2,0,909,831.2
1852,1562,20/07/2016,25/07/2016,2,646,618,0,0,457,12,46614.0,0,1054,1,12,1771,26.4
1853,1562,20/07/2016,25/07/2016,2,646,618,0,0,457,12,46614.0,0,848,1,7,1617,106.75
1854,1562,20/07/2016,25/07/2016,2,646,618,0,0,457,12,46614.0,0,1204,1,12,1567,97.82
1855,1562,20/07/2016,25/07/2016,2,646,618,0,0,457,12,46614.0,0,1390,1,14,581,141.4
1856,184,13/06/2015,17/06/2015,3,286,279,1,0,265,3,90032.0,3,589,1,2,1499,14.52
1857,4878,12/05/2018,15/05/2018,2,11,27,1,0,207,41,77041.0,0,1304,1,14,634,127.92
1858,4878,12/05/2018,15/05/2018,2,11,27,1,0,207,41,77041.0,0,727,1,3,1629,34.24
1859,1059,03/09/2016,05/09/2016,0,340,358,1,0,51,5,6010.0,1,421,1,1,821,137.62
1860,1059,03/09/2016,05/09/2016,0,340,358,1,0,51,5,6010.0,1,1859,2,13,447,100.49
1861,4742,26/03/2018,27/03/2018,0,303,294,0,0,327,30,10009.0,1,14,0,4,1426,257.568
1862,4742,26/03/2018,27/03/2018,0,303,294,0,0,327,30,10009.0,1,1853,2,13,1163,119.96
1863,587,12/11/2015,12/11/2015,1,641,654,0,0,432,41,78207.0,0,1336,1,14,1260,49.632
1864,4428,13/10/2017,17/10/2017,3,557,573,1,0,24,4,80013.0,3,370,0,16,833,727.45
1865,4428,13/10/2017,17/10/2017,3,557,573,1,0,24,4,80013.0,3,191,0,9,624,24.96
1866,4715,12/11/2018,12/11/2018,1,563,555,1,0,328,33,43055.0,1,1788,2,13,933,370.782
1867,3125,15/04/2018,18/04/2018,0,28,4,1,0,194,26,89015.0,3,299,0,9,875,196.45
1868,1125,25/06/2016,01/07/2016,3,144,136,2,0,372,36,19143.0,1,1213,1,12,1806,31.104
1869,1125,25/06/2016,01/07/2016,3,144,136,2,0,372,36,19143.0,1,1372,1,14,1551,78.256
1870,2401,26/08/2017,29/08/2017,2,129,141,0,0,450,45,98103.0,3,1014,1,12,1717,6.48
1871,209,21/07/2015,25/07/2015,3,499,532,1,0,436,3,94122.0,3,543,1,2,1141,99.2
1872,209,21/07/2015,25/07/2015,3,499,532,1,0,436,3,94122.0,3,67,0,5,768,801.568
1873,209,21/07/2015,25/07/2015,3,499,532,1,0,436,3,94122.0,3,365,0,16,827,272.848
1874,3593,21/11/2018,25/11/2018,3,102,81,0,0,460,45,99207.0,3,373,0,16,1378,70.98
1875,556,04/06/2015,09/06/2015,3,532,496,2,0,94,33,43229.0,1,1118,1,12,537,16.224
1876,4459,10/03/2017,16/03/2017,3,146,132,0,0,261,30,11561.0,1,28,0,4,1189,176.784
1877,2998,25/03/2018,29/03/2018,3,346,383,0,0,432,41,78207.0,0,1708,2,13,1241,470.376
1878,3127,29/12/2018,02/01/2019,3,365,342,0,0,265,3,90049.0,3,97,0,5,753,393.568
1879,3127,29/12/2018,02/01/2019,3,365,342,0,0,265,3,90049.0,3,1775,2,13,114,302.376
1880,4908,28/03/2018,02/04/2018,3,150,182,1,0,216,8,32216.0,2,685,1,3,406,68.742
1881,894,05/03/2016,05/03/2016,1,459,477,0,0,327,30,10011.0,1,872,1,7,1492,29.34
1882,894,05/03/2016,05/03/2016,1,459,477,0,0,327,30,10011.0,1,65,0,5,769,383.607
1883,894,05/03/2016,05/03/2016,1,459,477,0,0,327,30,10011.0,1,1314,1,14,658,563.4
1884,1954,13/11/2017,17/11/2017,3,132,160,2,0,372,36,19143.0,1,1095,1,12,1615,217.056
1885,3826,19/01/2018,23/01/2018,2,217,189,0,0,222,41,76248.0,0,993,1,10,220,6.0
1886,2396,22/04/2017,26/04/2017,2,592,591,0,0,436,3,94122.0,3,200,0,9,1585,31.56
1887,477,13/05/2015,15/05/2015,0,260,265,2,0,197,8,33012.0,2,926,1,8,1498,7.104
1888,477,13/05/2015,15/05/2015,0,260,265,2,0,197,8,33012.0,2,826,1,3,681,398.352
1889,507,21/10/2015,22/10/2015,0,738,765,0,0,147,33,45014.0,1,468,1,1,661,121.792
1890,507,21/10/2015,22/10/2015,0,738,765,0,0,147,33,45014.0,1,320,0,16,852,409.59
1891,658,14/03/2015,18/03/2015,3,215,213,1,0,208,3,92646.0,3,1088,1,12,1761,10.56
1892,658,14/03/2015,18/03/2015,3,215,213,1,0,208,3,92646.0,3,592,1,2,251,3.38
1893,3652,22/12/2018,24/12/2018,2,400,366,0,0,384,8,32127.0,2,872,1,7,1492,7.824
1894,1667,24/11/2017,29/11/2017,3,139,130,0,0,284,35,97504.0,3,1032,1,12,891,24.784
1895,4678,02/12/2018,05/12/2018,0,52,5,0,0,75,44,22901.0,2,518,1,2,1113,34.65
1896,890,31/12/2016,04/01/2017,3,397,350,0,0,302,24,59801.0,3,831,1,3,895,487.984
1897,3573,03/10/2018,06/10/2018,0,12,29,0,0,298,21,55407.0,0,691,1,3,685,1793.98
1898,786,29/08/2015,02/09/2015,2,619,661,0,0,293,8,33178.0,2,864,1,7,940,29.808
1899,786,29/08/2015,02/09/2015,2,619,661,0,0,293,8,33178.0,2,821,1,3,679,505.176
1900,786,29/08/2015,02/09/2015,2,619,661,0,0,293,8,33178.0,2,334,0,16,284,174.0585
1901,2285,29/06/2017,03/07/2017,2,186,174,0,0,151,38,29501.0,2,1304,1,14,634,191.88
1902,2444,20/08/2017,23/08/2017,0,240,230,2,0,123,20,48205.0,0,1858,2,13,1373,14.78
1903,4068,21/10/2018,22/10/2018,0,210,187,1,0,462,35,97477.0,3,1241,1,12,1813,5.184
1904,4068,21/10/2018,22/10/2018,0,210,187,1,0,462,35,97477.0,3,50,0,5,739,478.48
1905,4068,21/10/2018,22/10/2018,0,210,187,1,0,462,35,97477.0,3,1550,2,0,1068,28.4
1906,3822,21/10/2018,24/10/2018,0,496,522,1,0,211,12,46203.0,0,1377,1,14,1363,909.12
1907,4573,17/05/2017,21/05/2017,3,654,655,1,0,13,8,32712.0,2,709,1,3,1307,2.952
1908,4573,17/05/2017,21/05/2017,3,654,655,1,0,13,8,32712.0,2,639,1,3,699,27.018
1909,1540,03/02/2016,04/02/2016,0,660,634,1,0,265,3,90008.0,3,291,0,9,795,136.92
1910,2884,18/12/2018,23/12/2018,3,198,242,0,0,341,30,11572.0,1,172,0,9,480,18.96
1911,1756,15/11/2017,22/11/2017,3,679,716,1,0,265,3,90008.0,3,1568,2,0,910,99.39
1912,3173,03/07/2018,06/07/2018,2,283,283,1,0,207,41,77041.0,0,1136,1,12,1673,273.896
1913,3173,03/07/2018,06/07/2018,2,283,283,1,0,207,41,77041.0,0,1664,2,11,807,597.132
1914,46,15/01/2015,17/01/2015,0,259,264,0,0,417,9,30076.0,2,1565,2,0,992,149.95
1915,3246,30/04/2018,05/05/2018,3,57,41,2,0,47,8,33437.0,2,986,1,10,180,4.608
1916,3246,30/04/2018,05/05/2018,3,57,41,2,0,47,8,33437.0,2,549,1,2,1499,15.528
1917,3246,30/04/2018,05/05/2018,3,57,41,2,0,47,8,33437.0,2,965,1,10,207,11.952
1918,859,08/11/2016,14/11/2016,3,316,325,0,0,156,19,2038.0,1,523,1,2,138,11.65
1919,1086,30/10/2016,01/11/2016,2,144,136,2,0,123,20,48227.0,0,1740,2,13,1236,299.9
1920,4696,17/08/2018,19/08/2018,0,257,249,1,0,506,30,13601.0,1,762,1,3,684,895.92
1921,4696,17/08/2018,19/08/2018,0,257,249,1,0,506,30,13601.0,1,117,0,5,741,462.564
1922,1102,03/10/2016,09/10/2016,3,551,499,1,0,395,36,19601.0,1,1373,1,14,1494,15.008
1923,2531,08/07/2017,10/07/2017,2,670,680,1,0,16,41,76017.0,0,1836,2,13,437,863.64
1924,2531,08/07/2017,10/07/2017,2,670,680,1,0,16,41,76017.0,0,488,1,2,1153,47.616
1925,3289,05/12/2018,07/12/2018,2,570,553,0,0,435,3,92024.0,3,1200,1,12,1749,92.94
1926,2819,09/03/2018,13/03/2018,3,479,464,1,0,436,3,94110.0,3,1509,2,0,1015,199.98
1927,4537,09/06/2017,15/06/2017,3,306,310,0,0,265,3,90045.0,3,1713,2,13,172,177.48
1928,3174,28/11/2018,01/12/2018,0,642,631,0,0,120,4,80219.0,3,1248,1,12,538,88.768
1929,4642,16/03/2018,18/03/2018,2,780,776,2,0,450,45,98105.0,3,1145,1,12,1809,6.48
1930,4642,16/03/2018,18/03/2018,2,780,776,2,0,450,45,98105.0,3,1406,1,14,1376,46.51
1931,4642,16/03/2018,18/03/2018,2,780,776,2,0,450,45,98105.0,3,1833,2,13,1092,659.976
1932,2455,27/11/2017,29/11/2017,2,136,176,0,0,449,1,85254.0,3,1770,2,13,1101,271.992
1933,3958,06/08/2018,10/08/2018,2,720,689,0,0,233,16,70506.0,2,3,0,4,1180,145.74
1934,3958,06/08/2018,10/08/2018,2,720,689,0,0,233,16,70506.0,2,192,0,9,1028,15.4
1935,2782,27/11/2018,03/12/2018,3,479,464,1,0,436,3,94109.0,3,1204,1,12,1567,244.55
1936,2782,27/11/2018,03/12/2018,3,479,464,1,0,436,3,94109.0,3,1491,2,0,600,166.16
1937,1322,25/05/2016,27/05/2016,2,572,577,2,0,436,3,94109.0,3,218,0,9,1586,14.73
1938,1849,08/07/2017,12/07/2017,3,355,379,0,0,53,4,80020.0,3,725,1,3,712,19.968
1939,1849,08/07/2017,12/07/2017,3,355,379,0,0,53,4,80020.0,3,1344,1,14,1255,33.488
1940,1849,08/07/2017,12/07/2017,3,355,379,0,0,53,4,80020.0,3,702,1,3,1623,8.736
1941,1849,08/07/2017,12/07/2017,3,355,379,0,0,53,4,80020.0,3,121,0,5,1362,662.88
1942,3621,29/08/2018,01/09/2018,0,164,137,1,0,391,11,62301.0,0,1007,1,10,214,47.36
1943,3621,29/08/2018,01/09/2018,0,164,137,1,0,391,11,62301.0,0,1412,1,14,125,27.44
1944,3621,29/08/2018,01/09/2018,0,164,137,1,0,391,11,62301.0,0,720,1,3,1628,3.24
1945,1790,20/06/2017,26/06/2017,3,245,267,1,0,67,41,75007.0,0,1486,2,0,1011,95.968
1946,1790,20/06/2017,26/06/2017,3,245,267,1,0,67,41,75007.0,0,1076,1,12,1800,10.368
1947,3891,02/09/2018,06/09/2018,3,13,40,1,0,327,30,10009.0,1,492,1,2,1130,23.1
1948,3891,02/09/2018,06/09/2018,3,13,40,1,0,327,30,10009.0,1,177,0,9,484,11.54
1949,3891,02/09/2018,06/09/2018,3,13,40,1,0,327,30,10009.0,1,336,0,16,376,254.526
1950,3891,02/09/2018,06/09/2018,3,13,40,1,0,327,30,10009.0,1,385,1,1,636,12.98
1951,3891,02/09/2018,06/09/2018,3,13,40,1,0,327,30,10009.0,1,844,1,3,32,26.432
1952,3891,02/09/2018,06/09/2018,3,13,40,1,0,327,30,10009.0,1,1821,2,13,440,197.97
1953,3891,02/09/2018,06/09/2018,3,13,40,1,0,327,30,10009.0,1,967,1,10,228,18.9
1954,3891,02/09/2018,06/09/2018,3,13,40,1,0,327,30,10009.0,1,104,0,5,740,1282.41
1955,3891,02/09/2018,06/09/2018,3,13,40,1,0,327,30,10009.0,1,621,1,2,274,4.92
1956,3891,02/09/2018,06/09/2018,3,13,40,1,0,327,30,10009.0,1,1540,2,0,1605,238.0
1957,3891,02/09/2018,06/09/2018,3,13,40,1,0,327,30,10009.0,1,1459,2,0,1462,167.97
1958,3891,02/09/2018,06/09/2018,3,13,40,1,0,327,30,10009.0,1,1238,1,12,1750,17.12
1959,2977,10/09/2018,15/09/2018,2,662,644,0,0,462,23,65807.0,0,782,1,3,23,16.2
1960,2977,10/09/2018,15/09/2018,2,662,644,0,0,462,23,65807.0,0,469,1,1,820,33.99
1961,2977,10/09/2018,15/09/2018,2,662,644,0,0,462,23,65807.0,0,1544,2,0,996,296.85
1962,2977,10/09/2018,15/09/2018,2,662,644,0,0,462,23,65807.0,0,1520,2,0,915,112.8
1963,2977,10/09/2018,15/09/2018,2,662,644,0,0,462,23,65807.0,0,758,1,3,1110,13.71
1964,2977,10/09/2018,15/09/2018,2,662,644,0,0,462,23,65807.0,0,1176,1,12,1759,24.9
1965,2977,10/09/2018,15/09/2018,2,662,644,0,0,462,23,65807.0,0,1289,1,14,657,286.29
1966,2977,10/09/2018,15/09/2018,2,662,644,0,0,462,23,65807.0,0,447,1,1,53,24.18
1967,4044,21/12/2018,28/12/2018,3,192,212,0,0,365,28,7501.0,1,1753,2,13,932,281.97
1968,4044,21/12/2018,28/12/2018,3,192,212,0,0,365,28,7501.0,1,1424,1,15,91,69.5
1969,4044,21/12/2018,28/12/2018,3,192,212,0,0,365,28,7501.0,1,1085,1,12,1697,166.44
1970,3092,23/09/2018,29/09/2018,3,67,87,0,0,488,34,74133.0,0,1588,2,0,916,291.96
1971,3540,06/05/2018,11/05/2018,3,521,515,2,0,80,11,60623.0,0,628,1,2,343,6.408
1972,3540,06/05/2018,11/05/2018,3,521,515,2,0,80,11,60623.0,0,1588,2,0,916,408.744
1973,568,14/12/2015,19/12/2015,3,350,399,0,0,80,11,60610.0,0,687,1,3,248,5.104
1974,568,14/12/2015,19/12/2015,3,350,399,0,0,80,11,60610.0,0,931,1,8,161,2.896
1975,568,14/12/2015,19/12/2015,3,350,399,0,0,80,11,60610.0,0,1538,2,0,313,35.016
1976,137,18/10/2015,20/10/2015,2,54,14,1,0,308,0,36116.0,2,1346,1,14,774,275.97
1977,137,18/10/2015,20/10/2015,2,54,14,1,0,308,0,36116.0,2,1764,2,13,175,1394.95
1978,137,18/10/2015,20/10/2015,2,54,14,1,0,308,0,36116.0,2,110,0,5,771,545.88
1979,901,08/05/2016,12/05/2016,3,1,24,0,0,428,35,97301.0,3,475,1,2,1127,5.248
1980,1858,14/04/2017,14/04/2017,1,443,429,0,0,168,1,85301.0,3,119,0,5,830,933.536
1981,1858,14/04/2017,14/04/2017,1,443,429,0,0,168,1,85301.0,3,1331,1,14,650,42.976
1982,1026,14/12/2016,16/12/2016,2,527,550,1,0,94,9,31907.0,2,810,1,3,16,3.76
1983,261,03/12/2015,09/12/2015,3,564,560,0,0,343,34,73120.0,0,1819,2,13,934,479.96
1984,726,25/11/2015,27/11/2015,2,478,453,1,0,49,3,94513.0,3,381,1,1,304,320.88
1985,726,25/11/2015,27/11/2015,2,478,453,1,0,49,3,94513.0,3,204,0,9,1496,23.88
1986,726,25/11/2015,27/11/2015,2,478,453,1,0,49,3,94513.0,3,1060,1,12,1650,26.76
1987,2392,25/07/2017,27/07/2017,0,126,159,0,0,94,33,43229.0,1,1603,2,6,804,1439.976
1988,1132,09/11/2016,13/11/2016,3,52,5,0,0,462,23,65807.0,0,734,1,3,329,17.22
1989,1132,09/11/2016,13/11/2016,3,52,5,0,0,462,23,65807.0,0,348,0,16,324,1024.38
1990,1132,09/11/2016,13/11/2016,3,52,5,0,0,462,23,65807.0,0,849,1,7,4,26.22
1991,1132,09/11/2016,13/11/2016,3,52,5,0,0,462,23,65807.0,0,1155,1,12,1767,17.34
1992,2985,24/02/2018,28/02/2018,3,126,159,0,0,372,36,19134.0,1,844,1,3,32,4.956
1993,3424,25/06/2018,02/07/2018,3,521,515,2,0,462,35,97477.0,3,996,1,10,134,71.04
1994,3424,25/06/2018,02/07/2018,3,521,515,2,0,462,35,97477.0,3,548,1,2,588,5.344
1995,3424,25/06/2018,02/07/2018,3,521,515,2,0,462,35,97477.0,3,939,1,8,1281,11.304
1996,4839,02/12/2018,04/12/2018,2,409,400,0,0,207,41,77036.0,0,429,1,1,17,294.62
1997,4839,02/12/2018,04/12/2018,2,409,400,0,0,207,41,77036.0,0,286,0,9,119,8.752
1998,385,06/02/2015,09/02/2015,0,559,562,1,0,77,44,23320.0,2,981,1,10,187,15.0
1999,385,06/02/2015,09/02/2015,0,559,562,1,0,77,44,23320.0,2,1815,2,13,47,161.61
2000,385,06/02/2015,09/02/2015,0,559,562,1,0,77,44,23320.0,2,1733,2,13,42,144.95
2001,4047,11/04/2018,18/04/2018,3,481,479,0,0,362,3,91104.0,3,1505,2,0,1404,199.95
2002,4047,11/04/2018,18/04/2018,3,481,479,0,0,362,3,91104.0,3,510,1,2,530,41.86
2003,4008,25/12/2018,28/12/2018,2,411,395,0,0,266,15,40214.0,2,1304,1,14,634,95.94
2004,4008,25/12/2018,28/12/2018,2,411,395,0,0,266,15,40214.0,2,65,0,5,769,304.45
2005,4827,11/04/2018,18/04/2018,3,668,668,2,0,269,41,79424.0,0,836,1,3,672,11.364
2006,146,31/12/2015,04/01/2016,3,661,640,1,0,93,23,65203.0,0,473,1,2,275,29.68
2007,146,31/12/2015,04/01/2016,3,661,640,1,0,93,23,65203.0,0,1463,2,0,1374,47.53
2008,4038,03/08/2018,04/08/2018,0,158,144,0,0,80,11,60623.0,0,26,0,4,1186,183.372
2009,201,15/11/2015,21/11/2015,3,358,344,0,0,219,40,37604.0,2,514,1,2,1115,4.224
2010,201,15/11/2015,21/11/2015,3,358,344,0,0,219,40,37604.0,2,416,1,1,8,333.056
2011,201,15/11/2015,21/11/2015,3,358,344,0,0,219,40,37604.0,2,1154,1,12,1467,24.896
2012,1510,11/12/2016,11/12/2016,1,680,718,0,0,207,41,77041.0,0,1502,2,0,1017,159.984
2013,1510,11/12/2016,11/12/2016,1,680,718,0,0,207,41,77041.0,0,1324,1,14,582,46.344
2014,2364,18/09/2017,23/09/2017,3,41,46,0,0,23,0,36830.0,2,76,0,5,1209,350.98
2015,2364,18/09/2017,23/09/2017,3,41,46,0,0,23,0,36830.0,2,1055,1,12,1472,13.08
2016,2364,18/09/2017,23/09/2017,3,41,46,0,0,23,0,36830.0,2,1399,1,14,1550,900.08
2017,959,19/03/2016,23/03/2016,3,89,83,0,0,433,3,92404.0,3,640,1,3,688,17.568
2018,959,19/03/2016,23/03/2016,3,89,83,0,0,433,3,92404.0,3,946,1,10,1432,14.62
2019,959,19/03/2016,23/03/2016,3,89,83,0,0,433,3,92404.0,3,1427,1,15,88,33.36
2020,959,19/03/2016,23/03/2016,3,89,83,0,0,433,3,92404.0,3,1185,1,12,1648,40.14
2021,2722,19/09/2017,21/09/2017,0,643,632,2,0,388,37,2908.0,1,1342,1,14,871,1606.23
2022,2722,19/09/2017,21/09/2017,0,643,632,2,0,388,37,2908.0,1,1168,1,12,107,17.04
2023,2722,19/09/2017,21/09/2017,0,643,632,2,0,388,37,2908.0,1,839,1,3,930,49.53
2024,2722,19/09/2017,21/09/2017,0,643,632,2,0,388,37,2908.0,1,127,0,5,988,872.32
2025,4695,20/08/2018,22/08/2018,2,305,298,0,0,159,3,93727.0,3,754,1,3,705,239.12
2026,974,13/03/2016,15/03/2016,0,486,483,0,0,450,45,98103.0,3,43,0,4,1383,141.96
2027,1875,08/09/2017,10/09/2017,2,780,776,2,0,241,3,93534.0,3,731,1,3,1484,33.024
2028,1875,08/09/2017,10/09/2017,2,780,776,2,0,241,3,93534.0,3,718,1,3,1301,67.136
2029,1011,26/11/2016,30/11/2016,3,308,314,1,0,253,19,1453.0,1,653,1,3,1304,14.73
2030,1011,26/11/2016,30/11/2016,3,308,314,1,0,253,19,1453.0,1,1330,1,14,1553,104.9
2031,1011,26/11/2016,30/11/2016,3,308,314,1,0,253,19,1453.0,1,786,1,3,136,61.04
2032,1011,26/11/2016,30/11/2016,3,308,314,1,0,253,19,1453.0,1,1093,1,12,1029,10.95
2033,2108,09/12/2017,13/12/2017,3,294,300,1,0,154,41,76106.0,0,1161,1,12,1564,9.392
2034,2108,09/12/2017,13/12/2017,3,294,300,1,0,154,41,76106.0,0,486,1,2,885,9.328
2035,3984,25/09/2018,29/09/2018,3,181,131,0,0,408,21,55901.0,0,759,1,3,33,8.26
2036,3984,25/09/2018,29/09/2018,3,181,131,0,0,408,21,55901.0,0,100,0,5,759,269.97
2037,1021,23/01/2016,27/01/2016,3,184,125,2,0,48,24,59715.0,3,1190,1,12,1654,29.04
2038,1021,23/01/2016,27/01/2016,3,184,125,2,0,48,24,59715.0,3,983,1,10,210,14.62
2039,1071,18/06/2016,23/06/2016,3,703,702,2,0,369,1,85345.0,3,1116,1,12,1707,11.952
2040,1071,18/06/2016,23/06/2016,3,703,702,2,0,369,1,85345.0,3,833,1,3,1249,4.536
2041,1071,18/06/2016,23/06/2016,3,703,702,2,0,369,1,85345.0,3,786,1,3,136,9.156
2042,1071,18/06/2016,23/06/2016,3,703,702,2,0,369,1,85345.0,3,317,0,9,671,75.36
2043,844,02/10/2016,08/10/2016,3,246,245,1,0,435,3,92105.0,3,838,1,3,693,57.504
2044,4882,18/11/2018,23/11/2018,3,410,346,1,0,240,33,44107.0,1,530,1,2,278,38.864
2045,354,17/08/2015,23/08/2015,3,417,437,1,0,207,41,77095.0,0,1115,1,12,1797,15.552
2046,2154,17/07/2017,21/07/2017,3,489,504,1,0,370,28,8861.0,1,464,1,1,944,162.64
2047,2154,17/07/2017,21/07/2017,3,489,504,1,0,370,28,8861.0,1,1738,2,13,347,597.0
2048,2154,17/07/2017,21/07/2017,3,489,504,1,0,370,28,8861.0,1,1248,1,12,538,55.48
2049,1330,11/07/2016,13/07/2016,0,149,171,0,0,372,36,19134.0,1,310,0,9,880,289.8
2050,1330,11/07/2016,13/07/2016,0,149,171,0,0,372,36,19134.0,1,802,1,3,81,2.502
2051,1330,11/07/2016,13/07/2016,0,149,171,0,0,372,36,19134.0,1,782,1,3,23,6.48
2052,1330,11/07/2016,13/07/2016,0,149,171,0,0,372,36,19134.0,1,112,0,5,1170,341.488
2053,1330,11/07/2016,13/07/2016,0,149,171,0,0,372,36,19134.0,1,594,1,2,1140,11.12
2054,1330,11/07/2016,13/07/2016,0,149,171,0,0,372,36,19134.0,1,248,0,9,1044,25.344
2055,2221,01/12/2017,07/12/2017,3,630,630,0,0,405,12,47374.0,0,177,0,9,484,17.31
2056,3149,22/12/2018,25/12/2018,0,756,740,0,0,123,20,48227.0,0,1487,2,0,1089,199.95
2057,3149,22/12/2018,25/12/2018,0,756,740,0,0,123,20,48227.0,0,89,0,5,842,1586.69
2058,3149,22/12/2018,25/12/2018,0,756,740,0,0,123,20,48227.0,0,1476,2,0,1020,84.99
2059,3149,22/12/2018,25/12/2018,0,756,740,0,0,123,20,48227.0,0,369,0,16,318,411.8
2060,87,31/10/2015,04/11/2015,3,297,308,1,0,265,3,90049.0,3,927,1,8,1498,11.34
2061,87,31/10/2015,04/11/2015,3,297,308,1,0,265,3,90049.0,3,1404,1,14,982,80.3
2062,87,31/10/2015,04/11/2015,3,297,308,1,0,265,3,90049.0,3,742,1,3,245,15.968
2063,87,31/10/2015,04/11/2015,3,297,308,1,0,265,3,90049.0,3,1049,1,12,1740,64.74
2064,87,31/10/2015,04/11/2015,3,297,308,1,0,265,3,90049.0,3,811,1,3,662,19.296
2065,87,31/10/2015,04/11/2015,3,297,308,1,0,265,3,90049.0,3,1356,1,14,1554,405.64
2066,87,31/10/2015,04/11/2015,3,297,308,1,0,265,3,90049.0,3,112,0,5,1170,146.352
2067,87,31/10/2015,04/11/2015,3,297,308,1,0,265,3,90049.0,3,1584,2,0,1060,251.91
2068,87,31/10/2015,04/11/2015,3,297,308,1,0,265,3,90049.0,3,516,1,2,1131,12.39
2069,1215,13/04/2016,19/04/2016,3,791,791,0,0,381,3,91767.0,3,1539,2,0,1265,199.96
2070,1215,13/04/2016,19/04/2016,3,791,791,0,0,381,3,91767.0,3,360,0,16,835,710.832
2071,2377,21/07/2017,23/07/2017,2,135,172,1,0,372,36,19134.0,1,649,1,3,690,1.941
2072,4693,20/11/2018,25/11/2018,3,413,433,0,0,347,3,91761.0,3,114,0,5,1171,283.92
2073,2116,26/11/2017,02/12/2017,3,741,730,1,0,450,45,98105.0,3,758,1,3,1110,7.312
2074,3202,07/11/2018,12/11/2018,2,193,216,2,0,49,3,94513.0,3,1556,2,0,152,59.97
2075,3202,07/11/2018,12/11/2018,2,193,216,2,0,49,3,94513.0,3,1769,2,13,1267,761.544
2076,377,01/12/2015,05/12/2015,3,759,753,0,0,436,3,94122.0,3,197,0,9,673,58.2
2077,3550,12/09/2018,15/09/2018,0,81,71,0,0,28,18,21215.0,1,1249,1,12,109,39.9
2078,3550,12/09/2018,15/09/2018,0,81,71,0,0,28,18,21215.0,1,385,1,1,636,90.86
2079,3550,12/09/2018,15/09/2018,0,81,71,0,0,28,18,21215.0,1,1255,1,12,1725,94.85
2080,1034,24/12/2016,29/12/2016,3,536,489,0,0,373,1,85023.0,3,1097,1,12,464,106.232
2081,1034,24/12/2016,29/12/2016,3,536,489,0,0,373,1,85023.0,3,1756,2,13,451,111.984
2082,1034,24/12/2016,29/12/2016,3,536,489,0,0,373,1,85023.0,3,239,0,9,1038,7.712
2083,2854,23/02/2018,01/03/2018,3,149,171,0,0,265,3,90008.0,3,1189,1,12,143,37.44
2084,136,23/11/2015,29/11/2015,3,255,257,2,0,207,41,77036.0,0,996,1,10,134,23.68
2085,2284,23/06/2017,28/06/2017,3,338,336,0,0,327,30,10009.0,1,990,1,10,178,122.12
2086,2284,23/06/2017,28/06/2017,3,338,336,0,0,327,30,10009.0,1,947,1,10,230,18.45
2087,2284,23/06/2017,28/06/2017,3,338,336,0,0,327,30,10009.0,1,1292,1,14,633,324.9
2088,2284,23/06/2017,28/06/2017,3,338,336,0,0,327,30,10009.0,1,1204,1,12,1567,146.73
2089,2284,23/06/2017,28/06/2017,3,338,336,0,0,327,30,10009.0,1,937,1,8,1570,3.96
2090,1295,26/10/2016,30/10/2016,3,548,490,1,0,393,3,91730.0,3,998,1,10,216,5.76
2091,4048,15/07/2018,19/07/2018,3,524,482,0,0,519,6,19805.0,1,804,1,3,707,26.55
2092,4048,15/07/2018,19/07/2018,3,524,482,0,0,519,6,19805.0,1,371,0,16,826,310.443
2093,538,17/11/2015,21/11/2015,3,532,496,2,0,309,21,56560.0,0,122,0,5,766,479.9
2094,1429,13/04/2016,15/04/2016,2,60,55,0,0,149,29,87401.0,3,1450,1,15,1043,12.88
2095,4411,25/11/2016,29/11/2016,3,684,669,0,0,519,31,28403.0,2,508,1,2,1157,13.12
2096,4556,15/05/2017,20/05/2017,3,704,712,2,0,215,22,39212.0,2,707,1,3,683,511.84
2097,4556,15/05/2017,20/05/2017,3,704,712,2,0,215,22,39212.0,2,623,1,2,361,91.96
2098,4556,15/05/2017,20/05/2017,3,704,712,2,0,215,22,39212.0,2,601,1,2,1152,8.34
2099,3243,07/09/2018,12/09/2018,3,635,658,0,0,387,35,97206.0,3,1311,1,14,796,37.68
2100,3243,07/09/2018,12/09/2018,3,635,658,0,0,387,35,97206.0,3,1542,2,0,1016,279.944
2101,4212,10/03/2015,17/03/2015,3,444,430,0,0,120,4,80219.0,3,1293,1,14,1548,636.408
2102,4212,10/03/2015,17/03/2015,3,444,430,0,0,120,4,80219.0,3,503,1,2,280,83.168
2103,269,18/07/2015,18/07/2015,1,29,7,2,0,487,1,85705.0,3,90,0,5,1206,259.136
2104,4069,24/03/2018,28/03/2018,2,92,109,1,0,327,30,10009.0,1,1044,1,12,1669,221.92
2105,4069,24/03/2018,28/03/2018,2,92,109,1,0,327,30,10009.0,1,1489,2,0,1072,26.0
2106,4276,30/09/2015,05/10/2015,3,119,79,0,0,47,8,33437.0,2,1281,1,12,1812,15.552
2107,4240,26/09/2015,26/09/2015,1,322,329,1,0,292,41,75150.0,0,774,1,3,49,0.876
2108,1615,31/10/2016,31/10/2016,1,687,670,0,0,397,3,92374.0,3,1024,1,12,1693,19.98
2109,1615,31/10/2016,31/10/2016,1,687,670,0,0,397,3,92374.0,3,826,1,3,681,398.352
2110,1615,31/10/2016,31/10/2016,1,687,670,0,0,397,3,92374.0,3,616,1,2,1112,5.04
2111,1615,31/10/2016,31/10/2016,1,687,670,0,0,397,3,92374.0,3,906,1,8,1195,17.45
2112,1615,31/10/2016,31/10/2016,1,687,670,0,0,397,3,92374.0,3,120,0,5,751,323.136
2113,1615,31/10/2016,31/10/2016,1,687,670,0,0,397,3,92374.0,3,1447,1,15,100,29.7
2114,1615,31/10/2016,31/10/2016,1,687,670,0,0,397,3,92374.0,3,1731,2,13,1288,1295.84
2115,1615,31/10/2016,31/10/2016,1,687,670,0,0,397,3,92374.0,3,1395,1,14,1093,46.84
2116,1615,31/10/2016,31/10/2016,1,687,670,0,0,397,3,92374.0,3,18,0,4,498,425.833
2117,1556,12/10/2016,17/10/2016,2,646,618,0,0,408,30,14609.0,1,326,0,16,1370,209.67
2118,2128,19/09/2017,23/09/2017,3,724,681,0,0,464,3,95207.0,3,1157,1,12,1832,159.88
2119,3842,13/04/2018,15/04/2018,0,661,640,1,0,450,45,98105.0,3,1171,1,12,1830,5.28
2120,3842,13/04/2018,15/04/2018,0,661,640,1,0,450,45,98105.0,3,762,1,3,684,895.92
2121,4916,07/01/2018,13/01/2018,3,760,737,0,0,352,8,32174.0,2,643,1,3,1841,2.808
2122,3897,09/11/2018,11/11/2018,0,340,358,1,0,467,3,94086.0,3,100,0,5,759,215.976
2123,4072,22/09/2018,24/09/2018,2,260,265,2,0,242,20,48911.0,0,15,0,4,1182,241.96
2124,4072,22/09/2018,24/09/2018,2,260,265,2,0,242,20,48911.0,0,945,1,10,221,27.72
2125,3641,01/12/2018,05/12/2018,3,260,265,2,0,372,36,19143.0,1,877,1,7,1316,104.68
2126,3641,01/12/2018,05/12/2018,3,260,265,2,0,372,36,19143.0,1,1707,2,13,312,62.958
2127,308,23/06/2015,28/06/2015,3,107,110,0,0,372,36,19143.0,1,1460,2,0,1460,86.376
2128,1230,04/10/2016,09/10/2016,3,382,406,2,0,372,36,19134.0,1,264,0,9,505,64.944
2129,1230,04/10/2016,09/10/2016,3,382,406,2,0,372,36,19134.0,1,1096,1,12,1733,20.736
2130,4154,20/05/2015,22/05/2015,2,639,621,1,0,124,27,3820.0,1,378,1,1,50,33.28
2131,4154,20/05/2015,22/05/2015,2,639,621,1,0,124,27,3820.0,1,620,1,2,1408,38.52
2132,4154,20/05/2015,22/05/2015,2,639,621,1,0,124,27,3820.0,1,139,0,9,15,139.86
2133,1522,20/11/2016,26/11/2016,3,217,189,0,0,327,30,10011.0,1,1236,1,12,1078,19.65
2134,1068,30/11/2016,04/12/2016,3,787,787,0,0,372,36,19134.0,1,781,1,3,647,152.991
2135,1068,30/11/2016,04/12/2016,3,787,787,0,0,372,36,19134.0,1,900,1,8,1345,10.584
2136,1068,30/11/2016,04/12/2016,3,787,787,0,0,372,36,19134.0,1,1786,2,13,1096,94.92
2137,1518,31/12/2016,05/01/2017,3,740,772,0,0,172,41,75051.0,0,220,0,9,569,14.76
2138,1518,31/12/2016,05/01/2017,3,740,772,0,0,172,41,75051.0,0,758,1,3,1110,3.656
2139,4877,16/11/2018,16/11/2018,1,126,159,0,0,327,30,10009.0,1,1250,1,12,1566,146.82
2140,680,06/06/2015,11/06/2015,3,310,307,1,0,261,30,11561.0,1,798,1,3,1624,149.544
2141,680,06/06/2015,11/06/2015,3,310,307,1,0,261,30,11561.0,1,1432,1,15,94,17.14
2142,680,06/06/2015,11/06/2015,3,310,307,1,0,261,30,11561.0,1,352,0,16,424,991.764
2143,2514,01/09/2017,05/09/2017,3,215,213,1,0,372,36,19140.0,1,1276,1,12,1529,30.48
2144,2514,01/09/2017,05/09/2017,3,215,213,1,0,372,36,19140.0,1,1761,2,13,149,23.988
2145,2514,01/09/2017,05/09/2017,3,215,213,1,0,372,36,19140.0,1,925,1,8,1498,16.688
2146,4578,25/06/2017,29/06/2017,3,761,742,1,0,526,36,17403.0,1,99,0,5,758,422.058
2147,4578,25/06/2017,29/06/2017,3,761,742,1,0,526,36,17403.0,1,837,1,3,721,38.088
2148,4578,25/06/2017,29/06/2017,3,761,742,1,0,526,36,17403.0,1,1351,1,14,775,254.352
2149,497,12/12/2015,17/12/2015,3,787,787,0,0,96,3,94521.0,3,280,0,9,553,43.31
2150,2817,31/03/2018,05/04/2018,3,227,227,0,0,327,30,10035.0,1,1728,2,13,1479,84.95
2151,4815,19/11/2018,26/11/2018,3,16,57,0,0,91,41,77840.0,0,78,0,5,1212,233.058
2152,760,24/11/2015,29/11/2015,2,622,627,0,0,424,23,63116.0,0,1506,2,0,1073,111.79
2153,1084,22/11/2016,26/11/2016,3,48,35,0,0,391,19,2169.0,1,1176,1,12,1759,14.94
2154,1934,14/07/2017,18/07/2017,3,233,190,1,0,327,30,10009.0,1,804,1,3,707,14.16
2155,4486,30/04/2017,05/05/2017,3,82,77,2,0,109,41,75081.0,0,317,0,9,671,22.608
2156,1831,25/07/2017,27/07/2017,2,448,447,0,0,265,3,90032.0,3,909,1,8,1193,21.48
2157,287,22/06/2015,24/06/2015,0,238,229,0,0,298,21,55407.0,0,1328,1,14,1200,501.81
2158,287,22/06/2015,24/06/2015,0,238,229,0,0,298,21,55407.0,0,1340,1,14,632,161.94
2159,3710,21/10/2018,26/10/2018,3,566,564,2,0,119,8,32725.0,2,633,1,2,1136,17.856
2160,2584,03/09/2017,09/09/2017,3,172,128,0,0,80,11,60610.0,0,815,1,3,1835,8.808
2161,2296,14/05/2017,14/05/2017,1,463,475,0,0,83,33,45231.0,1,241,0,9,726,79.384
2162,1699,07/01/2017,12/01/2017,3,240,230,2,0,340,3,94601.0,3,591,1,2,1229,34.58
2163,4051,13/03/2018,19/03/2018,3,427,417,2,0,276,3,95336.0,3,1262,1,12,1103,314.55
2164,2489,13/10/2017,19/10/2017,3,317,326,0,0,243,41,78041.0,0,1530,2,0,1327,191.976
2165,2489,13/10/2017,19/10/2017,3,317,326,0,0,243,41,78041.0,0,1056,1,12,158,8.288
2166,2489,13/10/2017,19/10/2017,3,317,326,0,0,243,41,78041.0,0,256,0,9,1531,139.92
2167,2489,13/10/2017,19/10/2017,3,317,326,0,0,243,41,78041.0,0,543,1,2,1141,15.872
2168,2489,13/10/2017,19/10/2017,3,317,326,0,0,243,41,78041.0,0,807,1,3,259,6.286
2169,3102,27/01/2018,30/01/2018,2,369,386,0,0,225,33,44240.0,1,612,1,2,1117,14.016
2170,3102,27/01/2018,30/01/2018,2,369,386,0,0,225,33,44240.0,1,1480,2,0,153,71.976
2171,3102,27/01/2018,30/01/2018,2,369,386,0,0,225,33,44240.0,1,1822,2,13,929,107.982
2172,4809,19/11/2018,25/11/2018,3,452,460,1,0,431,41,76903.0,0,127,0,5,988,305.312
2173,604,01/08/2015,03/08/2015,0,336,338,0,0,436,3,94122.0,3,825,1,3,1642,19.752
2174,1846,30/07/2017,04/08/2017,3,472,463,2,0,207,41,77070.0,0,733,1,3,714,9.264
2175,1203,30/07/2016,03/08/2016,2,135,172,1,0,207,41,77041.0,0,1324,1,14,582,61.792
2176,2060,15/10/2017,21/10/2017,3,582,585,2,0,430,42,84106.0,3,1070,1,12,1772,45.68
2177,2060,15/10/2017,21/10/2017,3,582,585,2,0,430,42,84106.0,3,1196,1,12,1776,60.12
2178,2060,15/10/2017,21/10/2017,3,582,585,2,0,430,42,84106.0,3,701,1,3,58,41.72
2179,2060,15/10/2017,21/10/2017,3,582,585,2,0,430,42,84106.0,3,1106,1,12,1330,71.6
2180,2105,07/05/2017,11/05/2017,3,146,132,0,0,327,30,10009.0,1,650,1,3,713,85.232
2181,2105,07/05/2017,11/05/2017,3,146,132,0,0,327,30,10009.0,1,996,1,10,134,44.4
2182,2105,07/05/2017,11/05/2017,3,146,132,0,0,327,30,10009.0,1,83,0,5,846,442.764
2183,2105,07/05/2017,11/05/2017,3,146,132,0,0,327,30,10009.0,1,1620,2,11,282,3999.95
2184,2105,07/05/2017,11/05/2017,3,146,132,0,0,327,30,10009.0,1,1505,2,0,1404,199.95
2185,2105,07/05/2017,11/05/2017,3,146,132,0,0,327,30,10009.0,1,204,0,9,1496,63.68
2186,3245,01/08/2018,04/08/2018,2,326,324,1,0,429,3,93905.0,3,745,1,3,700,54.896
2187,1686,14/07/2017,14/07/2017,1,645,638,0,0,209,0,35810.0,2,1526,2,0,790,29.0
2188,3597,10/08/2018,15/08/2018,3,336,338,0,0,94,12,47201.0,0,881,1,7,1492,70.08
2189,3597,10/08/2018,15/08/2018,3,336,338,0,0,94,12,47201.0,0,267,0,9,1545,121.3
2190,3597,10/08/2018,15/08/2018,3,336,338,0,0,94,12,47201.0,0,1815,2,13,47,1454.49
2191,1960,25/06/2017,29/06/2017,3,55,15,0,0,265,3,90049.0,3,389,1,1,643,60.81
2192,2097,10/12/2017,17/12/2017,3,44,60,0,0,450,45,98105.0,3,707,1,3,683,153.552
2193,2097,10/12/2017,17/12/2017,3,44,60,0,0,450,45,98105.0,3,415,1,1,816,65.34
2194,2097,10/12/2017,17/12/2017,3,44,60,0,0,450,45,98105.0,3,1084,1,12,1778,123.92
2195,2097,10/12/2017,17/12/2017,3,44,60,0,0,450,45,98105.0,3,382,1,1,800,35.1
2196,2097,10/12/2017,17/12/2017,3,44,60,0,0,450,45,98105.0,3,1547,2,0,959,44.75
2197,2222,01/12/2017,06/12/2017,3,21,25,0,0,228,40,37918.0,2,500,1,2,1151,4.704
2198,707,28/11/2015,04/12/2015,3,81,71,0,0,308,0,36116.0,2,537,1,2,1138,14.67
2199,1240,28/03/2016,02/04/2016,3,147,145,0,0,372,36,19120.0,1,1207,1,12,1790,15.552
2200,1240,28/03/2016,02/04/2016,3,147,145,0,0,372,36,19120.0,1,1055,1,12,1472,5.232
2201,4271,01/06/2015,06/06/2015,3,477,472,0,0,258,2,72209.0,2,203,0,9,21,22.2
2202,4271,01/06/2015,06/06/2015,3,477,472,0,0,258,2,72209.0,2,1775,2,13,114,881.93
2203,1280,06/09/2016,12/09/2016,3,110,86,2,0,450,45,98103.0,3,728,1,3,64,6.096
2204,1280,06/09/2016,12/09/2016,3,110,86,2,0,450,45,98103.0,3,308,0,9,882,191.82
2205,1145,29/06/2016,05/07/2016,3,678,713,0,0,241,36,17602.0,1,183,0,9,563,20.104
2206,2664,10/09/2017,12/09/2017,2,142,134,2,0,51,40,37620.0,2,487,1,2,362,67.56
2207,4129,14/07/2015,20/07/2015,3,61,61,2,0,24,11,60505.0,0,679,1,3,57,29.932
2208,4129,14/07/2015,20/07/2015,3,61,61,2,0,24,11,60505.0,0,1729,2,13,889,38.272
2209,1160,22/08/2016,26/08/2016,3,626,645,2,0,327,30,10009.0,1,482,1,2,1161,16.52
2210,301,14/11/2015,16/11/2015,2,520,492,0,0,147,5,6824.0,1,1711,2,13,1287,832.93
2211,301,14/11/2015,16/11/2015,2,520,492,0,0,147,5,6824.0,1,774,1,3,49,43.8
2212,2630,27/11/2017,30/11/2017,0,775,780,1,0,255,20,48146.0,0,452,1,1,613,167.292
2213,2928,21/11/2018,25/11/2018,3,725,683,0,0,327,30,10035.0,1,260,0,9,883,27.42
2214,3340,01/10/2018,02/10/2018,0,575,565,0,0,438,3,95123.0,3,720,1,3,1628,1.44
2215,3340,01/10/2018,02/10/2018,0,575,565,0,0,438,3,95123.0,3,716,1,3,1510,61.776
2216,3340,01/10/2018,02/10/2018,0,575,565,0,0,438,3,95123.0,3,387,1,1,292,241.96
2217,3340,01/10/2018,02/10/2018,0,575,565,0,0,438,3,95123.0,3,57,0,5,1081,108.608
2218,597,20/09/2015,25/09/2015,3,196,235,1,0,216,8,32216.0,2,580,1,2,1165,2.816
2219,3365,28/07/2018,01/08/2018,3,512,506,1,0,436,3,94110.0,3,643,1,3,1841,9.984
2220,3365,28/07/2018,01/08/2018,3,512,506,1,0,436,3,94110.0,3,1349,1,14,1519,14.98
2221,3365,28/07/2018,01/08/2018,3,512,506,1,0,436,3,94110.0,3,1741,2,13,1620,1145.6
2222,1194,06/12/2016,06/12/2016,1,216,223,0,0,280,33,43302.0,1,1731,2,13,1288,485.94
2223,1194,06/12/2016,06/12/2016,1,216,223,0,0,280,33,43302.0,1,612,1,2,1117,37.376
2224,1194,06/12/2016,06/12/2016,1,216,223,0,0,280,33,43302.0,1,131,0,5,761,70.686
2225,3187,31/07/2018,05/08/2018,3,245,267,1,0,372,36,19134.0,1,1231,1,12,1782,54.816
2226,1762,19/03/2017,21/03/2017,2,112,95,0,0,259,4,80122.0,3,16,0,4,166,72.294
2227,3363,29/07/2018,03/08/2018,3,447,450,1,0,25,41,78745.0,0,931,1,8,161,2.896
2228,3363,29/07/2018,03/08/2018,3,447,450,1,0,25,41,78745.0,0,1771,2,13,439,124.792
2229,2259,01/10/2017,05/10/2017,3,306,310,0,0,327,30,10024.0,1,352,0,16,424,330.588
2230,340,31/03/2015,05/04/2015,3,0,20,0,0,436,3,94122.0,3,821,1,3,679,673.568
2231,340,31/03/2015,05/04/2015,3,0,20,0,0,436,3,94122.0,3,435,1,1,631,52.98
2232,3872,26/06/2018,01/07/2018,3,195,225,0,0,231,12,46350.0,0,149,0,9,555,526.45
2233,3386,09/07/2018,14/07/2018,3,369,386,0,0,80,11,60610.0,0,1398,1,14,1337,228.92
2234,1081,14/12/2016,16/12/2016,2,209,240,0,0,387,35,97206.0,3,1709,2,13,791,319.968
2235,2843,05/12/2018,10/12/2018,3,615,615,1,0,60,43,55273.322402696904,1,1483,2,0,994,205.03
2236,1383,15/09/2016,17/09/2016,2,181,131,0,0,211,12,46203.0,0,1289,1,14,657,190.86
2237,1383,15/09/2016,17/09/2016,2,181,131,0,0,211,12,46203.0,0,495,1,2,1040,24.32
2238,2007,15/07/2017,21/07/2017,3,643,632,2,0,389,42,84604.0,3,1426,1,15,668,44.4
2239,4059,20/04/2018,26/04/2018,3,694,673,2,0,80,11,60610.0,0,302,0,9,557,44.4
2240,2378,15/11/2017,17/11/2017,2,747,752,0,0,265,3,90049.0,3,776,1,3,649,1016.792
2241,2378,15/11/2017,17/11/2017,2,747,752,0,0,265,3,90049.0,3,760,1,3,268,38.136
2242,4499,26/11/2017,01/12/2017,3,181,131,0,0,372,36,19134.0,1,1833,2,13,1092,494.982
2243,2829,21/11/2018,25/11/2018,3,79,66,2,0,362,3,91104.0,3,1390,1,14,581,56.56
2244,2829,21/11/2018,25/11/2018,3,79,66,2,0,362,3,91104.0,3,601,1,2,1152,5.56
2245,2829,21/11/2018,25/11/2018,3,79,66,2,0,362,3,91104.0,3,938,1,8,127,9.02
2246,2829,21/11/2018,25/11/2018,3,79,66,2,0,362,3,91104.0,3,408,1,1,78,8.62
2247,2829,21/11/2018,25/11/2018,3,79,66,2,0,362,3,91104.0,3,1833,2,13,1092,659.976
2248,994,15/02/2016,18/02/2016,2,395,411,0,0,265,3,90004.0,3,1258,1,12,1747,13.36
2249,994,15/02/2016,18/02/2016,2,395,411,0,0,265,3,90004.0,3,701,1,3,58,41.72
2250,994,15/02/2016,18/02/2016,2,395,411,0,0,265,3,90004.0,3,658,1,3,236,11.52
2251,994,15/02/2016,18/02/2016,2,395,411,0,0,265,3,90004.0,3,405,1,1,946,541.44
2252,994,15/02/2016,18/02/2016,2,395,411,0,0,265,3,90004.0,3,1049,1,12,1815,19.44
2253,1941,15/04/2017,17/04/2017,2,382,406,2,0,435,3,92105.0,3,1259,1,12,1695,143.7
2254,1655,28/09/2016,01/10/2016,0,322,329,1,0,436,3,94110.0,3,390,1,1,818,43.26
2255,1655,28/09/2016,01/10/2016,0,322,329,1,0,436,3,94110.0,3,415,1,1,816,43.56
2256,2662,17/09/2017,22/09/2017,3,447,450,1,0,29,17,4401.0,1,1747,2,13,1619,437.85
2257,2662,17/09/2017,22/09/2017,3,447,450,1,0,29,17,4401.0,1,314,0,9,392,109.48
2258,2870,16/06/2018,19/06/2018,0,767,771,0,0,436,3,94122.0,3,49,0,5,847,1212.96
2259,2870,16/06/2018,19/06/2018,0,767,771,0,0,436,3,94122.0,3,1125,1,12,1651,18.54
2260,1005,08/11/2016,10/11/2016,2,550,487,2,0,435,3,92024.0,3,921,1,8,121,5.0
2261,1005,08/11/2016,10/11/2016,2,550,487,2,0,435,3,92024.0,3,1516,2,0,998,371.97
2262,4352,18/12/2016,18/12/2016,1,546,546,0,0,327,30,10035.0,1,1521,2,0,909,166.24
2263,3215,06/02/2018,09/02/2018,0,544,497,0,0,16,44,22204.0,2,39,0,4,378,359.97
2264,2143,14/11/2017,16/11/2017,2,1,24,0,0,21,9,30318.0,2,1574,2,0,1019,499.98
2265,2143,14/11/2017,16/11/2017,2,1,24,0,0,21,9,30318.0,2,1171,1,12,1830,5.28
2266,2143,14/11/2017,16/11/2017,2,1,24,0,0,21,9,30318.0,2,844,1,3,32,8.26
2267,3728,12/10/2018,12/10/2018,1,700,686,2,0,306,31,28110.0,2,1239,1,12,1779,7.968
2268,3496,17/09/2018,17/09/2018,1,757,759,0,0,450,45,98115.0,3,1148,1,12,1774,12.96
2269,2876,20/12/2018,26/12/2018,3,215,213,1,0,408,30,14609.0,1,1188,1,12,1823,6.48
2270,2876,20/12/2018,26/12/2018,3,215,213,1,0,408,30,14609.0,1,767,1,3,1636,6.984
2271,4030,02/12/2018,07/12/2018,3,517,525,1,0,293,8,33180.0,2,617,1,2,375,47.96
2272,811,21/09/2016,27/09/2016,3,173,140,0,0,450,45,98105.0,3,1383,1,14,635,199.74
2273,1342,06/03/2016,11/03/2016,3,388,388,0,0,436,3,94122.0,3,151,0,9,514,435.26
2274,1342,06/03/2016,11/03/2016,3,388,388,0,0,436,3,94122.0,3,1610,2,6,400,1119.984
2275,662,03/10/2015,08/10/2015,2,46,26,1,0,265,3,90036.0,3,335,0,16,323,143.432
2276,662,03/10/2015,08/10/2015,2,46,26,1,0,265,3,90036.0,3,95,0,5,745,122.352
2277,63,27/06/2015,01/07/2015,3,465,469,0,0,458,22,38671.0,2,1409,1,14,1364,306.2
2278,63,27/06/2015,01/07/2015,3,465,469,0,0,458,22,38671.0,2,323,0,16,941,85.98
2279,63,27/06/2015,01/07/2015,3,465,469,0,0,458,22,38671.0,2,1459,2,0,1462,223.96
2280,3587,30/10/2018,02/11/2018,0,378,373,0,0,450,45,98115.0,3,112,0,5,1170,97.568
2281,3587,30/10/2018,02/11/2018,0,378,373,0,0,450,45,98115.0,3,122,0,5,766,614.272
2282,3587,30/10/2018,02/11/2018,0,378,373,0,0,450,45,98115.0,3,44,0,4,316,199.98
2283,2159,03/09/2017,05/09/2017,0,286,279,1,0,294,5,6457.0,1,1183,1,12,105,48.16
2284,1467,05/03/2016,09/03/2016,3,685,678,0,0,325,12,47362.0,0,1729,2,13,889,23.92
2285,1467,05/03/2016,09/03/2016,3,685,678,0,0,325,12,47362.0,0,419,1,1,1493,60.69
2286,1859,05/05/2017,08/05/2017,0,594,587,1,0,315,40,37130.0,2,1242,1,12,1753,14.352
2287,4041,17/11/2018,23/11/2018,3,176,155,0,0,428,44,24153.0,2,458,1,1,336,35.04
2288,4701,01/06/2018,05/06/2018,2,64,65,1,0,483,33,43615.0,1,420,1,1,608,17.48
2289,3607,10/06/2018,13/06/2018,0,119,79,0,0,265,3,90032.0,3,551,1,2,1160,16.4
2290,3044,08/01/2018,11/01/2018,0,657,626,1,0,450,45,98115.0,3,338,0,16,285,892.98
2291,1421,20/04/2016,25/04/2016,3,761,742,1,0,94,9,31907.0,2,1730,2,13,1313,287.97
2292,1421,20/04/2016,25/04/2016,3,761,742,1,0,94,9,31907.0,2,241,0,9,726,595.38
2293,1421,20/04/2016,25/04/2016,3,761,742,1,0,94,9,31907.0,2,1086,1,12,1791,12.96
2294,1182,01/11/2016,06/11/2016,3,615,615,1,0,327,30,10009.0,1,1689,2,13,477,4.95
2295,3314,23/12/2018,27/12/2018,3,286,279,1,0,294,5,6457.0,1,267,0,9,1545,181.95
2296,961,01/11/2016,05/11/2016,3,776,775,0,0,327,30,10011.0,1,1179,1,12,273,13.52
2297,961,01/11/2016,05/11/2016,3,776,775,0,0,327,30,10011.0,1,170,0,9,874,259.7
2298,961,01/11/2016,05/11/2016,3,776,775,0,0,327,30,10011.0,1,1726,2,13,1273,42.95
2299,961,01/11/2016,05/11/2016,3,776,775,0,0,327,30,10011.0,1,1507,2,0,1328,1399.93
2300,961,01/11/2016,05/11/2016,3,776,775,0,0,327,30,10011.0,1,1779,2,13,1659,503.96
2301,702,14/11/2015,18/11/2015,3,386,365,0,0,295,20,48640.0,0,663,1,3,1511,12.72
2302,702,14/11/2015,18/11/2015,3,386,365,0,0,295,20,48640.0,0,658,1,3,236,11.52
2303,1766,17/01/2017,21/01/2017,3,221,231,1,0,94,9,31907.0,2,1488,2,0,665,316.0
2304,3888,17/09/2018,22/09/2018,2,530,518,2,0,417,9,30076.0,2,61,0,5,749,723.92
2305,3888,17/09/2018,22/09/2018,2,530,518,2,0,417,9,30076.0,2,1048,1,12,537,106.32
2306,1911,23/12/2017,24/12/2017,0,101,78,1,0,80,11,60623.0,0,31,0,4,389,141.372
2307,1565,06/08/2016,08/08/2016,0,541,530,1,0,207,41,77041.0,0,1253,1,12,1660,27.216
2308,3061,05/11/2018,09/11/2018,3,723,727,0,0,327,30,10009.0,1,1494,2,0,599,390.75
2309,4738,11/06/2018,12/06/2018,0,66,74,2,0,369,1,85345.0,3,69,0,5,757,280.792
2310,4738,11/06/2018,12/06/2018,0,66,74,2,0,369,1,85345.0,3,1367,1,14,1465,68.448
2311,4738,11/06/2018,12/06/2018,0,66,74,2,0,369,1,85345.0,3,564,1,2,352,88.04
2312,4738,11/06/2018,12/06/2018,0,66,74,2,0,369,1,85345.0,3,538,1,2,1124,15.872
2313,4738,11/06/2018,12/06/2018,0,66,74,2,0,369,1,85345.0,3,1353,1,14,646,215.592
2314,3190,20/07/2018,25/07/2018,3,268,253,1,0,454,39,57103.0,0,1000,1,10,193,14.62
2315,3190,20/07/2018,25/07/2018,3,268,253,1,0,454,39,57103.0,0,416,1,1,8,416.32
2316,3190,20/07/2018,25/07/2018,3,268,253,1,0,454,39,57103.0,0,654,1,3,264,43.0
2317,3190,20/07/2018,25/07/2018,3,268,253,1,0,454,39,57103.0,0,112,0,5,1170,182.94
2318,3190,20/07/2018,25/07/2018,3,268,253,1,0,454,39,57103.0,0,724,1,3,414,60.83
2319,3190,20/07/2018,25/07/2018,3,268,253,1,0,454,39,57103.0,0,1549,2,0,999,389.97
2320,1008,23/12/2016,26/12/2016,0,68,99,0,0,405,44,23223.0,2,409,1,1,310,194.32
2321,4039,20/03/2018,24/03/2018,3,333,327,1,0,450,45,98115.0,3,1465,2,0,917,265.93
2322,893,31/12/2016,03/01/2017,2,419,415,1,0,194,15,42420.0,2,824,1,3,1576,94.74
2323,893,31/12/2016,03/01/2017,2,419,415,1,0,194,15,42420.0,2,676,1,3,678,60.64
2324,893,31/12/2016,03/01/2017,2,419,415,1,0,194,15,42420.0,2,786,1,3,136,76.3
2325,893,31/12/2016,03/01/2017,2,419,415,1,0,194,15,42420.0,2,672,1,3,898,364.8
2326,849,15/09/2016,19/09/2016,2,91,104,1,0,327,30,10035.0,1,725,1,3,712,79.872
2327,849,15/09/2016,19/09/2016,2,91,104,1,0,327,30,10035.0,1,47,0,4,390,46.384
2328,849,15/09/2016,19/09/2016,2,91,104,1,0,327,30,10035.0,1,1167,1,12,1755,12.96
2329,3511,23/09/2018,26/09/2018,0,441,445,2,0,152,4,80525.0,3,892,1,7,1608,14.352
2330,4373,25/12/2016,29/12/2016,3,352,408,1,0,372,36,19140.0,1,182,0,9,1533,547.136
2331,2509,24/09/2017,26/09/2017,2,447,450,1,0,265,3,90004.0,3,1310,1,14,1552,41.96
2332,2509,24/09/2017,26/09/2017,2,447,450,1,0,265,3,90004.0,3,1045,1,12,1324,41.7
2333,4109,21/03/2018,25/03/2018,3,662,644,0,0,233,12,47905.0,0,1248,1,12,538,277.4
2334,4109,21/03/2018,25/03/2018,3,662,644,0,0,233,12,47905.0,0,1286,1,12,1748,5.78
2335,488,30/09/2015,04/10/2015,3,446,436,0,0,85,40,37042.0,2,390,1,1,818,69.216
2336,3791,10/12/2018,10/12/2018,1,130,146,0,0,147,5,6824.0,1,891,1,7,471,10.86
2337,3791,10/12/2018,10/12/2018,1,130,146,0,0,147,5,6824.0,1,375,1,1,1573,426.79
2338,141,23/08/2015,23/08/2015,1,642,631,0,0,327,30,10009.0,1,1240,1,12,1785,25.92
2339,141,23/08/2015,23/08/2015,1,642,631,0,0,327,30,10009.0,1,1270,1,12,1258,45.92
2340,252,19/08/2015,24/08/2015,3,378,373,0,0,94,33,43229.0,1,632,1,2,1578,10.72
2341,2241,10/11/2017,15/11/2017,3,200,217,0,0,501,9,31088.0,2,635,1,2,1120,41.86
2342,4217,31/12/2015,03/01/2016,0,304,295,2,0,156,19,2038.0,1,225,0,9,1175,63.2
2343,4217,31/12/2015,03/01/2016,0,304,295,2,0,156,19,2038.0,1,1465,2,0,917,113.97
2344,4246,26/07/2015,30/07/2015,2,151,124,0,0,80,11,60623.0,0,1414,1,14,291,123.552
2345,1964,22/02/2017,28/02/2017,3,612,597,2,0,297,47,53209.0,0,399,1,1,293,490.32
2346,2579,13/03/2017,18/03/2017,3,477,472,0,0,432,41,78207.0,0,1064,1,12,1524,70.08
2347,2579,13/03/2017,18/03/2017,3,477,472,0,0,432,41,78207.0,0,808,1,3,923,1.272
2348,2579,13/03/2017,18/03/2017,3,477,472,0,0,432,41,78207.0,0,372,0,16,848,557.585
2349,2958,02/12/2018,03/12/2018,1,40,23,1,0,265,3,90032.0,3,810,1,3,16,9.024
2350,2958,02/12/2018,03/12/2018,1,40,23,1,0,265,3,90032.0,3,661,1,3,1418,69.456
2351,2958,02/12/2018,03/12/2018,1,40,23,1,0,265,3,90032.0,3,1228,1,12,1646,10.86
2352,2958,02/12/2018,03/12/2018,1,40,23,1,0,265,3,90032.0,3,435,1,1,631,79.47
2353,2958,02/12/2018,03/12/2018,1,40,23,1,0,265,3,90032.0,3,531,1,2,1297,10.08
2354,934,31/08/2016,02/09/2016,0,671,682,1,0,436,3,94122.0,3,20,0,4,167,1552.831
2355,934,31/08/2016,02/09/2016,0,671,682,1,0,436,3,94122.0,3,745,1,3,700,137.24
2356,934,31/08/2016,02/09/2016,0,671,682,1,0,436,3,94122.0,3,1596,2,0,1070,36.51
2357,934,31/08/2016,02/09/2016,0,671,682,1,0,436,3,94122.0,3,1621,2,11,986,239.976
2358,4229,17/03/2015,21/03/2015,3,165,154,1,0,327,30,10024.0,1,355,0,16,368,1579.746
2359,4229,17/03/2015,21/03/2015,3,165,154,1,0,327,30,10024.0,1,338,0,16,285,1071.576
2360,4229,17/03/2015,21/03/2015,3,165,154,1,0,327,30,10024.0,1,365,0,16,827,613.908
2361,4229,17/03/2015,21/03/2015,3,165,154,1,0,327,30,10024.0,1,1193,1,12,1711,34.86
2362,4229,17/03/2015,21/03/2015,3,165,154,1,0,327,30,10024.0,1,1078,1,12,1702,155.04
2363,3474,16/04/2018,20/04/2018,3,641,654,0,0,94,33,43229.0,1,697,1,3,1480,13.71
2364,4449,13/03/2017,18/03/2017,3,5,3,2,0,509,44,22980.0,2,311,0,9,881,127.88
2365,4449,13/03/2017,18/03/2017,3,5,3,2,0,509,44,22980.0,2,466,1,1,610,160.32
2366,4449,13/03/2017,18/03/2017,3,5,3,2,0,509,44,22980.0,2,842,1,3,892,46.0
2367,31,24/11/2015,26/11/2015,2,259,264,0,0,420,3,95823.0,3,73,0,5,756,120.712
2368,3231,10/02/2018,13/02/2018,0,528,527,0,0,88,18,20735.0,1,1170,1,12,788,23.12
2369,4508,23/09/2017,27/09/2017,3,433,435,1,0,147,33,45014.0,1,219,0,9,1359,532.704
2370,4508,23/09/2017,27/09/2017,3,433,435,1,0,147,33,45014.0,1,479,1,2,531,4.912
2371,3837,07/07/2018,09/07/2018,2,533,529,1,0,502,37,2886.0,1,1578,2,0,888,252.0
2372,2588,07/07/2017,11/07/2017,2,80,67,1,0,24,11,60505.0,0,317,0,9,671,60.288
2373,2588,07/07/2017,11/07/2017,2,80,67,1,0,24,11,60505.0,0,912,1,8,65,2.632
2374,2588,07/07/2017,11/07/2017,2,80,67,1,0,24,11,60505.0,0,1113,1,12,1568,23.688
2375,2588,07/07/2017,11/07/2017,2,80,67,1,0,24,11,60505.0,0,61,0,5,749,253.372
2376,3141,24/01/2018,30/01/2018,3,756,740,0,0,456,9,30080.0,2,900,1,8,1345,5.67
2377,4267,19/08/2015,21/08/2015,2,539,516,0,0,94,33,43229.0,1,707,1,3,683,76.776
2378,4267,19/08/2015,21/08/2015,2,539,516,0,0,94,33,43229.0,1,1454,1,15,93,9.184
2379,1411,06/12/2016,11/12/2016,3,436,423,2,0,480,3,91360.0,3,1236,1,12,1078,32.75
2380,1944,06/05/2017,10/05/2017,3,77,96,2,0,264,33,44052.0,1,938,1,8,127,7.216
2381,1944,06/05/2017,10/05/2017,3,77,96,2,0,264,33,44052.0,1,1175,1,12,1739,49.568
2382,1944,06/05/2017,10/05/2017,3,77,96,2,0,264,33,44052.0,1,310,0,9,489,54.712
2383,4721,25/03/2018,26/03/2018,0,182,151,0,0,159,3,93727.0,3,423,1,1,79,176.04
2384,4721,25/03/2018,26/03/2018,0,182,151,0,0,159,3,93727.0,3,568,1,2,1499,16.02
2385,4721,25/03/2018,26/03/2018,0,182,151,0,0,159,3,93727.0,3,721,1,3,233,185.92
2386,4721,25/03/2018,26/03/2018,0,182,151,0,0,159,3,93727.0,3,1681,2,13,452,211.168
2387,4721,25/03/2018,26/03/2018,0,182,151,0,0,159,3,93727.0,3,1601,2,6,802,479.984
2388,1370,12/12/2016,15/12/2016,0,216,223,0,0,435,3,92105.0,3,915,1,8,1498,7.86
2389,1370,12/12/2016,15/12/2016,0,216,223,0,0,435,3,92105.0,3,739,1,3,1335,24.448
2390,4331,06/12/2016,10/12/2016,3,689,705,0,0,327,30,10009.0,1,1257,1,12,1814,6.48
2391,4331,06/12/2016,10/12/2016,3,689,705,0,0,327,30,10009.0,1,1087,1,12,1687,41.86
2392,4331,06/12/2016,10/12/2016,3,689,705,0,0,327,30,10009.0,1,1536,2,0,1025,1619.91
2393,4331,06/12/2016,10/12/2016,3,689,705,0,0,327,30,10009.0,1,238,0,9,1440,113.92
2394,2093,17/03/2017,23/03/2017,3,176,155,0,0,272,19,2148.0,1,488,1,2,1153,39.68
2395,1276,14/11/2016,19/11/2016,3,594,587,1,0,327,30,10035.0,1,1520,2,0,915,37.6
2396,1276,14/11/2016,19/11/2016,3,594,587,1,0,327,30,10035.0,1,1490,2,0,912,59.9
2397,1276,14/11/2016,19/11/2016,3,594,587,1,0,327,30,10035.0,1,1247,1,12,928,37.0
2398,4108,14/08/2018,16/08/2018,2,573,578,0,0,436,3,94109.0,3,966,1,10,242,5.76
2399,4108,14/08/2018,16/08/2018,2,573,578,0,0,436,3,94109.0,3,477,1,2,1123,16.68
2400,3693,09/09/2018,15/09/2018,3,666,684,1,0,151,38,29501.0,2,1353,1,14,646,628.81
2401,3693,09/09/2018,15/09/2018,3,666,684,1,0,151,38,29501.0,2,1360,1,14,1658,56.45
2402,3665,01/04/2018,04/04/2018,2,52,5,0,0,462,23,65807.0,0,1311,1,14,796,94.2
2403,3665,01/04/2018,04/04/2018,2,52,5,0,0,462,23,65807.0,0,865,1,7,1492,28.4
2404,4453,27/09/2017,03/10/2017,3,328,322,1,0,209,41,77340.0,0,5,0,4,1191,956.6648
2405,2945,07/10/2018,11/10/2018,3,507,541,0,0,265,3,90045.0,3,1516,2,0,998,1115.91
2406,2945,07/10/2018,11/10/2018,3,507,541,0,0,265,3,90045.0,3,1811,2,13,1098,128.744
2407,2945,07/10/2018,11/10/2018,3,507,541,0,0,265,3,90045.0,3,1703,2,13,1483,79.92
2408,3632,20/01/2018,25/01/2018,3,753,732,0,0,436,3,94122.0,3,589,1,2,1499,24.2
2409,3632,20/01/2018,25/01/2018,3,753,732,0,0,436,3,94122.0,3,1796,2,13,1242,359.976
2410,3857,23/03/2018,25/03/2018,0,75,88,2,0,436,3,94122.0,3,166,0,9,488,211.84
2411,703,01/08/2015,06/08/2015,3,57,41,2,0,372,36,19120.0,1,913,1,8,56,5.68
2412,1326,07/06/2016,09/06/2016,2,267,252,1,0,265,3,90036.0,3,810,1,3,16,7.52
2413,589,12/11/2015,16/11/2015,3,339,396,0,0,265,3,90045.0,3,1140,1,12,1763,11.96
2414,589,12/11/2015,16/11/2015,3,339,396,0,0,265,3,90045.0,3,341,0,16,319,629.064
2415,2528,29/12/2017,02/01/2018,3,739,770,0,0,297,47,53209.0,0,73,0,5,756,754.45
2416,1385,06/07/2016,11/07/2016,3,606,595,2,0,203,19,1040.0,1,23,0,4,384,301.96
2417,4098,12/10/2018,18/10/2018,3,522,534,1,0,3,29,87105.0,3,1540,2,0,1605,595.0
2418,4098,12/10/2018,18/10/2018,3,522,534,1,0,3,29,87105.0,3,725,1,3,712,79.872
2419,1774,21/05/2017,28/05/2017,3,452,460,1,0,459,26,89431.0,3,1617,2,11,1233,2396.4
2420,3924,09/11/2018,14/11/2018,3,489,504,1,0,90,3,92236.0,3,1362,1,14,1385,63.56
2421,3924,09/11/2018,14/11/2018,3,489,504,1,0,90,3,92236.0,3,1575,2,0,1326,99.99
2422,2518,18/04/2017,23/04/2017,3,166,170,2,0,139,11,60126.0,0,1397,1,14,1380,230.376
2423,2518,18/04/2017,23/04/2017,3,166,170,2,0,139,11,60126.0,0,1109,1,12,110,9.664
2424,4841,25/12/2018,30/12/2018,3,723,727,0,0,147,33,45014.0,1,1531,2,0,1052,158.928
2425,4841,25/12/2018,30/12/2018,3,723,727,0,0,147,33,45014.0,1,661,1,3,1418,13.023
2426,4841,25/12/2018,30/12/2018,3,723,727,0,0,147,33,45014.0,1,346,0,16,854,273.06
2427,4841,25/12/2018,30/12/2018,3,723,727,0,0,147,33,45014.0,1,927,1,8,1498,39.312
2428,2744,11/06/2017,17/06/2017,3,551,499,1,0,16,41,76017.0,0,792,1,3,462,1.344
2429,2744,11/06/2017,17/06/2017,3,551,499,1,0,16,41,76017.0,0,700,1,3,720,8.272
2430,2744,11/06/2017,17/06/2017,3,551,499,1,0,16,41,76017.0,0,298,0,9,1486,12.544
2431,2770,13/05/2018,20/05/2018,3,627,651,2,0,436,3,94110.0,3,946,1,10,1432,58.48
2432,3346,28/12/2018,02/01/2019,3,328,322,1,0,450,45,98103.0,3,203,0,9,21,7.4
2433,563,25/03/2015,01/04/2015,3,63,49,0,0,327,30,10009.0,1,91,0,5,905,366.786
2434,4700,28/05/2018,01/06/2018,3,370,392,0,0,207,41,77070.0,0,1728,2,13,1479,54.368
2435,1491,14/11/2016,17/11/2016,0,594,587,1,0,462,44,22153.0,2,861,1,7,373,33.96
2436,1491,14/11/2016,17/11/2016,0,594,587,1,0,462,44,22153.0,2,442,1,1,857,826.11
2437,3536,03/07/2018,10/07/2018,3,122,149,0,0,149,29,87401.0,3,267,0,9,1545,545.85
2438,720,18/11/2015,20/11/2015,2,614,614,0,0,266,4,80027.0,3,322,0,16,321,145.98
2439,720,18/11/2015,20/11/2015,2,614,614,0,0,266,4,80027.0,3,1163,1,12,732,35.808
2440,3535,17/07/2018,22/07/2018,3,727,695,0,0,471,8,33614.0,2,231,0,9,393,7.904
2441,2383,22/05/2017,27/05/2017,3,16,57,0,0,364,28,7055.0,1,1846,2,13,40,345.0
2442,2383,22/05/2017,27/05/2017,3,16,57,0,0,364,28,7055.0,1,358,0,16,317,174.286
2443,2383,22/05/2017,27/05/2017,3,16,57,0,0,364,28,7055.0,1,444,1,1,607,662.84
2444,2383,22/05/2017,27/05/2017,3,16,57,0,0,364,28,7055.0,1,1529,2,0,1398,95.1
2445,2383,22/05/2017,27/05/2017,3,16,57,0,0,364,28,7055.0,1,874,1,7,140,26.88
2446,2383,22/05/2017,27/05/2017,3,16,57,0,0,364,28,7055.0,1,1718,2,13,524,257.98
2447,793,25/09/2016,01/10/2016,3,41,46,0,0,265,3,90004.0,3,847,1,7,4,17.48
2448,1967,31/10/2017,06/11/2017,3,67,87,0,0,372,36,19143.0,1,64,0,5,850,492.835
2449,1138,14/09/2016,17/09/2016,2,160,157,0,0,335,38,29406.0,2,1353,1,14,646,269.49
2450,2278,05/11/2017,10/11/2017,3,177,158,2,0,438,3,95123.0,3,796,1,3,411,29.12
2451,3556,17/03/2018,22/03/2018,2,195,225,0,0,327,30,10011.0,1,943,1,10,204,18.75
2452,3556,17/03/2018,22/03/2018,2,195,225,0,0,327,30,10011.0,1,1683,2,13,442,119.7
2453,3556,17/03/2018,22/03/2018,2,195,225,0,0,327,30,10011.0,1,660,1,3,75,9.144
2454,3556,17/03/2018,22/03/2018,2,195,225,0,0,327,30,10011.0,1,1529,2,0,1398,57.06
2455,3556,17/03/2018,22/03/2018,2,195,225,0,0,327,30,10011.0,1,1547,2,0,959,71.6
2456,3556,17/03/2018,22/03/2018,2,195,225,0,0,327,30,10011.0,1,1299,1,14,1108,107.44
2457,3556,17/03/2018,22/03/2018,2,195,225,0,0,327,30,10011.0,1,1000,1,10,193,7.31
2458,3556,17/03/2018,22/03/2018,2,195,225,0,0,327,30,10011.0,1,526,1,2,1030,59.1
2459,3556,17/03/2018,22/03/2018,2,195,225,0,0,327,30,10011.0,1,1391,1,14,1540,46.53
2460,3513,15/08/2018,21/08/2018,3,365,342,0,0,376,28,7060.0,1,430,1,1,652,97.84
2461,1332,11/07/2016,13/07/2016,2,673,690,0,0,450,45,98115.0,3,1124,1,12,1678,29.97
2462,1332,11/07/2016,13/07/2016,2,673,690,0,0,450,45,98115.0,3,699,1,3,1637,98.352
2463,3719,03/12/2018,09/12/2018,3,178,162,0,0,327,30,10009.0,1,694,1,3,698,83.92
2464,3719,03/12/2018,09/12/2018,3,178,162,0,0,327,30,10009.0,1,697,1,3,1480,14.624
2465,3719,03/12/2018,09/12/2018,3,178,162,0,0,327,30,10009.0,1,1699,2,13,37,136.99
2466,3719,03/12/2018,09/12/2018,3,178,162,0,0,327,30,10009.0,1,962,1,10,231,3.15
2467,3329,04/05/2018,08/05/2018,3,518,542,0,0,329,44,23602.0,2,1069,1,12,341,9.11
2468,3329,04/05/2018,08/05/2018,3,518,542,0,0,329,44,23602.0,2,1387,1,14,978,571.44
2469,3329,04/05/2018,08/05/2018,3,518,542,0,0,329,44,23602.0,2,1287,1,12,1826,32.4
2470,3329,04/05/2018,08/05/2018,3,518,542,0,0,329,44,23602.0,2,1333,1,14,1543,16.91
2471,4528,22/01/2017,28/01/2017,3,155,127,0,0,150,31,28314.0,2,211,0,9,580,14.272
2472,4528,22/01/2017,28/01/2017,3,155,127,0,0,150,31,28314.0,2,18,0,4,1427,451.136
2473,4528,22/01/2017,28/01/2017,3,155,127,0,0,150,31,28314.0,2,389,1,1,643,64.864
2474,1904,03/11/2017,06/11/2017,0,590,613,0,0,265,3,90032.0,3,66,0,5,743,217.584
2475,1904,03/11/2017,06/11/2017,0,590,613,0,0,265,3,90032.0,3,1473,2,0,952,82.95
2476,1904,03/11/2017,06/11/2017,0,590,613,0,0,265,3,90032.0,3,1008,1,10,209,87.71
2477,1904,03/11/2017,06/11/2017,0,590,613,0,0,265,3,90032.0,3,442,1,1,857,1101.48
2478,2816,04/09/2018,08/09/2018,2,307,311,1,0,265,3,90036.0,3,318,0,16,425,1322.352
2479,531,13/09/2015,19/09/2015,3,199,188,0,0,327,30,10011.0,1,562,1,2,1128,5.46
2480,3576,19/06/2018,25/06/2018,3,289,285,0,0,109,41,75220.0,0,1439,1,15,670,11.184
2481,3576,19/06/2018,25/06/2018,3,289,285,0,0,109,41,75220.0,0,1397,1,14,1380,153.584
2482,3705,24/12/2018,31/12/2018,3,31,13,0,0,450,45,98105.0,3,1328,1,14,1200,1003.62
2483,3271,28/08/2018,03/09/2018,3,441,445,2,0,450,45,98105.0,3,1706,2,13,148,35.168
2484,3271,28/08/2018,03/09/2018,3,441,445,2,0,450,45,98105.0,3,320,0,16,852,1137.75
2485,3271,28/08/2018,03/09/2018,3,441,445,2,0,450,45,98105.0,3,704,1,3,710,99.68
2486,3271,28/08/2018,03/09/2018,3,441,445,2,0,450,45,98105.0,3,601,1,2,1152,5.56
2487,845,02/01/2016,04/01/2016,2,127,167,1,0,328,6,19711.0,1,1354,1,14,1367,85.52
2488,845,02/01/2016,04/01/2016,2,127,167,1,0,328,6,19711.0,1,520,1,2,1118,9.84
2489,845,02/01/2016,04/01/2016,2,127,167,1,0,328,6,19711.0,1,1258,1,12,1747,20.04
2490,1314,09/10/2016,13/10/2016,2,734,748,0,0,327,30,10024.0,1,1743,2,13,936,631.96
2491,1314,09/10/2016,13/10/2016,2,734,748,0,0,327,30,10024.0,1,1159,1,12,1677,23.92
2492,168,13/12/2015,15/12/2015,2,423,421,0,0,265,3,90049.0,3,1102,1,12,1618,90.24
2493,528,19/11/2015,23/11/2015,3,394,389,0,0,217,30,14701.0,1,1791,2,13,155,4548.81
2494,2372,10/09/2017,14/09/2017,2,444,430,0,0,207,41,77095.0,0,361,0,16,941,300.93
2495,2372,10/09/2017,14/09/2017,2,444,430,0,0,207,41,77095.0,0,1705,2,13,1289,719.96
2496,437,16/06/2015,22/06/2015,3,675,703,0,0,300,12,46544.0,0,51,0,5,752,647.84
2497,1072,26/09/2016,01/10/2016,3,109,119,2,0,435,3,92037.0,3,1367,1,14,1465,64.17
2498,1072,26/09/2016,01/10/2016,3,109,119,2,0,435,3,92037.0,3,846,1,7,395,124.46
2499,2078,19/05/2017,24/05/2017,3,111,92,1,0,436,3,94109.0,3,838,1,3,693,9.584
2500,4795,22/06/2018,23/06/2018,0,199,188,0,0,293,8,33178.0,2,896,1,7,3,37.608
2501,3378,17/06/2018,20/06/2018,0,473,478,1,0,455,11,60076.0,0,1137,1,12,1343,12.224
2502,3378,17/06/2018,20/06/2018,0,473,478,1,0,455,11,60076.0,0,658,1,3,236,2.304
2503,3378,17/06/2018,20/06/2018,0,473,478,1,0,455,11,60076.0,0,689,1,3,637,9.36
2504,2423,14/11/2017,19/11/2017,3,655,619,0,0,436,3,94110.0,3,947,1,10,230,7.38
2505,522,25/07/2015,27/07/2015,2,434,441,0,0,436,3,94122.0,3,1331,1,14,650,53.72
2506,522,25/07/2015,27/07/2015,2,434,441,0,0,436,3,94122.0,3,1419,1,15,812,8187.65
2507,522,25/07/2015,27/07/2015,2,434,441,0,0,436,3,94122.0,3,297,0,9,1496,77.92
2508,1038,02/07/2016,02/07/2016,1,622,627,0,0,207,41,77070.0,0,402,1,1,298,32.784
2509,4015,02/03/2018,08/03/2018,3,548,490,1,0,265,3,90045.0,3,1702,2,13,1238,196.776
2510,4015,02/03/2018,08/03/2018,3,548,490,1,0,265,3,90045.0,3,1472,2,0,997,479.94
2511,2226,18/11/2017,23/11/2017,3,61,61,2,0,343,34,73120.0,0,1392,1,14,1556,1117.92
2512,817,18/04/2016,19/04/2016,0,446,436,0,0,306,16,71203.0,2,1550,2,0,1068,106.5
2513,3836,02/12/2018,06/12/2018,3,188,192,2,0,471,8,33614.0,2,737,1,3,1300,45.66
2514,2040,11/11/2017,17/11/2017,3,65,102,1,0,80,11,60623.0,0,1555,2,0,303,95.968
2515,2040,11/11/2017,17/11/2017,3,65,102,1,0,80,11,60623.0,0,125,0,5,737,47.992
2516,88,05/09/2015,10/09/2015,3,573,578,0,0,46,33,43402.0,1,1305,1,14,543,264.32
2517,350,15/11/2015,22/11/2015,3,583,605,0,0,207,41,77095.0,0,876,1,7,139,604.656
2518,3223,02/05/2018,07/05/2018,3,242,237,1,0,513,28,7090.0,1,280,0,9,553,129.93
2519,2038,15/10/2017,21/10/2017,3,141,184,2,0,343,34,73120.0,0,1009,1,10,197,20.16
2520,2038,15/10/2017,21/10/2017,3,141,184,2,0,343,34,73120.0,0,987,1,10,217,29.46
2521,2038,15/10/2017,21/10/2017,3,141,184,2,0,343,34,73120.0,0,431,1,1,869,868.59
2522,2038,15/10/2017,21/10/2017,3,141,184,2,0,343,34,73120.0,0,1207,1,12,1790,12.96
2523,2038,15/10/2017,21/10/2017,3,141,184,2,0,343,34,73120.0,0,1807,2,13,1395,5.5
2524,2038,15/10/2017,21/10/2017,3,141,184,2,0,343,34,73120.0,0,672,1,3,898,121.6
2525,1094,06/04/2016,10/04/2016,3,770,746,0,0,207,41,77041.0,0,612,1,2,1117,42.048
2526,1094,06/04/2016,10/04/2016,3,770,746,0,0,207,41,77041.0,0,1532,2,0,1054,25.488
2527,1094,06/04/2016,10/04/2016,3,770,746,0,0,207,41,77041.0,0,842,1,3,892,6.9
2528,1094,06/04/2016,10/04/2016,3,770,746,0,0,207,41,77041.0,0,811,1,3,662,9.648
2529,1094,06/04/2016,10/04/2016,3,770,746,0,0,207,41,77041.0,0,1107,1,12,1736,7.968
2530,113,24/10/2015,29/10/2015,3,188,192,2,0,153,8,33311.0,2,1072,1,12,1805,10.368
2531,149,17/08/2015,21/08/2015,3,208,232,1,0,258,2,72209.0,2,1062,1,12,1714,114.2
2532,149,17/08/2015,21/08/2015,3,208,232,1,0,258,2,72209.0,2,667,1,3,259,17.96
2533,149,17/08/2015,21/08/2015,3,208,232,1,0,258,2,72209.0,2,922,1,8,456,12.67
2534,149,17/08/2015,21/08/2015,3,208,232,1,0,258,2,72209.0,2,1476,2,0,1020,339.96
2535,4722,15/08/2018,18/08/2018,2,221,231,1,0,372,36,19120.0,1,1411,1,14,1555,1801.632
2536,1348,06/09/2016,08/09/2016,0,466,476,1,0,232,3,92253.0,3,1561,2,0,1077,46.32
2537,1651,27/01/2016,29/01/2016,2,720,689,0,0,86,33,44105.0,1,56,0,5,813,181.986
2538,1651,27/01/2016,29/01/2016,2,720,689,0,0,86,33,44105.0,1,1705,2,13,1289,431.976
2539,1651,27/01/2016,29/01/2016,2,720,689,0,0,86,33,44105.0,1,1774,2,13,1168,155.37
2540,966,16/07/2016,16/07/2016,1,267,252,1,0,436,3,94122.0,3,103,0,5,824,1348.704
2541,966,16/07/2016,16/07/2016,1,267,252,1,0,436,3,94122.0,3,119,0,5,830,700.152
2542,2343,30/04/2017,04/05/2017,3,425,439,1,0,449,1,85254.0,3,235,0,9,11,111.888
2543,724,26/09/2015,01/10/2015,2,552,570,1,0,372,36,19134.0,1,417,1,1,299,143.952
2544,4465,08/09/2017,14/09/2017,3,43,47,2,0,272,19,2148.0,1,32,0,4,387,173.94
2545,4465,08/09/2017,14/09/2017,3,43,47,2,0,272,19,2148.0,1,947,1,10,230,14.76
2546,2934,16/04/2018,20/04/2018,3,356,381,0,0,438,3,95123.0,3,1414,1,14,291,205.92
2547,2934,16/04/2018,20/04/2018,3,356,381,0,0,438,3,95123.0,3,6,0,4,1187,102.833
2548,4332,16/08/2016,22/08/2016,3,394,389,0,0,373,1,85023.0,3,547,1,2,1154,2.304
2549,4332,16/08/2016,22/08/2016,3,394,389,0,0,373,1,85023.0,3,1780,2,13,1393,1879.96
2550,4332,16/08/2016,22/08/2016,3,394,389,0,0,373,1,85023.0,3,1136,1,12,1673,313.024
2551,4332,16/08/2016,22/08/2016,3,394,389,0,0,373,1,85023.0,3,953,1,10,195,5.04
2552,2777,19/11/2018,23/11/2018,3,6,6,0,0,194,15,42420.0,2,304,0,9,25,821.88
2553,2777,19/11/2018,23/11/2018,3,6,6,0,0,194,15,42420.0,2,640,1,3,688,21.96
2554,2511,14/09/2017,18/09/2017,3,601,583,2,0,93,38,29203.0,2,1015,1,12,1820,25.92
2555,1955,15/08/2017,20/08/2017,3,346,383,0,0,469,8,32303.0,2,1690,2,13,792,705.544
2556,932,26/09/2016,30/09/2016,3,589,609,0,0,327,30,10035.0,1,1501,2,0,517,50.0
2557,4498,08/10/2017,14/10/2017,3,118,73,1,0,207,41,77070.0,0,313,0,9,468,51.712
2558,4301,24/03/2016,30/03/2016,3,101,78,1,0,102,8,33065.0,2,420,1,1,608,6.992
2559,1401,31/05/2016,04/06/2016,3,753,732,0,0,349,42,84057.0,3,41,0,4,1188,1406.86
2560,1401,31/05/2016,04/06/2016,3,753,732,0,0,349,42,84057.0,3,995,1,10,1434,15.75
2561,1401,31/05/2016,04/06/2016,3,753,732,0,0,349,42,84057.0,3,1291,1,14,660,323.1
2562,1362,25/12/2016,31/12/2016,3,484,485,0,0,321,40,37211.0,2,986,1,10,180,9.216
2563,1362,25/12/2016,31/12/2016,3,484,485,0,0,321,40,37211.0,2,1188,1,12,1823,10.368
2564,910,17/03/2016,22/03/2016,2,332,320,1,0,327,30,10009.0,1,1466,2,0,958,15.02
2565,910,17/03/2016,22/03/2016,2,332,320,1,0,327,30,10009.0,1,1333,1,14,1543,33.82
2566,2957,21/12/2018,24/12/2018,0,72,108,0,0,46,15,42104.0,2,1550,2,0,1068,71.0
2567,3235,01/11/2018,03/11/2018,2,685,678,0,0,37,45,98226.0,3,690,1,3,708,25.12
2568,3235,01/11/2018,03/11/2018,2,685,678,0,0,37,45,98226.0,3,360,0,16,835,2665.62
2569,3722,07/09/2018,11/09/2018,3,707,706,1,0,327,30,10011.0,1,1386,1,14,115,478.08
2570,3435,27/12/2018,27/12/2018,1,233,190,1,0,328,33,43055.0,1,1699,2,13,37,164.388
2571,3435,27/12/2018,27/12/2018,1,233,190,1,0,328,33,43055.0,1,618,1,2,276,13.248
2572,2962,16/07/2018,21/07/2018,3,780,776,2,0,523,11,60098.0,0,596,1,2,473,2.912
2573,2522,12/08/2017,15/08/2017,2,159,147,0,0,67,41,75007.0,0,1574,2,0,1019,1399.944
2574,3646,09/07/2018,14/07/2018,3,700,686,2,0,233,12,47905.0,0,149,0,9,555,526.45
2575,352,22/11/2015,27/11/2015,3,617,657,1,0,94,9,31907.0,2,899,1,7,627,16.23
2576,352,22/11/2015,27/11/2015,3,617,657,1,0,94,9,31907.0,2,675,1,3,702,319.9
2577,352,22/11/2015,27/11/2015,3,617,657,1,0,94,9,31907.0,2,865,1,7,1492,11.36
2578,352,22/11/2015,27/11/2015,3,617,657,1,0,94,9,31907.0,2,434,1,1,817,675.12
2579,4243,26/01/2015,31/01/2015,3,682,697,2,0,4,44,22304.0,2,301,0,9,729,62.82
2580,4243,26/01/2015,31/01/2015,3,682,697,2,0,4,44,22304.0,2,1409,1,14,1364,489.92
2581,4243,26/01/2015,31/01/2015,3,682,697,2,0,4,44,22304.0,2,1202,1,12,606,19.44
2582,4243,26/01/2015,31/01/2015,3,682,697,2,0,4,44,22304.0,2,1045,1,12,1324,16.68
2583,4243,26/01/2015,31/01/2015,3,682,697,2,0,4,44,22304.0,2,1851,2,13,1037,155.35
2584,4243,26/01/2015,31/01/2015,3,682,697,2,0,4,44,22304.0,2,195,0,9,575,12.42
2585,4243,26/01/2015,31/01/2015,3,682,697,2,0,4,44,22304.0,2,1753,2,13,932,187.98
2586,1051,03/11/2016,10/11/2016,3,175,148,1,0,186,41,76117.0,0,853,1,7,1,6.608
2587,3382,30/06/2018,06/07/2018,3,616,617,0,0,327,30,10024.0,1,1341,1,14,1503,248.57
2588,3382,30/06/2018,06/07/2018,3,616,617,0,0,327,30,10024.0,1,209,0,9,619,22.23
2589,2240,05/05/2017,09/05/2017,3,79,66,2,0,265,3,90004.0,3,1344,1,14,1255,5.98
2590,2240,05/05/2017,09/05/2017,3,79,66,2,0,265,3,90004.0,3,1721,2,13,443,246.168
2591,4471,08/09/2017,14/09/2017,3,683,672,0,0,516,11,60090.0,0,306,0,9,615,14.136
2592,4471,08/09/2017,14/09/2017,3,683,672,0,0,516,11,60090.0,0,356,0,16,367,601.47
2593,3319,24/11/2018,26/11/2018,2,658,649,1,0,466,38,29483.0,2,1786,2,13,1096,79.1
2594,3319,24/11/2018,26/11/2018,2,658,649,1,0,466,38,29483.0,2,699,1,3,1637,327.84
2595,3726,13/05/2018,17/05/2018,3,92,109,1,0,94,12,47201.0,0,884,1,7,1582,180.96
2596,3726,13/05/2018,17/05/2018,3,92,109,1,0,94,12,47201.0,0,831,1,3,895,914.97
2597,3726,13/05/2018,17/05/2018,3,92,109,1,0,94,12,47201.0,0,1762,2,13,1269,587.97
2598,3726,13/05/2018,17/05/2018,3,92,109,1,0,94,12,47201.0,0,1293,1,14,1548,530.34
2599,3726,13/05/2018,17/05/2018,3,92,109,1,0,94,12,47201.0,0,1123,1,12,794,14.94
2600,2943,23/04/2018,29/04/2018,3,697,664,0,0,327,30,10024.0,1,375,1,1,1573,121.94
2601,2943,23/04/2018,29/04/2018,3,697,664,0,0,327,30,10024.0,1,1440,1,15,84,122.71
2602,2690,04/06/2017,04/06/2017,1,274,250,0,0,327,30,10035.0,1,1042,1,12,537,14.94
2603,2690,04/06/2017,04/06/2017,1,274,250,0,0,327,30,10035.0,1,1659,2,11,1234,1349.85
2604,2690,04/06/2017,04/06/2017,1,274,250,0,0,327,30,10035.0,1,2,0,4,1428,136.784
2605,2690,04/06/2017,04/06/2017,1,274,250,0,0,327,30,10035.0,1,277,0,9,989,61.12
2606,159,16/12/2015,21/12/2015,3,440,428,1,0,216,8,32216.0,2,659,1,3,234,1.167
2607,2490,04/03/2017,10/03/2017,3,506,524,2,0,435,3,92024.0,3,593,1,2,315,16.99
2608,329,25/11/2015,30/11/2015,3,489,504,1,0,16,41,76017.0,0,1503,2,0,957,24.672
2609,329,25/11/2015,30/11/2015,3,489,504,1,0,16,41,76017.0,0,962,1,10,231,2.52
2610,329,25/11/2015,30/11/2015,3,489,504,1,0,16,41,76017.0,0,319,0,16,366,1218.735
2611,329,25/11/2015,30/11/2015,3,489,504,1,0,16,41,76017.0,0,947,1,10,230,5.904
2612,329,25/11/2015,30/11/2015,3,489,504,1,0,16,41,76017.0,0,1079,1,12,1469,15.696
2613,329,25/11/2015,30/11/2015,3,489,504,1,0,16,41,76017.0,0,144,0,9,1045,6.096
2614,2233,28/04/2017,05/05/2017,3,96,89,1,0,265,3,90045.0,3,85,0,5,765,41.568
2615,553,26/04/2015,03/05/2015,3,19,19,1,0,265,3,90049.0,3,133,0,5,326,230.28
2616,553,26/04/2015,03/05/2015,3,19,19,1,0,265,3,90049.0,3,695,1,3,73,18.288
2617,3704,01/04/2018,05/04/2018,3,536,489,0,0,436,3,94110.0,3,992,1,10,206,5.78
2618,3704,01/04/2018,05/04/2018,3,536,489,0,0,436,3,94110.0,3,689,1,3,637,121.68
2619,3056,22/12/2018,26/12/2018,3,393,375,1,0,65,29,88220.0,3,480,1,2,521,4.17
2620,3056,22/12/2018,26/12/2018,3,393,375,1,0,65,29,88220.0,3,1716,2,13,1844,67.04
2621,3056,22/12/2018,26/12/2018,3,393,375,1,0,65,29,88220.0,3,1319,1,14,587,37.32
2622,3056,22/12/2018,26/12/2018,3,393,375,1,0,65,29,88220.0,3,963,1,10,227,18.45
2623,729,03/12/2015,06/12/2015,2,491,507,1,0,424,23,63116.0,0,1145,1,12,1809,25.92
2624,3296,22/10/2018,24/10/2018,0,730,757,2,0,327,30,10024.0,1,1613,2,6,404,11199.968
2625,3296,22/10/2018,24/10/2018,0,730,757,2,0,327,30,10024.0,1,1725,2,13,1285,2399.6
2626,3296,22/10/2018,24/10/2018,0,730,757,2,0,327,30,10024.0,1,868,1,7,772,63.9
2627,3296,22/10/2018,24/10/2018,0,730,757,2,0,327,30,10024.0,1,1818,2,13,1842,52.99
2628,4901,13/11/2018,15/11/2018,0,666,684,1,0,462,33,45503.0,1,1529,2,0,1398,60.864
2629,4901,13/11/2018,15/11/2018,0,666,684,1,0,462,33,45503.0,1,1640,2,11,602,652.995
2630,4901,13/11/2018,15/11/2018,0,666,684,1,0,462,33,45503.0,1,765,1,3,83,11.22
2631,1643,10/09/2016,15/09/2016,3,7,9,0,0,488,34,74133.0,0,1049,1,12,1740,14.94
2632,4690,15/05/2018,20/05/2018,3,359,351,0,0,450,45,98103.0,3,139,0,9,15,39.96
2633,4690,15/05/2018,20/05/2018,3,359,351,0,0,450,45,98103.0,3,79,0,5,1368,42.624
2634,4690,15/05/2018,20/05/2018,3,359,351,0,0,450,45,98103.0,3,121,0,5,1362,220.96
2635,1000,05/07/2016,10/07/2016,2,78,64,1,0,150,31,28314.0,2,274,0,9,1485,4.928
2636,1000,05/07/2016,10/07/2016,2,78,64,1,0,150,31,28314.0,2,835,1,3,1641,7.23
2637,1581,15/08/2016,19/08/2016,3,771,749,1,0,265,3,90045.0,3,1291,1,14,660,323.1
2638,2941,12/06/2018,18/06/2018,3,664,676,0,0,327,30,10035.0,1,1068,1,12,1526,19.04
2639,2941,12/06/2018,18/06/2018,3,664,676,0,0,327,30,10035.0,1,669,1,3,147,13.128
2640,2941,12/06/2018,18/06/2018,3,664,676,0,0,327,30,10035.0,1,626,1,2,353,64.14
2641,2941,12/06/2018,18/06/2018,3,664,676,0,0,327,30,10035.0,1,58,0,5,1377,858.24
2642,1664,20/02/2016,25/02/2016,3,465,469,0,0,206,2,71901.0,2,1480,2,0,153,29.99
2643,2033,29/12/2017,30/12/2017,0,413,433,0,0,24,11,60505.0,0,1095,1,12,1615,186.048
2644,2412,17/04/2017,21/04/2017,2,82,77,2,0,392,31,27604.0,2,1797,2,13,1100,36.792
2645,2412,17/04/2017,21/04/2017,2,82,77,2,0,392,31,27604.0,2,143,0,9,728,18.624
2646,375,07/09/2015,12/09/2015,2,737,758,0,0,488,34,74133.0,0,295,0,9,617,57.69
2647,375,07/09/2015,12/09/2015,2,737,758,0,0,488,34,74133.0,0,670,1,3,691,42.81
2648,375,07/09/2015,12/09/2015,2,737,758,0,0,488,34,74133.0,0,1030,1,12,1794,12.96
2649,375,07/09/2015,12/09/2015,2,737,758,0,0,488,34,74133.0,0,304,0,9,25,821.88
2650,375,07/09/2015,12/09/2015,2,737,758,0,0,488,34,74133.0,0,1687,2,13,1270,104.85
2651,4558,26/09/2017,01/10/2017,3,691,663,1,0,196,3,92345.0,3,44,0,4,316,424.9575
2652,3004,17/09/2018,21/09/2018,2,54,14,1,0,389,42,84604.0,3,667,1,3,259,10.776
2653,3004,17/09/2018,21/09/2018,2,54,14,1,0,389,42,84604.0,3,788,1,3,74,11.784
2654,3004,17/09/2018,21/09/2018,2,54,14,1,0,389,42,84604.0,3,1018,1,12,779,164.88
2655,3004,17/09/2018,21/09/2018,2,54,14,1,0,389,42,84604.0,3,29,0,4,733,1292.94
2656,3004,17/09/2018,21/09/2018,2,54,14,1,0,389,42,84604.0,3,814,1,3,697,25.584
2657,3004,17/09/2018,21/09/2018,2,54,14,1,0,389,42,84604.0,3,1332,1,14,1090,261.74
2658,3004,17/09/2018,21/09/2018,2,54,14,1,0,389,42,84604.0,3,960,1,10,224,14.4
2659,2437,16/08/2017,20/08/2017,3,597,603,0,0,436,3,94110.0,3,891,1,7,471,10.86
2660,1244,24/12/2016,28/12/2016,3,332,320,1,0,166,1,85234.0,3,121,0,5,1362,883.84
2661,3227,28/11/2018,02/12/2018,3,204,218,1,0,327,30,10035.0,1,1789,2,13,773,1979.89
2662,3227,28/11/2018,02/12/2018,3,204,218,1,0,327,30,10035.0,1,878,1,7,345,79.96
2663,3925,14/04/2018,15/04/2018,0,153,178,2,0,462,23,65807.0,0,774,1,3,49,8.76
2664,2674,01/05/2017,04/05/2017,0,320,331,0,0,287,40,38109.0,2,965,1,10,207,3.984
2665,2674,01/05/2017,04/05/2017,0,320,331,0,0,287,40,38109.0,2,369,0,16,318,370.62
2666,2674,01/05/2017,04/05/2017,0,320,331,0,0,287,40,38109.0,2,758,1,3,1110,2.742
2667,1842,01/10/2017,01/10/2017,1,323,333,0,0,8,41,79109.0,0,1568,2,0,910,79.512
2668,1842,01/10/2017,01/10/2017,1,323,333,0,0,8,41,79109.0,0,1048,1,12,537,28.352
2669,4359,25/08/2016,30/08/2016,3,567,552,2,0,265,3,90045.0,3,95,0,5,745,40.784
2670,4359,25/08/2016,30/08/2016,3,567,552,2,0,265,3,90045.0,3,435,1,1,631,105.96
2671,314,09/09/2015,12/09/2015,2,656,633,1,0,268,19,1852.0,1,1085,1,12,1697,166.44
2672,314,09/09/2015,12/09/2015,2,656,633,1,0,268,19,1852.0,1,109,0,5,755,785.88
2673,314,09/09/2015,12/09/2015,2,656,633,1,0,268,19,1852.0,1,1275,1,12,118,26.2
2674,314,09/09/2015,12/09/2015,2,656,633,1,0,268,19,1852.0,1,1293,1,14,1548,1325.85
2675,3482,03/12/2018,03/12/2018,1,743,751,0,0,435,3,92024.0,3,1044,1,12,1669,166.44
2676,3388,27/11/2018,02/12/2018,3,197,239,0,0,19,31,28806.0,2,484,1,2,1251,8.76
2677,3388,27/11/2018,02/12/2018,3,197,239,0,0,19,31,28806.0,2,399,1,1,293,43.584
2678,4262,21/06/2015,21/06/2015,1,721,717,0,0,390,4,81001.0,3,681,1,3,1621,11.088
2679,4262,21/06/2015,21/06/2015,1,721,717,0,0,390,4,81001.0,3,756,1,3,269,25.164
2680,3293,21/01/2018,27/01/2018,3,515,539,2,0,215,20,49201.0,0,658,1,3,236,14.4
2681,3293,21/01/2018,27/01/2018,3,515,539,2,0,215,20,49201.0,0,1516,2,0,998,619.95
2682,3293,21/01/2018,27/01/2018,3,515,539,2,0,215,20,49201.0,0,686,1,3,243,89.52
2683,3293,21/01/2018,27/01/2018,3,515,539,2,0,215,20,49201.0,0,1649,2,11,890,350.973
2684,3293,21/01/2018,27/01/2018,3,515,539,2,0,215,20,49201.0,0,1814,2,13,163,164.99
2685,3486,29/06/2018,06/07/2018,3,181,131,0,0,265,3,90004.0,3,661,1,3,1418,312.552
2686,2170,06/09/2017,11/09/2017,3,415,419,0,0,478,31,27360.0,2,878,1,7,345,95.952
2687,2170,06/09/2017,11/09/2017,3,415,419,0,0,478,31,27360.0,2,673,1,3,1306,3.204
2688,4503,04/08/2017,05/08/2017,0,616,617,0,0,369,11,61604.0,0,719,1,3,900,3.98
2689,1468,12/11/2016,14/11/2016,0,789,790,1,0,265,3,90032.0,3,1197,1,12,104,15.7
2690,264,30/06/2015,02/07/2015,0,618,659,0,0,80,11,60653.0,0,621,1,2,274,5.248
2691,3862,04/12/2018,08/12/2018,3,157,142,0,0,372,36,19134.0,1,820,1,3,1510,5.346
2692,4550,28/08/2017,02/09/2017,3,173,140,0,0,142,4,80112.0,3,1160,1,12,1645,15.48
2693,4550,28/08/2017,02/09/2017,3,173,140,0,0,142,4,80112.0,3,1792,2,13,39,108.576
2694,2246,22/01/2017,28/01/2017,3,37,52,1,0,450,45,98115.0,3,184,0,9,470,109.9
2695,514,15/10/2015,20/10/2015,3,217,189,0,0,197,8,33012.0,2,295,0,9,617,15.384
2696,2615,07/02/2017,09/02/2017,0,76,93,0,0,241,33,43130.0,1,1219,1,12,1696,30.352
2697,533,18/03/2015,23/03/2015,3,700,686,2,0,216,8,32216.0,2,1662,2,11,808,821.3
2698,533,18/03/2015,23/03/2015,3,700,686,2,0,216,8,32216.0,2,1641,2,11,444,22638.48
2699,533,18/03/2015,23/03/2015,3,700,686,2,0,216,8,32216.0,2,1129,1,12,1737,21.376
2700,533,18/03/2015,23/03/2015,3,700,686,2,0,216,8,32216.0,2,572,1,2,244,8.016
2701,533,18/03/2015,23/03/2015,3,700,686,2,0,216,8,32216.0,2,295,0,9,617,30.768
2702,533,18/03/2015,23/03/2015,3,700,686,2,0,216,8,32216.0,2,932,1,8,1498,18.936
2703,533,18/03/2015,23/03/2015,3,700,686,2,0,216,8,32216.0,2,207,0,9,502,122.352
2704,518,24/05/2015,30/05/2015,3,653,624,0,0,28,18,21215.0,1,1165,1,12,1731,116.28
2705,3868,11/07/2018,13/07/2018,2,350,399,0,0,327,30,10009.0,1,1523,2,0,1403,132.6
2706,3852,16/06/2018,21/06/2018,3,9,16,2,0,65,29,88220.0,3,1427,1,15,88,16.68
2707,3852,16/06/2018,21/06/2018,3,9,16,2,0,65,29,88220.0,3,1091,1,12,1810,19.44
2708,3852,16/06/2018,21/06/2018,3,9,16,2,0,65,29,88220.0,3,1130,1,12,1666,192.16
2709,1065,30/01/2016,06/02/2016,3,129,141,0,0,265,3,90049.0,3,199,0,9,465,227.36
2710,1065,30/01/2016,06/02/2016,3,129,141,0,0,265,3,90049.0,3,1620,2,11,282,1919.976
2711,4316,11/12/2016,15/12/2016,3,299,293,0,0,216,8,32216.0,2,679,1,3,57,12.828
2712,3397,09/10/2018,11/10/2018,0,164,137,1,0,240,33,44107.0,1,262,0,9,1177,45.888
2713,3668,29/07/2018,01/08/2018,2,303,294,0,0,486,30,12180.0,1,556,1,2,1410,60.12
2714,133,25/04/2015,29/04/2015,3,451,457,0,0,519,31,28403.0,2,1842,2,13,41,302.376
2715,829,01/12/2016,06/12/2016,3,110,86,2,0,450,45,98105.0,3,575,1,2,1296,13.9
2716,326,04/12/2015,08/12/2015,3,164,137,1,0,327,30,10024.0,1,1701,2,13,1277,129.98
2717,3325,26/08/2018,01/09/2018,3,676,710,2,0,94,9,31907.0,2,1460,2,0,1460,71.98
2718,0,07/09/2015,13/09/2015,3,216,223,0,0,327,30,10024.0,1,1751,2,13,44,377.97
2719,3639,21/12/2018,27/12/2018,3,683,672,0,0,104,3,92627.0,3,1410,1,14,644,124.36
2720,130,06/12/2015,08/12/2015,2,459,477,0,0,207,41,77095.0,0,235,0,9,11,23.976
2721,248,04/11/2015,08/11/2015,2,579,579,1,0,68,31,27511.0,2,906,1,8,1195,8.376
2722,248,04/11/2015,08/11/2015,2,579,579,1,0,68,31,27511.0,2,470,1,1,52,58.24
2723,2672,14/04/2017,19/04/2017,2,737,758,0,0,4,44,22304.0,2,1348,1,14,71,81.2
2724,614,04/10/2015,08/10/2015,3,203,207,0,0,495,3,94591.0,3,1011,1,10,222,14.45
2725,614,04/10/2015,08/10/2015,3,203,207,0,0,495,3,94591.0,3,754,1,3,705,95.648
2726,3739,07/11/2018,13/11/2018,3,275,259,0,0,372,36,19120.0,1,1819,2,13,934,359.97
2727,3739,07/11/2018,13/11/2018,3,275,259,0,0,372,36,19120.0,1,322,0,16,321,350.352
2728,3131,22/12/2018,24/12/2018,0,697,664,0,0,483,33,43615.0,1,669,1,3,147,1.641
2729,3131,22/12/2018,24/12/2018,0,697,664,0,0,483,33,43615.0,1,1796,2,13,1242,629.958
2730,2857,13/02/2018,19/02/2018,3,284,288,0,0,450,45,98105.0,3,522,1,2,1116,6.63
2731,2857,13/02/2018,19/02/2018,3,284,288,0,0,450,45,98105.0,3,1507,2,0,1328,799.96
2732,2857,13/02/2018,19/02/2018,3,284,288,0,0,450,45,98105.0,3,284,0,9,1539,107.53
2733,101,02/07/2015,06/07/2015,3,258,261,0,0,376,28,7060.0,1,1794,2,13,993,73.98
2734,101,02/07/2015,06/07/2015,3,258,261,0,0,376,28,7060.0,1,493,1,2,496,5.58
2735,1159,21/02/2016,23/02/2016,2,355,379,0,0,244,29,88001.0,3,1034,1,12,537,49.12
2736,989,13/11/2016,19/11/2016,3,434,441,0,0,328,6,19711.0,1,1817,2,13,342,377.97
2737,989,13/11/2016,19/11/2016,3,434,441,0,0,328,6,19711.0,1,1109,1,12,110,42.28
2738,989,13/11/2016,19/11/2016,3,434,441,0,0,328,6,19711.0,1,44,0,4,316,299.97
2739,989,13/11/2016,19/11/2016,3,434,441,0,0,328,6,19711.0,1,1742,2,13,922,89.98
2740,3208,16/04/2018,18/04/2018,0,247,248,1,0,205,0,35244.0,2,1420,1,15,460,477.24
2741,3208,16/04/2018,18/04/2018,0,247,248,1,0,205,0,35244.0,2,1577,2,0,1402,25.98
2742,2678,25/02/2017,27/02/2017,2,73,114,0,0,328,33,43055.0,1,881,1,7,1492,46.72
2743,572,04/11/2015,08/11/2015,3,537,500,0,0,435,3,92037.0,3,306,0,9,615,35.34
2744,1304,20/06/2016,25/06/2016,2,679,716,1,0,436,3,94122.0,3,217,0,9,878,257.64
2745,1304,20/06/2016,25/06/2016,2,679,716,1,0,436,3,94122.0,3,1784,2,13,1848,125.976
2746,4005,07/08/2018,11/08/2018,2,288,290,0,0,216,31,28540.0,2,1585,2,0,1004,79.992
2747,642,12/05/2015,17/05/2015,3,444,430,0,0,156,19,2038.0,1,340,0,16,327,700.056
2748,4414,22/11/2016,26/11/2016,3,43,47,2,0,160,41,75034.0,0,1573,2,0,1401,27.168
2749,904,04/12/2016,08/12/2016,3,644,635,0,0,469,8,32303.0,2,697,1,3,1480,8.226
2750,4216,08/06/2015,14/06/2015,3,172,128,0,0,450,45,98115.0,3,94,0,5,839,585.552
2751,630,08/08/2015,11/08/2015,2,753,732,0,0,494,3,95687.0,3,1303,1,14,124,423.28
2752,664,26/05/2015,30/05/2015,3,320,331,0,0,265,3,90008.0,3,64,0,5,850,225.296
2753,1504,17/04/2016,21/04/2016,3,292,299,0,0,436,3,94122.0,3,575,1,2,1296,5.56
2754,1504,17/04/2016,21/04/2016,3,292,299,0,0,436,3,94122.0,3,1552,2,0,1274,323.37
2755,1504,17/04/2016,21/04/2016,3,292,299,0,0,436,3,94122.0,3,1762,2,13,1269,783.96
2756,1504,17/04/2016,21/04/2016,3,292,299,0,0,436,3,94122.0,3,431,1,1,869,1447.65
2757,1504,17/04/2016,21/04/2016,3,292,299,0,0,436,3,94122.0,3,1087,1,12,1687,11.96
2758,2091,11/06/2017,13/06/2017,2,277,266,0,0,327,30,10035.0,1,1530,2,0,1327,239.97
2759,2371,11/03/2017,15/03/2017,3,401,407,2,0,94,9,31907.0,2,295,0,9,617,76.92
2760,2371,11/03/2017,15/03/2017,3,401,407,2,0,94,9,31907.0,2,1347,1,14,904,481.32
2761,357,26/05/2015,29/05/2015,0,244,214,2,0,316,42,84107.0,3,1190,1,12,1654,48.4
2762,3281,12/10/2018,14/10/2018,0,566,564,2,0,436,3,94110.0,3,1567,2,0,1053,0.99
2763,3281,12/10/2018,14/10/2018,0,566,564,2,0,436,3,94110.0,3,685,1,3,406,101.84
2764,4043,22/06/2018,28/06/2018,3,598,593,2,0,372,36,19140.0,1,764,1,3,695,10.332
2765,4043,22/06/2018,28/06/2018,3,598,593,2,0,372,36,19140.0,1,798,1,3,1624,31.155
2766,4043,22/06/2018,28/06/2018,3,598,593,2,0,372,36,19140.0,1,1415,1,14,1280,8.928
2767,4081,15/01/2018,18/01/2018,0,662,644,0,0,372,36,19134.0,1,379,1,1,306,34.384
2768,4081,15/01/2018,18/01/2018,0,662,644,0,0,372,36,19134.0,1,439,1,1,858,1924.16
2769,4319,02/04/2016,07/04/2016,3,531,528,0,0,109,41,75220.0,0,400,1,1,34,32.192
2770,4319,02/04/2016,07/04/2016,3,531,528,0,0,109,41,75220.0,0,1547,2,0,959,50.12
2771,4319,02/04/2016,07/04/2016,3,531,528,0,0,109,41,75220.0,0,1556,2,0,152,47.976
2772,2660,03/09/2017,10/09/2017,3,373,361,0,0,507,47,53186.0,0,1322,1,14,472,54.5
2773,3911,10/12/2018,12/12/2018,0,115,111,0,0,153,8,33311.0,2,204,0,9,1496,19.104
2774,2150,22/11/2017,26/11/2017,3,631,637,0,0,123,20,48205.0,0,752,1,3,903,49.44
2775,3610,11/11/2018,18/11/2018,3,521,515,2,0,462,33,45503.0,1,1266,1,12,1818,10.368
2776,2340,21/10/2017,25/10/2017,3,356,381,0,0,435,3,92037.0,3,1414,1,14,291,154.44
2777,1124,21/12/2016,25/12/2016,3,276,255,1,0,92,4,80906.0,3,457,1,1,294,60.984
2778,1287,17/07/2016,19/07/2016,2,391,367,0,0,27,3,93309.0,3,27,0,4,1421,195.466
2779,2939,30/04/2018,05/05/2018,3,713,674,1,0,382,8,33068.0,2,203,0,9,21,23.68
2780,2939,30/04/2018,05/05/2018,3,713,674,1,0,382,8,33068.0,2,1558,2,0,1050,2.376
2781,4079,06/05/2018,08/05/2018,0,743,751,0,0,327,30,10035.0,1,1007,1,10,214,59.2
2782,3680,20/11/2018,27/11/2018,3,323,333,0,0,239,21,55044.0,0,502,1,2,1413,22.0
2783,2269,11/11/2017,16/11/2017,3,457,465,0,0,123,20,48234.0,0,1718,2,13,524,257.98
2784,4443,05/11/2017,10/11/2017,3,56,18,1,0,372,36,19134.0,1,1801,2,13,151,23.988
2785,1931,09/10/2017,15/10/2017,3,533,529,1,0,486,33,45373.0,1,1854,2,13,1063,23.976
2786,1436,21/09/2016,23/09/2016,0,141,184,2,0,265,3,90036.0,3,135,0,5,841,601.536
2787,1436,21/09/2016,23/09/2016,0,141,184,2,0,265,3,90036.0,3,924,1,8,117,7.9
2788,4164,02/12/2015,06/12/2015,3,496,522,1,0,103,41,78415.0,0,188,0,9,516,58.36
2789,4164,02/12/2015,06/12/2015,3,496,522,1,0,103,41,78415.0,0,500,1,2,1151,16.464
2790,4164,02/12/2015,06/12/2015,3,496,522,1,0,103,41,78415.0,0,235,0,9,11,39.96
2791,299,21/09/2015,22/09/2015,0,92,109,1,0,346,25,68104.0,0,385,1,1,636,25.96
2792,299,21/09/2015,22/09/2015,0,92,109,1,0,346,25,68104.0,0,447,1,1,53,36.27
2793,299,21/09/2015,22/09/2015,0,92,109,1,0,346,25,68104.0,0,1015,1,12,1820,6.48
2794,627,12/04/2015,17/04/2015,3,440,428,1,0,399,3,90278.0,3,1730,2,13,1313,1075.088
2795,627,12/04/2015,17/04/2015,3,440,428,1,0,399,3,90278.0,3,1699,2,13,37,438.368
2796,627,12/04/2015,17/04/2015,3,440,428,1,0,399,3,90278.0,3,746,1,3,1336,18.088
2797,627,12/04/2015,17/04/2015,3,440,428,1,0,399,3,90278.0,3,6,0,4,1187,308.499
2798,3907,20/10/2018,27/10/2018,3,335,337,0,0,258,2,72209.0,2,548,1,2,588,13.36
2799,3907,20/10/2018,27/10/2018,3,335,337,0,0,258,2,72209.0,2,1082,1,12,1665,39.96
2800,3907,20/10/2018,27/10/2018,3,335,337,0,0,258,2,72209.0,2,772,1,3,330,145.85
2801,2481,25/10/2017,28/10/2017,0,405,371,1,0,293,8,33180.0,2,1708,2,13,1241,783.96
2802,4297,01/11/2016,04/11/2016,0,293,313,0,0,428,35,97301.0,3,526,1,2,1030,7.88
2803,3606,03/11/2018,08/11/2018,3,220,220,0,0,244,29,88001.0,3,159,0,9,31,41.37
2804,1553,12/05/2016,16/05/2016,3,180,165,0,0,436,3,94122.0,3,1238,1,12,1750,12.84
2805,1553,12/05/2016,16/05/2016,3,180,165,0,0,436,3,94122.0,3,1254,1,12,1741,25.68
2806,1074,07/09/2016,11/09/2016,3,129,141,0,0,137,41,79907.0,0,57,0,5,1081,47.516
2807,1412,25/07/2016,27/07/2016,2,514,533,0,0,450,45,98115.0,3,939,1,8,1281,9.42
2808,1412,25/07/2016,27/07/2016,2,514,533,0,0,450,45,98115.0,3,1280,1,12,1824,12.96
2809,1412,25/07/2016,27/07/2016,2,514,533,0,0,450,45,98115.0,3,18,0,4,1427,704.9
2810,1412,25/07/2016,27/07/2016,2,514,533,0,0,450,45,98115.0,3,76,0,5,1209,561.568
2811,1248,16/11/2016,18/11/2016,2,534,543,2,0,297,47,53209.0,0,1024,1,12,1693,179.82
2812,1248,16/11/2016,18/11/2016,2,534,543,2,0,297,47,53209.0,0,176,0,9,116,185.58
2813,1248,16/11/2016,18/11/2016,2,534,543,2,0,297,47,53209.0,0,327,0,16,977,214.11
2814,1248,16/11/2016,18/11/2016,2,534,543,2,0,297,47,53209.0,0,1574,2,0,1019,999.96
2815,1248,16/11/2016,18/11/2016,2,534,543,2,0,297,47,53209.0,0,321,0,16,426,653.55
2816,846,01/09/2016,08/09/2016,3,234,194,2,0,156,19,2038.0,1,693,1,3,519,114.6
2817,846,01/09/2016,08/09/2016,3,234,194,2,0,156,19,2038.0,1,111,0,5,770,60.74
2818,846,01/09/2016,08/09/2016,3,234,194,2,0,156,19,2038.0,1,151,0,9,514,124.36
2819,846,01/09/2016,08/09/2016,3,234,194,2,0,156,19,2038.0,1,1384,1,14,112,1088.76
2820,2600,05/05/2017,08/05/2017,0,223,199,0,0,141,3,92024.0,3,792,1,3,462,6.72
2821,2600,05/05/2017,08/05/2017,0,223,199,0,0,141,3,92024.0,3,358,0,16,317,298.776
2822,1669,31/12/2017,05/01/2018,3,71,107,0,0,9,3,92804.0,3,1775,2,13,114,302.376
2823,3368,18/09/2018,20/09/2018,0,199,188,0,0,16,41,76017.0,0,474,1,2,1119,8.928
2824,3368,18/09/2018,20/09/2018,0,199,188,0,0,16,41,76017.0,0,1300,1,14,69,47.584
2825,4150,25/09/2015,30/09/2015,3,543,536,2,0,207,41,77041.0,0,1211,1,12,1742,33.792
2826,4150,25/09/2015,30/09/2015,3,543,536,2,0,207,41,77041.0,0,28,0,4,1189,300.5328
2827,4150,25/09/2015,30/09/2015,3,543,536,2,0,207,41,77041.0,0,760,1,3,268,2.724
2828,4150,25/09/2015,30/09/2015,3,543,536,2,0,207,41,77041.0,0,860,1,7,1283,3.264
2829,2035,23/04/2017,26/04/2017,0,516,514,0,0,241,33,43130.0,1,1169,1,12,597,108.336
2830,2035,23/04/2017,26/04/2017,0,516,514,0,0,241,33,43130.0,1,1316,1,14,573,55.92
2831,2035,23/04/2017,26/04/2017,0,516,514,0,0,241,33,43130.0,1,1191,1,12,1729,78.304
2832,567,01/11/2015,05/11/2015,3,558,556,0,0,387,35,97206.0,3,1329,1,14,419,443.92
2833,567,01/11/2015,05/11/2015,3,558,556,0,0,387,35,97206.0,3,1701,2,13,1277,155.976
2834,3442,26/01/2018,31/01/2018,2,120,129,1,0,205,0,35244.0,2,522,1,2,1116,15.47
2835,3442,26/01/2018,31/01/2018,2,120,129,1,0,205,0,35244.0,2,714,1,3,262,7.16
2836,2975,11/11/2018,16/11/2018,3,293,313,0,0,265,3,90036.0,3,457,1,1,294,10.89
2837,2975,11/11/2018,16/11/2018,3,293,313,0,0,265,3,90036.0,3,1053,1,12,1795,19.44
2838,2975,11/11/2018,16/11/2018,3,293,313,0,0,265,3,90036.0,3,672,1,3,898,121.6
2839,2390,09/06/2017,12/06/2017,0,743,751,0,0,469,8,32303.0,2,1639,2,11,432,695.7
2840,4288,03/09/2016,08/09/2016,2,340,358,1,0,327,30,10009.0,1,1347,1,14,904,120.33
2841,4181,14/03/2015,19/03/2015,3,148,153,2,0,77,44,23320.0,2,104,0,5,740,1139.92
2842,4799,31/08/2018,04/09/2018,2,647,639,0,0,150,31,28314.0,2,1020,1,12,1732,229.544
2843,3460,23/03/2018,27/03/2018,3,14,43,0,0,209,41,77340.0,0,1353,1,14,646,143.728
2844,3012,18/05/2018,22/05/2018,3,88,113,0,0,372,36,19140.0,1,1466,2,0,958,36.048
2845,4614,27/12/2017,31/12/2017,3,86,112,1,0,523,11,60098.0,0,130,0,5,762,845.488
2846,3507,17/11/2018,20/11/2018,0,788,788,0,0,146,19,2149.0,1,539,1,2,1490,50.94
2847,3777,10/09/2018,15/09/2018,3,703,702,2,0,80,11,60653.0,0,776,1,3,649,762.594
2848,3886,08/04/2018,15/04/2018,3,224,221,1,0,417,9,30076.0,2,275,0,9,567,56.28
2849,3886,08/04/2018,15/04/2018,3,224,221,1,0,417,9,30076.0,2,691,1,3,685,2690.97
2850,2026,28/11/2017,03/12/2017,3,36,51,1,0,358,8,32137.0,2,759,1,3,33,7.434
2851,4504,02/06/2017,05/06/2017,0,419,415,1,0,372,36,19120.0,1,1315,1,14,417,64.784
2852,2914,17/12/2018,22/12/2018,3,777,778,2,0,94,12,47201.0,0,1122,1,12,1647,28.16
2853,2219,19/03/2017,21/03/2017,2,723,727,0,0,341,30,11572.0,1,154,0,9,725,14.98
2854,2219,19/03/2017,21/03/2017,2,723,727,0,0,341,30,11572.0,1,144,0,9,1045,20.32
2855,3489,20/08/2018,20/08/2018,1,267,252,1,0,156,19,2038.0,1,1299,1,14,1108,40.29
2856,4116,25/07/2018,31/07/2018,3,621,622,0,0,454,39,57103.0,0,992,1,10,206,20.23
2857,2100,26/08/2017,29/08/2017,0,208,232,1,0,435,3,92037.0,3,67,0,5,768,1603.136
2858,2499,15/08/2017,17/08/2017,2,131,156,0,0,150,31,28314.0,2,64,0,5,850,225.296
2859,3517,19/05/2018,23/05/2018,3,673,690,0,0,21,9,30318.0,2,1559,2,0,960,67.8
2860,3517,19/05/2018,23/05/2018,3,673,690,0,0,21,9,30318.0,2,1838,2,13,1164,377.97
2861,3517,19/05/2018,23/05/2018,3,673,690,0,0,21,9,30318.0,2,46,0,4,1179,1628.82
2862,3517,19/05/2018,23/05/2018,3,673,690,0,0,21,9,30318.0,2,1020,1,12,1732,286.93
2863,2895,12/08/2018,17/08/2018,3,642,631,0,0,351,8,32839.0,2,1030,1,12,1794,20.736
2864,4654,13/08/2018,13/08/2018,1,377,356,0,0,436,3,94122.0,3,1335,1,14,1504,31.44
2865,4654,13/08/2018,13/08/2018,1,377,356,0,0,436,3,94122.0,3,462,1,1,1493,83.79
2866,4654,13/08/2018,13/08/2018,1,377,356,0,0,436,3,94122.0,3,488,1,2,1153,59.52
2867,4654,13/08/2018,13/08/2018,1,377,356,0,0,436,3,94122.0,3,1425,1,15,1495,31.92
2868,1912,10/11/2017,12/11/2017,2,17,58,0,0,483,33,43615.0,1,1430,1,15,1495,14.72
2869,1912,10/11/2017,12/11/2017,2,17,58,0,0,483,33,43615.0,1,1348,1,14,71,38.976
2870,3619,12/06/2018,19/06/2018,3,451,457,0,0,427,8,33710.0,2,187,0,9,504,17.088
2871,557,22/03/2015,26/03/2015,3,84,84,1,0,487,1,85705.0,3,1175,1,12,1739,74.352
2872,557,22/03/2015,26/03/2015,3,84,84,1,0,487,1,85705.0,3,70,0,5,1207,314.352
2873,3454,15/06/2018,20/06/2018,3,680,718,0,0,265,3,90036.0,3,552,1,2,527,4.26
2874,3485,16/11/2018,22/11/2018,3,725,683,0,0,435,3,92105.0,3,1356,1,14,1554,811.28
2875,4648,29/12/2018,31/12/2018,0,492,521,0,0,327,30,10035.0,1,929,1,8,907,6.03
2876,4629,21/01/2017,23/01/2017,2,746,731,0,0,435,3,92037.0,3,122,0,5,766,153.568
2877,4629,21/01/2017,23/01/2017,2,746,731,0,0,435,3,92037.0,3,61,0,5,749,1013.488
2878,2454,15/01/2017,19/01/2017,3,244,214,2,0,513,28,7090.0,1,877,1,7,1316,52.34
2879,2454,15/01/2017,19/01/2017,3,244,214,2,0,513,28,7090.0,1,523,1,2,138,4.66
2880,2454,15/01/2017,19/01/2017,3,244,214,2,0,513,28,7090.0,1,1476,2,0,1020,254.97
2881,1713,19/09/2017,23/09/2017,2,682,697,2,0,348,28,7050.0,1,663,1,3,1511,25.44
2882,1713,19/09/2017,23/09/2017,2,682,697,2,0,348,28,7050.0,1,1421,1,15,89,27.93
2883,738,21/02/2015,25/02/2015,3,753,732,0,0,523,11,60098.0,0,804,1,3,707,8.85
2884,2139,11/11/2017,16/11/2017,2,89,83,0,0,436,3,94110.0,3,196,0,9,585,6.96
2885,2666,30/01/2017,03/02/2017,3,362,364,0,0,436,3,94122.0,3,636,1,3,801,17.456
2886,4605,18/10/2017,22/10/2017,3,275,259,0,0,474,1,85281.0,3,105,0,5,746,307.92
2887,2799,18/12/2018,19/12/2018,0,275,259,0,0,265,3,90008.0,3,599,1,2,1133,6.63
2888,2799,18/12/2018,19/12/2018,0,275,259,0,0,265,3,90008.0,3,1206,1,12,1787,12.96
2889,2799,18/12/2018,19/12/2018,0,275,259,0,0,265,3,90008.0,3,1035,1,12,1808,32.4
2890,4019,02/11/2018,06/11/2018,3,431,440,1,0,450,45,98105.0,3,1073,1,12,1649,23.85
2891,508,29/04/2015,01/05/2015,2,321,321,0,0,235,16,70601.0,2,85,0,5,765,51.96
2892,508,29/04/2015,01/05/2015,2,321,321,0,0,235,16,70601.0,2,641,1,3,260,17.94
2893,3534,23/10/2018,29/10/2018,3,347,405,1,0,408,30,14609.0,1,1230,1,12,1757,11.56
2894,3534,23/10/2018,29/10/2018,3,347,405,1,0,408,30,14609.0,1,1171,1,12,1830,26.4
2895,3534,23/10/2018,29/10/2018,3,347,405,1,0,408,30,14609.0,1,167,0,9,549,69.08
2896,3534,23/10/2018,29/10/2018,3,347,405,1,0,408,30,14609.0,1,1729,2,13,889,35.88
2897,777,30/03/2015,03/04/2015,3,438,446,0,0,261,30,11561.0,1,533,1,2,1250,49.65
2898,4623,04/01/2017,09/01/2017,3,251,263,1,0,74,31,28205.0,2,1601,2,6,802,959.968
2899,4305,26/04/2016,30/04/2016,3,614,614,0,0,207,41,77036.0,0,119,0,5,830,408.422
2900,1628,12/09/2016,17/09/2016,3,592,591,0,0,327,30,10035.0,1,1601,2,6,802,479.984
2901,1628,12/09/2016,17/09/2016,3,592,591,0,0,327,30,10035.0,1,962,1,10,231,12.6
2902,3252,11/09/2018,15/09/2018,3,188,192,2,0,94,9,31907.0,2,1225,1,12,1721,184.66
2903,2661,12/06/2017,17/06/2017,3,168,180,0,0,80,11,60610.0,0,1155,1,12,1767,23.12
2904,2484,27/06/2017,01/07/2017,3,428,420,1,0,199,11,60035.0,0,1060,1,12,1650,37.464
2905,2484,27/06/2017,01/07/2017,3,428,420,1,0,199,11,60035.0,0,117,0,5,741,539.658
2906,333,26/09/2015,30/09/2015,3,177,158,2,0,450,45,98115.0,3,1376,1,14,535,310.12
2907,3176,03/11/2018,09/11/2018,3,218,193,0,0,129,21,55122.0,0,1041,1,12,1760,8.56
2908,3176,03/11/2018,09/11/2018,3,218,193,0,0,129,21,55122.0,0,1335,1,14,1504,52.4
2909,3176,03/11/2018,09/11/2018,3,218,193,0,0,129,21,55122.0,0,968,1,10,223,14.94
2910,4053,19/02/2018,23/02/2018,3,498,513,0,0,450,45,98103.0,3,942,1,8,1358,11.22
2911,1014,05/11/2016,09/11/2016,3,776,775,0,0,102,8,33065.0,2,387,1,1,292,387.136
2912,173,16/06/2015,21/06/2015,3,147,145,0,0,193,30,11550.0,1,883,1,7,1492,41.4
2913,173,16/06/2015,21/06/2015,3,147,145,0,0,193,30,11550.0,1,598,1,2,350,35.0
2914,173,16/06/2015,21/06/2015,3,147,145,0,0,193,30,11550.0,1,752,1,3,903,39.552
2915,1228,12/10/2016,17/10/2016,2,218,193,0,0,331,12,46060.0,0,1792,2,13,39,135.72
2916,1228,12/10/2016,17/10/2016,2,218,193,0,0,331,12,46060.0,0,690,1,3,708,12.56
2917,1228,12/10/2016,17/10/2016,2,218,193,0,0,331,12,46060.0,0,1737,2,13,1396,263.96
2918,3834,27/08/2018,30/08/2018,0,683,672,0,0,109,41,75220.0,0,576,1,2,539,5.952
2919,2591,23/11/2017,23/11/2017,1,473,478,1,0,372,36,19140.0,1,924,1,8,117,15.8
2920,2591,23/11/2017,23/11/2017,1,473,478,1,0,372,36,19140.0,1,210,0,9,1176,14.368
2921,2591,23/11/2017,23/11/2017,1,473,478,1,0,372,36,19140.0,1,281,0,9,486,70.448
2922,4023,30/01/2018,30/01/2018,1,525,526,0,0,436,3,94109.0,3,1345,1,14,1474,129.3
2923,4362,30/11/2016,03/12/2016,2,193,216,2,0,25,41,78745.0,0,649,1,3,690,3.882
2924,654,28/06/2015,04/07/2015,3,661,640,1,0,123,20,48234.0,0,936,1,8,1498,6.08
2925,660,02/09/2015,05/09/2015,0,395,411,0,0,506,30,13601.0,1,403,1,1,815,19.9
2926,660,02/09/2015,05/09/2015,0,395,411,0,0,506,30,13601.0,1,213,0,9,1535,70.71
2927,3326,10/07/2018,14/07/2018,2,100,76,0,0,94,9,31907.0,2,167,0,9,549,18.84
2928,3894,04/06/2018,10/06/2018,3,181,131,0,0,14,21,55124.0,0,547,1,2,1154,8.64
2929,4737,19/10/2018,26/10/2018,3,752,767,2,0,60,31,27217.0,2,845,1,3,682,1633.188
2930,3609,18/11/2018,24/11/2018,3,497,486,2,0,421,20,48601.0,0,231,0,9,393,19.76
2931,1649,08/08/2016,08/08/2016,1,770,746,0,0,436,3,94109.0,3,844,1,3,32,6.608
2932,1649,08/08/2016,08/08/2016,1,770,746,0,0,436,3,94109.0,3,741,1,3,1308,7.28
2933,1649,08/08/2016,08/08/2016,1,770,746,0,0,436,3,94109.0,3,61,0,5,749,144.784
2934,4634,06/12/2017,12/12/2017,3,311,312,0,0,450,45,98105.0,3,1762,2,13,1269,156.792
2935,4634,06/12/2017,12/12/2017,3,311,312,0,0,450,45,98105.0,3,1789,2,13,773,431.976
2936,4634,06/12/2017,12/12/2017,3,311,312,0,0,450,45,98105.0,3,850,1,7,939,35.89
2937,4634,06/12/2017,12/12/2017,3,311,312,0,0,450,45,98105.0,3,703,1,3,899,47.208
2938,4634,06/12/2017,12/12/2017,3,311,312,0,0,450,45,98105.0,3,1121,1,12,1661,248.08
2939,4634,06/12/2017,12/12/2017,3,311,312,0,0,450,45,98105.0,3,1050,1,12,1455,189.7
2940,4634,06/12/2017,12/12/2017,3,311,312,0,0,450,45,98105.0,3,704,1,3,710,59.808
2941,3853,25/03/2018,31/03/2018,3,352,408,1,0,297,47,53209.0,0,54,0,5,754,90.99
2942,3853,25/03/2018,31/03/2018,3,352,408,1,0,297,47,53209.0,0,127,0,5,988,1526.56
2943,3853,25/03/2018,31/03/2018,3,352,408,1,0,297,47,53209.0,0,97,0,5,753,368.97
2944,3276,19/11/2018,24/11/2018,3,493,538,0,0,265,3,90049.0,3,1312,1,14,664,305.01
2945,3276,19/11/2018,24/11/2018,3,493,538,0,0,265,3,90049.0,3,233,0,9,618,18.7
2946,2701,04/11/2017,05/11/2017,0,462,466,0,0,436,3,94122.0,3,286,0,9,119,38.29
2947,4118,14/12/2018,18/12/2018,3,534,543,2,0,435,3,92024.0,3,316,0,9,551,26.25
2948,4118,14/12/2018,18/12/2018,3,534,543,2,0,435,3,92024.0,3,644,1,3,1625,64.96
2949,4118,14/12/2018,18/12/2018,3,534,543,2,0,435,3,92024.0,3,847,1,7,4,43.7
2950,3448,12/11/2018,12/11/2018,1,272,274,2,0,168,1,85301.0,3,1489,2,0,1072,41.6
2951,3448,12/11/2018,12/11/2018,1,272,274,2,0,168,1,85301.0,3,1155,1,12,1767,23.12
2952,3448,12/11/2018,12/11/2018,1,272,274,2,0,168,1,85301.0,3,132,0,5,797,113.888
2953,3448,12/11/2018,12/11/2018,1,272,274,2,0,168,1,85301.0,3,150,0,9,1546,113.568
2954,3448,12/11/2018,12/11/2018,1,272,274,2,0,168,1,85301.0,3,1689,2,13,477,7.92
2955,3448,12/11/2018,12/11/2018,1,272,274,2,0,168,1,85301.0,3,1723,2,13,1387,671.984
2956,2483,18/08/2017,24/08/2017,3,297,308,1,0,327,30,10035.0,1,1692,2,13,727,39.99
2957,3230,27/06/2018,04/07/2018,3,483,531,2,0,506,30,13601.0,1,93,0,5,1449,191.646
2958,4102,04/05/2018,09/05/2018,3,692,691,0,0,462,33,45503.0,1,794,1,3,499,2.313
2959,1545,24/12/2016,29/12/2016,3,443,429,0,0,265,3,90032.0,3,678,1,3,256,19.936
2960,1545,24/12/2016,29/12/2016,3,443,429,0,0,265,3,90032.0,3,941,1,8,1600,45.92
2961,3615,26/04/2018,01/05/2018,3,604,610,2,0,450,45,98115.0,3,1227,1,12,1515,20.34
2962,3615,26/04/2018,01/05/2018,3,604,610,2,0,450,45,98115.0,3,971,1,10,184,39.28
2963,3492,16/12/2018,21/12/2018,2,62,36,1,0,341,3,92054.0,3,95,0,5,745,81.568
2964,3492,16/12/2018,21/12/2018,2,62,36,1,0,341,3,92054.0,3,111,0,5,770,97.184
2965,3492,16/12/2018,21/12/2018,2,62,36,1,0,341,3,92054.0,3,757,1,3,1309,24.32
2966,3492,16/12/2018,21/12/2018,2,62,36,1,0,341,3,92054.0,3,223,0,9,490,18.96
2967,705,27/12/2015,31/12/2015,3,186,174,0,0,455,11,60076.0,0,183,0,9,493,32.952
2968,705,27/12/2015,31/12/2015,3,186,174,0,0,455,11,60076.0,0,1373,1,14,1494,30.016
2969,4085,06/11/2018,09/11/2018,2,363,369,0,0,150,31,28314.0,2,416,1,1,8,499.584
2970,4085,06/11/2018,09/11/2018,2,363,369,0,0,150,31,28314.0,2,1127,1,12,1816,31.104
2971,4085,06/11/2018,09/11/2018,2,363,369,0,0,150,31,28314.0,2,751,1,3,238,13.272
2972,4085,06/11/2018,09/11/2018,2,363,369,0,0,150,31,28314.0,2,306,0,9,615,28.272
2973,4085,06/11/2018,09/11/2018,2,363,369,0,0,150,31,28314.0,2,1315,1,14,417,259.136
2974,2995,16/12/2018,20/12/2018,3,47,33,0,0,488,34,74133.0,0,833,1,3,1249,10.8
2975,1271,07/05/2016,12/05/2016,3,24,44,0,0,5,41,75002.0,0,325,0,16,428,244.006
2976,1271,07/05/2016,12/05/2016,3,24,44,0,0,5,41,75002.0,0,1029,1,12,1769,15.936
2977,3531,04/12/2018,04/12/2018,1,237,201,1,0,372,36,19143.0,1,74,0,5,1375,188.552
2978,3440,03/10/2018,08/10/2018,2,327,334,0,0,408,30,14609.0,1,1360,1,14,1658,22.58
2979,120,13/01/2015,16/01/2015,2,558,556,0,0,313,38,29464.0,2,54,0,5,754,545.94
2980,1301,12/06/2016,17/06/2016,3,295,303,0,0,372,36,19134.0,1,1235,1,12,1788,20.736
2981,1301,12/06/2016,17/06/2016,3,295,303,0,0,372,36,19134.0,1,264,0,9,505,43.296
2982,379,12/07/2015,18/07/2015,3,152,169,0,0,450,45,98115.0,3,74,0,5,1375,123.136
2983,379,12/07/2015,18/07/2015,3,152,169,0,0,450,45,98115.0,3,763,1,3,1435,11.264
2984,4149,06/12/2015,11/12/2015,2,629,662,0,0,462,35,97477.0,3,1359,1,14,663,53.424
2985,4149,06/12/2015,11/12/2015,2,629,662,0,0,462,35,97477.0,3,352,0,16,424,275.49
2986,2261,25/05/2017,30/05/2017,3,343,401,2,0,94,9,31907.0,2,165,0,9,566,24.96
2987,2261,25/05/2017,30/05/2017,3,343,401,2,0,94,9,31907.0,2,1190,1,12,1654,19.36
2988,2261,25/05/2017,30/05/2017,3,343,401,2,0,94,9,31907.0,2,1314,1,14,658,1267.65
2989,2258,21/02/2017,26/02/2017,2,491,507,1,0,265,3,90032.0,3,1577,2,0,1402,12.99
2990,2258,21/02/2017,26/02/2017,2,491,507,1,0,265,3,90032.0,3,644,1,3,1625,18.56
2991,2258,21/02/2017,26/02/2017,2,491,507,1,0,265,3,90032.0,3,1353,1,14,646,449.15
2992,2258,21/02/2017,26/02/2017,2,491,507,1,0,265,3,90032.0,3,732,1,3,247,31.248
2993,2194,02/10/2017,06/10/2017,3,771,749,1,0,327,30,10024.0,1,465,1,1,945,61.44
2994,3690,11/03/2018,17/03/2018,3,516,514,0,0,123,20,48227.0,0,762,1,3,684,895.92
2995,1862,09/09/2017,13/09/2017,2,59,48,0,0,464,3,95207.0,3,832,1,3,1594,55.36
2996,4234,14/07/2015,21/07/2015,3,584,608,0,0,373,1,85023.0,3,1316,1,14,573,55.92
2997,454,21/06/2015,25/06/2015,3,577,558,0,0,372,36,19120.0,1,863,1,7,1492,24.896
2998,454,21/06/2015,25/06/2015,3,577,558,0,0,372,36,19120.0,1,157,0,9,1487,3.984
2999,454,21/06/2015,25/06/2015,3,577,558,0,0,372,36,19120.0,1,1565,2,0,992,95.968
3000,454,21/06/2015,25/06/2015,3,577,558,0,0,372,36,19120.0,1,1673,2,11,601,206.991
3001,454,21/06/2015,25/06/2015,3,577,558,0,0,372,36,19120.0,1,454,1,1,630,44.416
3002,454,21/06/2015,25/06/2015,3,577,558,0,0,372,36,19120.0,1,639,1,3,699,9.006
3003,1172,05/07/2016,10/07/2016,3,782,779,2,0,463,20,48310.0,0,780,1,3,536,19.0
3004,2849,16/12/2018,23/12/2018,3,634,652,2,0,408,30,14609.0,1,701,1,3,58,33.376
3005,2149,08/09/2017,10/09/2017,0,505,523,2,0,327,30,10011.0,1,451,1,1,950,207.48
3006,565,17/05/2015,21/05/2015,3,581,602,2,0,132,47,54703.0,0,662,1,3,1520,91.68
3007,3065,13/10/2018,15/10/2018,0,168,180,0,0,327,30,10009.0,1,392,1,1,171,904.9
3008,370,24/10/2015,29/10/2015,3,1,24,0,0,393,3,91730.0,3,744,1,3,263,34.272
3009,2047,05/12/2017,06/12/2017,0,365,342,0,0,316,15,42071.0,2,308,0,9,882,191.82
3010,1910,25/07/2017,29/07/2017,3,656,633,1,0,483,33,43615.0,1,375,1,1,1573,243.88
3011,3446,17/04/2018,23/04/2018,3,711,693,2,0,266,4,80027.0,3,664,1,3,924,12.03
3012,3446,17/04/2018,23/04/2018,3,711,693,2,0,266,4,80027.0,3,1623,2,11,984,2549.985
3013,3446,17/04/2018,23/04/2018,3,711,693,2,0,266,4,80027.0,3,696,1,3,716,21.594
3014,3446,17/04/2018,23/04/2018,3,711,693,2,0,266,4,80027.0,3,771,1,3,410,8.964
3015,3446,17/04/2018,23/04/2018,3,711,693,2,0,266,4,80027.0,3,1149,1,12,1821,20.736
3016,4357,17/09/2016,21/09/2016,3,472,463,2,0,327,30,10035.0,1,364,0,16,1348,344.22
3017,4607,23/08/2017,30/08/2017,3,515,539,2,0,371,41,78577.0,0,1377,1,14,1363,727.296
3018,4607,23/08/2017,30/08/2017,3,515,539,2,0,371,41,78577.0,0,317,0,9,671,22.608
3019,4607,23/08/2017,30/08/2017,3,515,539,2,0,371,41,78577.0,0,1540,2,0,1605,666.4
3020,1085,08/11/2016,14/11/2016,3,669,671,0,0,511,42,84084.0,3,923,1,8,132,5.04
3021,1085,08/11/2016,14/11/2016,3,669,671,0,0,511,42,84084.0,3,1084,1,12,1778,92.94
3022,1085,08/11/2016,14/11/2016,3,669,671,0,0,511,42,84084.0,3,289,0,9,620,66.69
3023,1085,08/11/2016,14/11/2016,3,669,671,0,0,511,42,84084.0,3,693,1,3,519,91.68
3024,3247,17/11/2018,23/11/2018,3,342,398,0,0,54,41,78521.0,0,16,0,4,166,327.7328
3025,1608,08/11/2016,13/11/2016,3,12,29,0,0,327,30,10011.0,1,716,1,3,1510,52.272
3026,1608,08/11/2016,13/11/2016,3,12,29,0,0,327,30,10011.0,1,1117,1,12,778,17.94
3027,4106,22/04/2018,26/04/2018,3,530,518,2,0,372,36,19140.0,1,186,0,9,1532,254.352
3028,89,24/08/2015,24/08/2015,1,625,641,1,0,40,24,59102.0,3,748,1,3,1450,8.288
3029,3069,17/12/2018,21/12/2018,3,35,56,0,0,77,44,23320.0,2,113,0,5,855,504.9
3030,4620,24/03/2017,28/03/2017,3,233,190,1,0,181,35,97030.0,3,1817,2,13,342,403.168
3031,1647,21/09/2016,27/09/2016,3,222,195,1,0,255,20,48146.0,0,3,0,4,1180,194.32
3032,1647,21/09/2016,27/09/2016,3,222,195,1,0,255,20,48146.0,0,503,1,2,280,25.99
3033,4467,21/11/2017,26/11/2017,3,372,410,0,0,181,35,97030.0,3,112,0,5,1170,195.136
3034,3431,16/09/2018,21/09/2018,3,5,3,2,0,372,36,19143.0,1,1261,1,12,1828,20.736
3035,4324,11/06/2016,16/06/2016,3,70,106,0,0,306,16,71203.0,2,1547,2,0,959,53.7
3036,4324,11/06/2016,16/06/2016,3,70,106,0,0,306,16,71203.0,2,748,1,3,1450,36.26
3037,4324,11/06/2016,16/06/2016,3,70,106,0,0,306,16,71203.0,2,587,1,2,358,56.3
3038,4324,11/06/2016,16/06/2016,3,70,106,0,0,306,16,71203.0,2,1266,1,12,1818,32.4
3039,4324,11/06/2016,16/06/2016,3,70,106,0,0,306,16,71203.0,2,305,0,9,481,29.16
3040,2794,03/10/2018,08/10/2018,3,51,2,1,0,362,3,91104.0,3,327,0,16,977,171.288
3041,4562,05/05/2017,09/05/2017,3,792,792,0,0,76,40,37421.0,2,295,0,9,576,16.72
3042,3733,11/09/2018,12/09/2018,1,427,417,2,0,261,3,90805.0,3,1206,1,12,1787,12.96
3043,3733,11/09/2018,12/09/2018,1,427,417,2,0,261,3,90805.0,3,867,1,7,2,22.18
3044,3733,11/09/2018,12/09/2018,1,427,417,2,0,261,3,90805.0,3,87,0,5,851,2054.272
3045,1236,30/04/2016,02/05/2016,2,102,81,0,0,486,33,45373.0,1,1727,2,13,445,1022.97
3046,3258,06/11/2018,10/11/2018,2,132,160,2,0,298,21,55407.0,0,509,1,2,1146,13.9
3047,3258,06/11/2018,10/11/2018,2,132,160,2,0,298,21,55407.0,0,1203,1,12,537,26.38
3048,442,30/09/2015,04/10/2015,3,197,239,0,0,450,45,98105.0,3,794,1,3,499,43.176
3049,3170,02/04/2018,04/04/2018,0,744,762,2,0,94,9,31907.0,2,369,0,16,318,411.8
3050,3170,02/04/2018,04/04/2018,0,744,762,2,0,94,9,31907.0,2,1478,2,0,1106,360.0
3051,4845,06/10/2018,11/10/2018,3,578,569,2,0,290,10,83642.0,3,251,0,9,18,41.96
3052,4845,06/10/2018,11/10/2018,3,578,569,2,0,290,10,83642.0,3,463,1,1,466,227.84
3053,4845,06/10/2018,11/10/2018,3,578,569,2,0,290,10,83642.0,3,1097,1,12,464,37.94
3054,2098,09/04/2017,14/04/2017,2,726,688,2,0,123,20,48227.0,0,1774,2,13,1168,517.9
3055,2098,09/04/2017,14/04/2017,2,726,688,2,0,123,20,48227.0,0,668,1,3,1512,5.28
3056,4282,28/08/2016,01/09/2016,3,764,756,1,0,80,11,60623.0,0,1602,2,6,398,2799.96
3057,3377,19/10/2018,24/10/2018,2,324,332,1,0,436,3,94110.0,3,874,1,7,140,8.96
3058,3377,19/10/2018,24/10/2018,2,324,332,1,0,436,3,94110.0,3,967,1,10,228,31.5
3059,3377,19/10/2018,24/10/2018,2,324,332,1,0,436,3,94110.0,3,277,0,9,989,30.56
3060,3377,19/10/2018,24/10/2018,2,324,332,1,0,436,3,94110.0,3,359,0,16,145,24.368
3061,2338,07/11/2017,12/11/2017,3,224,221,1,0,328,33,43055.0,1,1539,2,0,1265,119.976
3062,3306,03/03/2018,07/03/2018,3,638,628,0,0,109,41,75081.0,0,1098,1,12,920,26.88
3063,1371,27/11/2016,29/11/2016,0,352,408,1,0,328,6,19711.0,1,1763,2,13,154,83.97
3064,1371,27/11/2016,29/11/2016,0,352,408,1,0,328,6,19711.0,1,1467,2,0,1254,104.97
3065,2902,13/03/2018,18/03/2018,2,83,80,2,0,3,29,87105.0,3,1307,1,14,1448,90.8
3066,2902,13/03/2018,18/03/2018,2,83,80,2,0,3,29,87105.0,3,1842,2,13,1221,140.736
3067,2902,13/03/2018,18/03/2018,2,83,80,2,0,3,29,87105.0,3,1571,2,0,1014,214.95
3068,2902,13/03/2018,18/03/2018,2,83,80,2,0,3,29,87105.0,3,1108,1,12,1827,45.36
3069,2902,13/03/2018,18/03/2018,2,83,80,2,0,3,29,87105.0,3,1130,1,12,1666,288.24
3070,4735,30/11/2018,30/11/2018,1,521,515,2,0,483,33,43615.0,1,451,1,1,950,663.936
3071,229,17/11/2015,22/11/2015,3,789,790,1,0,328,6,19711.0,1,1357,1,14,1452,2934.33
3072,229,17/11/2015,22/11/2015,3,789,790,1,0,328,6,19711.0,1,221,0,9,561,124.41
3073,229,17/11/2015,22/11/2015,3,789,790,1,0,328,6,19711.0,1,595,1,2,518,57.75
3074,2055,03/01/2017,05/01/2017,0,469,459,0,0,265,3,90045.0,3,1398,1,14,1337,114.46
3075,1113,03/10/2016,08/10/2016,3,108,116,0,0,265,3,90032.0,3,43,0,4,1383,120.666
3076,521,20/07/2015,24/07/2015,3,436,423,2,0,109,41,75217.0,0,1387,1,14,978,342.864
3077,521,20/07/2015,24/07/2015,3,436,423,2,0,109,41,75217.0,0,268,0,9,1609,16.74
3078,521,20/07/2015,24/07/2015,3,436,423,2,0,109,41,75217.0,0,80,0,5,785,981.372
3079,69,21/05/2015,25/05/2015,3,114,101,2,0,435,3,92037.0,3,585,1,2,28,31.84
3080,2780,04/09/2018,05/09/2018,0,416,425,2,0,14,3,92307.0,3,1127,1,12,1816,12.96
3081,2780,04/09/2018,05/09/2018,0,416,425,2,0,14,3,92307.0,3,1813,2,13,1847,43.176
3082,4786,27/05/2018,02/06/2018,3,240,230,2,0,266,15,40214.0,2,772,1,3,330,58.34
3083,4786,27/05/2018,02/06/2018,3,240,230,2,0,266,15,40214.0,2,1789,2,13,773,539.97
3084,3,28/01/2015,03/02/2015,3,344,354,0,0,327,30,10024.0,1,653,1,3,1304,3.928
3085,3124,09/02/2018,14/02/2018,3,757,759,0,0,207,41,77070.0,0,828,1,3,701,252.784
3086,3124,09/02/2018,14/02/2018,3,757,759,0,0,207,41,77070.0,0,1530,2,0,1327,127.984
3087,3124,09/02/2018,14/02/2018,3,757,759,0,0,207,41,77070.0,0,157,0,9,1487,3.984
3088,3124,09/02/2018,14/02/2018,3,757,759,0,0,207,41,77070.0,0,377,1,1,307,12.992
3089,4883,31/03/2018,02/04/2018,2,188,192,2,0,194,15,42420.0,2,189,0,9,120,61.0
3090,4883,31/03/2018,02/04/2018,2,188,192,2,0,194,15,42420.0,2,1696,2,13,1603,671.93
3091,1850,03/03/2017,08/03/2017,3,88,113,0,0,328,6,19711.0,1,675,1,3,702,447.86
3092,1850,03/03/2017,08/03/2017,3,88,113,0,0,328,6,19711.0,1,1730,2,13,1313,479.95
3093,1850,03/03/2017,08/03/2017,3,88,113,0,0,328,6,19711.0,1,1146,1,12,1726,166.44
3094,976,23/08/2016,23/08/2016,1,746,731,0,0,44,11,60440.0,0,1447,1,15,100,31.68
3095,976,23/08/2016,23/08/2016,1,746,731,0,0,44,11,60440.0,0,1076,1,12,1800,10.368
3096,976,23/08/2016,23/08/2016,1,746,731,0,0,44,11,60440.0,0,930,1,8,1498,12.032
3097,976,23/08/2016,23/08/2016,1,746,731,0,0,44,11,60440.0,0,390,1,1,818,5.768
3098,3461,27/04/2018,01/05/2018,3,183,185,1,0,154,41,76106.0,0,959,1,10,232,33.12
3099,3461,27/04/2018,01/05/2018,3,183,185,1,0,154,41,76106.0,0,19,0,4,1419,220.2656
3100,3372,14/04/2018,19/04/2018,3,176,155,0,0,327,30,10024.0,1,667,1,3,259,10.776
3101,3372,14/04/2018,19/04/2018,3,176,155,0,0,327,30,10024.0,1,31,0,4,389,242.352
3102,3139,22/12/2018,27/12/2018,2,366,352,1,0,388,37,2908.0,1,1443,1,15,1299,695.16
3103,3139,22/12/2018,27/12/2018,2,366,352,1,0,388,37,2908.0,1,34,0,4,381,220.98
3104,2042,08/12/2017,12/12/2017,3,401,407,2,0,94,33,43229.0,1,688,1,3,1589,12.957
3105,4816,23/03/2018,29/03/2018,3,254,268,0,0,327,30,10024.0,1,1184,1,12,1770,25.68
3106,1715,25/07/2017,29/07/2017,3,431,440,1,0,207,41,77070.0,0,1003,1,10,201,15.712
3107,3303,10/07/2018,14/07/2018,3,282,282,2,0,24,11,60505.0,0,1410,1,14,644,298.464
3108,1999,17/07/2017,22/07/2017,3,2,31,0,0,462,23,65807.0,0,1104,1,12,1514,21.93
3109,1999,17/07/2017,22/07/2017,3,2,31,0,0,462,23,65807.0,0,1365,1,14,416,242.94
3110,1999,17/07/2017,22/07/2017,3,2,31,0,0,462,23,65807.0,0,1137,1,12,1343,7.64
3111,1999,17/07/2017,22/07/2017,3,2,31,0,0,462,23,65807.0,0,1138,1,12,1784,51.84
3112,1999,17/07/2017,22/07/2017,3,2,31,0,0,462,23,65807.0,0,1293,1,14,1548,265.17
3113,2438,23/08/2017,30/08/2017,3,539,516,0,0,450,45,98105.0,3,1636,2,11,1215,837.6
3114,2438,23/08/2017,30/08/2017,3,539,516,0,0,450,45,98105.0,3,869,1,7,1580,135.9
3115,2438,23/08/2017,30/08/2017,3,539,516,0,0,450,45,98105.0,3,1155,1,12,1767,34.68
3116,2438,23/08/2017,30/08/2017,3,539,516,0,0,450,45,98105.0,3,78,0,5,1212,532.704
3117,2438,23/08/2017,30/08/2017,3,539,516,0,0,450,45,98105.0,3,408,1,1,78,43.1
3118,2438,23/08/2017,30/08/2017,3,539,516,0,0,450,45,98105.0,3,1434,1,15,96,15.88
3119,1062,11/06/2016,12/06/2016,0,354,372,1,0,238,8,33801.0,2,103,0,5,824,1123.92
3120,1062,11/06/2016,12/06/2016,0,354,372,1,0,238,8,33801.0,2,1771,2,13,439,249.584
3121,1062,11/06/2016,12/06/2016,0,354,372,1,0,238,8,33801.0,2,258,0,9,1443,48.672
3122,1062,11/06/2016,12/06/2016,0,354,372,1,0,238,8,33801.0,2,481,1,2,887,60.768
3123,1062,11/06/2016,12/06/2016,0,354,372,1,0,238,8,33801.0,2,829,1,3,897,78.6
3124,1062,11/06/2016,12/06/2016,0,354,372,1,0,238,8,33801.0,2,690,1,3,708,3.768
3125,1062,11/06/2016,12/06/2016,0,354,372,1,0,238,8,33801.0,2,1352,1,14,1547,1036.624
3126,1062,11/06/2016,12/06/2016,0,354,372,1,0,238,8,33801.0,2,1402,1,14,642,563.808
3127,3740,08/09/2018,12/09/2018,3,252,272,0,0,372,36,19134.0,1,1758,2,13,48,258.528
3128,3698,02/10/2018,06/10/2018,3,100,76,0,0,327,30,10011.0,1,1265,1,12,1690,49.12
3129,435,16/12/2015,17/12/2015,0,128,138,2,0,265,3,90049.0,3,289,0,9,620,44.46
3130,435,16/12/2015,17/12/2015,0,128,138,2,0,265,3,90049.0,3,92,0,5,497,241.568
3131,435,16/12/2015,17/12/2015,0,128,138,2,0,265,3,90049.0,3,1488,2,0,665,395.0
3132,435,16/12/2015,17/12/2015,0,128,138,2,0,265,3,90049.0,3,1860,2,13,724,627.168
3133,107,24/08/2015,26/08/2015,0,399,362,1,0,341,30,11572.0,1,300,0,9,676,13.28
3134,107,24/08/2015,26/08/2015,0,399,362,1,0,341,30,11572.0,1,681,1,3,1621,12.672
3135,4022,12/11/2018,18/11/2018,3,472,463,2,0,109,41,75081.0,0,662,1,3,1520,30.56
3136,4022,12/11/2018,18/11/2018,3,472,463,2,0,109,41,75081.0,0,1375,1,14,645,77.952
3137,4022,12/11/2018,18/11/2018,3,472,463,2,0,109,41,75081.0,0,1855,2,13,1239,67.992
3138,4022,12/11/2018,18/11/2018,3,472,463,2,0,109,41,75081.0,0,855,1,7,5,12.224
3139,4022,12/11/2018,18/11/2018,3,472,463,2,0,109,41,75081.0,0,1584,2,0,1060,44.784
3140,4022,12/11/2018,18/11/2018,3,472,463,2,0,109,41,75081.0,0,194,0,9,565,22.848
3141,953,25/04/2016,28/04/2016,0,388,388,0,0,327,30,10035.0,1,421,1,1,821,206.43
3142,4177,12/12/2015,12/12/2015,1,185,181,1,0,432,41,78207.0,0,779,1,3,680,210.392
3143,3986,25/09/2018,27/09/2018,2,621,622,0,0,83,33,45231.0,1,1565,2,0,992,119.96
3144,3986,25/09/2018,27/09/2018,2,621,622,0,0,83,33,45231.0,1,522,1,2,1116,10.608
3145,4563,05/09/2017,11/09/2017,3,50,54,1,0,25,41,78745.0,0,93,0,5,1449,347.802
3146,3384,11/02/2018,13/02/2018,2,170,121,1,0,450,45,98105.0,3,124,0,5,760,963.136
3147,3384,11/02/2018,13/02/2018,2,170,121,1,0,450,45,98105.0,3,1794,2,13,993,88.776
3148,119,30/06/2015,03/07/2015,2,50,54,1,0,265,3,90004.0,3,515,1,2,277,32.4
3149,1985,07/06/2017,10/06/2017,0,634,652,2,0,327,30,10035.0,1,1218,1,12,1822,32.4
3150,4140,20/12/2015,25/12/2015,3,430,432,0,0,450,45,98103.0,3,972,1,10,196,31.05
3151,1403,15/12/2016,18/12/2016,0,560,557,0,0,328,33,43055.0,1,1516,2,0,1275,2025.36
3152,1403,15/12/2016,18/12/2016,0,560,557,0,0,328,33,43055.0,1,1618,2,11,475,1799.994
3153,1403,15/12/2016,18/12/2016,0,560,557,0,0,328,33,43055.0,1,1855,2,13,1239,101.988
3154,1403,15/12/2016,18/12/2016,0,560,557,0,0,328,33,43055.0,1,290,0,9,877,262.864
3155,3747,20/07/2018,24/07/2018,3,702,728,1,0,277,21,55369.0,0,830,1,3,896,735.98
3156,351,03/08/2015,05/08/2015,2,298,292,2,0,168,1,85301.0,3,1095,1,12,1615,93.024
3157,1297,24/08/2016,28/08/2016,3,267,252,1,0,327,30,10009.0,1,328,0,16,427,284.364
3158,1297,24/08/2016,28/08/2016,3,267,252,1,0,327,30,10009.0,1,1489,2,0,1072,26.0
3159,4613,26/03/2017,27/03/2017,0,192,212,0,0,216,31,28540.0,2,1333,1,14,1543,67.64
3160,4613,26/03/2017,27/03/2017,0,192,212,0,0,216,31,28540.0,2,1492,2,0,420,119.976
3161,4236,12/09/2015,16/09/2015,2,611,604,0,0,207,41,77070.0,0,803,1,3,1634,5.18
3162,619,21/09/2015,25/09/2015,3,320,331,0,0,436,3,94109.0,3,863,1,7,1492,15.56
3163,619,21/09/2015,25/09/2015,3,320,331,0,0,436,3,94109.0,3,896,1,7,3,78.35
3164,619,21/09/2015,25/09/2015,3,320,331,0,0,436,3,94109.0,3,524,1,2,1147,59.52
3165,619,21/09/2015,25/09/2015,3,320,331,0,0,436,3,94109.0,3,1041,1,12,1760,38.52
3166,619,21/09/2015,25/09/2015,3,320,331,0,0,436,3,94109.0,3,1715,2,13,1284,239.984
3167,619,21/09/2015,25/09/2015,3,320,331,0,0,436,3,94109.0,3,1160,1,12,1645,19.35
3168,2379,29/10/2017,31/10/2017,0,445,427,0,0,242,20,48911.0,0,232,0,9,591,67.0
3169,2255,28/05/2017,03/06/2017,3,421,443,1,0,469,8,32303.0,2,112,0,5,1170,390.272
3170,2255,28/05/2017,03/06/2017,3,421,443,1,0,469,8,32303.0,2,1117,1,12,778,62.192
3171,2915,21/12/2018,26/12/2018,2,597,603,0,0,93,38,29203.0,2,719,1,3,900,23.88
3172,4520,21/03/2017,28/03/2017,3,443,429,0,0,80,11,60623.0,0,823,1,3,239,3.168
3173,4520,21/03/2017,28/03/2017,3,443,429,0,0,80,11,60623.0,0,59,0,5,735,528.43
3174,4520,21/03/2017,28/03/2017,3,443,429,0,0,80,11,60623.0,0,633,1,2,1136,13.392
3175,3882,11/11/2018,18/11/2018,3,275,259,0,0,123,20,48227.0,0,614,1,2,354,181.86
3176,4783,23/09/2018,29/09/2018,3,44,60,0,0,152,4,80525.0,3,13,0,4,169,180.588
3177,4783,23/09/2018,29/09/2018,3,44,60,0,0,152,4,80525.0,3,1555,2,0,303,47.984
3178,3198,10/09/2018,10/09/2018,1,692,691,0,0,327,30,10024.0,1,1282,1,12,1340,18.76
3179,2871,05/12/2018,11/12/2018,3,702,728,1,0,327,30,10011.0,1,185,0,9,570,20.94
3180,2871,05/12/2018,11/12/2018,3,702,728,1,0,327,30,10011.0,1,156,0,9,1441,58.68
3181,2871,05/12/2018,11/12/2018,3,702,728,1,0,327,30,10011.0,1,401,1,1,609,254.9
3182,3798,09/11/2018,12/11/2018,2,92,109,1,0,93,18,21044.0,1,835,1,3,1641,9.64
3183,3798,09/11/2018,12/11/2018,2,92,109,1,0,93,18,21044.0,1,1589,2,0,1061,826.62
3184,3798,09/11/2018,12/11/2018,2,92,109,1,0,93,18,21044.0,1,1384,1,14,112,1633.14
3185,3798,09/11/2018,12/11/2018,2,92,109,1,0,93,18,21044.0,1,1384,1,14,112,544.38
3186,275,07/11/2015,09/11/2015,0,741,730,1,0,207,41,77041.0,0,661,1,3,1418,26.046
3187,275,07/11/2015,09/11/2015,0,741,730,1,0,207,41,77041.0,0,897,1,7,1492,74.352
3188,3919,12/03/2018,17/03/2018,3,417,437,1,0,268,19,1852.0,1,1848,2,13,1294,69.93
3189,4835,20/10/2018,22/10/2018,2,357,409,1,0,522,3,95695.0,3,993,1,10,220,3.75
3190,4835,20/10/2018,22/10/2018,2,357,409,1,0,522,3,95695.0,3,713,1,3,1630,20.928
3191,4406,27/12/2016,01/01/2017,3,234,194,2,0,80,11,60610.0,0,1380,1,14,1505,12.672
3192,3236,02/10/2018,08/10/2018,3,661,640,1,0,327,30,10035.0,1,1755,2,13,1264,65.99
3193,3910,04/06/2018,08/06/2018,3,522,534,1,0,303,41,77489.0,0,741,1,3,1308,6.37
3194,736,01/09/2015,04/09/2015,0,383,340,0,0,207,41,77036.0,0,757,1,3,1309,3.648
3195,736,01/09/2015,04/09/2015,0,383,340,0,0,207,41,77036.0,0,1251,1,12,1811,31.104
3196,2734,08/08/2017,13/08/2017,3,162,175,2,0,215,22,39212.0,2,920,1,8,133,23.34
3197,2960,22/07/2018,28/07/2018,3,285,289,1,0,327,30,10009.0,1,1703,2,13,1483,29.97
3198,1422,10/07/2016,10/07/2016,1,258,261,0,0,474,1,85281.0,3,765,1,3,83,3.366
3199,382,01/12/2015,07/12/2015,3,735,750,0,0,216,31,28540.0,2,1735,2,13,346,95.968
3200,4017,18/12/2018,22/12/2018,3,27,1,1,0,372,36,19134.0,1,572,1,2,244,18.704
3201,721,18/05/2015,20/05/2015,2,769,736,0,0,2,33,44312.0,1,151,0,9,514,149.232
3202,721,18/05/2015,20/05/2015,2,769,736,0,0,2,33,44312.0,1,1107,1,12,1736,15.936
3203,670,10/11/2015,16/11/2015,3,635,658,0,0,435,3,92037.0,3,1753,2,13,932,601.536
3204,670,10/11/2015,16/11/2015,3,635,658,0,0,435,3,92037.0,3,1576,2,0,1067,10.99
3205,670,10/11/2015,16/11/2015,3,635,658,0,0,435,3,92037.0,3,153,0,9,1033,39.88
3206,670,10/11/2015,16/11/2015,3,635,658,0,0,435,3,92037.0,3,1154,1,12,1467,62.24
3207,670,10/11/2015,16/11/2015,3,635,658,0,0,435,3,92037.0,3,198,0,9,568,53.2
3208,670,10/11/2015,16/11/2015,3,635,658,0,0,435,3,92037.0,3,950,1,10,272,39.84
3209,1797,09/01/2017,15/01/2017,3,447,450,1,0,159,3,93727.0,3,1468,2,0,1001,349.95
3210,1797,09/01/2017,15/01/2017,3,447,450,1,0,159,3,93727.0,3,1784,2,13,1848,377.928
3211,4679,22/09/2018,27/09/2018,3,691,663,1,0,366,41,77581.0,0,857,1,7,1492,13.392
3212,4679,22/09/2018,27/09/2018,3,691,663,1,0,366,41,77581.0,0,664,1,3,924,11.228
3213,505,23/12/2015,28/12/2015,3,685,678,0,0,405,12,47374.0,0,422,1,1,305,207.24
3214,2161,26/05/2017,01/06/2017,3,751,747,1,0,372,36,19134.0,1,534,1,2,1192,1.504
3215,2161,26/05/2017,01/06/2017,3,751,747,1,0,372,36,19134.0,1,415,1,1,816,34.848
3216,3743,08/07/2018,10/07/2018,0,778,783,0,0,441,3,94403.0,3,980,1,10,192,75.18
3217,181,13/05/2015,17/05/2015,3,570,553,0,0,340,3,94601.0,3,1539,2,0,1265,149.97
3218,2853,10/11/2018,16/11/2018,3,283,283,1,0,327,30,10024.0,1,795,1,3,648,931.176
3219,2853,10/11/2018,16/11/2018,3,283,283,1,0,327,30,10024.0,1,1758,2,13,48,430.88
3220,4350,02/10/2016,08/10/2016,3,399,362,1,0,240,28,8701.0,1,1097,1,12,464,94.85
3221,4350,02/10/2016,08/10/2016,3,399,362,1,0,240,28,8701.0,1,868,1,7,772,51.12
3222,4350,02/10/2016,08/10/2016,3,399,362,1,0,240,28,8701.0,1,1478,2,0,1106,90.0
3223,110,02/10/2015,05/10/2015,0,278,270,1,0,474,1,85281.0,3,1133,1,12,108,9.408
3224,110,02/10/2015,05/10/2015,0,278,270,1,0,474,1,85281.0,3,910,1,8,1498,4.672
3225,110,02/10/2015,05/10/2015,0,278,270,1,0,474,1,85281.0,3,1738,2,13,347,318.4
3226,110,02/10/2015,05/10/2015,0,278,270,1,0,474,1,85281.0,3,898,1,7,981,12.768
3227,110,02/10/2015,05/10/2015,0,278,270,1,0,474,1,85281.0,3,1444,1,15,1507,15.36
3228,110,02/10/2015,05/10/2015,0,278,270,1,0,474,1,85281.0,3,1730,2,13,1313,230.376
3229,110,02/10/2015,05/10/2015,0,278,270,1,0,474,1,85281.0,3,1547,2,0,959,7.16
3230,629,11/08/2015,16/08/2015,3,434,441,0,0,327,30,10035.0,1,1411,1,14,1555,375.34
3231,3379,01/09/2018,05/09/2018,2,95,100,0,0,327,30,10009.0,1,315,0,9,1438,114.9
3232,4874,16/04/2018,22/04/2018,3,558,556,0,0,207,41,77095.0,0,661,1,3,1418,26.046
3233,4874,16/04/2018,22/04/2018,3,558,556,0,0,207,41,77095.0,0,680,1,3,719,2.896
3234,4874,16/04/2018,22/04/2018,3,558,556,0,0,207,41,77095.0,0,1364,1,14,1549,32.544
3235,2256,24/04/2017,27/04/2017,0,383,340,0,0,407,3,92503.0,3,771,1,3,410,3.984
3236,2291,15/01/2017,15/01/2017,1,628,653,0,0,147,5,6824.0,1,349,0,16,322,181.797
3237,2381,02/05/2017,02/05/2017,1,133,163,0,0,327,30,10024.0,1,1349,1,14,1519,44.94
3238,2381,02/05/2017,02/05/2017,1,133,163,0,0,327,30,10024.0,1,651,1,3,1282,45.576
3239,4502,20/11/2017,27/11/2017,3,239,211,1,0,207,41,77095.0,0,110,0,5,771,318.43
3240,4502,20/11/2017,27/11/2017,3,239,211,1,0,207,41,77095.0,0,1798,2,13,1394,122.92
3241,4502,20/11/2017,27/11/2017,3,239,211,1,0,207,41,77095.0,0,137,0,9,590,7.068
3242,4540,01/02/2017,03/02/2017,0,150,182,1,0,16,44,22204.0,2,1360,1,14,1658,56.45
3243,3037,31/03/2018,05/04/2018,2,256,258,0,0,80,11,60623.0,0,748,1,3,1450,13.468
3244,3018,01/12/2018,05/12/2018,3,695,679,0,0,172,41,75051.0,0,1856,2,13,438,219.8
3245,3018,01/12/2018,05/12/2018,3,695,679,0,0,172,41,75051.0,0,92,0,5,497,317.058
3246,4818,10/12/2018,12/12/2018,2,101,78,1,0,450,45,98103.0,3,1582,2,0,995,49.08
3247,4818,10/12/2018,12/12/2018,2,101,78,1,0,450,45,98103.0,3,1292,1,14,633,324.9
3248,4818,10/12/2018,12/12/2018,2,101,78,1,0,450,45,98103.0,3,494,1,2,453,18.24
3249,2583,17/09/2017,21/09/2017,3,694,673,2,0,450,45,98103.0,3,132,0,5,797,113.888
3250,2583,17/09/2017,21/09/2017,3,694,673,2,0,450,45,98103.0,3,1752,2,13,446,105.584
3251,2552,23/12/2017,29/12/2017,3,489,504,1,0,173,20,49505.0,0,913,1,8,56,24.85
3252,3134,17/04/2018,19/04/2018,0,87,115,0,0,372,36,19120.0,1,183,0,9,563,60.312
3253,2968,27/10/2018,30/10/2018,2,482,502,2,0,80,11,60610.0,0,566,1,2,1295,7.056
3254,2968,27/10/2018,30/10/2018,2,482,502,2,0,80,11,60610.0,0,1728,2,13,1479,27.184
3255,2513,08/07/2017,14/07/2017,3,130,146,0,0,450,45,98105.0,3,1732,2,13,1010,107.984
3256,2513,08/07/2017,14/07/2017,3,130,146,0,0,450,45,98105.0,3,811,1,3,662,19.296
3257,1506,09/08/2016,14/08/2016,3,617,657,1,0,216,8,32216.0,2,966,1,10,242,4.608
3258,4610,09/12/2017,14/12/2017,2,210,187,1,0,156,40,37064.0,2,329,0,16,834,79.974
3259,4610,09/12/2017,14/12/2017,2,210,187,1,0,156,40,37064.0,2,788,1,3,74,2.946
3260,4612,13/11/2017,17/11/2017,3,449,451,2,0,199,11,60035.0,0,648,1,3,1836,3.136
3261,592,14/11/2015,15/11/2015,0,154,120,1,0,362,41,77506.0,0,1272,1,12,1817,20.736
3262,483,17/11/2015,19/11/2015,0,762,745,1,0,436,3,94109.0,3,1492,2,0,420,99.98
3263,483,17/11/2015,19/11/2015,0,762,745,1,0,436,3,94109.0,3,1216,1,12,1728,733.95
3264,483,17/11/2015,19/11/2015,0,762,745,1,0,436,3,94109.0,3,400,1,1,34,241.44
3265,2011,04/03/2017,08/03/2017,2,639,621,1,0,293,8,33180.0,2,967,1,10,228,10.08
3266,4183,11/10/2015,15/10/2015,3,363,369,0,0,372,36,19120.0,1,1402,1,14,642,281.904
3267,4183,11/10/2015,15/10/2015,3,363,369,0,0,372,36,19120.0,1,866,1,7,128,201.432
3268,520,22/05/2015,29/05/2015,3,262,277,0,0,116,0,35601.0,2,1782,2,13,1169,135.98
3269,520,22/05/2015,29/05/2015,3,262,277,0,0,116,0,35601.0,2,1799,2,13,1271,44.95
3270,197,15/07/2015,19/07/2015,3,786,782,1,0,454,39,57103.0,0,1567,2,0,1053,2.97
3271,197,15/07/2015,19/07/2015,3,786,782,1,0,454,39,57103.0,0,904,1,8,122,6.54
3272,1503,27/12/2016,29/12/2016,2,440,428,1,0,499,3,93277.0,3,1567,2,0,1053,7.92
3273,1384,09/02/2016,16/02/2016,3,695,679,0,0,265,3,90049.0,3,95,0,5,745,203.92
3274,3427,08/05/2018,12/05/2018,3,610,601,2,0,265,3,90032.0,3,1602,2,6,398,3359.952
3275,3063,02/11/2018,06/11/2018,3,435,413,1,0,354,14,66212.0,0,936,1,8,1498,18.24
3276,3063,02/11/2018,06/11/2018,3,435,413,1,0,354,14,66212.0,0,625,1,2,331,27.78
3277,37,05/04/2015,09/04/2015,2,307,311,1,0,4,44,22304.0,2,629,1,2,474,22.96
3278,37,05/04/2015,09/04/2015,2,307,311,1,0,4,44,22304.0,2,1733,2,13,42,28.99
3279,37,05/04/2015,09/04/2015,2,307,311,1,0,4,44,22304.0,2,1214,1,12,1745,12.96
3280,37,05/04/2015,09/04/2015,2,307,311,1,0,4,44,22304.0,2,475,1,2,1127,22.96
3281,37,05/04/2015,09/04/2015,2,307,311,1,0,4,44,22304.0,2,1441,1,15,1042,4164.05
3282,4163,17/09/2015,24/09/2015,3,443,429,0,0,392,31,27604.0,2,1486,2,0,1011,47.984
3283,4163,17/09/2015,24/09/2015,3,443,429,0,0,392,31,27604.0,2,1067,1,12,1709,4.624
3284,679,30/09/2015,06/10/2015,3,513,517,1,0,327,30,10035.0,1,144,0,9,1045,15.24
3285,54,12/09/2015,17/09/2015,3,17,58,0,0,147,33,45014.0,1,737,1,3,1300,63.924
3286,3749,20/02/2018,25/02/2018,3,401,407,2,0,318,34,74403.0,0,551,1,2,1160,6.56
3287,3749,20/02/2018,25/02/2018,3,401,407,2,0,318,34,74403.0,0,388,1,1,525,13.11
3288,1537,13/12/2016,15/12/2016,0,631,637,0,0,473,3,92592.0,3,1727,2,13,1278,494.376
3289,1537,13/12/2016,15/12/2016,0,631,637,0,0,473,3,92592.0,3,638,1,3,146,29.2
3290,1537,13/12/2016,15/12/2016,0,631,637,0,0,473,3,92592.0,3,1499,2,0,1006,248.85
3291,1537,13/12/2016,15/12/2016,0,631,637,0,0,473,3,92592.0,3,1557,2,0,1076,36.24
3292,2710,30/10/2017,04/11/2017,3,359,351,0,0,463,20,48310.0,0,612,1,2,1117,11.68
3293,85,26/12/2015,30/12/2015,3,149,171,0,0,435,3,92024.0,3,1434,1,15,96,11.91
3294,85,26/12/2015,30/12/2015,3,149,171,0,0,435,3,92024.0,3,196,0,9,585,3.48
3295,446,15/08/2015,18/08/2015,0,430,432,0,0,109,41,75081.0,0,778,1,3,686,30.96
3296,3019,01/10/2018,03/10/2018,0,162,175,2,0,327,30,10035.0,1,1642,2,11,651,1704.89
3297,4299,23/05/2016,30/05/2016,3,249,256,0,0,373,1,85023.0,3,674,1,3,407,19.194
3298,4299,23/05/2016,30/05/2016,3,249,256,0,0,373,1,85023.0,3,468,1,1,661,121.792
3299,3470,16/11/2018,16/11/2018,1,547,547,1,0,436,3,94122.0,3,1620,2,11,282,1919.976
3300,4260,18/11/2015,22/11/2015,3,172,128,0,0,372,36,19140.0,1,781,1,3,647,50.997
3301,4260,18/11/2015,22/11/2015,3,172,128,0,0,372,36,19140.0,1,1397,1,14,1380,76.792
3302,4260,18/11/2015,22/11/2015,3,172,128,0,0,372,36,19140.0,1,1712,2,13,1097,539.964
3303,4260,18/11/2015,22/11/2015,3,172,128,0,0,372,36,19140.0,1,183,0,9,563,60.312
3304,4260,18/11/2015,22/11/2015,3,172,128,0,0,372,36,19140.0,1,833,1,3,1249,1.944
3305,67,30/12/2015,01/01/2016,2,707,706,1,0,243,41,78041.0,0,899,1,7,627,12.984
3306,67,30/12/2015,01/01/2016,2,707,706,1,0,243,41,78041.0,0,1769,2,13,1267,217.584
3307,67,30/12/2015,01/01/2016,2,707,706,1,0,243,41,78041.0,0,1699,2,13,37,328.776
3308,67,30/12/2015,01/01/2016,2,707,706,1,0,243,41,78041.0,0,728,1,3,64,2.286
3309,67,30/12/2015,01/01/2016,2,707,706,1,0,243,41,78041.0,0,1565,2,0,992,47.984
3310,1364,05/11/2016,11/11/2016,3,310,307,1,0,327,30,10009.0,1,681,1,3,1621,25.344
3311,1837,17/09/2017,22/09/2017,3,481,479,0,0,327,30,10035.0,1,721,1,3,233,232.4
3312,2639,20/03/2017,25/03/2017,2,27,1,1,0,183,22,39503.0,2,266,0,9,577,86.45
3313,4194,27/09/2015,01/10/2015,3,749,738,0,0,435,3,92037.0,3,92,0,5,497,603.92
3314,4194,27/09/2015,01/10/2015,3,749,738,0,0,435,3,92037.0,3,1066,1,12,1703,81.98
3315,4122,24/12/2018,28/12/2018,3,323,333,0,0,341,30,11572.0,1,92,0,5,497,271.764
3316,4122,24/12/2018,28/12/2018,3,323,333,0,0,341,30,11572.0,1,715,1,3,500,14.376
3317,3968,10/11/2018,15/11/2018,2,247,248,1,0,418,41,78664.0,0,182,0,9,1533,341.96
3318,1617,11/09/2016,15/09/2016,3,678,713,0,0,397,3,92374.0,3,624,1,2,357,181.35
3319,1617,11/09/2016,15/09/2016,3,678,713,0,0,397,3,92374.0,3,986,1,10,180,8.64
3320,421,20/12/2015,25/12/2015,3,766,764,0,0,93,40,38401.0,2,471,1,1,863,43.512
3321,421,20/12/2015,25/12/2015,3,766,764,0,0,93,40,38401.0,2,121,0,5,1362,662.88
3322,421,20/12/2015,25/12/2015,3,766,764,0,0,93,40,38401.0,2,1181,1,12,1612,25.92
3323,1046,23/07/2016,27/07/2016,3,752,767,2,0,327,30,10009.0,1,437,1,1,302,68.94
3324,1046,23/07/2016,27/07/2016,3,752,767,2,0,327,30,10009.0,1,217,0,9,878,128.82
3325,733,11/11/2015,15/11/2015,3,422,416,0,0,207,41,77095.0,0,691,1,3,685,896.99
3326,733,11/11/2015,15/11/2015,3,422,416,0,0,207,41,77095.0,0,688,1,3,1589,1.234
3327,733,11/11/2015,15/11/2015,3,422,416,0,0,207,41,77095.0,0,587,1,2,358,67.56
3328,733,11/11/2015,15/11/2015,3,422,416,0,0,207,41,77095.0,0,1228,1,12,1646,21.72
3329,733,11/11/2015,15/11/2015,3,422,416,0,0,207,41,77095.0,0,1083,1,12,1675,262.336
3330,733,11/11/2015,15/11/2015,3,422,416,0,0,207,41,77095.0,0,1809,2,13,731,148.48
3331,733,11/11/2015,15/11/2015,3,422,416,0,0,207,41,77095.0,0,1859,2,13,447,241.176
3332,3204,14/12/2018,20/12/2018,3,304,295,2,0,80,11,60653.0,0,1469,2,0,951,227.976
3333,3204,14/12/2018,20/12/2018,3,304,295,2,0,80,11,60653.0,0,1798,2,13,1394,52.68
3334,3204,14/12/2018,20/12/2018,3,304,295,2,0,80,11,60653.0,0,243,0,9,1046,2.032
3335,4683,21/08/2018,22/08/2018,0,607,590,0,0,340,3,94601.0,3,476,1,2,1143,17.12
3336,4683,21/08/2018,22/08/2018,0,607,590,0,0,340,3,94601.0,3,1847,2,13,430,431.968
3337,4683,21/08/2018,22/08/2018,0,607,590,0,0,340,3,94601.0,3,142,0,9,1538,129.92
3338,4683,21/08/2018,22/08/2018,0,607,590,0,0,340,3,94601.0,3,328,0,16,427,568.728
3339,4683,21/08/2018,22/08/2018,0,607,590,0,0,340,3,94601.0,3,671,1,3,61,117.144
3340,4683,21/08/2018,22/08/2018,0,607,590,0,0,340,3,94601.0,3,436,1,1,639,203.52
3341,4683,21/08/2018,22/08/2018,0,607,590,0,0,340,3,94601.0,3,959,1,10,232,51.75
3342,2366,27/08/2017,01/09/2017,2,731,735,0,0,391,19,2169.0,1,1066,1,12,1703,122.97
3343,2366,27/08/2017,01/09/2017,2,731,735,0,0,391,19,2169.0,1,326,0,16,1370,244.615
3344,2366,27/08/2017,01/09/2017,2,731,735,0,0,391,19,2169.0,1,1678,2,13,1312,59.97
3345,2366,27/08/2017,01/09/2017,2,731,735,0,0,391,19,2169.0,1,1180,1,12,1470,81.54
3346,2366,27/08/2017,01/09/2017,2,731,735,0,0,391,19,2169.0,1,910,1,8,1498,11.68
3347,2366,27/08/2017,01/09/2017,2,731,735,0,0,391,19,2169.0,1,644,1,3,1625,29.0
3348,942,13/08/2016,20/08/2016,3,579,579,1,0,527,3,92399.0,3,569,1,2,29,50.8
3349,3827,05/11/2018,07/11/2018,0,30,12,1,0,80,11,60623.0,0,655,1,3,265,16.03
3350,4595,17/08/2017,21/08/2017,3,569,566,0,0,450,45,98105.0,3,788,1,3,74,15.712
3351,2395,26/12/2017,31/12/2017,3,47,33,0,0,327,30,10024.0,1,1555,2,0,303,89.97
3352,4200,23/09/2015,28/09/2015,3,92,109,1,0,435,3,92037.0,3,25,0,4,1360,435.999
3353,4200,23/09/2015,28/09/2015,3,92,109,1,0,435,3,92037.0,3,1784,2,13,1848,83.984
3354,4233,19/07/2015,24/07/2015,3,123,152,1,0,51,5,6010.0,1,1705,2,13,1289,359.98
3355,4233,19/07/2015,24/07/2015,3,123,152,1,0,51,5,6010.0,1,363,0,16,288,70.56
3356,4233,19/07/2015,24/07/2015,3,123,152,1,0,51,5,6010.0,1,785,1,3,177,20.88
3357,4233,19/07/2015,24/07/2015,3,123,152,1,0,51,5,6010.0,1,728,1,3,64,3.81
3358,2757,07/09/2018,13/09/2018,3,562,571,2,0,80,11,60610.0,0,1118,1,12,537,73.008
3359,2260,06/05/2017,10/05/2017,3,16,57,0,0,80,11,60610.0,0,664,1,3,924,3.208
3360,2260,06/05/2017,10/05/2017,3,16,57,0,0,80,11,60610.0,0,1582,2,0,995,26.176
3361,4364,04/06/2016,08/06/2016,2,745,766,2,0,327,30,10024.0,1,1271,1,12,1652,30.44
3362,4364,04/06/2016,08/06/2016,2,745,766,2,0,327,30,10024.0,1,160,0,9,614,35.28
3363,1302,13/12/2016,20/12/2016,3,244,214,2,0,403,19,2151.0,1,1266,1,12,1818,19.44
3364,1302,13/12/2016,20/12/2016,3,244,214,2,0,403,19,2151.0,1,836,1,3,672,37.88
3365,2125,16/07/2017,18/07/2017,2,487,493,1,0,207,41,77036.0,0,204,0,9,1496,9.552
3366,189,31/01/2015,02/02/2015,0,454,468,0,0,301,3,92691.0,3,38,0,4,1424,290.666
3367,734,09/07/2015,15/07/2015,3,92,109,1,0,109,41,75217.0,0,1202,1,12,606,10.368
3368,734,09/07/2015,15/07/2015,3,92,109,1,0,109,41,75217.0,0,1159,1,12,1677,14.352
3369,985,21/11/2016,25/11/2016,3,577,558,0,0,245,26,89115.0,3,21,0,4,845,141.96
3370,985,21/11/2016,25/11/2016,3,577,558,0,0,245,26,89115.0,3,731,1,3,1484,66.048
3371,2203,25/03/2017,25/03/2017,1,735,750,0,0,334,34,73071.0,0,1568,2,0,1024,1287.45
3372,3234,23/09/2018,30/09/2018,3,108,116,0,0,436,3,94122.0,3,666,1,3,68,25.824
3373,3234,23/09/2018,30/09/2018,3,108,116,0,0,436,3,94122.0,3,400,1,1,34,160.96
3374,1574,04/12/2016,10/12/2016,3,705,687,0,0,193,30,11550.0,1,223,0,9,490,28.44
3375,1574,04/12/2016,10/12/2016,3,705,687,0,0,193,30,11550.0,1,90,0,5,1206,364.41
3376,1574,04/12/2016,10/12/2016,3,705,687,0,0,193,30,11550.0,1,1691,2,13,1482,39.96
3377,1574,04/12/2016,10/12/2016,3,705,687,0,0,193,30,11550.0,1,99,0,5,758,361.764
3378,1675,01/11/2017,04/11/2017,0,179,164,1,0,97,41,77301.0,0,1417,1,14,1541,111.672
3379,3592,17/03/2018,21/03/2018,3,604,610,2,0,207,41,77095.0,0,764,1,3,695,13.776
3380,3592,17/03/2018,21/03/2018,3,604,610,2,0,207,41,77095.0,0,1273,1,12,1684,10.272
3381,2826,23/11/2018,24/11/2018,0,746,731,0,0,372,36,19120.0,1,152,0,9,1197,24.048
3382,4892,27/08/2018,30/08/2018,0,707,706,1,0,471,8,33614.0,2,891,1,7,471,2.896
3383,1173,04/12/2016,09/12/2016,2,536,489,0,0,327,30,10035.0,1,892,1,7,1608,17.94
3384,1173,04/12/2016,09/12/2016,2,536,489,0,0,327,30,10035.0,1,106,0,5,736,384.174
3385,1173,04/12/2016,09/12/2016,2,536,489,0,0,327,30,10035.0,1,1845,2,13,1644,1799.75
3386,3714,07/10/2018,11/10/2018,3,244,214,2,0,74,31,28205.0,2,1384,1,14,112,580.672
3387,3714,07/10/2018,11/10/2018,3,244,214,2,0,74,31,28205.0,2,932,1,8,1498,18.936
3388,3714,07/10/2018,11/10/2018,3,244,214,2,0,74,31,28205.0,2,1840,2,13,1569,222.384
3389,3714,07/10/2018,11/10/2018,3,244,214,2,0,74,31,28205.0,2,753,1,3,1253,50.454
3390,3714,07/10/2018,11/10/2018,3,244,214,2,0,74,31,28205.0,2,323,0,16,941,154.764
3391,2779,25/03/2018,30/03/2018,2,198,242,0,0,109,41,75081.0,0,1254,1,12,1741,6.848
3392,747,09/08/2015,13/08/2015,3,502,508,2,0,450,45,98103.0,3,1727,2,13,445,1091.168
3393,747,09/08/2015,13/08/2015,3,502,508,2,0,450,45,98103.0,3,1679,2,13,937,219.168
3394,77,22/11/2015,25/11/2015,0,262,277,0,0,362,41,77506.0,0,712,1,3,1633,6.928
3395,4779,10/06/2018,10/06/2018,1,151,124,0,0,372,36,19143.0,1,1045,1,12,1324,40.032
3396,4846,01/07/2018,08/07/2018,3,427,417,2,0,211,12,46203.0,0,1329,1,14,419,443.92
3397,4846,01/07/2018,08/07/2018,3,427,417,2,0,211,12,46203.0,0,781,1,3,647,169.99
3398,4846,01/07/2018,08/07/2018,3,427,417,2,0,211,12,46203.0,0,1218,1,12,1822,25.92
3399,30,21/11/2015,26/11/2015,3,205,203,1,0,405,15,40475.0,2,1794,2,13,993,36.99
3400,30,21/11/2015,26/11/2015,3,205,203,1,0,405,15,40475.0,2,1262,1,12,1103,629.1
3401,30,21/11/2015,26/11/2015,3,205,203,1,0,405,15,40475.0,2,1345,1,14,1474,193.95
3402,30,21/11/2015,26/11/2015,3,205,203,1,0,405,15,40475.0,2,562,1,2,1128,5.46
3403,1158,04/05/2016,05/05/2016,0,447,450,1,0,482,11,60477.0,0,204,0,9,1496,22.288
3404,4099,29/05/2018,05/06/2018,3,334,328,0,0,207,41,77095.0,0,278,0,9,562,65.424
3405,1461,17/10/2016,17/10/2016,1,158,144,0,0,265,3,90004.0,3,1393,1,14,556,77.88
3406,4231,23/04/2015,27/04/2015,3,449,451,2,0,94,33,43229.0,1,99,0,5,758,281.372
3407,4231,23/04/2015,27/04/2015,3,449,451,2,0,94,33,43229.0,1,99,0,5,758,281.372
3408,4231,23/04/2015,27/04/2015,3,449,451,2,0,94,33,43229.0,1,643,1,3,1841,7.488
3409,4231,23/04/2015,27/04/2015,3,449,451,2,0,94,33,43229.0,1,215,0,9,675,22.336
3410,4855,30/04/2018,06/05/2018,3,362,364,0,0,94,33,43229.0,1,1266,1,12,1818,10.368
3411,1670,20/09/2017,24/09/2017,3,307,311,1,0,436,3,94122.0,3,1104,1,12,1514,65.79
3412,1670,20/09/2017,24/09/2017,3,307,311,1,0,436,3,94122.0,3,781,1,3,647,271.984
3413,1670,20/09/2017,24/09/2017,3,307,311,1,0,436,3,94122.0,3,500,1,2,1151,11.76
3414,1670,20/09/2017,24/09/2017,3,307,311,1,0,436,3,94122.0,3,1165,1,12,1731,77.52
3415,1670,20/09/2017,24/09/2017,3,307,311,1,0,436,3,94122.0,3,672,1,3,898,48.64
3416,1920,02/09/2017,02/09/2017,1,716,704,0,0,271,47,53711.0,0,922,1,8,456,1.81
3417,1920,02/09/2017,02/09/2017,1,716,704,0,0,271,47,53711.0,0,844,1,3,32,8.26
3418,1458,27/04/2016,02/05/2016,3,744,762,2,0,24,4,80013.0,3,457,1,1,294,43.56
3419,1458,27/04/2016,02/05/2016,3,744,762,2,0,24,4,80013.0,3,1431,1,15,102,5.84
3420,1447,06/09/2016,13/09/2016,3,132,160,2,0,327,30,10024.0,1,59,0,5,735,271.764
3421,2202,28/05/2017,03/06/2017,3,152,169,0,0,265,3,90004.0,3,393,1,1,948,262.24
3422,2202,28/05/2017,03/06/2017,3,152,169,0,0,265,3,90004.0,3,1231,1,12,1782,182.72
3423,2202,28/05/2017,03/06/2017,3,152,169,0,0,265,3,90004.0,3,1520,2,0,915,131.6
3424,2202,28/05/2017,03/06/2017,3,152,169,0,0,265,3,90004.0,3,730,1,3,1632,22.72
3425,2202,28/05/2017,03/06/2017,3,152,169,0,0,265,3,90004.0,3,1636,2,11,1215,558.4
3426,1470,24/09/2016,28/09/2016,3,202,215,2,0,127,13,52001.0,0,695,1,3,73,15.24
3427,1470,24/09/2016,28/09/2016,3,202,215,2,0,127,13,52001.0,0,64,0,5,850,1408.1
3428,4694,03/07/2018,06/07/2018,2,729,667,2,0,241,33,43130.0,1,1026,1,12,1080,32.896
3429,4694,03/07/2018,06/07/2018,2,729,667,2,0,241,33,43130.0,1,339,0,16,325,215.148
3430,4694,03/07/2018,06/07/2018,2,729,667,2,0,241,33,43130.0,1,1160,1,12,1645,30.96
3431,3711,08/12/2018,09/12/2018,0,459,477,0,0,212,3,90301.0,3,1389,1,14,130,29.79
3432,3711,08/12/2018,09/12/2018,0,459,477,0,0,212,3,90301.0,3,234,0,9,1544,128.9
3433,3711,08/12/2018,09/12/2018,0,459,477,0,0,212,3,90301.0,3,1224,1,12,1756,60.12
3434,3371,05/12/2018,09/12/2018,3,8,10,0,0,36,45,98006.0,3,700,1,3,720,24.816
3435,3371,05/12/2018,09/12/2018,3,8,10,0,0,36,45,98006.0,3,643,1,3,1841,14.976
3436,4283,27/09/2016,29/09/2016,0,569,566,0,0,80,11,60610.0,0,705,1,3,1601,15.08
3437,4283,27/09/2016,29/09/2016,0,569,566,0,0,80,11,60610.0,0,276,0,9,487,24.288
3438,3789,30/10/2018,30/10/2018,1,619,661,0,0,109,41,75217.0,0,276,0,9,487,16.192
3439,3789,30/10/2018,30/10/2018,1,619,661,0,0,109,41,75217.0,0,339,0,16,325,251.006
3440,3789,30/10/2018,30/10/2018,1,619,661,0,0,109,41,75217.0,0,1360,1,14,1658,54.192
3441,1357,29/11/2016,30/11/2016,1,605,611,2,0,436,3,94122.0,3,677,1,3,66,4.304
3442,669,11/03/2015,14/03/2015,2,413,433,0,0,327,30,10024.0,1,1154,1,12,1467,108.92
3443,4101,19/11/2018,23/11/2018,3,352,408,1,0,327,30,10011.0,1,857,1,7,1492,16.74
3444,4101,19/11/2018,23/11/2018,3,352,408,1,0,327,30,10011.0,1,453,1,1,868,2504.74
3445,1917,29/07/2017,02/08/2017,3,396,341,1,0,372,36,19140.0,1,1351,1,14,775,84.784
3446,1192,12/06/2016,17/06/2016,3,458,452,0,0,328,6,19711.0,1,1344,1,14,1255,29.9
3447,2571,06/08/2017,07/08/2017,0,34,45,1,0,327,30,10024.0,1,1048,1,12,537,70.88
3448,2811,11/06/2018,15/06/2018,3,441,445,2,0,23,0,36830.0,2,534,1,2,1192,3.76
3449,2636,07/10/2017,13/10/2017,3,734,748,0,0,265,3,90049.0,3,800,1,3,706,27.264
3450,773,08/09/2015,14/09/2015,3,232,224,2,0,436,3,94110.0,3,469,1,1,820,56.65
3451,773,08/09/2015,14/09/2015,3,232,224,2,0,436,3,94110.0,3,1368,1,14,1263,14.97
3452,773,08/09/2015,14/09/2015,3,232,224,2,0,436,3,94110.0,3,929,1,8,907,4.02
3453,657,16/03/2015,21/03/2015,2,441,445,2,0,392,31,27604.0,2,1767,2,13,1290,471.92
3454,1469,01/03/2016,02/03/2016,2,718,700,0,0,270,9,31204.0,2,815,1,3,1835,58.72
3455,1477,09/07/2016,14/07/2016,3,249,256,0,0,321,40,37211.0,2,491,1,2,333,5.16
3456,2702,20/02/2017,27/02/2017,3,31,13,0,0,321,40,37211.0,2,1288,1,12,1478,16.496
3457,3473,16/09/2018,18/09/2018,0,52,5,0,0,372,36,19143.0,1,1486,2,0,1011,71.976
3458,3473,16/09/2018,18/09/2018,0,52,5,0,0,372,36,19143.0,1,275,0,9,567,22.512
3459,3473,16/09/2018,18/09/2018,0,52,5,0,0,372,36,19143.0,1,734,1,3,329,3.444
3460,3473,16/09/2018,18/09/2018,0,52,5,0,0,372,36,19143.0,1,691,1,3,685,538.194
3461,3473,16/09/2018,18/09/2018,0,52,5,0,0,372,36,19143.0,1,1565,2,0,992,47.984
3462,3033,05/11/2018,10/11/2018,2,268,253,1,0,109,41,75081.0,0,1795,2,13,1167,492.768
3463,1462,20/02/2016,23/02/2016,2,413,433,0,0,370,28,8861.0,1,604,1,2,1405,286.79
3464,2684,25/11/2017,30/11/2017,3,325,323,2,0,216,8,32216.0,2,1276,1,12,1529,5.08
3465,3327,03/12/2018,05/12/2018,2,558,556,0,0,216,8,32216.0,2,1511,2,0,953,47.992
3466,4371,10/09/2016,14/09/2016,3,257,249,1,0,403,19,2151.0,1,452,1,1,613,61.96
3467,4371,10/09/2016,14/09/2016,3,257,249,1,0,403,19,2151.0,1,46,0,4,1179,361.96
3468,4371,10/09/2016,14/09/2016,3,257,249,1,0,403,19,2151.0,1,1200,1,12,1749,278.82
3469,2368,14/12/2017,19/12/2017,3,492,521,0,0,215,22,39212.0,2,209,0,9,619,133.38
3470,799,06/04/2016,10/04/2016,3,511,495,0,0,216,31,28540.0,2,1082,1,12,1665,47.952
3471,4569,01/12/2017,05/12/2017,3,151,124,0,0,436,3,94122.0,3,268,0,9,1609,16.74
3472,3205,12/11/2018,17/11/2018,3,686,729,1,0,94,33,43229.0,1,1227,1,12,1515,10.848
3473,3205,12/11/2018,17/11/2018,3,686,729,1,0,94,33,43229.0,1,1564,2,0,1596,18.544
3474,2996,03/03/2018,10/03/2018,3,275,259,0,0,115,20,48127.0,0,61,0,5,749,180.98
3475,2996,03/03/2018,10/03/2018,3,275,259,0,0,115,20,48127.0,0,1542,2,0,1016,99.98
3476,2345,27/11/2017,30/11/2017,0,661,640,1,0,354,14,66212.0,0,1587,2,0,1598,34.95
3477,2345,27/11/2017,30/11/2017,0,661,640,1,0,354,14,66212.0,0,672,1,3,898,152.0
3478,517,31/08/2015,05/09/2015,3,696,698,0,0,447,29,87505.0,3,1503,2,0,957,92.52
3479,2146,08/12/2017,14/12/2017,3,707,706,1,0,436,3,94110.0,3,567,1,2,1149,8.56
3480,2146,08/12/2017,14/12/2017,3,707,706,1,0,436,3,94110.0,3,1215,1,12,1798,45.36
3481,2146,08/12/2017,14/12/2017,3,707,706,1,0,436,3,94110.0,3,360,0,16,835,1421.664
3482,278,07/04/2015,10/04/2015,0,595,599,0,0,304,0,36608.0,2,298,0,9,1486,8.96
3483,288,27/08/2015,29/08/2015,0,135,172,1,0,462,44,22153.0,2,1694,2,13,723,579.95
3484,288,27/08/2015,29/08/2015,0,135,172,1,0,462,44,22153.0,2,224,0,9,1048,29.12
3485,288,27/08/2015,29/08/2015,0,135,172,1,0,462,44,22153.0,2,356,0,16,367,1202.94
3486,2447,21/10/2017,26/10/2017,3,549,551,1,0,328,6,19711.0,1,749,1,3,266,7.92
3487,4524,30/11/2017,30/11/2017,1,192,212,0,0,198,31,28601.0,2,1792,2,13,39,36.192
3488,3152,05/09/2018,11/09/2018,3,505,523,2,0,153,8,33311.0,2,1346,1,14,774,147.184
3489,1534,02/07/2016,06/07/2016,3,645,638,0,0,66,11,60188.0,0,119,0,5,830,408.422
3490,1534,02/07/2016,06/07/2016,3,645,638,0,0,66,11,60188.0,0,110,0,5,771,382.116
3491,1534,02/07/2016,06/07/2016,3,645,638,0,0,66,11,60188.0,0,1412,1,14,125,68.6
3492,1534,02/07/2016,06/07/2016,3,645,638,0,0,66,11,60188.0,0,1384,1,14,112,435.504
3493,1534,02/07/2016,06/07/2016,3,645,638,0,0,66,11,60188.0,0,1064,1,12,106,11.168
3494,3577,24/09/2018,28/09/2018,3,414,414,1,0,423,21,56301.0,0,1522,2,0,956,72.0
3495,3577,24/09/2018,28/09/2018,3,414,414,1,0,423,21,56301.0,0,1481,2,0,908,655.9
3496,3577,24/09/2018,28/09/2018,3,414,414,1,0,423,21,56301.0,0,59,0,5,735,603.92
3497,1776,08/08/2017,15/08/2017,3,121,135,2,0,265,3,90036.0,3,337,0,16,423,513.024
3498,1776,08/08/2017,15/08/2017,3,121,135,2,0,265,3,90036.0,3,464,1,1,944,487.92
3499,1776,08/08/2017,15/08/2017,3,121,135,2,0,265,3,90036.0,3,728,1,3,64,15.24
3500,1791,29/09/2017,03/10/2017,3,380,380,0,0,304,0,36608.0,2,1468,2,0,1001,209.97
3501,1791,29/09/2017,03/10/2017,3,380,380,0,0,304,0,36608.0,2,718,1,3,1301,62.94
3502,1791,29/09/2017,03/10/2017,3,380,380,0,0,304,0,36608.0,2,506,1,2,1406,25.92
3503,3255,10/04/2018,10/04/2018,1,636,660,0,0,25,41,78745.0,0,1252,1,12,1676,10.368
3504,3255,10/04/2018,10/04/2018,1,636,660,0,0,25,41,78745.0,0,1504,2,0,1023,95.736
3505,2442,18/12/2017,20/12/2017,2,382,406,2,0,327,30,10009.0,1,1399,1,14,1550,900.08
3506,752,20/06/2015,24/06/2015,3,667,666,0,0,377,41,75023.0,0,1690,2,13,792,201.584
3507,752,20/06/2015,24/06/2015,3,667,666,0,0,377,41,75023.0,0,663,1,3,1511,3.392
3508,752,20/06/2015,24/06/2015,3,667,666,0,0,377,41,75023.0,0,10,0,4,843,193.0656
3509,752,20/06/2015,24/06/2015,3,667,666,0,0,377,41,75023.0,0,1086,1,12,1791,15.552
3510,752,20/06/2015,24/06/2015,3,667,666,0,0,377,41,75023.0,0,1061,1,12,159,11.648
3511,752,20/06/2015,24/06/2015,3,667,666,0,0,377,41,75023.0,0,1636,2,11,1215,418.8
3512,752,20/06/2015,24/06/2015,3,667,666,0,0,377,41,75023.0,0,1405,1,14,1381,509.488
3513,3542,04/09/2018,06/09/2018,0,333,327,1,0,80,11,60653.0,0,0,0,4,380,825.174
3514,3542,04/09/2018,06/09/2018,0,333,327,1,0,80,11,60653.0,0,1247,1,12,928,17.76
3515,3542,04/09/2018,06/09/2018,0,333,327,1,0,80,11,60653.0,0,506,1,2,1406,6.912
3516,2724,20/12/2017,24/12/2017,3,680,718,0,0,215,22,39212.0,2,1523,2,0,1403,66.3
3517,4461,09/08/2017,12/08/2017,0,317,326,0,0,150,31,28314.0,2,1021,1,12,1780,30.816
3518,4461,09/08/2017,12/08/2017,0,317,326,0,0,150,31,28314.0,2,1763,2,13,154,44.784
3519,4461,09/08/2017,12/08/2017,0,317,326,0,0,150,31,28314.0,2,428,1,1,949,569.536
3520,1100,22/06/2016,25/06/2016,0,505,523,2,0,24,11,60505.0,0,346,0,16,854,796.425
3521,1653,10/04/2016,15/04/2016,3,222,195,1,0,420,3,95823.0,3,664,1,3,924,12.832
3522,1892,21/11/2017,25/11/2017,2,224,221,1,0,121,13,50315.0,0,1234,1,12,1777,40.46
3523,1892,21/11/2017,25/11/2017,2,224,221,1,0,121,13,50315.0,0,1732,2,13,1010,404.94
3524,2239,05/09/2017,10/09/2017,3,519,491,1,0,435,3,92105.0,3,1526,2,0,790,116.0
3525,2165,24/11/2017,28/11/2017,3,292,299,0,0,109,41,75081.0,0,1832,2,13,38,657.552
3526,3721,10/12/2018,15/12/2018,2,719,709,2,0,215,22,39212.0,2,1507,2,0,1328,599.97
3527,3721,10/12/2018,15/12/2018,2,719,709,2,0,215,22,39212.0,2,1682,2,13,478,38.97
3528,3721,10/12/2018,15/12/2018,2,719,709,2,0,215,22,39212.0,2,775,1,3,258,45.84
3529,2137,24/06/2017,29/06/2017,3,67,87,0,0,435,3,92024.0,3,1851,2,13,1037,38.24
3530,1315,17/09/2016,23/09/2016,3,195,225,0,0,351,8,32839.0,2,1496,2,0,1400,87.168
3531,4581,19/05/2017,23/05/2017,3,654,655,1,0,233,12,47905.0,0,567,1,2,1149,21.4
3532,2519,28/05/2017,28/05/2017,1,257,249,1,0,327,30,10035.0,1,1429,1,15,669,54.9
3533,143,18/04/2015,23/04/2015,3,387,387,0,0,265,3,90049.0,3,1645,2,11,164,287.968
3534,143,18/04/2015,23/04/2015,3,387,387,0,0,265,3,90049.0,3,551,1,2,1160,13.12
3535,143,18/04/2015,23/04/2015,3,387,387,0,0,265,3,90049.0,3,491,1,2,333,10.75
3536,143,18/04/2015,23/04/2015,3,387,387,0,0,265,3,90049.0,3,902,1,8,123,11.62
3537,2362,17/06/2017,20/06/2017,2,288,290,0,0,327,30,10024.0,1,1301,1,14,1353,40.74
3538,674,09/05/2015,09/05/2015,1,666,684,1,0,194,15,42420.0,2,1294,1,14,659,83.25
3539,674,09/05/2015,09/05/2015,1,666,684,1,0,194,15,42420.0,2,967,1,10,228,9.45
3540,674,09/05/2015,09/05/2015,1,666,684,1,0,194,15,42420.0,2,984,1,10,215,20.65
3541,674,09/05/2015,09/05/2015,1,666,684,1,0,194,15,42420.0,2,1181,1,12,1612,45.36
3542,2543,18/09/2017,20/09/2017,0,720,689,0,0,94,33,43229.0,1,211,0,9,580,5.352
3543,2543,18/09/2017,20/09/2017,0,720,689,0,0,94,33,43229.0,1,93,0,5,1449,99.372
3544,2543,18/09/2017,20/09/2017,0,720,689,0,0,94,33,43229.0,1,548,1,2,588,2.672
3545,3164,23/12/2018,25/12/2018,2,525,526,0,0,91,41,77840.0,0,1269,1,12,1481,28.672
3546,3164,23/12/2018,25/12/2018,2,525,526,0,0,91,41,77840.0,0,413,1,1,51,29.312
3547,3839,30/10/2018,01/11/2018,0,634,652,2,0,405,15,40475.0,2,1418,1,14,574,105.98
3548,3839,30/10/2018,01/11/2018,0,634,652,2,0,405,15,40475.0,2,1440,1,15,84,35.06
3549,3839,30/10/2018,01/11/2018,0,634,652,2,0,405,15,40475.0,2,57,0,5,1081,33.94
3550,3839,30/10/2018,01/11/2018,0,634,652,2,0,405,15,40475.0,2,970,1,10,1453,30.0
3551,2467,29/03/2017,02/04/2017,2,497,486,2,0,80,11,60653.0,0,1097,1,12,464,45.528
3552,2467,29/03/2017,02/04/2017,2,497,486,2,0,80,11,60653.0,0,99,0,5,758,844.116
3553,2467,29/03/2017,02/04/2017,2,497,486,2,0,80,11,60653.0,0,1714,2,13,931,812.736
3554,2926,23/11/2018,26/11/2018,2,283,283,1,0,372,36,19120.0,1,704,1,3,710,7.476
3555,243,23/03/2015,26/03/2015,2,603,589,0,0,265,3,90036.0,3,1305,1,14,543,330.4
3556,243,23/03/2015,26/03/2015,2,603,589,0,0,265,3,90036.0,3,1808,2,13,1219,604.752
3557,3118,01/12/2018,05/12/2018,3,134,168,0,0,265,3,90008.0,3,1279,1,12,1688,45.36
3558,3118,01/12/2018,05/12/2018,3,134,168,0,0,265,3,90008.0,3,773,1,3,408,10.128
3559,3794,07/11/2018,12/11/2018,3,766,764,0,0,436,3,94122.0,3,760,1,3,268,21.792
3560,3794,07/11/2018,12/11/2018,3,766,764,0,0,436,3,94122.0,3,1599,2,0,1266,439.8
3561,2961,04/09/2018,09/09/2018,2,495,488,0,0,2,33,44312.0,1,550,1,2,495,8.256
3562,2961,04/09/2018,09/09/2018,2,495,488,0,0,2,33,44312.0,1,800,1,3,706,25.56
3563,2961,04/09/2018,09/09/2018,2,495,488,0,0,2,33,44312.0,1,702,1,3,1623,4.368
3564,2961,04/09/2018,09/09/2018,2,495,488,0,0,2,33,44312.0,1,1013,1,12,1528,11.52
3565,2124,03/07/2017,06/07/2017,0,312,315,0,0,265,3,90049.0,3,1057,1,12,1793,12.96
3566,2124,03/07/2017,06/07/2017,0,312,315,0,0,265,3,90049.0,3,914,1,8,370,3.96
3567,2838,07/09/2018,14/09/2018,3,632,642,2,0,210,23,64055.0,0,779,1,3,680,1577.94
3568,2232,09/09/2017,14/09/2017,2,188,192,2,0,109,41,75220.0,0,275,0,9,567,15.008
3569,4088,03/07/2018,03/07/2018,1,379,374,2,0,450,45,98105.0,3,1565,2,0,992,59.98
3570,4088,03/07/2018,03/07/2018,1,379,374,2,0,450,45,98105.0,3,1631,2,11,1217,2395.2
3571,4088,03/07/2018,03/07/2018,1,379,374,2,0,450,45,98105.0,3,1516,2,0,1275,1687.8
3572,4088,03/07/2018,03/07/2018,1,379,374,2,0,450,45,98105.0,3,1703,2,13,1483,7.992
3573,4762,29/06/2018,04/07/2018,3,281,287,1,0,292,41,75150.0,0,1241,1,12,1813,5.184
3574,3075,07/08/2018,12/08/2018,3,411,395,0,0,261,30,11561.0,1,588,1,2,1318,11.68
3575,3075,07/08/2018,12/08/2018,3,411,395,0,0,261,30,11561.0,1,611,1,2,1499,104.8
3576,1351,19/03/2016,24/03/2016,3,199,188,0,0,337,8,33161.0,2,1109,1,12,110,14.496
3577,1718,07/06/2017,11/06/2017,3,287,284,2,0,27,3,93309.0,3,768,1,3,246,4.784
3578,1718,07/06/2017,11/06/2017,3,287,284,2,0,27,3,93309.0,3,1243,1,12,1613,4.73
3579,1728,25/07/2017,29/07/2017,3,542,519,0,0,215,22,39212.0,2,1298,1,14,129,7.89
3580,1728,25/07/2017,29/07/2017,3,542,519,0,0,215,22,39212.0,2,1275,1,12,118,65.5
3581,1728,25/07/2017,29/07/2017,3,542,519,0,0,215,22,39212.0,2,374,0,16,1199,2430.08
3582,3099,01/10/2018,07/10/2018,3,213,204,0,0,158,25,68025.0,0,1080,1,12,1699,104.85
3583,1060,10/12/2016,16/12/2016,3,424,431,1,0,215,20,49201.0,0,506,1,2,249,3.9
3584,1060,10/12/2016,16/12/2016,3,424,431,1,0,215,20,49201.0,0,356,0,16,367,801.96
3585,1060,10/12/2016,16/12/2016,3,424,431,1,0,215,20,49201.0,0,122,0,5,766,191.96
3586,1060,10/12/2016,16/12/2016,3,424,431,1,0,215,20,49201.0,0,957,1,10,1256,2.61
3587,3971,03/09/2018,08/09/2018,3,19,19,1,0,436,3,94122.0,3,542,1,2,1303,5.96
3588,3184,24/09/2018,28/09/2018,3,515,539,2,0,241,33,43130.0,1,1791,2,13,155,1169.694
3589,3905,19/12/2018,21/12/2018,0,12,29,0,0,233,16,70506.0,2,1441,1,15,1042,1665.62
3590,3678,24/11/2018,30/11/2018,3,287,284,2,0,405,15,40475.0,2,658,1,3,236,2.88
3591,3678,24/11/2018,30/11/2018,3,287,284,2,0,405,15,40475.0,2,1347,1,14,904,1443.96
3592,625,13/12/2015,15/12/2015,2,616,617,0,0,207,41,77070.0,0,1431,1,15,102,2.92
3593,1788,05/12/2017,07/12/2017,2,365,342,0,0,327,30,10024.0,1,1376,1,14,535,465.18
3594,2663,11/09/2017,17/09/2017,3,578,569,2,0,483,33,43615.0,1,704,1,3,710,22.428
3595,2663,11/09/2017,17/09/2017,3,578,569,2,0,483,33,43615.0,1,1373,1,14,1494,37.52
3596,3706,09/12/2018,15/12/2018,3,435,413,1,0,372,36,19143.0,1,629,1,2,474,2.624
3597,36,09/09/2015,14/09/2015,2,455,474,0,0,372,36,19140.0,1,1072,1,12,1805,15.552
3598,36,09/09/2015,14/09/2015,2,455,474,0,0,372,36,19140.0,1,1518,2,0,1355,64.704
3599,36,09/09/2015,14/09/2015,2,455,474,0,0,372,36,19140.0,1,224,0,9,1048,17.472
3600,36,09/09/2015,14/09/2015,2,455,474,0,0,372,36,19140.0,1,1773,2,13,1286,135.516
3601,3509,26/06/2018,30/06/2018,3,573,578,0,0,120,4,80219.0,3,1511,2,0,953,431.928
3602,686,17/11/2015,24/11/2015,3,620,620,0,0,372,36,19143.0,1,1154,1,12,1467,12.448
3603,686,17/11/2015,24/11/2015,3,620,620,0,0,372,36,19143.0,1,135,0,5,841,657.93
3604,3014,21/08/2018,27/08/2018,3,752,767,2,0,93,18,21044.0,1,1044,1,12,1669,277.4
3605,3014,21/08/2018,27/08/2018,3,752,767,2,0,93,18,21044.0,1,281,0,9,486,25.16
3606,3014,21/08/2018,27/08/2018,3,752,767,2,0,93,18,21044.0,1,315,0,9,1438,91.92
3607,1972,12/03/2017,16/03/2017,2,149,171,0,0,327,30,10024.0,1,852,1,7,1492,29.34
3608,716,23/09/2015,28/09/2015,2,718,700,0,0,327,30,10035.0,1,721,1,3,233,139.44
3609,478,28/04/2015,03/05/2015,3,294,300,1,0,328,33,43055.0,1,966,1,10,242,6.912
3610,478,28/04/2015,03/05/2015,3,294,300,1,0,328,33,43055.0,1,1360,1,14,1658,27.096
3611,478,28/04/2015,03/05/2015,3,294,300,1,0,328,33,43055.0,1,1329,1,14,419,177.568
3612,4513,29/11/2017,01/12/2017,2,556,567,1,0,109,41,75217.0,0,1596,2,0,1070,58.416
3613,903,03/12/2016,08/12/2016,3,9,16,2,0,372,36,19134.0,1,1026,1,12,1080,16.448
3614,903,03/12/2016,08/12/2016,3,9,16,2,0,372,36,19134.0,1,1461,2,0,1597,36.784
3615,3005,19/11/2018,21/11/2018,0,679,716,1,0,432,41,78207.0,0,345,0,16,379,718.116
3616,3005,19/11/2018,21/11/2018,0,679,716,1,0,432,41,78207.0,0,533,1,2,1250,31.776
3617,2497,05/09/2017,09/09/2017,3,344,354,0,0,372,36,19120.0,1,822,1,3,394,9.555
3618,3575,04/09/2018,08/09/2018,3,616,617,0,0,265,3,90004.0,3,831,1,3,895,487.984
3619,3575,04/09/2018,08/09/2018,3,616,617,0,0,265,3,90004.0,3,1757,2,13,1315,5.56
3620,3575,04/09/2018,08/09/2018,3,616,617,0,0,265,3,90004.0,3,1381,1,14,1571,217.85
3621,1809,22/09/2017,29/09/2017,3,691,663,1,0,456,40,37167.0,2,593,1,2,315,40.776
3622,1809,22/09/2017,29/09/2017,3,691,663,1,0,456,40,37167.0,2,1827,2,13,1246,63.936
3623,676,14/09/2015,19/09/2015,3,346,383,0,0,270,9,31204.0,2,238,0,9,1440,142.4
3624,676,14/09/2015,19/09/2015,3,346,383,0,0,270,9,31204.0,2,714,1,3,262,7.16
3625,3024,19/05/2018,21/05/2018,2,66,74,2,0,436,3,94109.0,3,93,0,5,1449,681.408
3626,3024,19/05/2018,21/05/2018,2,66,74,2,0,436,3,94109.0,3,514,1,2,1115,3.52
3627,3024,19/05/2018,21/05/2018,2,66,74,2,0,436,3,94109.0,3,474,1,2,1119,5.58
3628,3024,19/05/2018,21/05/2018,2,66,74,2,0,436,3,94109.0,3,1496,2,0,1400,36.32
3629,785,09/08/2015,13/08/2015,3,371,397,0,0,450,45,98103.0,3,830,1,3,896,2060.744
3630,3856,26/11/2018,30/11/2018,3,135,172,1,0,94,33,43229.0,1,415,1,1,816,52.272
3631,3856,26/11/2018,30/11/2018,3,135,172,1,0,94,33,43229.0,1,468,1,1,661,213.136
3632,3387,03/05/2018,08/05/2018,2,189,196,1,0,265,3,90004.0,3,1302,1,14,1102,69.52
3633,3387,03/05/2018,08/05/2018,2,189,196,1,0,265,3,90004.0,3,1289,1,14,657,763.44
3634,2349,10/11/2017,14/11/2017,3,606,595,2,0,462,33,45503.0,1,966,1,10,242,9.216
3635,2349,10/11/2017,14/11/2017,3,606,595,2,0,462,33,45503.0,1,1691,2,13,1482,41.958
3636,2349,10/11/2017,14/11/2017,3,606,595,2,0,462,33,45503.0,1,1245,1,12,1663,89.568
3637,2349,10/11/2017,14/11/2017,3,606,595,2,0,462,33,45503.0,1,1125,1,12,1651,22.248
3638,2349,10/11/2017,14/11/2017,3,606,595,2,0,462,33,45503.0,1,425,1,1,611,334.88
3639,2349,10/11/2017,14/11/2017,3,606,595,2,0,462,33,45503.0,1,166,0,9,488,148.288
3640,2349,10/11/2017,14/11/2017,3,606,595,2,0,462,33,45503.0,1,1067,1,12,1709,4.624
3641,2349,10/11/2017,14/11/2017,3,606,595,2,0,462,33,45503.0,1,1532,2,0,1066,178.92
3642,2349,10/11/2017,14/11/2017,3,606,595,2,0,462,33,45503.0,1,725,1,3,712,69.888
3643,651,20/12/2015,23/12/2015,2,492,521,0,0,265,3,90008.0,3,831,1,3,895,487.984
3644,651,20/12/2015,23/12/2015,2,492,521,0,0,265,3,90008.0,3,527,1,2,360,47.3
3645,651,20/12/2015,23/12/2015,2,492,521,0,0,265,3,90008.0,3,615,1,2,1114,4.13
3646,651,20/12/2015,23/12/2015,2,492,521,0,0,265,3,90008.0,3,761,1,3,1302,155.12
3647,541,25/07/2015,27/07/2015,2,777,778,2,0,265,3,90045.0,3,1156,1,12,1754,6.48
3648,541,25/07/2015,27/07/2015,2,777,778,2,0,265,3,90045.0,3,1437,1,15,92,15.52
3649,1646,22/11/2016,27/11/2016,3,486,483,0,0,287,40,38109.0,2,788,1,3,74,2.946
3650,1646,22/11/2016,27/11/2016,3,486,483,0,0,287,40,38109.0,2,941,1,8,1600,55.104
3651,2964,09/12/2018,11/12/2018,2,192,212,0,0,123,20,48234.0,0,1595,2,0,1059,104.88
3652,2964,09/12/2018,11/12/2018,2,192,212,0,0,123,20,48234.0,0,530,1,2,278,34.7
3653,2964,09/12/2018,11/12/2018,2,192,212,0,0,123,20,48234.0,0,703,1,3,899,33.72
3654,2964,09/12/2018,11/12/2018,2,192,212,0,0,123,20,48234.0,0,1042,1,12,537,14.94
3655,3407,31/08/2018,05/09/2018,3,38,62,0,0,247,12,46226.0,0,424,1,1,1574,638.73
3656,4087,24/04/2018,30/04/2018,3,165,154,1,0,216,8,32216.0,2,1337,1,14,1436,113.568
3657,3892,08/09/2018,14/09/2018,3,196,235,1,0,126,33,43017.0,1,1533,2,0,918,9.096
3658,1139,12/03/2016,17/03/2016,3,247,248,1,0,378,8,33317.0,2,891,1,7,471,8.688
3659,1139,12/03/2016,17/03/2016,3,247,248,1,0,378,8,33317.0,2,250,0,9,564,30.88
3660,1139,12/03/2016,17/03/2016,3,247,248,1,0,378,8,33317.0,2,193,0,9,103,6.408
3661,2617,18/07/2017,23/07/2017,3,399,362,1,0,168,1,85301.0,3,1455,1,15,596,33.8
3662,2505,13/06/2017,15/06/2017,2,668,668,2,0,215,20,49201.0,0,1808,2,13,1219,377.97
3663,4775,03/07/2018,09/07/2018,3,287,284,2,0,391,19,2169.0,1,1562,2,0,1527,258.9
3664,4775,03/07/2018,09/07/2018,3,287,284,2,0,391,19,2169.0,1,1144,1,12,1662,24.56
3665,356,08/12/2015,13/12/2015,3,734,748,0,0,428,35,97301.0,3,965,1,10,207,27.888
3666,356,08/12/2015,13/12/2015,3,734,748,0,0,428,35,97301.0,3,683,1,3,67,6.456
3667,356,08/12/2015,13/12/2015,3,734,748,0,0,428,35,97301.0,3,1798,2,13,1394,52.68
3668,356,08/12/2015,13/12/2015,3,734,748,0,0,428,35,97301.0,3,1422,1,15,77,13.88
3669,356,08/12/2015,13/12/2015,3,734,748,0,0,428,35,97301.0,3,1577,2,0,1402,103.92
3670,356,08/12/2015,13/12/2015,3,734,748,0,0,428,35,97301.0,3,1004,1,10,200,11.52
3671,356,08/12/2015,13/12/2015,3,734,748,0,0,428,35,97301.0,3,1110,1,12,1829,10.368
3672,356,08/12/2015,13/12/2015,3,734,748,0,0,428,35,97301.0,3,1326,1,14,113,39.072
3673,1733,08/04/2017,14/04/2017,3,261,273,2,0,486,33,45373.0,1,867,1,7,2,8.872
3674,1733,08/04/2017,14/04/2017,3,261,273,2,0,486,33,45373.0,1,812,1,3,421,121.104
3675,3817,06/11/2018,11/11/2018,3,520,492,0,0,372,36,19143.0,1,110,0,5,771,127.372
3676,3817,06/11/2018,11/11/2018,3,520,492,0,0,372,36,19143.0,1,1024,1,12,1693,47.952
3677,1519,05/12/2016,09/12/2016,3,512,506,1,0,435,3,92105.0,3,289,0,9,620,44.46
3678,1205,09/07/2016,14/07/2016,3,115,111,0,0,88,18,20735.0,1,924,1,8,117,15.8
3679,1205,09/07/2016,14/07/2016,3,115,111,0,0,88,18,20735.0,1,1642,2,11,651,464.97
3680,1205,09/07/2016,14/07/2016,3,115,111,0,0,88,18,20735.0,1,240,0,9,559,181.96
3681,1205,09/07/2016,14/07/2016,3,115,111,0,0,88,18,20735.0,1,954,1,10,176,12.39
3682,1205,09/07/2016,14/07/2016,3,115,111,0,0,88,18,20735.0,1,753,1,3,1253,84.09
3683,1205,09/07/2016,14/07/2016,3,115,111,0,0,88,18,20735.0,1,565,1,2,1310,79.36
3684,1205,09/07/2016,14/07/2016,3,115,111,0,0,88,18,20735.0,1,800,1,3,706,153.36
3685,1205,09/07/2016,14/07/2016,3,115,111,0,0,88,18,20735.0,1,702,1,3,1623,43.68
3686,1205,09/07/2016,14/07/2016,3,115,111,0,0,88,18,20735.0,1,1400,1,14,1311,98.21
3687,1711,13/12/2017,19/12/2017,3,344,354,0,0,407,3,92503.0,3,629,1,2,474,9.84
3688,1789,20/05/2017,24/05/2017,3,192,212,0,0,385,8,34952.0,2,807,1,3,259,2.694
3689,3551,02/06/2018,05/06/2018,2,227,227,0,0,291,1,85204.0,3,1171,1,12,1830,25.344
3690,3551,02/06/2018,05/06/2018,2,227,227,0,0,291,1,85204.0,3,854,1,7,1041,43.92
3691,4339,30/10/2016,02/11/2016,2,279,280,1,0,120,4,80219.0,3,1621,2,11,986,59.994
3692,4339,30/10/2016,02/11/2016,2,279,280,1,0,120,4,80219.0,3,1604,2,6,1444,439.992
3693,4339,30/10/2016,02/11/2016,2,279,280,1,0,120,4,80219.0,3,1842,2,13,1221,87.96
3694,4339,30/10/2016,02/11/2016,2,279,280,1,0,120,4,80219.0,3,244,0,9,584,15.488
3695,2305,15/10/2017,20/10/2017,3,615,615,1,0,462,44,22153.0,2,725,1,3,712,232.96
3696,2305,15/10/2017,20/10/2017,3,615,615,1,0,462,44,22153.0,2,867,1,7,2,66.54
3697,2305,15/10/2017,20/10/2017,3,615,615,1,0,462,44,22153.0,2,390,1,1,818,43.26
3698,1455,19/11/2016,21/11/2016,2,744,762,2,0,450,45,98115.0,3,150,0,9,1546,141.96
3699,476,13/09/2015,17/09/2015,3,579,579,1,0,474,1,85281.0,3,1327,1,14,572,79.4
3700,3937,13/11/2018,18/11/2018,2,15,11,2,0,525,30,10701.0,1,1572,2,0,955,163.96
3701,4112,24/12/2018,29/12/2018,3,13,40,1,0,408,30,14609.0,1,190,0,9,560,37.93
3702,2072,09/01/2017,13/01/2017,2,500,509,1,0,483,33,43615.0,1,223,0,9,490,15.168
3703,848,13/06/2016,19/06/2016,3,205,203,1,0,116,0,35601.0,2,615,1,2,1114,24.78
3704,848,13/06/2016,19/06/2016,3,205,203,1,0,116,0,35601.0,2,687,1,3,248,19.14
3705,848,13/06/2016,19/06/2016,3,205,203,1,0,116,0,35601.0,2,1612,2,6,371,899.97
3706,848,13/06/2016,19/06/2016,3,205,203,1,0,116,0,35601.0,2,1215,1,12,1798,32.4
3707,3934,18/03/2018,22/03/2018,3,274,250,0,0,109,41,75220.0,0,533,1,2,1250,23.832
3708,239,23/11/2015,27/11/2015,3,713,674,1,0,292,41,75150.0,0,204,0,9,1496,6.368
3709,239,23/11/2015,27/11/2015,3,713,674,1,0,292,41,75150.0,0,463,1,1,466,34.176
3710,239,23/11/2015,27/11/2015,3,713,674,1,0,292,41,75150.0,0,1567,2,0,1053,5.544
3711,3027,15/10/2018,17/10/2018,0,658,649,1,0,265,3,90045.0,3,331,0,16,377,510.24
3712,3027,15/10/2018,17/10/2018,0,658,649,1,0,265,3,90045.0,3,1066,1,12,1703,204.95
3713,4050,21/04/2018,24/04/2018,0,411,395,0,0,450,45,98103.0,3,1471,2,0,1599,11.54
3714,4050,21/04/2018,24/04/2018,0,411,395,0,0,450,45,98103.0,3,303,0,9,554,162.6
3715,428,08/12/2015,10/12/2015,2,378,373,0,0,345,45,98502.0,3,1143,1,12,1752,45.68
3716,428,08/12/2015,10/12/2015,2,378,373,0,0,345,45,98502.0,3,92,0,5,497,603.92
3717,3631,29/05/2018,02/06/2018,3,398,368,2,0,346,25,68104.0,0,939,1,8,1281,23.55
3718,2307,19/09/2017,23/09/2017,3,756,740,0,0,94,9,31907.0,2,1442,1,15,980,5.04
3719,2307,19/09/2017,23/09/2017,3,756,740,0,0,94,9,31907.0,2,1542,2,0,1016,249.95
3720,1755,17/09/2017,23/09/2017,3,106,105,1,0,94,12,47201.0,0,556,1,2,1410,33.4
3721,2446,20/12/2017,24/12/2017,3,9,16,2,0,215,22,39212.0,2,201,0,9,391,18.92
3722,2446,20/12/2017,24/12/2017,3,9,16,2,0,215,22,39212.0,2,794,1,3,499,15.42
3723,3620,22/11/2018,26/11/2018,3,289,285,0,0,207,41,77070.0,0,474,1,2,1119,35.712
3724,4280,30/12/2015,04/01/2016,3,500,509,1,0,373,1,85023.0,3,830,1,3,896,551.985
3725,3297,03/04/2018,05/04/2018,0,663,720,0,0,80,11,60653.0,0,566,1,2,1295,7.056
3726,2451,26/12/2017,02/01/2018,3,691,663,1,0,120,4,80219.0,3,382,1,1,800,18.72
3727,2680,05/06/2017,11/06/2017,3,385,347,0,0,328,6,19711.0,1,1343,1,14,1489,360.38
3728,2680,05/06/2017,11/06/2017,3,385,347,0,0,328,6,19711.0,1,474,1,2,1119,11.16
3729,2680,05/06/2017,11/06/2017,3,385,347,0,0,328,6,19711.0,1,950,1,10,272,14.94
3730,895,18/09/2016,23/09/2016,3,431,440,1,0,88,18,20735.0,1,1417,1,14,70,41.96
3731,895,18/09/2016,23/09/2016,3,431,440,1,0,88,18,20735.0,1,1405,1,14,1381,636.86
3732,895,18/09/2016,23/09/2016,3,431,440,1,0,88,18,20735.0,1,1704,2,13,1392,499.99
3733,895,18/09/2016,23/09/2016,3,431,440,1,0,88,18,20735.0,1,1705,2,13,1289,1259.93
3734,895,18/09/2016,23/09/2016,3,431,440,1,0,88,18,20735.0,1,671,1,3,61,65.08
3735,4092,06/03/2018,11/03/2018,2,650,648,0,0,327,30,10011.0,1,1162,1,12,1664,26.38
3736,4092,06/03/2018,11/03/2018,2,650,648,0,0,327,30,10011.0,1,230,0,9,1610,71.97
3737,1907,17/03/2017,17/03/2017,1,781,786,0,0,328,6,19711.0,1,1701,2,13,1277,129.98
3738,1907,17/03/2017,17/03/2017,1,781,786,0,0,328,6,19711.0,1,671,1,3,61,32.54
3739,2173,09/12/2017,13/12/2017,3,463,475,0,0,215,20,49201.0,0,1824,2,13,966,10.9
3740,2173,09/12/2017,13/12/2017,3,463,475,0,0,215,20,49201.0,0,1486,2,0,1011,59.98
3741,2173,09/12/2017,13/12/2017,3,463,475,0,0,215,20,49201.0,0,421,1,1,821,61.929
3742,2243,15/01/2017,21/01/2017,3,787,787,0,0,327,30,10011.0,1,853,1,7,1,16.52
3743,2243,15/01/2017,21/01/2017,3,787,787,0,0,327,30,10011.0,1,1258,1,12,1747,60.12
3744,2243,15/01/2017,21/01/2017,3,787,787,0,0,327,30,10011.0,1,731,1,3,1484,49.536
3745,162,24/10/2015,24/10/2015,1,44,60,0,0,410,38,29730.0,2,924,1,8,117,11.85
3746,2433,23/09/2017,28/09/2017,2,618,659,0,0,94,9,31907.0,2,1382,1,14,579,118.25
3747,2433,23/09/2017,28/09/2017,2,618,659,0,0,94,9,31907.0,2,83,0,5,846,368.97
3748,3974,27/08/2018,29/08/2018,2,233,190,1,0,212,3,90301.0,3,241,0,9,726,198.46
3749,3974,27/08/2018,29/08/2018,2,233,190,1,0,212,3,90301.0,3,400,1,1,34,321.92
3750,3974,27/08/2018,29/08/2018,2,233,190,1,0,212,3,90301.0,3,1604,2,6,1444,879.984
3751,3974,27/08/2018,29/08/2018,2,233,190,1,0,212,3,90301.0,3,1436,1,15,95,28.4
3752,3974,27/08/2018,29/08/2018,2,233,190,1,0,212,3,90301.0,3,133,0,5,326,230.28
3753,3974,27/08/2018,29/08/2018,2,233,190,1,0,212,3,90301.0,3,1095,1,12,1615,116.28
3754,3974,27/08/2018,29/08/2018,2,233,190,1,0,212,3,90301.0,3,779,1,3,680,841.568
3755,3974,27/08/2018,29/08/2018,2,233,190,1,0,212,3,90301.0,3,1337,1,14,1436,354.9
3756,1928,03/03/2017,06/03/2017,0,366,352,1,0,342,41,79762.0,0,1137,1,12,1343,42.784
3757,1928,03/03/2017,06/03/2017,0,366,352,1,0,342,41,79762.0,0,134,0,5,1208,563.43
3758,1834,28/02/2017,04/03/2017,3,450,456,0,0,328,33,43055.0,1,524,1,2,1147,111.104
3759,1641,18/09/2016,23/09/2016,3,294,300,1,0,265,3,90049.0,3,588,1,2,1318,11.68
3760,1641,18/09/2016,23/09/2016,3,294,300,1,0,265,3,90049.0,3,1455,1,15,596,16.9
3761,1641,18/09/2016,23/09/2016,3,294,300,1,0,265,3,90049.0,3,189,0,9,120,24.4
3762,2851,12/05/2018,17/05/2018,3,147,145,0,0,146,19,2149.0,1,1064,1,12,1524,87.6
3763,2526,13/08/2017,18/08/2017,2,761,742,1,0,510,47,53214.0,0,6,0,4,1187,241.96
3764,2526,13/08/2017,18/08/2017,2,761,742,1,0,510,47,53214.0,0,777,1,3,267,8.52
3765,3267,25/02/2018,02/03/2018,3,514,533,0,0,80,11,60623.0,0,743,1,3,255,1.788
3766,2643,21/03/2017,25/03/2017,3,222,195,1,0,207,41,77036.0,0,373,0,16,1378,99.372
3767,2643,21/03/2017,25/03/2017,3,222,195,1,0,207,41,77036.0,0,531,1,2,1297,1.344
3768,827,08/12/2016,10/12/2016,2,374,382,2,0,207,41,77036.0,0,1853,2,13,1163,119.96
3769,618,16/12/2015,20/12/2015,2,417,437,1,0,197,8,33012.0,2,64,0,5,850,1013.832
3770,618,16/12/2015,20/12/2015,2,417,437,1,0,197,8,33012.0,2,905,1,8,1194,1.984
3771,2517,17/12/2017,21/12/2017,3,157,142,0,0,436,3,94122.0,3,366,0,16,369,2003.52
3772,4429,12/05/2017,17/05/2017,3,286,279,1,0,372,36,19140.0,1,1414,1,14,291,82.368
3773,192,06/08/2015,11/08/2015,2,640,647,0,0,93,38,29203.0,2,1457,2,0,1055,62.91
3774,4127,11/04/2015,13/04/2015,2,377,356,0,0,293,8,33180.0,2,916,1,8,55,6.912
3775,4127,11/04/2015,13/04/2015,2,377,356,0,0,293,8,33180.0,2,1513,2,0,1013,383.976
3776,4127,11/04/2015,13/04/2015,2,377,356,0,0,293,8,33180.0,2,1015,1,12,1820,10.368
3777,4127,11/04/2015,13/04/2015,2,377,356,0,0,293,8,33180.0,2,1508,2,0,1012,335.944
3778,879,03/05/2016,08/05/2016,3,343,401,2,0,82,3,91911.0,3,219,0,9,1359,665.88
3779,4848,30/11/2018,02/12/2018,2,601,583,2,0,293,8,33180.0,2,1776,2,13,1222,71.976
3780,3117,16/02/2018,20/02/2018,3,459,477,0,0,327,30,10035.0,1,1219,1,12,1696,37.94
3781,576,16/11/2015,20/11/2015,3,643,632,2,0,274,14,66502.0,0,1679,2,13,937,273.96
3782,1239,09/07/2016,14/07/2016,2,488,503,0,0,372,36,19120.0,1,1796,2,13,1242,269.982
3783,4036,13/11/2018,16/11/2018,2,528,527,0,0,287,40,38109.0,2,1217,1,12,0,8.904
3784,4036,13/11/2018,16/11/2018,2,528,527,0,0,287,40,38109.0,2,1399,1,14,1550,720.064
3785,3266,31/07/2018,04/08/2018,3,261,273,2,0,153,8,33311.0,2,1562,2,0,1527,41.424
3786,3003,26/12/2018,30/12/2018,3,745,766,2,0,94,33,43229.0,1,656,1,3,59,3.132
3787,2332,31/10/2017,04/11/2017,3,349,391,1,0,265,3,90045.0,3,1376,1,14,535,1085.42
3788,2747,04/09/2017,09/09/2017,3,336,338,0,0,207,41,77041.0,0,560,1,2,626,3.912
3789,2747,04/09/2017,09/09/2017,3,336,338,0,0,207,41,77041.0,0,503,1,2,280,62.376
3790,4519,17/04/2017,21/04/2017,3,726,688,2,0,346,25,68104.0,0,902,1,8,123,29.05
3791,94,05/07/2015,11/07/2015,3,232,224,2,0,265,3,90004.0,3,705,1,3,1601,180.96
3792,929,27/02/2016,28/02/2016,0,111,92,1,0,7,36,16602.0,1,653,1,3,1304,4.419
3793,929,27/02/2016,28/02/2016,0,111,92,1,0,7,36,16602.0,1,548,1,2,588,16.032
3794,1600,27/11/2016,01/12/2016,3,353,363,0,0,327,30,10024.0,1,533,1,2,1250,29.79
3795,4162,27/01/2015,02/02/2015,3,263,246,0,0,435,3,92037.0,3,1398,1,14,1337,57.23
3796,4162,27/01/2015,02/02/2015,3,263,246,0,0,435,3,92037.0,3,354,0,16,286,333.0
3797,4162,27/01/2015,02/02/2015,3,263,246,0,0,435,3,92037.0,3,571,1,2,528,36.44
3798,3167,23/09/2018,26/09/2018,0,76,93,0,0,293,8,33178.0,2,1216,1,12,1728,251.64
3799,3701,04/11/2018,05/11/2018,0,433,435,1,0,178,31,27405.0,2,370,0,16,833,523.764
3800,3701,04/11/2018,05/11/2018,0,433,435,1,0,178,31,27405.0,2,1770,2,13,1101,1359.96
3801,2529,14/10/2017,20/10/2017,3,555,559,0,0,216,31,28540.0,2,107,0,5,1366,102.592
3802,2529,14/10/2017,20/10/2017,3,555,559,0,0,216,31,28540.0,2,1531,2,0,1052,22.704
3803,2529,14/10/2017,20/10/2017,3,555,559,0,0,216,31,28540.0,2,1165,1,12,1731,93.024
3804,2529,14/10/2017,20/10/2017,3,555,559,0,0,216,31,28540.0,2,1425,1,15,1495,12.768
3805,2529,14/10/2017,20/10/2017,3,555,559,0,0,216,31,28540.0,2,856,1,7,1614,35.008
3806,2529,14/10/2017,20/10/2017,3,555,559,0,0,216,31,28540.0,2,1168,1,12,1700,39.152
3807,968,12/11/2016,19/11/2016,3,34,45,1,0,378,8,33317.0,2,513,1,2,1122,11.76
3808,968,12/11/2016,19/11/2016,3,34,45,1,0,378,8,33317.0,2,767,1,3,1636,5.238
3809,968,12/11/2016,19/11/2016,3,34,45,1,0,378,8,33317.0,2,748,1,3,1450,4.662
3810,968,12/11/2016,19/11/2016,3,34,45,1,0,378,8,33317.0,2,102,0,5,1204,523.92
3811,968,12/11/2016,19/11/2016,3,34,45,1,0,378,8,33317.0,2,1693,2,13,1593,100.792
3812,968,12/11/2016,19/11/2016,3,34,45,1,0,378,8,33317.0,2,123,0,5,763,146.136
3813,3700,05/03/2018,05/03/2018,1,597,603,0,0,297,47,53209.0,0,991,1,10,225,25.06
3814,835,05/11/2016,09/11/2016,3,564,560,0,0,391,11,62301.0,0,1006,1,10,182,19.824
3815,2464,08/07/2017,08/07/2017,1,792,792,0,0,216,8,32216.0,2,1788,2,13,933,823.96
3816,2464,08/07/2017,08/07/2017,1,792,792,0,0,216,8,32216.0,2,1285,1,12,1706,15.984
3817,816,15/09/2016,19/09/2016,3,577,558,0,0,304,0,36608.0,2,356,0,16,367,801.96
3818,816,15/09/2016,19/09/2016,3,577,558,0,0,304,0,36608.0,2,1801,2,13,151,59.97
3819,816,15/09/2016,19/09/2016,3,577,558,0,0,304,0,36608.0,2,130,0,5,762,1056.86
3820,3574,09/10/2018,14/10/2018,3,321,321,0,0,327,30,10024.0,1,673,1,3,1306,12.816
3821,3574,09/10/2018,14/10/2018,3,321,321,0,0,327,30,10024.0,1,26,0,4,1186,314.352
3822,3574,09/10/2018,14/10/2018,3,321,321,0,0,327,30,10024.0,1,1019,1,12,1523,18.98
3823,3574,09/10/2018,14/10/2018,3,321,321,0,0,327,30,10024.0,1,780,1,3,536,18.24
3824,1312,14/09/2016,18/09/2016,3,137,177,0,0,327,30,10011.0,1,1305,1,14,543,991.2
3825,1312,14/09/2016,18/09/2016,3,137,177,0,0,327,30,10011.0,1,1604,2,6,1444,879.984
3826,1312,14/09/2016,18/09/2016,3,137,177,0,0,327,30,10011.0,1,720,1,3,1628,12.96
3827,395,07/10/2015,12/10/2015,3,367,385,1,0,109,41,75217.0,0,1331,1,14,650,107.44
3828,3570,07/05/2018,11/05/2018,3,660,634,1,0,123,20,48234.0,0,119,0,5,830,1458.65
3829,3570,07/05/2018,11/05/2018,3,660,634,1,0,123,20,48234.0,0,79,0,5,1368,26.64
3830,3570,07/05/2018,11/05/2018,3,660,634,1,0,123,20,48234.0,0,58,0,5,1377,476.8
3831,3570,07/05/2018,11/05/2018,3,660,634,1,0,123,20,48234.0,0,409,1,1,310,87.444
3832,4300,14/11/2016,19/11/2016,3,474,480,0,0,124,6,19901.0,1,284,0,9,616,76.14
3833,4300,14/11/2016,19/11/2016,3,474,480,0,0,124,6,19901.0,1,742,1,3,245,19.96
3834,82,24/11/2015,24/11/2015,1,549,551,1,0,94,33,43229.0,1,1697,2,13,1390,1049.97
3835,82,24/11/2015,24/11/2015,1,549,551,1,0,94,33,43229.0,1,62,0,5,750,611.058
3836,4,08/04/2015,15/04/2015,3,393,375,1,0,168,1,85301.0,3,907,1,8,328,2.368
3837,4,08/04/2015,15/04/2015,3,393,375,1,0,168,1,85301.0,3,1277,1,12,1565,19.008
3838,318,26/07/2015,02/08/2015,3,438,446,0,0,336,26,89031.0,3,1719,2,13,157,911.984
3839,318,26/07/2015,02/08/2015,3,438,446,0,0,336,26,89031.0,3,103,0,5,824,674.352
3840,318,26/07/2015,02/08/2015,3,438,446,0,0,336,26,89031.0,3,285,0,9,1560,134.01
3841,318,26/07/2015,02/08/2015,3,438,446,0,0,336,26,89031.0,3,1593,2,0,1005,170.97
3842,4141,08/06/2015,12/06/2015,3,426,426,1,0,51,40,37620.0,2,93,0,5,1449,170.352
3843,27,28/10/2015,31/10/2015,0,764,756,1,0,265,3,90049.0,3,807,1,3,259,7.184
3844,27,28/10/2015,31/10/2015,0,764,756,1,0,265,3,90049.0,3,1435,1,15,1437,6.28
3845,27,28/10/2015,31/10/2015,0,764,756,1,0,265,3,90049.0,3,1423,1,15,1298,480.74
3846,27,28/10/2015,31/10/2015,0,764,756,1,0,265,3,90049.0,3,6,0,4,1187,616.998
3847,27,28/10/2015,31/10/2015,0,764,756,1,0,265,3,90049.0,3,1390,1,14,581,141.4
3848,3335,25/11/2018,27/11/2018,2,729,667,2,0,64,20,48187.0,0,1328,1,14,1200,501.81
3849,3952,22/09/2018,23/09/2018,0,356,381,0,0,150,2,72701.0,2,817,1,3,893,691.96
3850,3952,22/09/2018,23/09/2018,0,356,381,0,0,150,2,72701.0,2,1587,2,0,1598,34.95
3851,1331,04/12/2016,09/12/2016,3,541,530,1,0,462,23,65807.0,0,1144,1,12,1662,85.96
3852,1133,21/09/2016,21/09/2016,1,206,243,2,0,391,19,2169.0,1,283,0,9,511,85.3
3853,3359,26/11/2018,29/11/2018,0,312,315,0,0,411,11,61107.0,0,694,1,3,698,33.568
3854,4780,06/06/2018,10/06/2018,3,298,292,2,0,436,3,94122.0,3,292,0,9,550,4.95
3855,4780,06/06/2018,10/06/2018,3,298,292,2,0,436,3,94122.0,3,1380,1,14,1505,26.4
3856,4661,23/10/2018,28/10/2018,2,223,199,0,0,432,41,78207.0,0,820,1,3,1510,3.564
3857,4661,23/10/2018,28/10/2018,2,223,199,0,0,432,41,78207.0,0,1788,2,13,933,823.96
3858,4661,23/10/2018,28/10/2018,2,223,199,0,0,432,41,78207.0,0,490,1,2,1126,10.272
3859,486,20/12/2015,20/12/2015,1,743,751,0,0,479,4,80229.0,3,1497,2,0,1000,447.944
3860,3813,17/02/2018,22/02/2018,3,382,406,2,0,80,11,60653.0,0,337,0,16,423,480.96
3861,3813,17/02/2018,22/02/2018,3,382,406,2,0,80,11,60653.0,0,1785,2,13,968,124.792
3862,431,03/05/2015,10/05/2015,3,555,559,0,0,525,30,10701.0,1,840,1,3,696,40.176
3863,431,03/05/2015,10/05/2015,3,555,559,0,0,525,30,10701.0,1,797,1,3,237,10.896
3864,3225,17/10/2018,19/10/2018,2,39,63,0,0,435,3,92037.0,3,529,1,2,541,10.64
3865,1532,28/11/2016,03/12/2016,3,451,457,0,0,71,11,61821.0,0,312,0,9,544,151.96
3866,290,27/07/2015,29/07/2015,2,313,305,0,0,436,3,94122.0,3,1540,2,0,1605,238.0
3867,3674,23/04/2018,25/04/2018,2,672,685,0,0,247,12,46226.0,0,1562,2,0,1527,155.34
3868,1202,23/10/2016,27/10/2016,2,360,355,0,0,435,3,92105.0,3,1474,2,0,1058,148.32
3869,1202,23/10/2016,27/10/2016,2,360,355,0,0,435,3,92105.0,3,124,0,5,760,240.784
3870,1202,23/10/2016,27/10/2016,2,360,355,0,0,435,3,92105.0,3,125,0,5,737,191.968
3871,1202,23/10/2016,27/10/2016,2,360,355,0,0,435,3,92105.0,3,1286,1,12,1748,11.56
3872,1202,23/10/2016,27/10/2016,2,360,355,0,0,435,3,92105.0,3,871,1,7,1339,11.8
3873,1202,23/10/2016,27/10/2016,2,360,355,0,0,435,3,92105.0,3,76,0,5,1209,842.352
3874,2215,05/09/2017,07/09/2017,2,223,199,0,0,219,40,37604.0,2,852,1,7,1492,23.472
3875,2215,05/09/2017,07/09/2017,2,223,199,0,0,219,40,37604.0,2,699,1,3,1637,86.058
3876,2215,05/09/2017,07/09/2017,2,223,199,0,0,219,40,37604.0,2,1782,2,13,1169,108.784
3877,2215,05/09/2017,07/09/2017,2,223,199,0,0,219,40,37604.0,2,1041,1,12,1760,10.272
3878,2290,28/10/2017,02/11/2017,3,275,259,0,0,471,8,33614.0,2,685,1,3,406,38.19
3879,586,05/04/2015,07/04/2015,0,367,385,1,0,116,11,62521.0,0,1391,1,14,1540,49.632
3880,586,05/04/2015,07/04/2015,0,367,385,1,0,116,11,62521.0,0,1326,1,14,113,52.096
3881,1161,15/06/2016,20/06/2016,3,588,606,0,0,166,1,85234.0,3,1159,1,12,1677,9.568
3882,1161,15/06/2016,20/06/2016,3,588,606,0,0,166,1,85234.0,3,1414,1,14,291,82.368
3883,1161,15/06/2016,20/06/2016,3,588,606,0,0,166,1,85234.0,3,312,0,9,544,364.704
3884,1161,15/06/2016,20/06/2016,3,588,606,0,0,166,1,85234.0,3,222,0,9,483,40.256
3885,610,05/07/2015,12/07/2015,3,239,211,1,0,228,40,37918.0,2,562,1,2,1128,4.368
3886,4765,29/01/2018,02/02/2018,3,149,171,0,0,80,11,60653.0,0,676,1,3,678,12.128
3887,2717,03/03/2017,08/03/2017,2,136,176,0,0,41,12,47401.0,0,1799,2,13,1271,134.85
3888,12,02/06/2015,06/06/2015,3,721,717,0,0,417,9,30076.0,2,620,1,2,1408,8.56
3889,12,02/06/2015,06/06/2015,3,721,717,0,0,417,9,30076.0,2,1720,2,13,1095,239.97
3890,12,02/06/2015,06/06/2015,3,721,717,0,0,417,9,30076.0,2,1342,1,14,871,356.94
3891,4619,24/11/2017,30/11/2017,3,709,722,1,0,265,3,90036.0,3,1546,2,0,1268,659.9
3892,4619,24/11/2017,30/11/2017,3,709,722,1,0,265,3,90036.0,3,69,0,5,757,1684.752
3893,4619,24/11/2017,30/11/2017,3,709,722,1,0,265,3,90036.0,3,1468,2,0,1001,559.92
3894,4554,10/11/2017,14/11/2017,3,539,516,0,0,207,41,77036.0,0,1598,2,0,954,279.944
3895,4146,22/11/2015,28/11/2015,3,744,762,2,0,44,11,60440.0,0,742,1,3,245,9.98
3896,2966,01/05/2018,05/05/2018,3,694,673,2,0,475,2,71854.0,2,1524,2,0,1056,48.9
3897,3433,07/12/2018,12/12/2018,3,236,210,1,0,432,41,78207.0,0,907,1,8,328,3.552
3898,3433,07/12/2018,12/12/2018,3,236,210,1,0,432,41,78207.0,0,1038,1,12,1786,15.552
3899,2804,30/11/2018,04/12/2018,3,680,718,0,0,133,41,78539.0,0,907,1,8,328,2.368
3900,3890,07/12/2018,09/12/2018,0,692,691,0,0,483,33,43615.0,1,1534,2,0,1003,127.984
3901,1052,03/01/2016,08/01/2016,3,686,729,1,0,32,41,77520.0,0,1139,1,12,1804,10.368
3902,1449,14/11/2016,20/11/2016,3,503,510,2,0,372,36,19143.0,1,1484,2,0,1083,47.984
3903,4313,02/10/2016,07/10/2016,2,177,158,2,0,265,3,90045.0,3,1324,1,14,582,270.34
3904,1635,05/04/2016,10/04/2016,3,785,777,2,0,372,36,19143.0,1,458,1,1,336,98.112
3905,1635,05/04/2016,10/04/2016,3,785,777,2,0,372,36,19143.0,1,1402,1,14,642,563.808
3906,1635,05/04/2016,10/04/2016,3,785,777,2,0,372,36,19143.0,1,724,1,3,414,10.428
3907,1635,05/04/2016,10/04/2016,3,785,777,2,0,372,36,19143.0,1,182,0,9,1533,547.136
3908,1635,05/04/2016,10/04/2016,3,785,777,2,0,372,36,19143.0,1,1689,2,13,477,14.85
3909,1635,05/04/2016,10/04/2016,3,785,777,2,0,372,36,19143.0,1,1790,2,13,1477,41.988
3910,1635,05/04/2016,10/04/2016,3,785,777,2,0,372,36,19143.0,1,172,0,9,480,7.584
3911,1635,05/04/2016,10/04/2016,3,785,777,2,0,372,36,19143.0,1,40,0,4,383,352.45
3912,3288,05/06/2018,06/06/2018,0,6,6,0,0,366,41,77581.0,0,1734,2,13,970,470.376
3913,3707,18/09/2018,25/09/2018,3,527,550,1,0,327,30,10035.0,1,1115,1,12,1797,19.44
3914,3707,18/09/2018,25/09/2018,3,527,550,1,0,327,30,10035.0,1,218,0,9,1586,9.82
3915,4826,18/07/2018,23/07/2018,3,520,492,0,0,373,1,85023.0,3,337,0,16,423,801.6
3916,4826,18/07/2018,23/07/2018,3,520,492,0,0,373,1,85023.0,3,120,0,5,751,161.568
3917,4826,18/07/2018,23/07/2018,3,520,492,0,0,373,1,85023.0,3,1033,1,12,1347,16.096
3918,4826,18/07/2018,23/07/2018,3,520,492,0,0,373,1,85023.0,3,770,1,3,60,7.656
3919,4826,18/07/2018,23/07/2018,3,520,492,0,0,373,1,85023.0,3,56,0,5,813,311.976
3920,4374,01/12/2016,07/12/2016,3,424,431,1,0,77,44,23320.0,2,1334,1,14,508,61.68
3921,4374,01/12/2016,07/12/2016,3,424,431,1,0,77,44,23320.0,2,814,1,3,697,63.96
3922,1819,28/06/2017,02/07/2017,2,640,647,0,0,80,11,60610.0,0,1715,2,13,1284,359.976
3923,3682,28/08/2018,01/09/2018,3,672,685,0,0,80,11,60623.0,0,1171,1,12,1830,25.344
3924,3682,28/08/2018,01/09/2018,3,672,685,0,0,80,11,60623.0,0,1103,1,12,787,26.72
3925,59,17/09/2015,21/09/2015,3,95,100,0,0,450,45,98103.0,3,1418,1,14,574,30.28
3926,59,17/09/2015,21/09/2015,3,95,100,0,0,450,45,98103.0,3,1324,1,14,582,57.93
3927,59,17/09/2015,21/09/2015,3,95,100,0,0,450,45,98103.0,3,306,0,9,615,35.34
3928,59,17/09/2015,21/09/2015,3,95,100,0,0,450,45,98103.0,3,745,1,3,700,137.24
3929,2623,14/03/2017,17/03/2017,0,407,390,0,0,189,41,78550.0,0,43,0,4,1383,241.332
3930,2623,14/03/2017,17/03/2017,0,407,390,0,0,189,41,78550.0,0,1138,1,12,1784,5.184
3931,2623,14/03/2017,17/03/2017,0,407,390,0,0,189,41,78550.0,0,503,1,2,280,145.544
3932,2158,26/08/2017,02/09/2017,3,779,784,1,0,372,36,19140.0,1,613,1,2,335,5.472
3933,2158,26/08/2017,02/09/2017,3,779,784,1,0,372,36,19140.0,1,1486,2,0,1011,47.984
3934,3216,02/09/2018,08/09/2018,3,60,55,0,0,27,3,93309.0,3,534,1,2,1192,9.4
3935,3216,02/09/2018,08/09/2018,3,60,55,0,0,27,3,93309.0,3,1007,1,10,214,74.0
3936,3216,02/09/2018,08/09/2018,3,60,55,0,0,27,3,93309.0,3,1808,2,13,1219,201.584
3937,1019,16/06/2016,20/06/2016,3,474,480,0,0,172,41,75051.0,0,851,1,7,1492,28.752
3938,1019,16/06/2016,20/06/2016,3,474,480,0,0,172,41,75051.0,0,1253,1,12,1660,27.216
3939,1019,16/06/2016,20/06/2016,3,474,480,0,0,172,41,75051.0,0,72,0,5,1201,197.372
3940,4547,10/12/2017,10/12/2017,1,511,495,0,0,180,12,46142.0,0,104,0,5,740,1424.9
3941,3101,18/05/2018,23/05/2018,3,763,754,0,0,327,30,10024.0,1,224,0,9,1048,14.56
3942,3101,18/05/2018,23/05/2018,3,763,754,0,0,327,30,10024.0,1,660,1,3,75,3.048
3943,3939,27/05/2018,29/05/2018,2,258,261,0,0,287,40,38109.0,2,1086,1,12,1791,25.92
3944,4545,23/06/2017,30/06/2017,3,504,511,0,0,56,30,14215.0,1,1420,1,15,460,835.17
3945,2171,16/05/2017,21/05/2017,2,227,227,0,0,265,3,90036.0,3,1286,1,12,1748,17.34
3946,4082,18/11/2018,23/11/2018,3,16,57,0,0,204,8,33030.0,2,1146,1,12,1726,44.384
3947,4082,18/11/2018,23/11/2018,3,16,57,0,0,204,8,33030.0,2,1430,1,15,1495,2.944
3948,1976,18/11/2017,22/11/2017,3,704,712,2,0,362,41,77506.0,0,585,1,2,28,6.368
3949,1976,18/11/2017,22/11/2017,3,704,712,2,0,362,41,77506.0,0,990,1,10,178,48.848
3950,1976,18/11/2017,22/11/2017,3,704,712,2,0,362,41,77506.0,0,1144,1,12,1662,19.648
3951,1976,18/11/2017,22/11/2017,3,704,712,2,0,362,41,77506.0,0,111,0,5,770,255.108
3952,247,28/11/2015,30/11/2015,2,529,498,0,0,157,30,11520.0,1,783,1,3,709,17.248
3953,4577,01/03/2017,08/03/2017,3,579,579,1,0,120,4,80219.0,3,1810,2,13,1320,159.984
3954,3801,15/01/2018,19/01/2018,3,669,671,0,0,391,19,2169.0,1,1276,1,12,1529,12.7
3955,401,04/04/2015,09/04/2015,3,538,512,0,0,123,20,48205.0,0,286,0,9,119,5.47
3956,401,04/04/2015,09/04/2015,3,538,512,0,0,123,20,48205.0,0,538,1,2,1124,79.36
3957,1903,26/06/2017,03/07/2017,3,226,244,0,0,436,3,94109.0,3,220,0,9,569,22.14
3958,2530,29/05/2017,02/06/2017,3,621,622,0,0,321,40,37211.0,2,736,1,3,703,11.277
3959,2530,29/05/2017,02/06/2017,3,621,622,0,0,321,40,37211.0,2,594,1,2,1140,4.448
3960,2530,29/05/2017,02/06/2017,3,621,622,0,0,321,40,37211.0,2,174,0,9,24,44.76
3961,970,19/10/2016,24/10/2016,3,565,572,1,0,123,20,48227.0,0,687,1,3,248,38.28
3962,970,19/10/2016,24/10/2016,3,565,572,1,0,123,20,48227.0,0,1776,2,13,1222,149.95
3963,3445,19/02/2018,20/02/2018,0,255,257,2,0,265,3,90045.0,3,490,1,2,1126,12.84
3964,3445,19/02/2018,20/02/2018,0,255,257,2,0,265,3,90045.0,3,285,0,9,1560,44.67
3965,1981,22/09/2017,28/09/2017,3,614,614,0,0,372,36,19140.0,1,583,1,2,1156,7.872
3966,731,12/11/2015,17/11/2015,2,224,221,1,0,19,31,28806.0,2,590,1,2,1159,7.872
3967,2430,01/04/2017,06/04/2017,3,241,234,0,0,327,30,10024.0,1,564,1,2,352,88.04
3968,2367,20/05/2017,23/05/2017,0,261,273,2,0,92,4,80906.0,3,778,1,3,686,40.635
3969,4405,01/06/2016,05/06/2016,3,426,426,1,0,432,41,78207.0,0,714,1,3,262,5.728
3970,4405,01/06/2016,05/06/2016,3,426,426,1,0,432,41,78207.0,0,1177,1,12,1713,42.24
3971,426,22/11/2015,26/11/2015,3,710,726,0,0,265,3,90036.0,3,1159,1,12,1677,53.82
3972,1200,22/02/2016,24/02/2016,2,610,601,2,0,463,20,48310.0,0,524,1,2,1147,79.36
3973,2713,29/03/2017,02/04/2017,3,389,348,0,0,327,30,10009.0,1,1047,1,12,1064,13.48
3974,2713,29/03/2017,02/04/2017,3,389,348,0,0,327,30,10009.0,1,787,1,3,62,29.8
3975,2713,29/03/2017,02/04/2017,3,389,348,0,0,327,30,10009.0,1,310,0,9,880,414.0
3976,2713,29/03/2017,02/04/2017,3,389,348,0,0,327,30,10009.0,1,652,1,3,694,41.328
3977,4475,22/10/2017,24/10/2017,0,250,260,0,0,405,44,23223.0,2,269,0,9,571,39.92
3978,2784,02/10/2018,07/10/2018,3,282,282,2,0,450,45,98105.0,3,925,1,8,1498,8.94
3979,2784,02/10/2018,07/10/2018,3,282,282,2,0,450,45,98105.0,3,1818,2,13,1842,84.784
3980,183,23/12/2015,27/12/2015,3,751,747,1,0,327,30,10024.0,1,329,0,16,834,53.316
3981,183,23/12/2015,27/12/2015,3,751,747,1,0,327,30,10024.0,1,422,1,1,305,56.52
3982,3138,15/12/2018,20/12/2018,3,598,593,2,0,450,45,98115.0,3,247,0,9,1049,22.77
3983,2205,07/07/2017,09/07/2017,2,131,156,0,0,265,3,90045.0,3,100,0,5,759,287.968
3984,2205,07/07/2017,09/07/2017,2,131,156,0,0,265,3,90045.0,3,1610,2,6,400,2799.96
3985,2205,07/07/2017,09/07/2017,2,131,156,0,0,265,3,90045.0,3,1191,1,12,1729,48.94
3986,1794,17/04/2017,21/04/2017,3,391,367,0,0,240,3,90712.0,3,31,0,4,389,257.499
3987,3000,08/04/2018,14/04/2018,3,427,417,2,0,376,28,7060.0,1,1352,1,14,1547,2591.56
3988,3000,08/04/2018,14/04/2018,3,427,417,2,0,376,28,7060.0,1,414,1,1,338,41.95
3989,4604,17/04/2017,22/04/2017,3,174,143,1,0,93,40,38401.0,2,271,0,9,1584,79.12
3990,259,25/11/2015,27/11/2015,2,48,35,0,0,524,37,2895.0,1,175,0,9,479,52.96
3991,444,03/11/2015,08/11/2015,3,539,516,0,0,241,36,17602.0,1,1420,1,15,460,286.344
3992,1578,01/05/2016,05/05/2016,3,191,206,1,0,471,8,33614.0,2,175,0,9,479,63.552
3993,1578,01/05/2016,05/05/2016,3,191,206,1,0,471,8,33614.0,2,1448,1,15,667,41.376
3994,1578,01/05/2016,05/05/2016,3,191,206,1,0,471,8,33614.0,2,608,1,2,1230,172.704
3995,858,08/03/2016,12/03/2016,3,211,191,0,0,224,47,53142.0,0,25,0,4,1360,512.94
3996,858,08/03/2016,12/03/2016,3,211,191,0,0,224,47,53142.0,0,83,0,5,846,860.93
3997,858,08/03/2016,12/03/2016,3,211,191,0,0,224,47,53142.0,0,1795,2,13,1167,769.95
3998,858,08/03/2016,12/03/2016,3,211,191,0,0,224,47,53142.0,0,558,1,2,356,14.98
3999,858,08/03/2016,12/03/2016,3,211,191,0,0,224,47,53142.0,0,151,0,9,514,373.08
4000,4375,17/07/2016,20/07/2016,2,533,529,1,0,385,8,34952.0,2,47,0,4,390,231.92
4001,207,11/10/2015,16/10/2015,3,244,214,2,0,450,45,98115.0,3,177,0,9,484,63.47
4002,207,11/10/2015,16/10/2015,3,244,214,2,0,450,45,98115.0,3,1543,2,0,1604,345.0
4003,2361,03/03/2017,08/03/2017,3,130,146,0,0,432,41,78207.0,0,374,0,16,1199,637.896
4004,2361,03/03/2017,08/03/2017,3,130,146,0,0,432,41,78207.0,0,1627,2,11,402,287.91
4005,2361,03/03/2017,08/03/2017,3,130,146,0,0,432,41,78207.0,0,848,1,7,1617,36.6
4006,4420,10/12/2016,16/12/2016,3,437,442,0,0,417,9,30076.0,2,568,1,2,1499,1.78
4007,4420,10/12/2016,16/12/2016,3,437,442,0,0,417,9,30076.0,2,1053,1,12,1795,25.92
4008,4420,10/12/2016,16/12/2016,3,437,442,0,0,417,9,30076.0,2,1500,2,0,1065,101.94
4009,874,18/12/2016,22/12/2016,3,517,525,1,0,266,4,80027.0,3,490,1,2,1126,6.848
4010,3626,01/01/2018,05/01/2018,3,678,713,0,0,265,3,90036.0,3,178,0,9,872,474.43
4011,2772,21/11/2018,24/11/2018,0,133,163,0,0,372,36,19143.0,1,1088,1,12,1761,8.448
4012,2772,21/11/2018,24/11/2018,0,133,163,0,0,372,36,19143.0,1,1369,1,14,1332,39.296
4013,1476,22/12/2016,27/12/2016,3,110,86,2,0,468,47,54880.0,0,476,1,2,1143,17.12
4014,1622,23/08/2016,28/08/2016,3,284,288,0,0,21,9,30318.0,2,392,1,1,171,542.94
4015,1622,23/08/2016,28/08/2016,3,284,288,0,0,21,9,30318.0,2,986,1,10,180,8.64
4016,1622,23/08/2016,28/08/2016,3,284,288,0,0,21,9,30318.0,2,1165,1,12,1731,193.8
4017,1622,23/08/2016,28/08/2016,3,284,288,0,0,21,9,30318.0,2,1238,1,12,1750,21.4
4018,1622,23/08/2016,28/08/2016,3,284,288,0,0,21,9,30318.0,2,1172,1,12,1672,97.88
4019,1622,23/08/2016,28/08/2016,3,284,288,0,0,21,9,30318.0,2,1584,2,0,1060,251.91
4020,1622,23/08/2016,28/08/2016,3,284,288,0,0,21,9,30318.0,2,408,1,1,78,25.86
4021,634,22/06/2015,27/06/2015,3,3,42,0,0,78,36,19013.0,1,128,0,5,1225,170.058
4022,634,22/06/2015,27/06/2015,3,3,42,0,0,78,36,19013.0,1,1829,2,13,1243,82.782
4023,634,22/06/2015,27/06/2015,3,3,42,0,0,78,36,19013.0,1,55,0,5,838,853.93
4024,3362,27/10/2018,28/10/2018,0,396,341,1,0,436,3,94110.0,3,26,0,4,1186,556.665
4025,3362,27/10/2018,28/10/2018,0,396,341,1,0,436,3,94110.0,3,1802,2,13,935,95.84
4026,3521,11/08/2018,13/08/2018,0,686,729,1,0,34,41,76021.0,0,1125,1,12,1651,29.664
4027,3521,11/08/2018,13/08/2018,0,686,729,1,0,34,41,76021.0,0,621,1,2,274,9.184
4028,3521,11/08/2018,13/08/2018,0,686,729,1,0,34,41,76021.0,0,1730,2,13,1313,153.584
4029,3521,11/08/2018,13/08/2018,0,686,729,1,0,34,41,76021.0,0,811,1,3,662,12.864
4030,3242,24/12/2018,28/12/2018,3,176,155,0,0,233,16,70506.0,2,1653,2,11,501,479.97
4031,3242,24/12/2018,28/12/2018,3,176,155,0,0,233,16,70506.0,2,91,0,5,905,232.88
4032,2746,26/09/2017,30/09/2017,3,704,712,2,0,106,45,98042.0,3,387,1,1,295,236.88
4033,2746,26/09/2017,30/09/2017,3,704,712,2,0,106,45,98042.0,3,1246,1,12,1588,29.9
4034,2746,26/09/2017,30/09/2017,3,704,712,2,0,106,45,98042.0,3,1548,2,0,1082,100.0
4035,4450,12/12/2017,12/12/2017,1,393,375,1,0,264,33,44052.0,1,798,1,3,1624,18.693
4036,4450,12/12/2017,12/12/2017,1,393,375,1,0,264,33,44052.0,1,1534,2,0,1003,383.952
4037,1415,28/12/2016,01/01/2017,3,284,288,0,0,80,11,60623.0,0,1417,1,14,1541,24.816
4038,142,29/12/2015,02/01/2016,3,37,52,1,0,436,3,94110.0,3,157,0,9,1487,24.9
4039,142,29/12/2015,02/01/2016,3,37,52,1,0,436,3,94110.0,3,1054,1,12,1771,21.12
4040,142,29/12/2015,02/01/2016,3,37,52,1,0,436,3,94110.0,3,1653,2,11,501,767.952
4041,142,29/12/2015,02/01/2016,3,37,52,1,0,436,3,94110.0,3,768,1,3,246,14.352
4042,142,29/12/2015,02/01/2016,3,37,52,1,0,436,3,94110.0,3,1720,2,13,1095,191.976
4043,142,29/12/2015,02/01/2016,3,37,52,1,0,436,3,94110.0,3,964,1,10,183,274.77
4044,142,29/12/2015,02/01/2016,3,37,52,1,0,436,3,94110.0,3,160,0,9,614,70.56
4045,1275,25/06/2016,30/06/2016,3,363,369,0,0,436,3,94110.0,3,206,0,9,503,204.85
4046,1255,02/04/2016,07/04/2016,3,170,121,1,0,207,41,77070.0,0,786,1,3,136,9.156
4047,2758,21/10/2018,25/10/2018,3,710,726,0,0,80,11,60653.0,0,417,1,1,299,23.992
4048,4417,16/07/2016,19/07/2016,0,426,426,1,0,327,30,10035.0,1,1052,1,12,1262,80.88
4049,4417,16/07/2016,19/07/2016,0,426,426,1,0,327,30,10035.0,1,1511,2,0,953,599.9
4050,3471,24/06/2018,26/06/2018,2,292,299,0,0,327,30,10011.0,1,263,0,9,515,276.69
4051,3471,24/06/2018,26/06/2018,2,292,299,0,0,327,30,10011.0,1,77,0,5,744,172.764
4052,263,29/09/2015,03/10/2015,3,702,728,1,0,372,36,19134.0,1,580,1,2,1165,4.224
4053,263,29/09/2015,03/10/2015,3,702,728,1,0,372,36,19134.0,1,365,0,16,827,409.272
4054,263,29/09/2015,03/10/2015,3,702,728,1,0,372,36,19134.0,1,982,1,10,1257,55.44
4055,263,29/09/2015,03/10/2015,3,702,728,1,0,372,36,19134.0,1,1055,1,12,1472,20.928
4056,263,29/09/2015,03/10/2015,3,702,728,1,0,372,36,19134.0,1,1411,1,14,1555,1801.632
4057,263,29/09/2015,03/10/2015,3,702,728,1,0,372,36,19134.0,1,362,0,16,829,67.176
4058,708,24/11/2015,28/11/2015,3,212,197,0,0,80,11,60610.0,0,1291,1,14,660,646.2
4059,1089,20/11/2016,24/11/2016,3,451,457,0,0,340,3,94601.0,3,1849,2,13,730,72.744
4060,1089,20/11/2016,24/11/2016,3,451,457,0,0,340,3,94601.0,3,58,0,5,1377,572.16
4061,2111,01/11/2017,07/11/2017,3,788,788,0,0,80,11,60610.0,0,1531,2,0,1052,68.112
4062,4356,17/09/2016,20/09/2016,0,170,121,1,0,450,45,98105.0,3,701,1,3,58,25.032
4063,4489,10/03/2017,14/03/2017,3,74,117,0,0,372,36,19143.0,1,1539,2,0,1265,39.992
4064,4188,23/06/2015,26/06/2015,0,220,220,0,0,96,31,28027.0,2,559,1,2,1296,20.016
4065,4188,23/06/2015,26/06/2015,0,220,220,0,0,96,31,28027.0,2,1437,1,15,92,3.104
4066,35,01/11/2015,05/11/2015,3,431,440,1,0,74,31,28205.0,2,930,1,8,1498,7.52
4067,35,01/11/2015,05/11/2015,3,431,440,1,0,74,31,28205.0,2,490,1,2,1126,10.272
4068,35,01/11/2015,05/11/2015,3,431,440,1,0,74,31,28205.0,2,968,1,10,223,47.808
4069,35,01/11/2015,05/11/2015,3,431,440,1,0,74,31,28205.0,2,1839,2,13,435,978.84
4070,2353,28/08/2017,31/08/2017,0,757,759,0,0,109,41,75081.0,0,638,1,3,146,13.14
4071,2353,28/08/2017,31/08/2017,0,757,759,0,0,109,41,75081.0,0,736,1,3,703,10.024
4072,2353,28/08/2017,31/08/2017,0,757,759,0,0,109,41,75081.0,0,27,0,4,1421,156.3728
4073,1512,06/12/2016,08/12/2016,2,572,577,2,0,211,12,46203.0,0,1607,2,6,803,999.98
4074,4410,24/09/2016,27/09/2016,0,676,710,2,0,52,34,74012.0,0,1832,2,13,38,821.94
4075,2936,15/11/2018,20/11/2018,3,211,191,0,0,299,8,33023.0,2,261,0,9,879,220.064
4076,2936,15/11/2018,20/11/2018,3,211,191,0,0,299,8,33023.0,2,186,0,9,1532,339.136
4077,795,19/12/2016,21/12/2016,2,702,728,1,0,346,25,68104.0,0,763,1,3,1435,7.04
4078,795,19/12/2016,21/12/2016,2,702,728,1,0,346,25,68104.0,0,934,1,8,283,5.04
4079,795,19/12/2016,21/12/2016,2,702,728,1,0,346,25,68104.0,0,1095,1,12,1615,116.28
4080,1620,21/12/2016,24/12/2016,0,475,481,0,0,216,31,28540.0,2,1761,2,13,149,47.976
4081,2282,25/09/2017,29/09/2017,3,426,426,1,0,481,35,97224.0,3,1045,1,12,1324,60.048
4082,2282,25/09/2017,29/09/2017,3,426,426,1,0,481,35,97224.0,3,840,1,3,696,5.022
4083,4857,24/06/2018,30/06/2018,3,491,507,1,0,116,11,62521.0,0,831,1,3,895,182.994
4084,4857,24/06/2018,30/06/2018,3,491,507,1,0,116,11,62521.0,0,1041,1,12,1760,10.272
4085,4011,07/09/2018,09/09/2018,0,244,214,2,0,373,1,85023.0,3,767,1,3,1636,7.857
4086,1843,04/08/2017,06/08/2017,2,452,460,1,0,420,3,95823.0,3,1760,2,13,1091,302.384
4087,1843,04/08/2017,06/08/2017,2,452,460,1,0,420,3,95823.0,3,767,1,3,1636,20.952
4088,1843,04/08/2017,06/08/2017,2,452,460,1,0,420,3,95823.0,3,653,1,3,1304,11.784
4089,4248,19/08/2015,26/08/2015,3,461,458,0,0,220,2,72401.0,2,4,0,4,844,638.82
4090,2613,01/04/2017,05/04/2017,3,732,743,1,0,327,30,10035.0,1,961,1,10,179,20.7
4091,2613,01/04/2017,05/04/2017,3,732,743,1,0,327,30,10035.0,1,1431,1,15,102,10.95
4092,2613,01/04/2017,05/04/2017,3,732,743,1,0,327,30,10035.0,1,768,1,3,246,14.352
4093,4055,16/05/2018,18/05/2018,0,394,389,0,0,2,33,44312.0,1,1374,1,14,1365,221.024
4094,815,24/08/2016,28/08/2016,3,445,427,0,0,151,15,41042.0,2,1624,2,11,431,3080.0
4095,815,24/08/2016,28/08/2016,3,445,427,0,0,151,15,41042.0,2,1556,2,0,152,79.96
4096,815,24/08/2016,28/08/2016,3,445,427,0,0,151,15,41042.0,2,1734,2,13,970,587.97
4097,208,23/09/2015,28/09/2015,3,669,671,0,0,298,21,55407.0,0,1281,1,12,1812,32.4
4098,208,23/09/2015,28/09/2015,3,669,671,0,0,298,21,55407.0,0,1315,1,14,417,404.9
4099,208,23/09/2015,28/09/2015,3,669,671,0,0,298,21,55407.0,0,682,1,3,894,9449.95
4100,208,23/09/2015,28/09/2015,3,669,671,0,0,298,21,55407.0,0,649,1,3,690,12.94
4101,4647,19/06/2018,23/06/2018,3,791,791,0,0,207,41,77095.0,0,467,1,1,822,2.264
4102,4647,19/06/2018,23/06/2018,3,791,791,0,0,207,41,77095.0,0,438,1,1,866,0.444
4103,4647,19/06/2018,23/06/2018,3,791,791,0,0,207,41,77095.0,0,1070,1,12,1772,146.176
4104,3494,21/12/2018,21/12/2018,1,623,629,2,0,158,25,68025.0,0,204,0,9,1496,15.92
4105,4872,07/08/2018,13/08/2018,3,377,356,0,0,435,3,92105.0,3,1692,2,13,727,159.96
4106,4872,07/08/2018,13/08/2018,3,377,356,0,0,435,3,92105.0,3,654,1,3,264,13.76
4107,4564,22/08/2017,26/08/2017,3,201,236,0,0,207,41,77041.0,0,783,1,3,709,4.312
4108,856,07/09/2016,07/09/2016,1,486,483,0,0,327,30,10011.0,1,1371,1,14,586,13.96
4109,856,07/09/2016,07/09/2016,1,486,483,0,0,327,30,10011.0,1,359,0,16,145,27.414
4110,1478,25/12/2016,01/01/2017,3,221,231,1,0,123,20,48227.0,0,1794,2,13,993,73.98
4111,1478,25/12/2016,01/01/2017,3,221,231,1,0,123,20,48227.0,0,42,0,4,1361,160.98
4112,1478,25/12/2016,01/01/2017,3,221,231,1,0,123,20,48227.0,0,1155,1,12,1767,17.34
4113,1478,25/12/2016,01/01/2017,3,221,231,1,0,123,20,48227.0,0,551,1,2,1160,3.28
4114,999,02/05/2016,07/05/2016,3,557,573,1,0,207,41,77095.0,0,952,1,10,211,8.856
4115,999,02/05/2016,07/05/2016,3,557,573,1,0,207,41,77095.0,0,1737,2,13,1396,158.376
4116,2651,24/11/2017,27/11/2017,0,12,29,0,0,450,45,98105.0,3,831,1,3,895,1219.96
4117,1472,24/11/2016,29/11/2016,3,763,754,0,0,265,3,90036.0,3,749,1,3,266,3.168
4118,1472,24/11/2016,29/11/2016,3,763,754,0,0,265,3,90036.0,3,1149,1,12,1821,19.44
4119,1472,24/11/2016,29/11/2016,3,763,754,0,0,265,3,90036.0,3,1292,1,14,633,454.86
4120,1472,24/11/2016,29/11/2016,3,763,754,0,0,265,3,90036.0,3,744,1,3,263,91.392
4121,3086,04/09/2018,10/09/2018,3,525,526,0,0,372,36,19120.0,1,1462,2,0,962,19.04
4122,3426,11/05/2018,12/05/2018,1,467,470,0,0,450,45,98103.0,3,1189,1,12,143,37.44
4123,3426,11/05/2018,12/05/2018,1,467,470,0,0,450,45,98103.0,3,1008,1,10,209,37.59
4124,3426,11/05/2018,12/05/2018,1,467,470,0,0,450,45,98103.0,3,671,1,3,61,26.032
4125,331,11/05/2015,18/05/2015,3,86,112,1,0,506,30,13601.0,1,462,1,1,1493,35.91
4126,3224,27/07/2018,31/07/2018,2,507,541,0,0,216,8,32216.0,2,190,0,9,560,91.032
4127,3866,06/05/2018,09/05/2018,0,314,296,0,0,16,44,22204.0,2,571,1,2,528,54.66
4128,327,19/09/2015,24/09/2015,3,387,387,0,0,74,31,28205.0,2,1400,1,14,1311,67.344
4129,327,19/09/2015,24/09/2015,3,387,387,0,0,74,31,28205.0,2,1630,2,11,786,2624.985
4130,1055,29/03/2016,04/04/2016,3,227,227,0,0,450,45,98103.0,3,413,1,1,51,73.28
4131,191,18/11/2015,25/11/2015,3,10,39,1,0,80,11,60623.0,0,680,1,3,719,14.48
4132,936,02/07/2016,09/07/2016,3,415,419,0,0,202,8,33021.0,2,1042,1,12,537,11.952
4133,936,02/07/2016,09/07/2016,3,415,419,0,0,202,8,33021.0,2,1214,1,12,1745,15.552
4134,348,08/09/2015,13/09/2015,3,769,736,0,0,77,44,23320.0,2,921,1,8,121,45.0
4135,348,08/09/2015,13/09/2015,3,769,736,0,0,77,44,23320.0,2,1615,2,11,603,209.97
4136,2885,02/10/2018,08/10/2018,3,612,597,2,0,265,3,90036.0,3,753,1,3,1253,112.12
4137,2885,02/10/2018,08/10/2018,3,612,597,2,0,265,3,90036.0,3,1399,1,14,1550,1575.14
4138,2978,19/11/2018,23/11/2018,3,201,236,0,0,4,44,22304.0,2,909,1,8,1193,25.06
4139,1933,30/12/2017,01/01/2018,0,424,431,1,0,117,41,77536.0,0,832,1,3,235,6.924
4140,3300,01/12/2018,04/12/2018,0,616,617,0,0,372,36,19120.0,1,1331,1,14,1259,37.392
4141,3300,01/12/2018,04/12/2018,0,616,617,0,0,372,36,19120.0,1,271,0,9,1584,79.12
4142,2216,13/06/2017,17/06/2017,3,716,704,0,0,518,14,67212.0,0,985,1,10,219,18.9
4143,4138,19/05/2015,23/05/2015,3,369,386,0,0,295,20,48640.0,0,687,1,3,248,57.42
4144,3007,30/01/2018,06/02/2018,3,261,273,2,0,436,3,94110.0,3,596,1,2,473,12.74
4145,3007,30/01/2018,06/02/2018,3,261,273,2,0,436,3,94110.0,3,511,1,2,1145,8.82
4146,3007,30/01/2018,06/02/2018,3,261,273,2,0,436,3,94110.0,3,63,0,5,1172,120.784
4147,1253,28/11/2016,04/12/2016,3,757,759,0,0,157,30,11520.0,1,284,0,9,1539,322.59
4148,2890,23/10/2018,28/10/2018,3,620,620,0,0,25,41,78745.0,0,671,1,3,61,9.762
4149,2890,23/10/2018,28/10/2018,3,620,620,0,0,25,41,78745.0,0,1412,1,14,125,13.72
4150,2890,23/10/2018,28/10/2018,3,620,620,0,0,25,41,78745.0,0,1543,2,0,1604,55.2
4151,2890,23/10/2018,28/10/2018,3,620,620,0,0,25,41,78745.0,0,1365,1,14,416,259.136
4152,2752,07/09/2018,11/09/2018,3,125,133,0,0,372,36,19134.0,1,979,1,10,229,29.24
4153,2752,07/09/2018,11/09/2018,3,125,133,0,0,372,36,19134.0,1,1202,1,12,606,15.552
4154,2752,07/09/2018,11/09/2018,3,125,133,0,0,372,36,19134.0,1,860,1,7,1283,4.896
4155,2267,29/12/2017,03/01/2018,3,533,529,1,0,51,40,37620.0,2,837,1,3,721,38.088
4156,2267,29/12/2017,03/01/2018,3,533,529,1,0,51,40,37620.0,2,643,1,3,1841,2.808
4157,802,05/12/2016,09/12/2016,2,724,681,0,0,372,36,19140.0,1,1555,2,0,303,47.984
4158,802,05/12/2016,09/12/2016,2,724,681,0,0,372,36,19140.0,1,680,1,3,719,26.064
4159,320,01/11/2015,08/11/2015,3,702,728,1,0,80,11,60610.0,0,1055,1,12,1472,15.696
4160,4622,16/04/2017,23/04/2017,3,44,60,0,0,94,9,31907.0,2,567,1,2,1149,12.84
4161,3050,14/05/2018,18/05/2018,3,32,30,0,0,327,30,10035.0,1,1789,2,13,773,539.97
4162,3050,14/05/2018,18/05/2018,3,32,30,0,0,327,30,10035.0,1,1360,1,14,1658,22.58
4163,1598,14/03/2016,18/03/2016,3,275,259,0,0,124,27,3820.0,1,1006,1,10,182,16.52
4164,1598,14/03/2016,18/03/2016,3,275,259,0,0,124,27,3820.0,1,762,1,3,684,671.94
4165,4665,14/01/2018,16/01/2018,0,758,768,1,0,24,4,80013.0,3,1545,2,0,913,169.064
4166,4665,14/01/2018,16/01/2018,0,758,768,1,0,24,4,80013.0,3,1395,1,14,1093,168.624
4167,1560,08/03/2016,13/03/2016,3,50,54,1,0,261,30,11561.0,1,1235,1,12,1788,19.44
4168,663,11/10/2015,13/10/2015,0,317,326,0,0,362,3,91104.0,3,1366,1,14,927,31.92
4169,663,11/10/2015,13/10/2015,0,317,326,0,0,362,3,91104.0,3,52,0,5,747,433.568
4170,790,13/04/2016,14/04/2016,0,325,323,2,0,291,1,85204.0,3,1072,1,12,1805,31.104
4171,790,13/04/2016,14/04/2016,0,325,323,2,0,291,1,85204.0,3,1194,1,12,1762,54.816
4172,2765,16/11/2018,20/11/2018,3,377,356,0,0,159,3,93727.0,3,1371,1,14,586,48.86
4173,2457,01/07/2017,01/07/2017,1,360,355,0,0,93,38,29203.0,2,730,1,3,1632,14.2
4174,2457,01/07/2017,01/07/2017,1,360,355,0,0,93,38,29203.0,2,1072,1,12,1805,12.96
4175,2457,01/07/2017,01/07/2017,1,360,355,0,0,93,38,29203.0,2,772,1,3,330,58.34
4176,1489,29/11/2016,30/11/2016,0,265,251,2,0,444,3,92704.0,3,587,1,2,358,56.3
4177,349,07/04/2015,12/04/2015,3,658,649,1,0,93,38,29203.0,2,1803,2,13,46,629.95
4178,349,07/04/2015,12/04/2015,3,658,649,1,0,93,38,29203.0,2,1020,1,12,1732,122.97
4179,2404,16/06/2017,18/06/2017,2,67,87,0,0,265,3,90045.0,3,1125,1,12,1651,46.35
4180,4730,06/03/2018,10/03/2018,3,82,77,2,0,436,3,94109.0,3,809,1,3,542,14.976
4181,3324,07/10/2018,11/10/2018,3,380,380,0,0,207,41,77036.0,0,663,1,3,1511,4.24
4182,4808,06/10/2018,12/10/2018,3,169,186,2,0,327,30,10035.0,1,1497,2,0,1000,319.96
4183,4808,06/10/2018,12/10/2018,3,169,186,2,0,327,30,10035.0,1,1168,1,12,107,17.04
4184,4808,06/10/2018,12/10/2018,3,169,186,2,0,327,30,10035.0,1,1325,1,14,1475,344.91
4185,2325,05/12/2017,07/12/2017,0,19,19,1,0,156,19,2038.0,1,24,0,4,1183,81.94
4186,1838,21/10/2017,22/10/2017,0,157,142,0,0,28,18,21215.0,1,1582,2,0,995,98.16
4187,3006,18/05/2018,23/05/2018,3,690,724,1,0,283,41,78501.0,0,788,1,3,74,6.874
4188,3006,18/05/2018,23/05/2018,3,690,724,1,0,283,41,78501.0,0,742,1,3,245,1.996
4189,3006,18/05/2018,23/05/2018,3,690,724,1,0,283,41,78501.0,0,1415,1,14,1280,8.928
4190,2547,26/09/2017,01/10/2017,2,174,143,1,0,213,13,52240.0,0,1244,1,12,793,9.99
4191,4057,17/11/2018,22/11/2018,3,327,334,0,0,328,6,19711.0,1,1613,2,6,404,10499.97
4192,1153,08/07/2016,08/07/2016,1,223,199,0,0,207,41,77070.0,0,1256,1,12,1781,21.12
4193,1448,16/11/2016,20/11/2016,3,326,324,1,0,43,10,83704.0,3,319,0,16,366,696.42
4194,1448,16/11/2016,20/11/2016,3,326,324,1,0,43,10,83704.0,3,1714,2,13,931,304.776
4195,1485,18/06/2016,22/06/2016,3,87,115,0,0,435,3,92105.0,3,503,1,2,280,51.98
4196,2036,08/04/2017,14/04/2017,3,149,171,0,0,265,3,90032.0,3,231,0,9,393,24.7
4197,4343,18/04/2016,23/04/2016,2,640,647,0,0,327,30,10024.0,1,1000,1,10,193,21.93
4198,4609,03/12/2017,08/12/2017,3,146,132,0,0,372,36,19134.0,1,380,1,1,859,394.816
4199,4609,03/12/2017,08/12/2017,3,146,132,0,0,372,36,19134.0,1,676,1,3,678,18.192
4200,1345,10/12/2016,10/12/2016,1,482,502,2,0,327,30,10024.0,1,1000,1,10,193,7.31
4201,1345,10/12/2016,10/12/2016,1,482,502,2,0,327,30,10024.0,1,1607,2,6,803,799.984
4202,1345,10/12/2016,10/12/2016,1,482,502,2,0,327,30,10024.0,1,1183,1,12,105,41.28
4203,1345,10/12/2016,10/12/2016,1,482,502,2,0,327,30,10024.0,1,1162,1,12,1664,184.66
4204,534,31/10/2015,02/11/2015,2,41,46,0,0,107,37,2920.0,1,526,1,2,1030,49.25
4205,534,31/10/2015,02/11/2015,2,41,46,0,0,107,37,2920.0,1,1156,1,12,1325,10.16
4206,534,31/10/2015,02/11/2015,2,41,46,0,0,107,37,2920.0,1,220,0,9,569,14.76
4207,534,31/10/2015,02/11/2015,2,41,46,0,0,107,37,2920.0,1,800,1,3,706,34.08
4208,534,31/10/2015,02/11/2015,2,41,46,0,0,107,37,2920.0,1,137,0,9,590,17.67
4209,534,31/10/2015,02/11/2015,2,41,46,0,0,107,37,2920.0,1,87,0,5,851,1604.9
4210,534,31/10/2015,02/11/2015,2,41,46,0,0,107,37,2920.0,1,352,0,16,424,385.686
4211,2959,09/12/2018,14/12/2018,3,33,38,0,0,80,11,60623.0,0,1285,1,12,1706,15.984
4212,746,05/05/2015,09/05/2015,2,588,606,0,0,405,15,40475.0,2,1197,1,12,104,9.42
4213,746,05/05/2015,09/05/2015,2,588,606,0,0,405,15,40475.0,2,590,1,2,1159,6.56
4214,746,05/05/2015,09/05/2015,2,588,606,0,0,405,15,40475.0,2,1100,1,12,1719,24.56
4215,2670,04/03/2017,08/03/2017,3,630,630,0,0,300,12,46544.0,0,793,1,3,780,128.4
4216,52,30/11/2015,04/12/2015,3,386,365,0,0,314,30,10550.0,1,890,1,7,1244,62.28
4217,927,18/02/2016,22/02/2016,3,10,39,1,0,265,3,90004.0,3,974,1,10,1454,9.24
4218,3738,01/04/2018,03/04/2018,0,556,567,1,0,436,3,94110.0,3,36,0,4,1384,482.664
4219,3738,01/04/2018,03/04/2018,0,556,567,1,0,436,3,94110.0,3,1618,2,11,475,4799.984
4220,3439,11/06/2018,13/06/2018,2,737,758,0,0,450,45,98103.0,3,1255,1,12,1725,37.94
4221,3439,11/06/2018,13/06/2018,2,737,758,0,0,450,45,98103.0,3,711,1,3,72,18.288
4222,3439,11/06/2018,13/06/2018,2,737,758,0,0,450,45,98103.0,3,1632,2,11,433,385.8
4223,3439,11/06/2018,13/06/2018,2,737,758,0,0,450,45,98103.0,3,1414,1,14,291,102.96
4224,3439,11/06/2018,13/06/2018,2,737,758,0,0,450,45,98103.0,3,7,0,4,1181,174.42
4225,1793,30/09/2017,03/10/2017,0,695,679,0,0,391,11,62301.0,0,653,1,3,1304,1.964
4226,4126,13/12/2015,17/12/2015,3,248,254,1,0,80,11,60623.0,0,279,0,9,876,94.428
4227,3148,11/11/2018,16/11/2018,3,787,787,0,0,492,13,50322.0,0,941,1,8,1600,45.92
4228,1498,05/01/2016,10/01/2016,3,712,714,2,0,450,45,98103.0,3,105,0,5,746,61.584
4229,1884,24/03/2017,26/03/2017,0,779,784,1,0,405,12,47374.0,0,1147,1,12,921,22.48
4230,2753,05/07/2018,10/07/2018,3,471,461,1,0,109,41,75220.0,0,263,0,9,515,332.028
4231,2753,05/07/2018,10/07/2018,3,471,461,1,0,109,41,75220.0,0,773,1,3,408,11.394
4232,2753,05/07/2018,10/07/2018,3,471,461,1,0,109,41,75220.0,0,1031,1,12,1764,15.552
4233,2753,05/07/2018,10/07/2018,3,471,461,1,0,109,41,75220.0,0,1156,1,12,1754,31.104
4234,2753,05/07/2018,10/07/2018,3,471,461,1,0,109,41,75220.0,0,824,1,3,1576,6.316
4235,774,21/09/2015,24/09/2015,0,482,502,2,0,372,36,19143.0,1,1243,1,12,1613,11.352
4236,774,21/09/2015,24/09/2015,0,482,502,2,0,372,36,19143.0,1,1005,1,10,1497,20.808
4237,2635,23/07/2017,27/07/2017,3,561,563,2,0,411,11,61107.0,0,670,1,3,691,11.416
4238,2842,29/08/2018,03/09/2018,2,496,522,1,0,372,36,19134.0,1,540,1,2,1129,9.408
4239,3686,26/03/2018,28/03/2018,0,550,487,2,0,450,45,98105.0,3,622,1,2,355,19.83
4240,3903,29/12/2018,04/01/2019,3,418,438,1,0,173,20,49505.0,0,1080,1,12,1699,209.7
4241,411,20/09/2015,26/09/2015,3,483,531,2,0,265,3,90004.0,3,404,1,1,1493,43.92
4242,411,20/09/2015,26/09/2015,3,483,531,2,0,265,3,90004.0,3,703,1,3,899,20.232
4243,2576,04/04/2017,05/04/2017,0,497,486,2,0,462,44,22153.0,2,1722,2,13,150,149.97
4244,2576,04/04/2017,05/04/2017,0,497,486,2,0,462,44,22153.0,2,1125,1,12,1651,27.81
4245,456,26/03/2015,30/03/2015,3,349,391,1,0,265,3,90036.0,3,1523,2,0,1403,66.3
4246,3098,28/11/2018,04/12/2018,3,472,463,2,0,28,18,21215.0,1,621,1,2,274,1.64
4247,3098,28/11/2018,04/12/2018,3,472,463,2,0,28,18,21215.0,1,158,0,9,1035,1049.2
4248,3098,28/11/2018,04/12/2018,3,472,463,2,0,28,18,21215.0,1,295,0,9,576,20.9
4249,2541,01/12/2017,05/12/2017,2,696,698,0,0,147,5,6824.0,1,815,1,3,1835,88.08
4250,2541,01/12/2017,05/12/2017,2,696,698,0,0,147,5,6824.0,1,135,0,5,841,751.92
4251,766,19/09/2015,19/09/2015,1,104,90,1,0,327,30,10011.0,1,64,0,5,850,887.103
4252,1501,23/10/2016,23/10/2016,1,616,617,0,0,238,8,33801.0,2,1854,2,13,1063,55.944
4253,1501,23/10/2016,23/10/2016,1,616,617,0,0,238,8,33801.0,2,556,1,2,1410,10.688
4254,1501,23/10/2016,23/10/2016,1,616,617,0,0,238,8,33801.0,2,1858,2,13,1373,11.824
4255,4001,13/10/2018,16/10/2018,0,767,771,0,0,157,11,61032.0,0,1203,1,12,537,63.312
4256,4001,13/10/2018,16/10/2018,0,767,771,0,0,157,11,61032.0,0,665,1,3,715,96.784
4257,4001,13/10/2018,16/10/2018,0,767,771,0,0,157,11,61032.0,0,181,0,9,506,10.476
4258,809,04/09/2016,09/09/2016,3,417,437,1,0,284,35,97504.0,3,671,1,3,61,9.762
4259,2048,14/03/2017,16/03/2017,0,527,550,1,0,450,45,98103.0,3,97,0,5,753,196.784
4260,3114,28/10/2018,02/11/2018,2,466,476,1,0,327,30,10035.0,1,894,1,7,1334,47.98
4261,4028,15/10/2018,19/10/2018,2,657,626,1,0,147,5,6824.0,1,957,1,10,1256,13.05
4262,3898,07/08/2018,11/08/2018,3,133,163,0,0,309,21,56560.0,0,1514,2,0,1069,63.96
4263,3226,21/09/2018,25/09/2018,3,444,430,0,0,94,9,31907.0,2,400,1,1,34,80.48
4264,2970,03/11/2018,08/11/2018,3,223,199,0,0,372,36,19143.0,1,646,1,3,1062,11.673
4265,4512,05/11/2017,09/11/2017,3,275,259,0,0,207,41,77036.0,0,347,0,16,971,863.128
4266,4512,05/11/2017,09/11/2017,3,275,259,0,0,207,41,77036.0,0,820,1,3,1510,3.564
4267,4512,05/11/2017,09/11/2017,3,275,259,0,0,207,41,77036.0,0,5,0,4,1191,956.6648
4268,4512,05/11/2017,09/11/2017,3,275,259,0,0,207,41,77036.0,0,718,1,3,1301,12.588
4269,4512,05/11/2017,09/11/2017,3,275,259,0,0,207,41,77036.0,0,1571,2,0,1014,171.96
4270,4753,25/06/2018,29/06/2018,2,41,46,0,0,450,45,98115.0,3,321,0,16,426,871.4
4271,1634,26/11/2016,30/11/2016,3,693,707,1,0,215,40,38301.0,2,279,0,9,876,692.472
4272,2029,24/11/2017,27/11/2017,2,447,450,1,0,28,18,21215.0,1,170,0,9,874,207.76
4273,4879,21/07/2018,21/07/2018,1,685,678,0,0,316,42,84107.0,3,1827,2,13,1246,71.928
4274,4879,21/07/2018,21/07/2018,1,685,678,0,0,316,42,84107.0,3,503,1,2,280,25.99
4275,1337,23/10/2016,28/10/2016,3,22,32,1,0,450,45,98105.0,3,807,1,3,259,3.592
4276,1083,09/07/2016,13/07/2016,3,440,428,1,0,109,41,75220.0,0,433,1,1,54,48.632
4277,3767,18/08/2018,22/08/2018,3,562,571,2,0,450,45,98105.0,3,1291,1,14,660,323.1
4278,4444,16/04/2017,20/04/2017,3,104,90,1,0,240,28,8701.0,1,1629,2,11,19,9099.93
4279,4444,16/04/2017,20/04/2017,3,104,90,1,0,240,28,8701.0,1,157,0,9,1487,9.96
4280,4444,16/04/2017,20/04/2017,3,104,90,1,0,240,28,8701.0,1,738,1,3,1639,25.3
4281,757,14/11/2015,18/11/2015,3,649,643,2,0,327,30,10011.0,1,1267,1,12,111,11.36
4282,757,14/11/2015,18/11/2015,3,649,643,2,0,327,30,10011.0,1,74,0,5,1375,69.264
4283,40,20/12/2015,23/12/2015,0,6,6,0,0,211,12,46203.0,0,994,1,10,194,3.69
4284,40,20/12/2015,23/12/2015,0,6,6,0,0,211,12,46203.0,0,830,1,3,896,1103.97
4285,860,21/11/2016,26/11/2016,2,120,129,1,0,383,41,77642.0,0,37,0,4,1190,246.1328
4286,860,21/11/2016,26/11/2016,2,120,129,1,0,383,41,77642.0,0,946,1,10,1432,11.696
4287,860,21/11/2016,26/11/2016,2,120,129,1,0,383,41,77642.0,0,1604,2,6,1444,439.992
4288,3305,28/12/2018,03/01/2019,3,260,265,2,0,321,40,37211.0,2,1315,1,14,417,64.784
4289,4308,17/05/2016,21/05/2016,3,579,579,1,0,207,41,77095.0,0,725,1,3,712,33.28
4290,4308,17/05/2016,21/05/2016,3,579,579,1,0,207,41,77095.0,0,1161,1,12,1564,14.088
4291,2808,09/12/2018,13/12/2018,2,58,28,2,0,265,3,90004.0,3,474,1,2,1119,11.16
4292,2808,09/12/2018,13/12/2018,2,58,28,2,0,265,3,90004.0,3,358,0,16,317,896.328
4293,2808,09/12/2018,13/12/2018,2,58,28,2,0,265,3,90004.0,3,406,1,1,799,189.0
4294,3367,10/03/2018,16/03/2018,3,249,256,0,0,372,36,19140.0,1,1853,2,13,1163,53.982
4295,2789,22/10/2018,27/10/2018,3,239,211,1,0,398,35,97756.0,3,344,0,16,942,177.225
4296,4107,03/07/2018,10/07/2018,3,484,485,0,0,84,3,95610.0,3,178,0,9,872,129.39
4297,3084,04/09/2018,10/09/2018,3,751,747,1,0,265,3,90032.0,3,1301,1,14,1353,54.32
4298,3336,23/08/2018,26/08/2018,2,602,588,0,0,469,8,32303.0,2,1723,2,13,1387,4367.896
4299,3336,23/08/2018,26/08/2018,2,602,588,0,0,469,8,32303.0,2,1032,1,12,891,49.568
4300,3336,23/08/2018,26/08/2018,2,602,588,0,0,469,8,32303.0,2,441,1,1,629,161.376
4301,3336,23/08/2018,26/08/2018,2,602,588,0,0,469,8,32303.0,2,196,0,9,585,2.784
4302,3336,23/08/2018,26/08/2018,2,602,588,0,0,469,8,32303.0,2,1022,1,12,141,8.72
4303,267,22/08/2015,25/08/2015,2,202,215,2,0,240,33,44107.0,1,560,1,2,626,3.912
4304,1998,04/10/2017,04/10/2017,1,529,498,0,0,477,41,75056.0,0,889,1,7,973,59.752
4305,701,26/10/2015,30/10/2015,2,33,38,0,0,450,45,98105.0,3,155,0,9,1537,63.92
4306,701,26/10/2015,30/10/2015,2,33,38,0,0,450,45,98105.0,3,1696,2,13,1603,383.96
4307,2608,28/06/2017,28/06/2017,1,175,148,1,0,265,3,90032.0,3,746,1,3,1336,7.752
4308,2608,28/06/2017,28/06/2017,1,175,148,1,0,265,3,90032.0,3,694,1,3,698,33.568
4309,306,04/11/2015,11/11/2015,3,787,787,0,0,265,3,90045.0,3,1711,2,13,1287,666.344
4310,306,04/11/2015,11/11/2015,3,787,787,0,0,265,3,90045.0,3,339,0,16,325,573.728
4311,306,04/11/2015,11/11/2015,3,787,787,0,0,265,3,90045.0,3,674,1,3,407,21.936
4312,306,04/11/2015,11/11/2015,3,787,787,0,0,265,3,90045.0,3,1030,1,12,1794,19.44
4313,306,04/11/2015,11/11/2015,3,787,787,0,0,265,3,90045.0,3,1655,2,11,809,447.968
4314,265,08/09/2015,12/09/2015,3,707,706,1,0,261,30,11561.0,1,414,1,1,338,16.78
4315,993,25/06/2016,01/07/2016,3,8,10,0,0,265,3,90045.0,3,611,1,2,1499,20.96
4316,993,25/06/2016,01/07/2016,3,8,10,0,0,265,3,90045.0,3,818,1,3,718,88.752
4317,993,25/06/2016,01/07/2016,3,8,10,0,0,265,3,90045.0,3,1356,1,14,1554,304.23
4318,1261,26/07/2016,02/08/2016,3,317,326,0,0,436,3,94110.0,3,866,1,7,128,167.86
4319,4803,07/12/2018,11/12/2018,3,200,217,0,0,405,44,23223.0,2,141,0,9,494,82.38
4320,605,29/12/2015,03/01/2016,2,718,700,0,0,3,29,87105.0,3,1854,2,13,1063,23.976
4321,605,29/12/2015,03/01/2016,2,718,700,0,0,3,29,87105.0,3,1383,1,14,635,33.29
4322,4372,14/02/2016,19/02/2016,3,415,419,0,0,2,33,44312.0,1,704,1,3,710,14.952
4323,4372,14/02/2016,19/02/2016,3,415,419,0,0,2,33,44312.0,1,1789,2,13,773,323.982
4324,4372,14/02/2016,19/02/2016,3,415,419,0,0,2,33,44312.0,1,728,1,3,64,2.286
4325,4372,14/02/2016,19/02/2016,3,415,419,0,0,2,33,44312.0,1,635,1,2,1120,14.352
4326,4372,14/02/2016,19/02/2016,3,415,419,0,0,2,33,44312.0,1,1555,2,0,303,71.976
4327,2482,25/01/2017,27/01/2017,0,736,755,1,0,376,28,7060.0,1,479,1,2,531,9.21
4328,2482,25/01/2017,27/01/2017,0,736,755,1,0,376,28,7060.0,1,1013,1,12,1528,18.0
4329,3113,01/04/2018,07/04/2018,3,346,383,0,0,327,30,10011.0,1,1073,1,12,1649,42.93
4330,3737,03/10/2018,09/10/2018,3,602,588,0,0,197,8,33012.0,2,1058,1,12,1802,15.552
4331,3737,03/10/2018,09/10/2018,3,602,588,0,0,197,8,33012.0,2,391,1,1,865,17.92
4332,2929,01/09/2018,06/09/2018,3,717,723,0,0,398,45,98052.0,3,1512,2,0,1022,19.99
4333,2929,01/09/2018,06/09/2018,3,717,723,0,0,398,45,98052.0,3,775,1,3,258,22.92
4334,950,21/12/2016,27/12/2016,3,633,646,0,0,113,8,32114.0,2,1554,2,0,1071,50.88
4335,950,21/12/2016,27/12/2016,3,633,646,0,0,113,8,32114.0,2,887,1,7,1333,27.312
4336,1492,20/12/2016,24/12/2016,3,314,296,0,0,58,1,86442.0,3,879,1,7,7,7.92
4337,1492,20/12/2016,24/12/2016,3,314,296,0,0,58,1,86442.0,3,210,0,9,1176,14.368
4338,1104,27/11/2016,01/12/2016,3,704,712,2,0,265,3,90049.0,3,1460,2,0,1460,107.97
4339,1104,27/11/2016,01/12/2016,3,704,712,2,0,265,3,90049.0,3,1050,1,12,1455,113.82
4340,3421,27/08/2018,01/09/2018,3,211,191,0,0,156,40,37064.0,2,1281,1,12,1812,5.184
4341,4187,22/03/2015,22/03/2015,1,781,786,0,0,386,12,46368.0,0,582,1,2,250,16.28
4342,3355,17/12/2018,21/12/2018,3,295,303,0,0,16,44,22204.0,2,1384,1,14,112,544.38
4343,2874,19/03/2018,22/03/2018,0,558,556,0,0,436,3,94110.0,3,844,1,3,32,19.824
4344,2874,19/03/2018,22/03/2018,0,558,556,0,0,436,3,94110.0,3,1679,2,13,937,657.504
4345,2874,19/03/2018,22/03/2018,0,558,556,0,0,436,3,94110.0,3,1499,2,0,1006,99.54
4346,2874,19/03/2018,22/03/2018,0,558,556,0,0,436,3,94110.0,3,1542,2,0,1016,199.96
4347,1982,18/09/2017,25/09/2017,3,524,482,0,0,326,30,10801.0,1,69,0,5,757,631.782
4348,1982,18/09/2017,25/09/2017,3,524,482,0,0,326,30,10801.0,1,287,0,9,491,60.72
4349,4119,24/11/2018,29/11/2018,2,544,497,0,0,291,1,85204.0,3,813,1,3,704,20.724
4350,4119,24/11/2018,29/11/2018,2,544,497,0,0,291,1,85204.0,3,1292,1,14,633,415.872
4351,4639,11/04/2018,15/04/2018,3,383,340,0,0,241,33,43130.0,1,1335,1,14,1504,16.768
4352,4639,11/04/2018,15/04/2018,3,383,340,0,0,241,33,43130.0,1,1559,2,0,960,27.12
4353,2923,10/12/2018,12/12/2018,2,20,21,0,0,464,3,95207.0,3,1802,2,13,935,95.84
4354,2923,10/12/2018,12/12/2018,2,20,21,0,0,464,3,95207.0,3,1149,1,12,1821,12.96
4355,3808,24/11/2018,26/11/2018,2,496,522,1,0,19,31,28806.0,2,823,1,3,239,19.008
4356,1508,04/12/2016,07/12/2016,2,651,650,0,0,85,40,37042.0,2,657,1,3,687,1598.058
4357,1508,04/12/2016,07/12/2016,2,651,650,0,0,85,40,37042.0,2,595,1,2,518,36.96
4358,3985,11/12/2018,11/12/2018,1,655,619,0,0,24,11,60505.0,0,1139,1,12,1804,10.368
4359,3985,11/12/2018,11/12/2018,1,655,619,0,0,24,11,60505.0,0,296,0,9,594,77.72
4360,3985,11/12/2018,11/12/2018,1,655,619,0,0,24,11,60505.0,0,116,0,5,784,520.464
4361,2086,21/05/2017,23/05/2017,0,165,154,1,0,502,37,2886.0,1,1059,1,12,537,111.96
4362,4895,17/02/2018,21/02/2018,2,464,454,0,0,233,16,70506.0,2,1820,2,13,943,29.16
4363,2984,20/05/2018,22/05/2018,2,554,554,0,0,148,32,58103.0,0,536,1,2,348,131.94
4364,2984,20/05/2018,22/05/2018,2,554,554,0,0,148,32,58103.0,0,515,1,2,277,25.92
4365,2984,20/05/2018,22/05/2018,2,554,554,0,0,148,32,58103.0,0,1402,1,14,642,704.76
4366,2984,20/05/2018,22/05/2018,2,554,554,0,0,148,32,58103.0,0,919,1,8,1498,7.41
4367,2984,20/05/2018,22/05/2018,2,554,554,0,0,148,32,58103.0,0,491,1,2,333,21.5
4368,3076,11/09/2018,13/09/2018,2,317,326,0,0,80,11,60623.0,0,912,1,8,65,10.528
4369,3076,11/09/2018,13/09/2018,2,317,326,0,0,80,11,60623.0,0,1226,1,12,1712,20.544
4370,4625,05/11/2017,10/11/2017,3,483,531,2,0,247,12,46226.0,0,718,1,3,1301,104.9
4371,4625,05/11/2017,10/11/2017,3,483,531,2,0,247,12,46226.0,0,565,1,2,1310,39.68
4372,4625,05/11/2017,10/11/2017,3,483,531,2,0,247,12,46226.0,0,951,1,10,213,51.75
4373,4918,23/07/2018,25/07/2018,2,461,458,0,0,138,12,46514.0,0,588,1,2,1318,11.68
4374,4918,23/07/2018,25/07/2018,2,461,458,0,0,138,12,46514.0,0,1532,2,0,1066,159.75
4375,2563,18/11/2017,24/11/2017,3,666,684,1,0,225,33,44240.0,1,440,1,1,814,103.968
4376,755,25/04/2015,30/04/2015,3,110,86,2,0,437,3,91776.0,3,267,0,9,1545,303.25
4377,755,25/04/2015,30/04/2015,3,110,86,2,0,437,3,91776.0,3,405,1,1,946,270.72
4378,755,25/04/2015,30/04/2015,3,110,86,2,0,437,3,91776.0,3,116,0,5,784,1487.04
4379,1310,30/11/2016,02/12/2016,2,609,596,2,0,194,15,42420.0,2,847,1,7,4,17.48
4380,1310,30/11/2016,02/12/2016,2,609,596,2,0,194,15,42420.0,2,873,1,7,1579,71.88
4381,1464,25/10/2016,30/10/2016,3,740,772,0,0,436,3,94110.0,3,624,1,2,357,60.45
4382,1464,25/10/2016,30/10/2016,3,740,772,0,0,436,3,94110.0,3,334,0,16,284,253.176
4383,4320,20/07/2016,27/07/2016,3,618,659,0,0,199,11,60035.0,0,658,1,3,236,2.88
4384,4320,20/07/2016,27/07/2016,3,618,659,0,0,199,11,60035.0,0,45,0,4,1184,384.944
4385,4320,20/07/2016,27/07/2016,3,618,659,0,0,199,11,60035.0,0,1730,2,13,1313,153.584
4386,4320,20/07/2016,27/07/2016,3,618,659,0,0,199,11,60035.0,0,20,0,4,167,913.43
4387,2533,27/10/2017,02/11/2017,3,99,72,1,0,436,3,94122.0,3,404,1,1,1493,43.92
4388,2533,27/10/2017,02/11/2017,3,99,72,1,0,436,3,94122.0,3,701,1,3,58,25.032
4389,2987,20/11/2018,22/11/2018,0,138,126,0,0,327,30,10035.0,1,1224,1,12,1756,46.76
4390,2987,20/11/2018,22/11/2018,0,138,126,0,0,327,30,10035.0,1,27,0,4,1421,183.968
4391,2987,20/11/2018,22/11/2018,0,138,126,0,0,327,30,10035.0,1,1723,2,13,1387,1259.97
4392,2987,20/11/2018,22/11/2018,0,138,126,0,0,327,30,10035.0,1,623,1,2,361,68.97
4393,1795,08/09/2017,12/09/2017,3,417,437,1,0,109,41,75081.0,0,536,1,2,348,70.368
4394,1795,08/09/2017,12/09/2017,3,417,437,1,0,109,41,75081.0,0,1707,2,13,312,59.96
4395,512,20/07/2015,20/07/2015,1,724,681,0,0,462,33,45503.0,1,1375,1,14,645,25.984
4396,512,20/07/2015,20/07/2015,1,724,681,0,0,462,33,45503.0,1,672,1,3,898,27.36
4397,2407,15/11/2017,19/11/2017,3,34,45,1,0,435,3,92024.0,3,1773,2,13,1286,361.376
4398,4208,07/07/2015,11/07/2015,3,387,387,0,0,372,36,19120.0,1,97,0,5,753,172.186
4399,4208,07/07/2015,11/07/2015,3,387,387,0,0,372,36,19120.0,1,245,0,9,873,69.008
4400,2152,17/03/2017,17/03/2017,1,314,296,0,0,93,18,21044.0,1,878,1,7,345,199.9
4401,2152,17/03/2017,17/03/2017,1,314,296,0,0,93,18,21044.0,1,439,1,1,858,901.95
4402,2152,17/03/2017,17/03/2017,1,314,296,0,0,93,18,21044.0,1,296,0,9,594,971.5
4403,1894,26/12/2017,27/12/2017,0,628,653,0,0,92,4,80906.0,3,553,1,2,1372,11.328
4404,338,02/09/2015,04/09/2015,0,152,169,0,0,327,30,10009.0,1,553,1,2,1372,21.24
4405,1606,05/07/2016,10/07/2016,3,546,546,0,0,372,36,19140.0,1,1526,2,0,790,34.8
4406,1606,05/07/2016,10/07/2016,3,546,546,0,0,372,36,19140.0,1,1348,1,14,71,38.976
4407,1666,20/11/2017,25/11/2017,3,78,64,1,0,94,12,47201.0,0,1114,1,12,144,9.08
4408,1666,20/11/2017,25/11/2017,3,78,64,1,0,94,12,47201.0,0,1046,1,12,1671,314.55
4409,1666,20/11/2017,25/11/2017,3,78,64,1,0,94,12,47201.0,0,653,1,3,1304,4.91
4410,4242,06/05/2015,11/05/2015,3,704,712,2,0,265,3,90004.0,3,1005,1,10,1497,5.78
4411,4242,06/05/2015,11/05/2015,3,704,712,2,0,265,3,90004.0,3,532,1,2,1094,107.94
4412,368,21/06/2015,24/06/2015,0,735,750,0,0,327,30,10024.0,1,1236,1,12,1078,19.65
4413,368,21/06/2015,24/06/2015,0,735,750,0,0,327,30,10024.0,1,1823,2,13,722,617.97
4414,368,21/06/2015,24/06/2015,0,735,750,0,0,327,30,10024.0,1,403,1,1,815,59.7
4415,3394,19/08/2018,23/08/2018,3,340,358,1,0,247,19,1841.0,1,795,1,3,648,387.99
4416,621,29/11/2015,06/12/2015,3,31,13,0,0,436,3,94122.0,3,1845,2,13,1644,575.92
4417,621,29/11/2015,06/12/2015,3,31,13,0,0,436,3,94122.0,3,936,1,8,1498,30.4
4418,3013,09/04/2018,12/04/2018,2,434,441,0,0,123,20,48205.0,0,754,1,3,705,478.24
4419,690,20/12/2015,27/12/2015,3,511,495,0,0,187,33,45011.0,1,270,0,9,558,190.848
4420,471,17/12/2015,24/12/2015,3,254,268,0,0,94,33,43229.0,1,758,1,3,1110,5.484
4421,1593,17/11/2016,21/11/2016,2,301,309,0,0,80,11,60610.0,0,1438,1,15,85,40.92
4422,210,04/03/2015,09/03/2015,3,669,671,0,0,278,8,33063.0,2,515,1,2,277,15.552
4423,3922,18/05/2018,19/05/2018,0,736,755,1,0,442,9,30328.0,2,408,1,1,78,17.24
4424,3922,18/05/2018,19/05/2018,0,736,755,1,0,442,9,30328.0,2,33,0,4,828,302.94
4425,3922,18/05/2018,19/05/2018,0,736,755,1,0,442,9,30328.0,2,1757,2,13,1315,34.75
4426,3922,18/05/2018,19/05/2018,0,736,755,1,0,442,9,30328.0,2,651,1,3,1282,113.94
4427,3922,18/05/2018,19/05/2018,0,736,755,1,0,442,9,30328.0,2,1763,2,13,154,55.98
4428,4651,22/09/2018,28/09/2018,3,239,211,1,0,3,29,87105.0,3,1180,1,12,1470,27.18
4429,3136,21/03/2018,27/03/2018,3,152,169,0,0,488,34,74133.0,0,124,0,5,760,1805.88
4430,3699,14/09/2018,14/09/2018,1,477,472,0,0,348,28,7050.0,1,527,1,2,360,70.95
4431,2731,03/11/2017,08/11/2017,2,44,60,0,0,194,15,42420.0,2,921,1,8,121,20.0
4432,2731,03/11/2017,08/11/2017,2,44,60,0,0,194,15,42420.0,2,529,1,2,541,7.98
4433,2731,03/11/2017,08/11/2017,2,44,60,0,0,194,15,42420.0,2,239,0,9,1038,24.1
4434,2731,03/11/2017,08/11/2017,2,44,60,0,0,194,15,42420.0,2,598,1,2,350,8.75
4435,2731,03/11/2017,08/11/2017,2,44,60,0,0,194,15,42420.0,2,353,0,16,734,842.94
4436,2650,03/05/2017,08/05/2017,3,126,159,0,0,80,11,60653.0,0,636,1,3,801,2.182
4437,2650,03/05/2017,08/05/2017,3,126,159,0,0,80,11,60653.0,0,574,1,2,1121,27.384
4438,2650,03/05/2017,08/05/2017,3,126,159,0,0,80,11,60653.0,0,423,1,1,79,26.406
4439,2637,27/12/2017,02/01/2018,3,542,519,0,0,383,41,77642.0,0,1145,1,12,1809,10.368
4440,2637,27/12/2017,02/01/2018,3,542,519,0,0,383,41,77642.0,0,1247,1,12,928,23.68
4441,4454,22/07/2017,26/07/2017,3,216,223,0,0,514,20,48185.0,0,1599,2,0,1266,109.95
4442,4454,22/07/2017,26/07/2017,3,216,223,0,0,514,20,48185.0,0,1355,1,14,656,965.85
4443,4454,22/07/2017,26/07/2017,3,216,223,0,0,514,20,48185.0,0,528,1,2,254,29.2
4444,4454,22/07/2017,26/07/2017,3,216,223,0,0,514,20,48185.0,0,1164,1,12,1704,32.4
4445,4226,16/11/2015,21/11/2015,3,712,714,2,0,41,12,47401.0,0,896,1,7,3,78.35
4446,4226,16/11/2015,21/11/2015,3,712,714,2,0,41,12,47401.0,0,1211,1,12,1742,31.68
4447,4226,16/11/2015,21/11/2015,3,712,714,2,0,41,12,47401.0,0,702,1,3,1623,29.12
4448,4226,16/11/2015,21/11/2015,3,712,714,2,0,41,12,47401.0,0,1312,1,14,664,169.45
4449,1066,19/06/2016,23/06/2016,3,463,475,0,0,265,3,90032.0,3,163,0,9,546,12.56
4450,1066,19/06/2016,23/06/2016,3,463,475,0,0,265,3,90032.0,3,1261,1,12,1828,6.48
4451,1066,19/06/2016,23/06/2016,3,463,475,0,0,265,3,90032.0,3,846,1,7,395,186.69
4452,2388,04/07/2017,06/07/2017,0,3,42,0,0,436,3,94109.0,3,144,0,9,1045,25.4
4453,2388,04/07/2017,06/07/2017,0,3,42,0,0,436,3,94109.0,3,886,1,7,925,43.96
4454,2388,04/07/2017,06/07/2017,0,3,42,0,0,436,3,94109.0,3,13,0,4,169,1279.165
4455,2388,04/07/2017,06/07/2017,0,3,42,0,0,436,3,94109.0,3,1371,1,14,586,27.92
4456,4370,03/09/2016,08/09/2016,3,57,41,2,0,436,3,94110.0,3,90,0,5,1206,129.568
4457,4370,03/09/2016,08/09/2016,3,57,41,2,0,436,3,94110.0,3,766,1,3,241,6.368
4458,3045,07/08/2018,12/08/2018,3,488,503,0,0,438,3,95123.0,3,1136,1,12,1673,244.55
4459,2883,13/03/2018,20/03/2018,3,683,672,0,0,120,4,80219.0,3,1441,1,15,1042,1332.496
4460,4758,28/09/2018,01/10/2018,0,235,200,2,0,24,4,80013.0,3,206,0,9,503,32.776
4461,4758,28/09/2018,01/10/2018,0,235,200,2,0,24,4,80013.0,3,1346,1,14,774,147.184
4462,4758,28/09/2018,01/10/2018,0,235,200,2,0,24,4,80013.0,3,1566,2,0,975,54.384
4463,4758,28/09/2018,01/10/2018,0,235,200,2,0,24,4,80013.0,3,707,1,3,683,76.776
4464,4758,28/09/2018,01/10/2018,0,235,200,2,0,24,4,80013.0,3,1198,1,12,1783,14.352
4465,4758,28/09/2018,01/10/2018,0,235,200,2,0,24,4,80013.0,3,393,1,1,948,209.792
4466,1601,07/08/2016,11/08/2016,3,576,574,1,0,43,10,83704.0,3,844,1,3,32,3.304
4467,4097,24/11/2018,01/12/2018,3,413,433,0,0,327,30,10035.0,1,596,1,2,473,16.38
4468,4097,24/11/2018,01/12/2018,3,413,433,0,0,327,30,10035.0,1,876,1,7,139,167.96
4469,4097,24/11/2018,01/12/2018,3,413,433,0,0,327,30,10035.0,1,5,0,4,1191,321.568
4470,4097,24/11/2018,01/12/2018,3,413,433,0,0,327,30,10035.0,1,1145,1,12,1809,12.96
4471,3869,08/05/2018,12/05/2018,3,208,232,1,0,372,36,19140.0,1,106,0,5,736,128.058
4472,3166,29/09/2018,29/09/2018,1,503,510,2,0,288,33,44060.0,1,110,0,5,771,63.686
4473,3166,29/09/2018,29/09/2018,1,503,510,2,0,288,33,44060.0,1,1585,2,0,1004,239.976
4474,3166,29/09/2018,29/09/2018,1,503,510,2,0,288,33,44060.0,1,368,0,16,1349,344.22
4475,3166,29/09/2018,29/09/2018,1,503,510,2,0,288,33,44060.0,1,1188,1,12,1823,15.552
4476,3166,29/09/2018,29/09/2018,1,503,510,2,0,288,33,44060.0,1,300,0,9,676,21.248
4477,3166,29/09/2018,29/09/2018,1,503,510,2,0,288,33,44060.0,1,1177,1,12,1713,8.448
4478,3354,22/10/2018,22/10/2018,1,71,107,0,0,248,34,73505.0,0,1295,1,14,654,333.09
4479,3354,22/10/2018,22/10/2018,1,71,107,0,0,248,34,73505.0,0,358,0,16,317,248.98
4480,552,24/03/2015,28/03/2015,3,138,126,0,0,327,30,10024.0,1,1284,1,12,1683,24.9
4481,1803,03/11/2017,08/11/2017,3,788,788,0,0,265,3,90049.0,3,917,1,8,1509,15.26
4482,1803,03/11/2017,08/11/2017,3,788,788,0,0,265,3,90049.0,3,440,1,1,814,43.32
4483,1803,03/11/2017,08/11/2017,3,788,788,0,0,265,3,90049.0,3,797,1,3,237,43.584
4484,1803,03/11/2017,08/11/2017,3,788,788,0,0,265,3,90049.0,3,1120,1,12,1674,116.28
4485,1803,03/11/2017,08/11/2017,3,788,788,0,0,265,3,90049.0,3,723,1,3,638,9.296
4486,1803,03/11/2017,08/11/2017,3,788,788,0,0,265,3,90049.0,3,1049,1,12,1815,19.44
4487,1803,03/11/2017,08/11/2017,3,788,788,0,0,265,3,90049.0,3,1262,1,12,1103,314.55
4488,1586,05/09/2016,11/09/2016,3,121,135,2,0,207,41,77036.0,0,671,1,3,61,16.27
4489,1586,05/09/2016,11/09/2016,3,121,135,2,0,207,41,77036.0,0,1444,1,15,1507,69.12
4490,1586,05/09/2016,11/09/2016,3,121,135,2,0,207,41,77036.0,0,787,1,3,62,4.47
4491,2886,14/08/2018,21/08/2018,3,389,348,0,0,265,3,90032.0,3,325,0,16,428,418.296
4492,585,01/12/2015,03/12/2015,2,380,380,0,0,94,33,43229.0,1,1604,2,6,1444,659.988
4493,585,01/12/2015,03/12/2015,2,380,380,0,0,94,33,43229.0,1,144,0,9,1045,8.128
4494,585,01/12/2015,03/12/2015,2,380,380,0,0,94,33,43229.0,1,1145,1,12,1809,36.288
4495,585,01/12/2015,03/12/2015,2,380,380,0,0,94,33,43229.0,1,49,0,5,847,909.72
4496,3008,18/06/2018,23/06/2018,3,136,176,0,0,265,3,90032.0,3,39,0,4,378,917.9235
4497,3008,18/06/2018,23/06/2018,3,136,176,0,0,265,3,90032.0,3,1150,1,12,1716,38.88
4498,3835,02/12/2018,09/12/2018,3,313,305,0,0,372,36,19140.0,1,779,1,3,680,631.176
4499,48,21/11/2015,26/11/2015,3,309,302,1,0,436,3,94110.0,3,1213,1,12,1806,12.96
4500,2049,10/04/2017,16/04/2017,3,286,279,1,0,27,3,93309.0,3,1188,1,12,1823,12.96
4501,2049,10/04/2017,16/04/2017,3,286,279,1,0,27,3,93309.0,3,644,1,3,1625,23.2
4502,205,30/06/2015,04/07/2015,3,541,530,1,0,207,41,77095.0,0,1149,1,12,1821,25.92
4503,205,30/06/2015,04/07/2015,3,541,530,1,0,207,41,77095.0,0,926,1,8,1498,21.312
4504,4207,24/12/2015,29/12/2015,3,82,77,2,0,265,3,90045.0,3,1686,2,13,1431,173.656
4505,4207,24/12/2015,29/12/2015,3,82,77,2,0,265,3,90045.0,3,392,1,1,171,361.96
4506,4207,24/12/2015,29/12/2015,3,82,77,2,0,265,3,90045.0,3,1590,2,0,1459,62.85
4507,4207,24/12/2015,29/12/2015,3,82,77,2,0,265,3,90045.0,3,1727,2,13,445,818.376
4508,4207,24/12/2015,29/12/2015,3,82,77,2,0,265,3,90045.0,3,1364,1,14,1549,20.34
4509,4207,24/12/2015,29/12/2015,3,82,77,2,0,265,3,90045.0,3,230,0,9,1610,23.99
4510,4065,23/05/2018,29/05/2018,3,784,785,0,0,265,3,90036.0,3,327,0,16,977,171.288
4511,1975,10/11/2017,14/11/2017,3,435,413,1,0,462,23,65807.0,0,174,0,9,24,37.3
4512,1975,10/11/2017,14/11/2017,3,435,413,1,0,462,23,65807.0,0,699,1,3,1637,81.96
4513,1962,02/10/2017,03/10/2017,0,468,471,0,0,373,1,85023.0,3,737,1,3,1300,54.792
4514,2350,06/09/2017,08/09/2017,0,87,115,0,0,207,41,77070.0,0,1350,1,14,1542,10.784
4515,1990,27/10/2017,01/11/2017,2,119,79,0,0,188,44,23666.0,2,62,0,5,750,290.98
4516,4698,22/10/2018,26/10/2018,3,609,596,2,0,488,34,74133.0,0,571,1,2,528,36.44
4517,4505,15/09/2017,20/09/2017,3,624,636,0,0,450,45,98105.0,3,1075,1,12,1522,21.4
4518,4505,15/09/2017,20/09/2017,3,624,636,0,0,450,45,98105.0,3,726,1,3,413,48.664
4519,1687,25/09/2017,01/10/2017,3,412,403,0,0,436,3,94109.0,3,618,1,2,276,16.56
4520,2907,10/06/2018,14/06/2018,3,559,562,1,0,216,8,32216.0,2,1401,1,14,14,1347.52
4521,122,20/02/2015,26/02/2015,3,452,460,1,0,405,12,47374.0,0,1491,2,0,600,62.31
4522,122,20/02/2015,26/02/2015,3,452,460,1,0,405,12,47374.0,0,144,0,9,1045,20.32
4523,2875,20/02/2018,25/02/2018,2,99,72,1,0,266,4,80027.0,3,915,1,8,1498,9.432
4524,98,02/11/2015,06/11/2015,3,633,646,0,0,327,30,10024.0,1,965,1,10,207,34.86
4525,98,02/11/2015,06/11/2015,3,633,646,0,0,327,30,10024.0,1,285,0,9,1560,89.34
4526,4660,17/07/2018,23/07/2018,3,75,88,2,0,414,30,13440.0,1,1843,2,13,174,269.98
4527,4660,17/07/2018,23/07/2018,3,75,88,2,0,414,30,13440.0,1,1260,1,12,1471,99.9
4528,4660,17/07/2018,23/07/2018,3,75,88,2,0,414,30,13440.0,1,310,0,9,489,39.08
4529,3797,08/09/2018,10/09/2018,2,658,649,1,0,280,33,43302.0,1,1596,2,0,1070,116.832
4530,2199,14/11/2017,18/11/2017,3,420,434,0,0,207,41,77041.0,0,734,1,3,329,2.296
4531,1958,14/11/2017,17/11/2017,0,484,485,0,0,327,30,10009.0,1,89,0,5,842,408.006
4532,1958,14/11/2017,17/11/2017,0,484,485,0,0,327,30,10009.0,1,1350,1,14,1542,40.44
4533,480,10/10/2015,10/10/2015,1,755,734,2,0,276,3,95336.0,3,95,0,5,745,122.352
4534,480,10/10/2015,10/10/2015,1,755,734,2,0,276,3,95336.0,3,855,1,7,5,15.28
4535,1594,19/03/2016,26/03/2016,3,494,540,1,0,265,3,90004.0,3,1140,1,12,1763,11.96
4536,3512,08/07/2018,12/07/2018,3,777,778,2,0,450,45,98115.0,3,248,0,9,1044,15.84
4537,3512,08/07/2018,12/07/2018,3,777,778,2,0,450,45,98115.0,3,696,1,3,716,86.376
4538,3512,08/07/2018,12/07/2018,3,777,778,2,0,450,45,98115.0,3,586,1,2,1840,18.24
4539,3512,08/07/2018,12/07/2018,3,777,778,2,0,450,45,98115.0,3,629,1,2,474,13.12
4540,840,27/02/2016,02/03/2016,3,278,270,1,0,388,37,2908.0,1,1818,2,13,1842,105.98
4541,840,27/02/2016,02/03/2016,3,278,270,1,0,388,37,2908.0,1,363,0,16,288,493.92
4542,4784,16/06/2018,21/06/2018,3,517,525,1,0,80,11,60653.0,0,663,1,3,1511,5.936
4543,3022,30/03/2018,31/03/2018,0,754,763,0,0,343,34,73120.0,0,893,1,7,1104,325.86
4544,1118,12/07/2016,17/07/2016,2,647,639,0,0,80,11,60610.0,0,123,0,5,763,383.607
4545,1118,12/07/2016,17/07/2016,2,647,639,0,0,80,11,60610.0,0,1809,2,13,731,148.48
4546,1118,12/07/2016,17/07/2016,2,647,639,0,0,80,11,60610.0,0,1696,2,13,1603,537.544
4547,1118,12/07/2016,17/07/2016,2,647,639,0,0,80,11,60610.0,0,769,1,3,1577,1.928
4548,1118,12/07/2016,17/07/2016,2,647,639,0,0,80,11,60610.0,0,573,1,2,1125,6.912
4549,1118,12/07/2016,17/07/2016,2,647,639,0,0,80,11,60610.0,0,197,0,9,673,7.76
4550,1118,12/07/2016,17/07/2016,2,647,639,0,0,80,11,60610.0,0,1823,2,13,722,659.168
4551,4674,30/04/2018,02/05/2018,0,569,566,0,0,273,5,6040.0,1,988,1,10,208,5.76
4552,4272,13/07/2015,17/07/2015,3,302,306,1,0,265,3,90049.0,3,348,0,16,324,351.216
4553,4135,27/12/2015,02/01/2016,3,362,364,0,0,436,3,94122.0,3,133,0,5,326,230.28
4554,4135,27/12/2015,02/01/2016,3,362,364,0,0,436,3,94122.0,3,1226,1,12,1712,12.84
4555,1688,27/02/2017,01/03/2017,2,250,260,0,0,229,47,54601.0,0,836,1,3,672,56.82
4556,1167,23/03/2016,26/03/2016,0,688,696,0,0,151,38,29501.0,2,932,1,8,1498,31.56
4557,1167,23/03/2016,26/03/2016,0,688,696,0,0,151,38,29501.0,2,1371,1,14,586,27.92
4558,4719,21/10/2018,28/10/2018,3,558,556,0,0,168,1,85301.0,3,799,1,3,991,8.559
4559,328,31/12/2015,05/01/2016,3,154,120,1,0,137,41,79907.0,0,897,1,7,1492,49.568
4560,135,05/05/2015,08/05/2015,0,249,256,0,0,432,41,78207.0,0,65,0,5,769,127.869
4561,1017,04/12/2016,09/12/2016,2,328,322,1,0,265,3,90049.0,3,884,1,7,1582,271.44
4562,1017,04/12/2016,09/12/2016,2,328,322,1,0,265,3,90049.0,3,1685,2,13,938,110.352
4563,1017,04/12/2016,09/12/2016,2,328,322,1,0,265,3,90049.0,3,212,0,9,1047,36.4
4564,3342,26/09/2018,30/09/2018,3,694,673,2,0,299,8,33023.0,2,102,0,5,1204,419.136
4565,16,09/12/2015,14/12/2015,3,222,195,1,0,291,1,85204.0,3,1417,1,14,70,100.704
4566,4852,03/12/2018,10/12/2018,3,488,503,0,0,150,31,28314.0,2,422,1,1,305,45.216
4567,4852,03/12/2018,10/12/2018,3,488,503,0,0,150,31,28314.0,2,814,1,3,697,28.782
4568,4852,03/12/2018,10/12/2018,3,488,503,0,0,150,31,28314.0,2,1137,1,12,1343,24.448
4569,941,08/11/2016,13/11/2016,3,198,242,0,0,207,41,77095.0,0,767,1,3,1636,10.476
4570,781,19/04/2015,21/04/2015,2,562,571,2,0,438,3,95123.0,3,284,0,9,616,76.14
4571,4381,25/05/2016,27/05/2016,2,568,561,2,0,518,14,67212.0,0,553,1,2,1372,21.24
4572,4381,25/05/2016,27/05/2016,2,568,561,2,0,518,14,67212.0,0,707,1,3,683,127.96
4573,3284,17/07/2018,21/07/2018,3,9,16,2,0,265,3,90036.0,3,1612,2,6,371,479.984
4574,2263,12/12/2017,18/12/2017,3,502,508,2,0,215,20,49201.0,0,1753,2,13,932,657.93
4575,2263,12/12/2017,18/12/2017,3,502,508,2,0,215,20,49201.0,0,268,0,9,1609,33.48
4576,2263,12/12/2017,18/12/2017,3,502,508,2,0,215,20,49201.0,0,594,1,2,1140,13.9
4577,2263,12/12/2017,18/12/2017,3,502,508,2,0,215,20,49201.0,0,1321,1,14,640,26.86
4578,4175,11/04/2015,16/04/2015,3,683,672,0,0,254,10,83501.0,3,838,1,3,693,9.584
4579,919,09/06/2016,15/06/2016,3,25,50,2,0,188,44,23666.0,2,705,1,3,1601,113.1
4580,4232,27/07/2015,02/08/2015,3,51,2,1,0,327,30,10035.0,1,1182,1,12,1744,65.78
4581,1607,31/07/2016,06/08/2016,3,46,26,1,0,191,22,39401.0,2,1581,2,0,1088,239.7
4582,1980,19/09/2017,22/09/2017,0,43,47,2,0,372,36,19140.0,1,257,0,9,1178,25.632
4583,2003,10/06/2017,12/06/2017,0,342,398,0,0,372,36,19140.0,1,994,1,10,194,23.616
4584,4423,26/08/2017,28/08/2017,2,765,760,1,0,265,3,90045.0,3,482,1,2,1161,8.26
4585,4898,02/11/2018,04/11/2018,2,567,552,2,0,111,3,94526.0,3,856,1,7,1614,76.58
4586,4898,02/11/2018,04/11/2018,2,567,552,2,0,111,3,94526.0,3,580,1,2,1165,8.8
4587,4898,02/11/2018,04/11/2018,2,567,552,2,0,111,3,94526.0,3,789,1,3,711,590.352
4588,4898,02/11/2018,04/11/2018,2,567,552,2,0,111,3,94526.0,3,940,1,8,1518,5.58
4589,4898,02/11/2018,04/11/2018,2,567,552,2,0,111,3,94526.0,3,228,0,9,533,25.02
4590,4898,02/11/2018,04/11/2018,2,567,552,2,0,111,3,94526.0,3,1345,1,14,1474,452.55
4591,2121,26/12/2017,31/12/2017,3,494,540,1,0,265,3,90004.0,3,1426,1,15,668,17.76
4592,2121,26/12/2017,31/12/2017,3,494,540,1,0,265,3,90004.0,3,1760,2,13,1091,302.384
4593,2121,26/12/2017,31/12/2017,3,494,540,1,0,265,3,90004.0,3,106,0,5,736,146.352
4594,2121,26/12/2017,31/12/2017,3,494,540,1,0,265,3,90004.0,3,459,1,1,867,7.9
4595,2121,26/12/2017,31/12/2017,3,494,540,1,0,265,3,90004.0,3,355,0,16,368,902.712
4596,2121,26/12/2017,31/12/2017,3,494,540,1,0,265,3,90004.0,3,532,1,2,1094,53.97
4597,2286,05/12/2017,10/12/2017,2,744,762,2,0,503,7,20016.0,1,473,1,2,275,33.92
4598,4920,28/08/2018,01/09/2018,3,502,508,2,0,297,47,53209.0,0,1446,1,15,99,21.81
4599,4920,28/08/2018,01/09/2018,3,502,508,2,0,297,47,53209.0,0,413,1,1,51,91.6
4600,1395,16/07/2016,20/07/2016,3,506,524,2,0,28,18,21215.0,1,130,0,5,762,150.98
4601,1395,16/07/2016,20/07/2016,3,506,524,2,0,28,18,21215.0,1,848,1,7,1617,137.25
4602,1395,16/07/2016,20/07/2016,3,506,524,2,0,28,18,21215.0,1,916,1,8,55,11.52
4603,4302,26/05/2016,29/05/2016,2,82,77,2,0,216,31,28540.0,2,1231,1,12,1782,18.272
4604,4302,26/05/2016,29/05/2016,2,82,77,2,0,216,31,28540.0,2,1205,1,12,1723,153.728
4605,4302,26/05/2016,29/05/2016,2,82,77,2,0,216,31,28540.0,2,895,1,7,1430,12.224
4606,4302,26/05/2016,29/05/2016,2,82,77,2,0,216,31,28540.0,2,1565,2,0,992,167.944
4607,1235,28/05/2016,02/06/2016,3,539,516,0,0,408,30,14609.0,1,1829,2,13,1243,45.99
4608,1235,28/05/2016,02/06/2016,3,539,516,0,0,408,30,14609.0,1,1342,1,14,871,535.41
4609,1235,28/05/2016,02/06/2016,3,539,516,0,0,408,30,14609.0,1,660,1,3,75,6.096
4610,1235,28/05/2016,02/06/2016,3,539,516,0,0,408,30,14609.0,1,1257,1,12,1814,45.36
4611,4823,09/11/2018,14/11/2018,3,356,381,0,0,341,3,92054.0,3,137,0,9,590,47.12
4612,1805,24/01/2017,26/01/2017,2,322,329,1,0,183,22,39503.0,2,648,1,3,1836,31.36
4613,4627,31/12/2017,06/01/2018,3,275,259,0,0,216,8,32216.0,2,488,1,2,1153,47.616
4614,4627,31/12/2017,06/01/2018,3,275,259,0,0,216,8,32216.0,2,1161,1,12,1564,23.48
4615,2337,05/09/2017,10/09/2017,3,298,292,2,0,207,41,77070.0,0,425,1,1,611,62.79
4616,2337,05/09/2017,10/09/2017,3,298,292,2,0,207,41,77070.0,0,924,1,8,117,28.44
4617,1557,04/09/2016,07/09/2016,2,236,210,1,0,207,41,77095.0,0,1459,2,0,1462,134.376
4618,1007,21/09/2016,26/09/2016,3,752,767,2,0,146,19,2149.0,1,1767,2,13,1290,589.9
4619,1007,21/09/2016,26/09/2016,3,752,767,2,0,146,19,2149.0,1,61,0,5,749,542.94
4620,3648,24/12/2018,25/12/2018,0,649,643,2,0,265,3,90049.0,3,1603,2,6,804,2879.952
4621,3648,24/12/2018,25/12/2018,0,649,643,2,0,265,3,90049.0,3,705,1,3,1601,90.48
4622,1567,05/10/2016,08/10/2016,2,686,729,1,0,519,6,19805.0,1,1336,1,14,1260,77.55
4623,3688,09/09/2018,14/09/2018,3,705,687,0,0,93,40,38401.0,2,1430,1,15,1495,8.832
4624,3688,09/09/2018,14/09/2018,3,705,687,0,0,93,40,38401.0,2,1044,1,12,1669,177.536
4625,3688,09/09/2018,14/09/2018,3,705,687,0,0,93,40,38401.0,2,1291,1,14,660,258.48
4626,3688,09/09/2018,14/09/2018,3,705,687,0,0,93,40,38401.0,2,137,0,9,590,14.136
4627,1684,13/11/2017,18/11/2017,3,150,182,1,0,327,30,10011.0,1,1391,1,14,1540,77.55
4628,1684,13/11/2017,18/11/2017,3,150,182,1,0,327,30,10011.0,1,1319,1,14,587,24.88
4629,1684,13/11/2017,18/11/2017,3,150,182,1,0,327,30,10011.0,1,587,1,2,358,140.75
4630,1684,13/11/2017,18/11/2017,3,150,182,1,0,327,30,10011.0,1,1408,1,14,1291,36.63
4631,4328,15/10/2016,15/10/2016,1,293,313,0,0,313,20,48858.0,0,161,0,9,485,17.14
4632,4095,03/08/2018,08/08/2018,2,73,114,0,0,436,3,94122.0,3,961,1,10,179,51.75
4633,4095,03/08/2018,08/08/2018,2,73,114,0,0,436,3,94122.0,3,162,0,9,513,123.96
4634,1170,21/08/2016,26/08/2016,3,236,210,1,0,436,3,94122.0,3,35,0,4,1422,586.398
4635,1170,21/08/2016,26/08/2016,3,236,210,1,0,436,3,94122.0,3,1315,1,14,417,80.98
4636,3062,12/03/2018,17/03/2018,3,105,91,1,0,436,3,94122.0,3,1315,1,14,417,242.94
4637,4093,27/04/2018,29/04/2018,0,44,60,0,0,265,3,90045.0,3,577,1,2,363,123.92
4638,4093,27/04/2018,29/04/2018,0,44,60,0,0,265,3,90045.0,3,482,1,2,1161,12.39
4639,4093,27/04/2018,29/04/2018,0,44,60,0,0,265,3,90045.0,3,527,1,2,360,47.3
4640,1706,11/09/2017,16/09/2017,3,363,369,0,0,329,44,23602.0,2,1606,2,6,399,1599.92
4641,1706,11/09/2017,16/09/2017,3,363,369,0,0,329,44,23602.0,2,867,1,7,2,11.09
4642,3352,22/10/2018,24/10/2018,2,316,325,0,0,152,4,80525.0,3,668,1,3,1512,3.168
4643,3352,22/10/2018,24/10/2018,2,316,325,0,0,152,4,80525.0,3,60,0,5,1205,579.136
4644,1398,02/08/2016,06/08/2016,3,186,174,0,0,450,45,98105.0,3,719,1,3,900,6.368
4645,1398,02/08/2016,06/08/2016,3,186,174,0,0,450,45,98105.0,3,1636,2,11,1215,558.4
4646,2327,12/08/2017,16/08/2017,3,66,74,2,0,327,30,10011.0,1,51,0,5,752,145.764
4647,549,30/05/2015,05/06/2015,3,248,254,1,0,405,44,23223.0,2,1114,1,12,144,13.62
4648,2266,26/04/2017,01/05/2017,3,194,222,2,0,327,30,10009.0,1,134,0,5,1208,434.646
4649,3339,14/05/2018,19/05/2018,3,417,437,1,0,450,45,98103.0,3,1209,1,12,1701,440.19
4650,3339,14/05/2018,19/05/2018,3,417,437,1,0,450,45,98103.0,3,1450,1,15,1043,64.4
4651,3757,08/04/2018,12/04/2018,3,29,7,2,0,436,3,94110.0,3,1136,1,12,1673,244.55
4652,3757,08/04/2018,12/04/2018,3,29,7,2,0,436,3,94110.0,3,1191,1,12,1729,195.76
4653,3402,17/02/2018,23/02/2018,3,298,292,2,0,370,28,8861.0,1,1133,1,12,108,11.76
4654,3402,17/02/2018,23/02/2018,3,298,292,2,0,370,28,8861.0,1,1383,1,14,635,166.45
4655,3913,24/06/2018,26/06/2018,2,444,430,0,0,436,3,94110.0,3,916,1,8,55,2.88
4656,693,05/05/2015,10/05/2015,3,428,420,1,0,157,11,61032.0,0,1390,1,14,581,45.248
4657,945,03/05/2016,07/05/2016,3,721,717,0,0,372,36,19140.0,1,519,1,2,1412,59.904
4658,945,03/05/2016,07/05/2016,3,721,717,0,0,372,36,19140.0,1,445,1,1,819,23.696
4659,945,03/05/2016,07/05/2016,3,721,717,0,0,372,36,19140.0,1,1158,1,12,1679,7.968
4660,945,03/05/2016,07/05/2016,3,721,717,0,0,372,36,19140.0,1,450,1,1,365,18.2
4661,945,03/05/2016,07/05/2016,3,721,717,0,0,372,36,19140.0,1,1498,2,0,1397,27.552
4662,945,03/05/2016,07/05/2016,3,721,717,0,0,372,36,19140.0,1,99,0,5,758,844.116
4663,945,03/05/2016,07/05/2016,3,721,717,0,0,372,36,19140.0,1,1304,1,14,634,76.752
4664,1836,18/09/2017,22/09/2017,3,602,588,0,0,216,8,32216.0,2,981,1,10,187,3.0
4665,1915,22/09/2017,26/09/2017,3,12,29,0,0,367,8,33024.0,2,802,1,3,81,7.506
4666,1915,22/09/2017,26/09/2017,3,12,29,0,0,367,8,33024.0,2,959,1,10,232,16.56
4667,1921,10/01/2017,17/01/2017,3,417,437,1,0,450,45,98115.0,3,139,0,9,15,79.92
4668,1921,10/01/2017,17/01/2017,3,417,437,1,0,450,45,98115.0,3,1525,2,0,1009,69.98
4669,4792,06/05/2018,11/05/2018,3,196,235,1,0,154,41,76106.0,0,751,1,3,238,11.06
4670,4792,06/05/2018,11/05/2018,3,196,235,1,0,154,41,76106.0,0,9,0,4,1429,623.4648
4671,4792,06/05/2018,11/05/2018,3,196,235,1,0,154,41,76106.0,0,1355,1,14,656,772.68
4672,2175,31/07/2017,06/08/2017,3,434,441,0,0,123,20,48205.0,0,395,1,1,860,283.14
4673,2175,31/07/2017,06/08/2017,3,434,441,0,0,123,20,48205.0,0,1826,2,13,450,635.96
4674,2175,31/07/2017,06/08/2017,3,434,441,0,0,123,20,48205.0,0,1711,2,13,1287,118.99
4675,2175,31/07/2017,06/08/2017,3,434,441,0,0,123,20,48205.0,0,240,0,9,559,272.94
4676,3524,27/03/2018,29/03/2018,2,18,17,0,0,372,36,19120.0,1,275,0,9,567,15.008
4677,182,14/03/2015,19/03/2015,3,359,351,0,0,260,42,84321.0,3,700,1,3,720,33.088
4678,182,14/03/2015,19/03/2015,3,359,351,0,0,260,42,84321.0,3,1315,1,14,417,80.98
4679,182,14/03/2015,19/03/2015,3,359,351,0,0,260,42,84321.0,3,1597,2,0,911,82.8
4680,182,14/03/2015,19/03/2015,3,359,351,0,0,260,42,84321.0,3,1385,1,14,1494,21.36
4681,182,14/03/2015,19/03/2015,3,359,351,0,0,260,42,84321.0,3,761,1,3,1302,62.048
4682,2738,14/07/2017,18/07/2017,2,638,628,0,0,23,30,13021.0,1,912,1,8,65,29.61
4683,2089,01/12/2017,01/12/2017,1,545,544,0,0,392,31,27604.0,2,1819,2,13,934,863.928
4684,2587,29/08/2017,03/09/2017,3,294,300,1,0,372,36,19120.0,1,363,0,16,288,241.92
4685,2587,29/08/2017,03/09/2017,3,294,300,1,0,372,36,19120.0,1,24,0,4,1183,163.88
4686,2587,29/08/2017,03/09/2017,3,294,300,1,0,372,36,19120.0,1,723,1,3,638,3.486
4687,2587,29/08/2017,03/09/2017,3,294,300,1,0,372,36,19120.0,1,900,1,8,1345,10.584
4688,1702,24/06/2017,30/06/2017,3,327,334,0,0,405,12,47374.0,0,1717,2,13,1237,440.91
4689,4867,30/03/2018,03/04/2018,3,100,76,0,0,241,36,17602.0,1,695,1,3,73,5.715
4690,460,20/12/2015,22/12/2015,0,181,131,0,0,487,1,85705.0,3,199,0,9,465,51.968
4691,460,20/12/2015,22/12/2015,0,181,131,0,0,487,1,85705.0,3,1565,2,0,992,71.976
4692,460,20/12/2015,22/12/2015,0,181,131,0,0,487,1,85705.0,3,131,0,5,761,242.352
4693,460,20/12/2015,22/12/2015,0,181,131,0,0,487,1,85705.0,3,1044,1,12,1669,221.92
4694,460,20/12/2015,22/12/2015,0,181,131,0,0,487,1,85705.0,3,1211,1,12,1742,8.448
4695,4354,17/12/2016,17/12/2016,1,387,387,0,0,123,20,48205.0,0,652,1,3,694,29.52
4696,4354,17/12/2016,17/12/2016,1,387,387,0,0,123,20,48205.0,0,113,0,5,855,302.94
4697,4354,17/12/2016,17/12/2016,1,387,387,0,0,123,20,48205.0,0,132,0,5,797,142.36
4698,4354,17/12/2016,17/12/2016,1,387,387,0,0,123,20,48205.0,0,111,0,5,770,546.66
4699,4354,17/12/2016,17/12/2016,1,387,387,0,0,123,20,48205.0,0,213,0,9,1535,212.13
4700,3541,11/05/2018,17/05/2018,3,382,406,2,0,25,41,78745.0,0,583,1,2,1156,5.248
4701,3541,11/05/2018,17/05/2018,3,382,406,2,0,25,41,78745.0,0,1406,1,14,1376,74.416
4702,3541,11/05/2018,17/05/2018,3,382,406,2,0,25,41,78745.0,0,1226,1,12,1712,6.848
4703,3541,11/05/2018,17/05/2018,3,382,406,2,0,25,41,78745.0,0,205,0,9,1530,7.996
4704,2695,24/06/2017,28/06/2017,3,205,203,1,0,207,41,77095.0,0,415,1,1,816,8.712
4705,2560,17/05/2017,18/05/2017,0,26,59,0,0,504,5,6708.0,1,1421,1,15,89,65.17
4706,2560,17/05/2017,18/05/2017,0,26,59,0,0,504,5,6708.0,1,979,1,10,229,14.62
4707,2560,17/05/2017,18/05/2017,0,26,59,0,0,504,5,6708.0,1,280,0,9,553,173.24
4708,3505,29/06/2018,30/06/2018,0,787,787,0,0,265,3,90049.0,3,762,1,3,684,895.92
4709,3505,29/06/2018,30/06/2018,0,787,787,0,0,265,3,90049.0,3,1381,1,14,1571,130.71
4710,3505,29/06/2018,30/06/2018,0,787,787,0,0,265,3,90049.0,3,478,1,2,1134,11.68
4711,3505,29/06/2018,30/06/2018,0,787,787,0,0,265,3,90049.0,3,1491,2,0,600,62.31
4712,158,31/03/2015,31/03/2015,1,397,350,0,0,372,36,19120.0,1,777,1,3,267,0.852
4713,111,16/12/2015,21/12/2015,3,263,246,0,0,209,41,77340.0,0,1015,1,12,1820,36.288
4714,111,16/12/2015,21/12/2015,3,263,246,0,0,209,41,77340.0,0,213,0,9,1535,56.568
4715,3177,18/05/2018,20/05/2018,0,6,6,0,0,387,35,97206.0,3,1758,2,13,48,344.704
4716,4321,12/05/2016,16/05/2016,3,476,449,0,0,266,4,80027.0,3,1693,2,13,1593,201.584
4717,3600,03/12/2018,07/12/2018,2,162,175,2,0,450,45,98115.0,3,350,0,16,320,521.96
4718,1148,12/12/2016,17/12/2016,3,269,262,0,0,28,18,21215.0,1,525,1,2,1352,8.22
4719,899,10/10/2016,11/10/2016,0,207,226,1,0,436,3,94109.0,3,1252,1,12,1676,45.36
4720,1336,18/04/2016,20/04/2016,2,202,215,2,0,265,3,90004.0,3,1378,1,14,1557,947.17
4721,1336,18/04/2016,20/04/2016,2,202,215,2,0,265,3,90004.0,3,1051,1,12,1682,61.96
4722,84,07/06/2015,11/06/2015,2,574,568,0,0,24,11,60505.0,0,339,0,16,325,268.935
4723,4800,01/09/2018,07/09/2018,3,148,153,2,0,450,45,98103.0,3,507,1,2,1499,7.58
4724,2581,22/05/2017,22/05/2017,1,362,364,0,0,20,9,30605.0,2,1003,1,10,201,14.73
4725,2155,11/11/2017,15/11/2017,3,449,451,2,0,13,8,32712.0,2,752,1,3,903,9.888
4726,2155,11/11/2017,15/11/2017,3,449,451,2,0,13,8,32712.0,2,396,1,1,1416,671.544
4727,227,25/11/2015,29/11/2015,2,534,543,2,0,327,30,10009.0,1,1392,1,14,1556,1117.92
4728,227,25/11/2015,29/11/2015,2,534,543,2,0,327,30,10009.0,1,27,0,4,1421,275.952
4729,271,07/11/2015,12/11/2015,3,461,458,0,0,436,3,94110.0,3,784,1,3,1638,123.144
4730,2046,18/07/2017,23/07/2017,2,723,727,0,0,109,41,75217.0,0,1470,2,0,1399,15.576
4731,4287,29/03/2016,31/03/2016,2,622,627,0,0,435,3,92105.0,3,1121,1,12,1661,212.64
4732,4287,29/03/2016,31/03/2016,2,622,627,0,0,435,3,92105.0,3,1113,1,12,1568,9.87
4733,4287,29/03/2016,31/03/2016,2,622,627,0,0,435,3,92105.0,3,1550,2,0,1068,53.25
4734,4287,29/03/2016,31/03/2016,2,622,627,0,0,435,3,92105.0,3,300,0,9,676,19.92
4735,1984,07/04/2017,12/04/2017,3,243,238,1,0,327,30,10035.0,1,55,0,5,838,658.746
4736,1500,13/06/2016,19/06/2016,3,610,601,2,0,254,17,4240.0,1,844,1,3,32,8.26
4737,1500,13/06/2016,19/06/2016,3,610,601,2,0,254,17,4240.0,1,750,1,3,1331,29.84
4738,1500,13/06/2016,19/06/2016,3,610,601,2,0,254,17,4240.0,1,1566,2,0,975,67.98
4739,861,18/02/2016,24/02/2016,3,312,315,0,0,261,3,90805.0,3,990,1,10,178,61.06
4740,861,18/02/2016,24/02/2016,3,312,315,0,0,261,3,90805.0,3,329,0,16,834,35.544
4741,4024,12/11/2018,16/11/2018,3,176,155,0,0,450,45,98115.0,3,1012,1,10,190,9.96
4742,4024,12/11/2018,16/11/2018,3,176,155,0,0,450,45,98115.0,3,479,1,2,531,9.21
4743,4024,12/11/2018,16/11/2018,3,176,155,0,0,450,45,98115.0,3,1421,1,15,89,27.93
4744,4089,05/03/2018,05/03/2018,1,351,402,0,0,408,21,55901.0,0,924,1,8,117,7.9
4745,4089,05/03/2018,05/03/2018,1,351,402,0,0,408,21,55901.0,0,1320,1,14,1338,221.16
4746,4089,05/03/2018,05/03/2018,1,351,402,0,0,408,21,55901.0,0,675,1,3,702,127.96
4747,4089,05/03/2018,05/03/2018,1,351,402,0,0,408,21,55901.0,0,678,1,3,256,18.69
4748,1977,03/03/2017,03/03/2017,1,761,742,1,0,436,3,94110.0,3,1455,1,15,596,25.35
4749,1977,03/03/2017,03/03/2017,1,761,742,1,0,436,3,94110.0,3,160,0,9,614,35.28
4750,2023,24/12/2017,25/12/2017,0,116,82,1,0,450,45,98103.0,3,1195,1,12,1680,33.4
4751,2087,07/10/2017,09/10/2017,0,221,231,1,0,460,45,99207.0,3,1636,2,11,1215,837.6
4752,2589,09/12/2017,13/12/2017,3,249,256,0,0,156,40,37064.0,2,1684,2,13,35,40.68
4753,2833,20/11/2018,24/11/2018,3,277,266,0,0,215,40,38301.0,2,70,0,5,1207,209.568
4754,4418,12/12/2016,16/12/2016,3,341,393,0,0,25,41,78745.0,0,1515,2,0,137,22.368
4755,3277,03/02/2018,08/02/2018,3,673,690,0,0,367,8,33024.0,2,649,1,3,690,3.882
4756,3277,03/02/2018,08/02/2018,3,673,690,0,0,367,8,33024.0,2,1263,1,12,12,115.296
4757,4117,21/09/2018,25/09/2018,3,249,256,0,0,372,36,19143.0,1,808,1,3,923,1.908
4758,4830,30/04/2018,05/05/2018,3,744,762,2,0,111,11,61832.0,0,698,1,3,692,43.372
4759,249,03/11/2015,07/11/2015,3,689,705,0,0,327,30,10009.0,1,1708,2,13,1241,783.96
4760,249,03/11/2015,07/11/2015,3,689,705,0,0,327,30,10009.0,1,662,1,3,1520,48.896
4761,249,03/11/2015,07/11/2015,3,689,705,0,0,327,30,10009.0,1,788,1,3,74,7.856
4762,1939,30/12/2017,04/01/2018,3,93,118,0,0,94,33,43229.0,1,994,1,10,194,5.904
4763,1939,30/12/2017,04/01/2018,3,93,118,0,0,94,33,43229.0,1,1432,1,15,94,13.712
4764,161,17/09/2015,21/09/2015,3,574,568,0,0,82,3,91911.0,3,859,1,7,1581,182.94
4765,3233,24/11/2018,27/11/2018,0,591,586,0,0,436,3,94110.0,3,530,1,2,278,27.76
4766,1012,24/04/2016,28/04/2016,3,193,216,2,0,327,30,10009.0,1,503,1,2,280,25.99
4767,1080,09/03/2016,12/03/2016,0,576,574,1,0,432,41,78207.0,0,1531,2,0,1052,113.52
4768,1080,09/03/2016,12/03/2016,0,576,574,1,0,432,41,78207.0,0,1740,2,13,1236,359.88
4769,3909,02/06/2018,03/06/2018,1,171,122,0,0,216,31,28540.0,2,1277,1,12,1565,25.344
4770,4470,19/09/2017,24/09/2017,2,132,160,2,0,436,3,94109.0,3,771,1,3,410,11.952
4771,4470,19/09/2017,24/09/2017,2,132,160,2,0,436,3,94109.0,3,1428,1,15,963,6.24
4772,4275,31/10/2015,03/11/2015,2,12,29,0,0,26,1,85323.0,3,1695,2,13,1272,742.336
4773,3142,23/11/2018,27/11/2018,3,160,157,0,0,80,11,60610.0,0,313,0,9,468,6.464
4774,3142,23/11/2018,27/11/2018,3,160,157,0,0,80,11,60610.0,0,966,1,10,242,11.52
4775,3142,23/11/2018,27/11/2018,3,160,157,0,0,80,11,60610.0,0,1840,2,13,1569,222.384
4776,2935,16/11/2018,21/11/2018,3,265,251,2,0,143,3,92025.0,3,478,1,2,1134,23.36
4777,1693,19/02/2017,23/02/2017,2,150,182,1,0,261,30,11561.0,1,1005,1,10,1497,8.67
4778,1693,19/02/2017,23/02/2017,2,150,182,1,0,261,30,11561.0,1,1432,1,15,94,25.71
4779,3395,07/11/2018,11/11/2018,3,597,603,0,0,328,6,19711.0,1,390,1,1,818,100.94
4780,580,08/07/2015,10/07/2015,0,514,533,0,0,56,30,14215.0,1,93,0,5,1449,63.882
4781,677,07/11/2015,12/11/2015,3,678,713,0,0,207,41,77070.0,0,94,0,5,839,683.144
4782,677,07/11/2015,12/11/2015,3,678,713,0,0,207,41,77070.0,0,645,1,3,271,1.476
4783,677,07/11/2015,12/11/2015,3,678,713,0,0,207,41,77070.0,0,1446,1,15,99,40.712
4784,4843,28/01/2018,01/02/2018,3,295,303,0,0,518,14,67212.0,0,1074,1,12,1720,279.9
4785,842,11/12/2016,16/12/2016,3,338,336,0,0,92,4,80906.0,3,520,1,2,1118,13.12
4786,842,11/12/2016,16/12/2016,3,338,336,0,0,92,4,80906.0,3,32,0,4,387,69.576
4787,842,11/12/2016,16/12/2016,3,338,336,0,0,92,4,80906.0,3,521,1,2,1132,4.224
4788,842,11/12/2016,16/12/2016,3,338,336,0,0,92,4,80906.0,3,1579,2,0,1007,58.08
4789,842,11/12/2016,16/12/2016,3,338,336,0,0,92,4,80906.0,3,224,0,9,1048,52.416
4790,842,11/12/2016,16/12/2016,3,338,336,0,0,92,4,80906.0,3,183,0,9,493,54.92
4791,842,11/12/2016,16/12/2016,3,338,336,0,0,92,4,80906.0,3,322,0,16,321,364.95
4792,842,11/12/2016,16/12/2016,3,338,336,0,0,92,4,80906.0,3,1086,1,12,1718,85.056
4793,842,11/12/2016,16/12/2016,3,338,336,0,0,92,4,80906.0,3,1210,1,12,261,27.696
4794,4363,29/06/2016,04/07/2016,3,526,535,0,0,327,30,10011.0,1,1189,1,12,143,24.96
4795,1367,16/03/2016,23/03/2016,3,501,548,1,0,265,3,90036.0,3,178,0,9,872,43.13
4796,1041,13/08/2016,17/08/2016,3,149,171,0,0,279,9,30062.0,2,810,1,3,16,5.64
4797,4566,14/05/2017,19/05/2017,3,517,525,1,0,216,8,32216.0,2,707,1,3,683,57.582
4798,4566,14/05/2017,19/05/2017,3,517,525,1,0,216,8,32216.0,2,1287,1,12,1826,31.104
4799,4566,14/05/2017,19/05/2017,3,517,525,1,0,216,8,32216.0,2,222,0,9,483,30.192
4800,4566,14/05/2017,19/05/2017,3,517,525,1,0,216,8,32216.0,2,1824,2,13,966,43.6
4801,4566,14/05/2017,19/05/2017,3,517,525,1,0,216,8,32216.0,2,554,1,2,532,4.768
4802,4566,14/05/2017,19/05/2017,3,517,525,1,0,216,8,32216.0,2,801,1,3,1635,10.38
4803,4566,14/05/2017,19/05/2017,3,517,525,1,0,216,8,32216.0,2,732,1,3,247,13.392
4804,3472,13/07/2018,17/07/2018,2,511,495,0,0,372,36,19140.0,1,1821,2,13,440,39.594
4805,3472,13/07/2018,17/07/2018,2,511,495,0,0,372,36,19140.0,1,225,0,9,1175,91.008
4806,1274,22/11/2016,25/11/2016,2,564,560,0,0,265,3,90008.0,3,1027,1,12,1668,37.94
4807,1274,22/11/2016,25/11/2016,2,564,560,0,0,265,3,90008.0,3,1041,1,12,1760,42.8
4808,1274,22/11/2016,25/11/2016,2,564,560,0,0,265,3,90008.0,3,1413,1,14,1261,33.63
4809,570,23/11/2015,28/11/2015,3,585,612,1,0,372,36,19134.0,1,877,1,7,1316,62.808
4810,1453,27/12/2016,30/12/2016,0,638,628,0,0,132,47,54703.0,0,1209,1,12,1701,195.64
4811,1453,27/12/2016,30/12/2016,0,638,628,0,0,132,47,54703.0,0,1836,2,13,437,239.9
4812,1995,14/11/2017,19/11/2017,2,252,272,0,0,372,36,19134.0,1,61,0,5,749,380.058
4813,1995,14/11/2017,19/11/2017,2,252,272,0,0,372,36,19134.0,1,1611,2,6,1445,1199.976
4814,1995,14/11/2017,19/11/2017,2,252,272,0,0,372,36,19134.0,1,236,0,9,482,48.576
4815,1841,08/05/2017,10/05/2017,0,740,772,0,0,265,3,90004.0,3,1186,1,12,1705,17.94
4816,470,26/12/2015,31/12/2015,3,504,511,0,0,372,36,19134.0,1,1271,1,12,1652,18.264
4817,470,26/12/2015,31/12/2015,3,504,511,0,0,372,36,19134.0,1,440,1,1,814,34.656
4818,470,26/12/2015,31/12/2015,3,504,511,0,0,372,36,19134.0,1,448,1,1,1575,81.552
4819,470,26/12/2015,31/12/2015,3,504,511,0,0,372,36,19134.0,1,1337,1,14,1436,227.136
4820,3089,08/06/2018,14/06/2018,3,480,473,0,0,338,5,6360.0,1,803,1,3,1634,10.36
4821,1303,07/04/2016,11/04/2016,3,588,606,0,0,432,41,78207.0,0,431,1,1,869,463.248
4822,1303,07/04/2016,11/04/2016,3,588,606,0,0,432,41,78207.0,0,1530,2,0,1327,383.952
4823,2190,10/07/2017,11/07/2017,1,578,569,2,0,528,1,85364.0,3,704,1,3,710,44.856
4824,2274,21/11/2017,26/11/2017,3,147,145,0,0,94,33,43229.0,1,1622,2,11,1562,30.345
4825,2274,21/11/2017,26/11/2017,3,147,145,0,0,94,33,43229.0,1,111,0,5,770,127.554
4826,2274,21/11/2017,26/11/2017,3,147,145,0,0,94,33,43229.0,1,199,0,9,465,77.952
4827,4805,12/11/2018,15/11/2018,0,354,372,1,0,265,3,90036.0,3,774,1,3,49,14.016
4828,608,01/11/2015,08/11/2015,3,396,341,1,0,405,15,40475.0,2,1302,1,14,1102,69.52
4829,608,01/11/2015,08/11/2015,3,396,341,1,0,405,15,40475.0,2,534,1,2,1192,5.64
4830,2462,15/05/2017,21/05/2017,3,770,746,0,0,327,30,10035.0,1,734,1,3,329,13.776
4831,235,07/11/2015,12/11/2015,3,536,489,0,0,508,47,54401.0,0,402,1,1,298,245.88
4832,235,07/11/2015,12/11/2015,3,536,489,0,0,508,47,54401.0,0,1408,1,14,1291,36.63
4833,235,07/11/2015,12/11/2015,3,536,489,0,0,508,47,54401.0,0,1360,1,14,1658,22.58
4834,235,07/11/2015,12/11/2015,3,536,489,0,0,508,47,54401.0,0,844,1,3,32,12.39
4835,4078,05/10/2018,10/10/2018,3,534,543,2,0,436,3,94110.0,3,742,1,3,245,39.92
4836,4078,05/10/2018,10/10/2018,3,534,543,2,0,436,3,94110.0,3,1175,1,12,1739,61.96
4837,4078,05/10/2018,10/10/2018,3,534,543,2,0,436,3,94110.0,3,678,1,3,256,19.936
4838,2900,01/06/2018,03/06/2018,0,284,288,0,0,126,33,43017.0,1,773,1,3,408,3.798
4839,2900,01/06/2018,03/06/2018,0,284,288,0,0,126,33,43017.0,1,1067,1,12,1709,27.744
4840,2900,01/06/2018,03/06/2018,0,284,288,0,0,126,33,43017.0,1,1736,2,13,1240,158.376
4841,3819,20/11/2018,25/11/2018,3,668,668,2,0,194,15,42420.0,2,159,0,9,31,27.58
4842,2212,23/12/2017,28/12/2017,3,569,566,0,0,46,33,43402.0,1,688,1,3,1589,5.553
4843,3115,29/09/2018,04/10/2018,3,397,350,0,0,287,40,38109.0,2,1339,1,14,418,243.92
4844,4535,07/11/2017,09/11/2017,0,133,163,0,0,240,28,8701.0,1,942,1,8,1358,14.96
4845,4186,04/04/2015,05/04/2015,0,551,499,1,0,265,3,90008.0,3,807,1,3,259,7.184
4846,1088,23/07/2016,26/07/2016,2,540,520,0,0,408,30,14609.0,1,774,1,3,49,10.512
4847,725,25/06/2015,27/06/2015,2,302,306,1,0,428,35,97301.0,3,1755,2,13,1264,263.96
4848,725,25/06/2015,27/06/2015,2,302,306,1,0,428,35,97301.0,3,582,1,2,250,71.632
4849,725,25/06/2015,27/06/2015,2,302,306,1,0,428,35,97301.0,3,486,1,2,885,9.328
4850,106,08/09/2015,14/09/2015,3,486,483,0,0,363,45,99301.0,3,566,1,2,1295,5.88
4851,106,08/09/2015,14/09/2015,3,486,483,0,0,363,45,99301.0,3,55,0,5,838,975.92
4852,106,08/09/2015,14/09/2015,3,486,483,0,0,363,45,99301.0,3,481,1,2,887,303.84
4853,106,08/09/2015,14/09/2015,3,486,483,0,0,363,45,99301.0,3,1315,1,14,417,485.88
4854,165,12/12/2015,15/12/2015,2,463,475,0,0,340,3,94601.0,3,295,0,9,576,12.54
4855,165,12/12/2015,15/12/2015,2,463,475,0,0,340,3,94601.0,3,1308,1,14,1657,8.94
4856,165,12/12/2015,15/12/2015,2,463,475,0,0,340,3,94601.0,3,192,0,9,1028,9.24
4857,1272,13/01/2016,17/01/2016,3,584,608,0,0,265,3,90004.0,3,772,1,3,330,70.008
4858,1272,13/01/2016,17/01/2016,3,584,608,0,0,265,3,90004.0,3,197,0,9,673,77.6
4859,1272,13/01/2016,17/01/2016,3,584,608,0,0,265,3,90004.0,3,309,0,9,512,464.85
4860,3468,15/12/2018,19/12/2018,3,713,674,1,0,339,11,60302.0,0,496,1,2,1111,10.192
4861,1691,18/12/2017,24/12/2017,3,302,306,1,0,312,28,7960.0,1,691,1,3,685,1793.98
4862,463,11/04/2015,16/04/2015,2,304,295,2,0,25,41,78745.0,0,1743,2,13,936,758.352
4863,2054,10/11/2017,14/11/2017,3,691,663,1,0,327,30,10011.0,1,685,1,3,406,20.368
4864,2054,10/11/2017,14/11/2017,3,691,663,1,0,327,30,10011.0,1,798,1,3,1624,49.848
4865,4009,26/06/2018,30/06/2018,3,678,713,0,0,327,30,10024.0,1,1720,2,13,1095,239.97
4866,3201,13/11/2018,18/11/2018,3,769,736,0,0,450,45,98103.0,3,67,0,5,768,2404.704
4867,3201,13/11/2018,18/11/2018,3,769,736,0,0,450,45,98103.0,3,707,1,3,683,563.024
4868,3201,13/11/2018,18/11/2018,3,769,736,0,0,450,45,98103.0,3,1325,1,14,1475,344.91
4869,3201,13/11/2018,18/11/2018,3,769,736,0,0,450,45,98103.0,3,966,1,10,242,8.64
4870,3376,24/11/2018,29/11/2018,3,674,694,1,0,241,36,17602.0,1,1806,2,13,344,89.988
4871,3376,24/11/2018,29/11/2018,3,674,694,1,0,241,36,17602.0,1,1066,1,12,1703,229.544
4872,4018,23/05/2018,27/05/2018,3,434,441,0,0,207,41,77095.0,0,911,1,8,1198,1.824
4873,4018,23/05/2018,27/05/2018,3,434,441,0,0,207,41,77095.0,0,413,1,1,51,18.32
4874,4018,23/05/2018,27/05/2018,3,434,441,0,0,207,41,77095.0,0,1364,1,14,1549,48.816
4875,4018,23/05/2018,27/05/2018,3,434,441,0,0,207,41,77095.0,0,716,1,3,1510,1.188
4876,396,02/12/2015,07/12/2015,3,439,424,1,0,94,33,43229.0,1,1490,2,0,912,119.8
4877,4245,03/10/2015,09/10/2015,3,698,675,2,0,128,31,27707.0,2,1303,1,14,124,61.568
4878,4245,03/10/2015,09/10/2015,3,698,675,2,0,128,31,27707.0,2,550,1,2,495,6.192
4879,4514,29/07/2017,31/07/2017,0,614,614,0,0,368,8,32503.0,2,645,1,3,271,2.214
4880,3611,02/11/2018,05/11/2018,2,732,743,1,0,194,15,42420.0,2,898,1,7,981,5.32
4881,3611,02/11/2018,05/11/2018,2,732,743,1,0,194,15,42420.0,2,55,0,5,838,975.92
4882,3611,02/11/2018,05/11/2018,2,732,743,1,0,194,15,42420.0,2,1574,2,0,1019,2249.91
4883,3611,02/11/2018,05/11/2018,2,732,743,1,0,194,15,42420.0,2,1349,1,14,1519,59.92
4884,2844,08/03/2018,15/03/2018,3,31,13,0,0,9,3,92804.0,3,793,1,3,780,171.2
4885,2844,08/03/2018,15/03/2018,3,31,13,0,0,9,3,92804.0,3,540,1,2,1129,3.36
4886,591,16/12/2015,20/12/2015,3,677,711,1,0,123,20,48227.0,0,1062,1,12,1714,114.2
4887,2644,28/11/2017,01/12/2017,2,639,621,1,0,279,9,30062.0,2,123,0,5,763,182.67
4888,2644,28/11/2017,01/12/2017,2,639,621,1,0,279,9,30062.0,2,1559,2,0,960,101.7
4889,2644,28/11/2017,01/12/2017,2,639,621,1,0,279,9,30062.0,2,1411,1,14,1555,1126.02
4890,2644,28/11/2017,01/12/2017,2,639,621,1,0,279,9,30062.0,2,1401,1,14,14,1263.3
4891,2209,23/12/2017,30/12/2017,3,257,249,1,0,450,45,98103.0,3,513,1,2,1122,8.82
4892,2209,23/12/2017,30/12/2017,3,257,249,1,0,450,45,98103.0,3,1097,1,12,464,37.94
4893,2209,23/12/2017,30/12/2017,3,257,249,1,0,450,45,98103.0,3,512,1,2,1409,4.2
4894,2209,23/12/2017,30/12/2017,3,257,249,1,0,450,45,98103.0,3,1377,1,14,1363,227.28
4895,2209,23/12/2017,30/12/2017,3,257,249,1,0,450,45,98103.0,3,1259,1,12,1695,47.9
4896,2209,23/12/2017,30/12/2017,3,257,249,1,0,450,45,98103.0,3,897,1,7,1492,61.96
4897,2209,23/12/2017,30/12/2017,3,257,249,1,0,450,45,98103.0,3,1392,1,14,1556,1117.92
4898,4176,15/10/2015,17/10/2015,0,14,43,0,0,361,33,44134.0,1,109,0,5,755,183.372
4899,4176,15/10/2015,17/10/2015,0,14,43,0,0,361,33,44134.0,1,1158,1,12,1679,7.968
4900,2135,22/08/2017,27/08/2017,3,688,696,0,0,181,35,97030.0,3,640,1,3,688,26.352
4901,3156,17/12/2018,21/12/2018,3,123,152,1,0,9,3,92804.0,3,1347,1,14,904,481.32
4902,3156,17/12/2018,21/12/2018,3,123,152,1,0,9,3,92804.0,3,1439,1,15,670,13.98
4903,2976,07/03/2018,12/03/2018,3,692,691,0,0,327,30,10035.0,1,782,1,3,23,25.92
4904,2976,07/03/2018,12/03/2018,3,692,691,0,0,327,30,10035.0,1,990,1,10,178,91.59
4905,4264,01/12/2015,03/12/2015,2,490,505,1,0,207,41,77070.0,0,108,0,5,831,674.058
4906,4222,14/10/2015,16/10/2015,2,354,372,1,0,96,27,3301.0,1,775,1,3,258,22.92
4907,4222,14/10/2015,16/10/2015,2,354,372,1,0,96,27,3301.0,1,1340,1,14,632,269.9
4908,413,18/11/2015,23/11/2015,2,537,500,0,0,147,33,45014.0,1,709,1,3,1307,11.808
4909,413,18/11/2015,23/11/2015,2,537,500,0,0,147,33,45014.0,1,1852,2,13,1224,9.588
4910,3299,14/01/2018,18/01/2018,3,88,113,0,0,219,40,37604.0,2,855,1,7,5,18.336
4911,3299,14/01/2018,18/01/2018,3,88,113,0,0,219,40,37604.0,2,1014,1,12,1717,36.288
4912,3299,14/01/2018,18/01/2018,3,88,113,0,0,219,40,37604.0,2,1746,2,13,1843,111.984
4913,3299,14/01/2018,18/01/2018,3,88,113,0,0,219,40,37604.0,2,719,1,3,900,5.97
4914,3299,14/01/2018,18/01/2018,3,88,113,0,0,219,40,37604.0,2,791,1,3,240,2.508
4915,1577,24/09/2016,26/09/2016,2,498,513,0,0,450,45,98105.0,3,610,1,2,279,35.96
4916,1577,24/09/2016,26/09/2016,2,498,513,0,0,450,45,98105.0,3,678,1,3,256,14.952
4917,3999,09/10/2018,11/10/2018,2,484,485,0,0,250,41,77573.0,0,617,1,2,375,67.144
4918,3999,09/10/2018,11/10/2018,2,484,485,0,0,250,41,77573.0,0,75,0,5,840,254.058
4919,2596,02/01/2017,07/01/2017,3,91,104,1,0,161,18,20877.0,1,47,0,4,390,173.94
4920,2596,02/01/2017,07/01/2017,3,91,104,1,0,161,18,20877.0,1,1694,2,13,723,231.98
4921,2793,19/08/2018,23/08/2018,3,675,703,0,0,80,11,60653.0,0,734,1,3,329,2.296
4922,3031,25/12/2018,29/12/2018,2,515,539,2,0,209,0,35810.0,2,1263,1,12,12,96.08
4923,3031,25/12/2018,29/12/2018,2,515,539,2,0,209,0,35810.0,2,931,1,8,161,3.62
4924,3031,25/12/2018,29/12/2018,2,515,539,2,0,209,0,35810.0,2,1080,1,12,1699,629.1
4925,3031,25/12/2018,29/12/2018,2,515,539,2,0,209,0,35810.0,2,1792,2,13,39,90.48
4926,3280,10/09/2018,13/09/2018,0,45,22,1,0,247,19,1841.0,1,576,1,2,539,14.88
4927,3095,19/10/2018,23/10/2018,3,529,498,0,0,80,11,60623.0,0,351,0,16,976,91.275
4928,3602,01/12/2018,06/12/2018,3,15,11,2,0,147,5,6824.0,1,1145,1,12,1809,19.44
4929,3602,01/12/2018,06/12/2018,3,15,11,2,0,147,5,6824.0,1,50,0,5,739,897.15
4930,4209,02/09/2015,03/09/2015,0,423,421,0,0,327,30,10009.0,1,492,1,2,1130,57.75
4931,4209,02/09/2015,03/09/2015,0,423,421,0,0,327,30,10009.0,1,1042,1,12,537,14.94
4932,3613,25/03/2018,30/03/2018,3,286,279,1,0,450,45,98103.0,3,518,1,2,1113,23.1
4933,871,28/09/2016,04/10/2016,3,791,791,0,0,24,4,80013.0,3,896,1,7,3,12.536
4934,871,28/09/2016,04/10/2016,3,791,791,0,0,24,4,80013.0,3,720,1,3,1628,1.08
4935,871,28/09/2016,04/10/2016,3,791,791,0,0,24,4,80013.0,3,930,1,8,1498,4.512
4936,1502,15/03/2016,21/03/2016,3,442,418,1,0,252,42,84043.0,3,1804,2,13,1451,16.776
4937,3755,06/01/2018,13/01/2018,3,232,224,2,0,489,0,35401.0,2,835,1,3,1641,33.74
4938,655,13/01/2015,18/01/2015,3,70,106,0,0,436,3,94109.0,3,1293,1,14,1548,1325.85
4939,655,13/01/2015,18/01/2015,3,70,106,0,0,436,3,94109.0,3,26,0,4,1186,333.999
4940,655,13/01/2015,18/01/2015,3,70,106,0,0,436,3,94109.0,3,585,1,2,28,19.9
4941,1520,06/02/2016,13/02/2016,3,336,338,0,0,519,6,19805.0,1,72,0,5,1201,1268.82
4942,1520,06/02/2016,13/02/2016,3,336,338,0,0,519,6,19805.0,1,21,0,4,845,283.92
4943,1520,06/02/2016,13/02/2016,3,336,338,0,0,519,6,19805.0,1,501,1,2,1371,5.68
4944,2898,21/12/2018,27/12/2018,3,468,471,0,0,233,12,47905.0,0,1411,1,14,1555,375.34
4945,2449,05/09/2017,06/09/2017,0,371,397,0,0,399,3,90278.0,3,1263,1,12,12,96.08
4946,2449,05/09/2017,06/09/2017,0,371,397,0,0,399,3,90278.0,3,638,1,3,146,11.68
4947,2449,05/09/2017,06/09/2017,0,371,397,0,0,399,3,90278.0,3,904,1,8,122,4.36
4948,29,04/10/2015,09/10/2015,3,350,399,0,0,450,45,98115.0,3,979,1,10,229,29.24
4949,2905,27/11/2018,02/12/2018,3,67,87,0,0,265,3,90045.0,3,718,1,3,1301,117.488
4950,2905,27/11/2018,02/12/2018,3,67,87,0,0,265,3,90045.0,3,163,0,9,546,18.84
4951,2061,28/10/2017,01/11/2017,2,220,220,0,0,327,30,10009.0,1,618,1,2,276,12.42
4952,1358,09/06/2016,13/06/2016,3,555,559,0,0,419,20,48073.0,0,1038,1,12,1786,12.96
4953,3103,08/12/2018,12/12/2018,2,54,14,1,0,436,3,94109.0,3,432,1,1,301,69.48
4954,1483,16/03/2016,20/03/2016,3,541,530,1,0,327,30,10009.0,1,1726,2,13,1273,85.9
4955,691,09/06/2015,13/06/2015,2,762,745,1,0,336,26,89031.0,3,550,1,2,495,18.06
4956,691,09/06/2015,13/06/2015,2,762,745,1,0,336,26,89031.0,3,1223,1,12,1692,79.14
4957,691,09/06/2015,13/06/2015,2,762,745,1,0,336,26,89031.0,3,233,0,9,618,37.4
4958,1134,20/03/2016,26/03/2016,3,380,380,0,0,67,41,75007.0,0,690,1,3,708,2.512
4959,1134,20/03/2016,26/03/2016,3,380,380,0,0,67,41,75007.0,0,935,1,8,1498,18.864
4960,2694,18/11/2017,22/11/2017,3,745,766,2,0,265,3,90008.0,3,1805,2,13,777,61.192
4961,2694,18/11/2017,22/11/2017,3,745,766,2,0,265,3,90008.0,3,436,1,1,639,67.84
4962,650,07/03/2015,08/03/2015,0,4,0,0,0,450,45,98103.0,3,123,0,5,763,48.712
4963,650,07/03/2015,08/03/2015,0,4,0,0,0,450,45,98103.0,3,517,1,2,1137,17.94
4964,650,07/03/2015,08/03/2015,0,4,0,0,0,450,45,98103.0,3,1365,1,14,416,242.94
4965,2298,15/05/2017,19/05/2017,2,229,198,0,0,153,8,33311.0,2,649,1,3,690,7.764
4966,898,25/05/2016,28/05/2016,2,185,181,1,0,93,40,38401.0,2,1747,2,13,1619,467.04
4967,1073,02/08/2016,05/08/2016,2,77,96,2,0,388,37,2908.0,1,1726,2,13,1273,128.85
4968,1073,02/08/2016,05/08/2016,2,77,96,2,0,388,37,2908.0,1,1098,1,12,920,8.4
4969,1073,02/08/2016,05/08/2016,2,77,96,2,0,388,37,2908.0,1,1585,2,0,1004,199.98
4970,1073,02/08/2016,05/08/2016,2,77,96,2,0,388,37,2908.0,1,78,0,5,1212,110.98
4971,4583,06/11/2017,09/11/2017,0,433,435,1,0,216,8,32216.0,2,56,0,5,813,207.984
4972,4583,06/11/2017,09/11/2017,0,433,435,1,0,216,8,32216.0,2,1169,1,12,597,36.112
4973,4583,06/11/2017,09/11/2017,0,433,435,1,0,216,8,32216.0,2,289,0,9,620,35.568
4974,4583,06/11/2017,09/11/2017,0,433,435,1,0,216,8,32216.0,2,1248,1,12,538,88.768
4975,2675,07/11/2017,12/11/2017,3,610,601,2,0,341,3,92054.0,3,1160,1,12,1645,12.9
4976,1329,18/09/2016,23/09/2016,2,404,412,1,0,216,8,32216.0,2,1553,2,0,598,717.12
4977,1616,07/12/2016,09/12/2016,0,31,13,0,0,327,30,10024.0,1,673,1,3,1306,21.36
4978,1616,07/12/2016,09/12/2016,0,31,13,0,0,327,30,10024.0,1,791,1,3,240,6.688
4979,1616,07/12/2016,09/12/2016,0,31,13,0,0,327,30,10024.0,1,1718,2,13,524,773.94
4980,4510,09/12/2017,13/12/2017,2,661,640,1,0,80,11,60610.0,0,1432,1,15,94,20.568
4981,4510,09/12/2017,13/12/2017,2,661,640,1,0,80,11,60610.0,0,457,1,1,294,4.356
4982,4510,09/12/2017,13/12/2017,2,661,640,1,0,80,11,60610.0,0,1462,2,0,962,19.04
4983,688,16/11/2015,22/11/2015,3,28,4,1,0,208,3,92646.0,3,957,1,10,1256,5.22
4984,1815,06/11/2017,10/11/2017,2,338,336,0,0,435,3,92105.0,3,1390,1,14,581,84.84
4985,1563,06/09/2016,10/09/2016,3,150,182,1,0,321,40,37211.0,2,931,1,8,161,7.24
4986,298,03/09/2015,03/09/2015,1,21,25,0,0,327,30,10009.0,1,960,1,10,224,14.4
4987,2416,24/04/2017,28/04/2017,3,153,178,2,0,92,4,80906.0,3,1218,1,12,1822,15.552
4988,2416,24/04/2017,28/04/2017,3,153,178,2,0,92,4,80906.0,3,121,0,5,1362,1325.76
4989,2416,24/04/2017,28/04/2017,3,153,178,2,0,92,4,80906.0,3,803,1,3,1634,3.108
4990,2913,31/08/2018,04/09/2018,3,61,61,2,0,436,3,94110.0,3,802,1,3,81,6.672
4991,2913,31/08/2018,04/09/2018,3,61,61,2,0,436,3,94110.0,3,1758,2,13,48,689.408
4992,4745,07/12/2018,13/12/2018,3,322,329,1,0,80,11,60653.0,0,682,1,3,894,1889.99
4993,1465,18/12/2016,25/12/2016,3,625,641,1,0,287,40,38109.0,2,847,1,7,4,55.936
4994,1465,18/12/2016,25/12/2016,3,625,641,1,0,287,40,38109.0,2,998,1,10,216,18.432
4995,1465,18/12/2016,25/12/2016,3,625,641,1,0,287,40,38109.0,2,144,0,9,1045,20.32
4996,389,04/11/2015,10/11/2015,3,729,667,2,0,327,30,10011.0,1,671,1,3,61,52.064
4997,3851,10/03/2018,15/03/2018,3,442,418,1,0,392,31,27604.0,2,386,1,1,612,48.784
4998,3851,10/03/2018,15/03/2018,3,442,418,1,0,392,31,27604.0,2,636,1,3,801,13.092
4999,2112,31/01/2017,04/02/2017,3,668,668,2,0,265,3,90045.0,3,1832,2,13,38,109.592
5000,2112,31/01/2017,04/02/2017,3,668,668,2,0,265,3,90045.0,3,1187,1,12,537,56.7
5001,3927,07/05/2018,12/05/2018,3,5,3,2,0,265,3,90004.0,3,1475,2,0,1002,79.99
5002,2213,24/05/2017,24/05/2017,1,261,273,2,0,329,44,23602.0,2,1424,1,15,91,69.5
5003,2213,24/05/2017,24/05/2017,1,261,273,2,0,329,44,23602.0,2,1259,1,12,1695,191.6
5004,2506,07/10/2017,12/10/2017,3,133,163,0,0,265,3,90032.0,3,1023,1,12,162,10.56
5005,643,30/04/2015,02/05/2015,2,753,732,0,0,215,22,39212.0,2,1532,2,0,1054,47.79
5006,1548,10/11/2016,14/11/2016,2,677,711,1,0,405,12,47374.0,0,1387,1,14,978,714.3
5007,1665,09/11/2016,14/11/2016,3,244,214,2,0,327,30,10035.0,1,1616,2,11,1839,2321.9
5008,1665,09/11/2016,14/11/2016,3,244,214,2,0,327,30,10035.0,1,1344,1,14,1255,17.94
5009,822,07/09/2016,14/09/2016,3,470,467,1,0,372,36,19134.0,1,837,1,3,721,9.522
5010,822,07/09/2016,14/09/2016,3,470,467,1,0,372,36,19134.0,1,1783,2,13,1389,791.964
5011,822,07/09/2016,14/09/2016,3,470,467,1,0,372,36,19134.0,1,669,1,3,147,4.923
5012,4813,11/05/2018,13/05/2018,0,764,756,1,0,373,1,85023.0,3,44,0,4,316,209.979
5013,4886,21/07/2018,26/07/2018,3,726,688,2,0,86,33,44105.0,1,705,1,3,1601,33.93
5014,4886,21/07/2018,26/07/2018,3,726,688,2,0,86,33,44105.0,1,1296,1,14,979,222.32
5015,4886,21/07/2018,26/07/2018,3,726,688,2,0,86,33,44105.0,1,1841,2,13,523,210.564
5016,617,24/11/2015,29/11/2015,3,749,738,0,0,483,33,43615.0,1,242,0,9,548,35.168
5017,617,24/11/2015,29/11/2015,3,749,738,0,0,483,33,43615.0,1,1778,2,13,1391,1502.376
5018,332,15/11/2015,18/11/2015,0,714,692,0,0,265,3,90008.0,3,226,0,9,545,10.11
5019,332,15/11/2015,18/11/2015,0,714,692,0,0,265,3,90008.0,3,1568,2,0,1024,772.47
5020,332,15/11/2015,18/11/2015,0,714,692,0,0,265,3,90008.0,3,1438,1,15,85,20.46
5021,3475,23/03/2018,25/03/2018,2,551,499,1,0,327,30,10011.0,1,1443,1,15,1299,347.58
5022,2181,18/12/2017,24/12/2017,3,353,363,0,0,435,3,92037.0,3,1496,2,0,1400,72.64
5023,2181,18/12/2017,24/12/2017,3,353,363,0,0,435,3,92037.0,3,1568,2,0,1024,772.47
5024,2181,18/12/2017,24/12/2017,3,353,363,0,0,435,3,92037.0,3,269,0,9,571,39.92
5025,4778,29/07/2018,03/08/2018,3,640,647,0,0,343,34,73120.0,0,840,1,3,696,33.48
5026,4778,29/07/2018,03/08/2018,3,640,647,0,0,343,34,73120.0,0,1795,2,13,1167,461.97
5027,4778,29/07/2018,03/08/2018,3,640,647,0,0,343,34,73120.0,0,421,1,1,821,137.62
5028,4778,29/07/2018,03/08/2018,3,640,647,0,0,343,34,73120.0,0,126,0,5,1211,302.67
5029,594,02/09/2015,07/09/2015,2,182,151,0,0,80,11,60653.0,0,1502,2,0,1017,239.976
5030,3520,29/01/2018,02/02/2018,3,778,783,0,0,436,3,94109.0,3,509,1,2,1146,8.34
5031,3520,29/01/2018,02/02/2018,3,778,783,0,0,436,3,94109.0,3,1432,1,15,94,8.57
5032,3520,29/01/2018,02/02/2018,3,778,783,0,0,436,3,94109.0,3,740,1,3,448,119.616
5033,2508,26/12/2017,02/01/2018,3,65,102,1,0,497,28,8360.0,1,115,0,5,1173,212.94
5034,2508,26/12/2017,02/01/2018,3,65,102,1,0,497,28,8360.0,1,435,1,1,631,26.49
5035,834,09/08/2016,13/08/2016,2,331,316,2,0,297,47,53209.0,0,45,0,4,1184,687.4
5036,787,06/04/2015,12/04/2015,3,671,682,1,0,450,45,98115.0,3,321,0,16,426,653.55
5037,787,06/04/2015,12/04/2015,3,671,682,1,0,450,45,98115.0,3,1559,2,0,960,33.9
5038,3569,17/11/2018,21/11/2018,2,256,258,0,0,319,11,60540.0,0,1563,2,0,1021,239.96
5039,1257,11/07/2016,12/07/2016,0,764,756,1,0,519,6,19805.0,1,327,0,16,977,199.836
5040,1257,11/07/2016,12/07/2016,0,764,756,1,0,519,6,19805.0,1,1741,2,13,1620,716.0
5041,1257,11/07/2016,12/07/2016,0,764,756,1,0,519,6,19805.0,1,824,1,3,1576,221.06
5042,2566,10/11/2017,13/11/2017,2,35,56,0,0,265,3,90036.0,3,1169,1,12,597,67.71
5043,2566,10/11/2017,13/11/2017,2,35,56,0,0,265,3,90036.0,3,377,1,1,307,129.92
5044,2566,10/11/2017,13/11/2017,2,35,56,0,0,265,3,90036.0,3,170,0,9,874,467.46
5045,2566,10/11/2017,13/11/2017,2,35,56,0,0,265,3,90036.0,3,1100,1,12,1719,61.4
5046,2566,10/11/2017,13/11/2017,2,35,56,0,0,265,3,90036.0,3,1343,1,14,1489,720.76
5047,2566,10/11/2017,13/11/2017,2,35,56,0,0,265,3,90036.0,3,833,1,3,1249,5.184
5048,2566,10/11/2017,13/11/2017,2,35,56,0,0,265,3,90036.0,3,511,1,2,1145,14.7
5049,4130,31/03/2015,04/04/2015,3,201,236,0,0,80,11,60610.0,0,723,1,3,638,8.134
5050,4130,31/03/2015,04/04/2015,3,201,236,0,0,80,11,60610.0,0,1598,2,0,954,79.984
5051,1442,18/09/2016,24/09/2016,3,5,3,2,0,121,45,98198.0,3,1125,1,12,1651,18.54
5052,1232,07/11/2016,11/11/2016,3,414,414,1,0,372,36,19140.0,1,848,1,7,1617,24.4
5053,4739,19/05/2018,19/05/2018,1,346,383,0,0,21,9,30318.0,2,1204,1,12,1567,195.64
5054,1316,03/01/2016,08/01/2016,2,32,30,0,0,109,41,75217.0,0,1553,2,0,598,398.4
5055,1316,03/01/2016,08/01/2016,2,32,30,0,0,109,41,75217.0,0,513,1,2,1122,7.056
5056,1316,03/01/2016,08/01/2016,2,32,30,0,0,109,41,75217.0,0,28,0,4,1189,1352.3976
5057,1580,08/09/2016,11/09/2016,0,569,566,0,0,310,3,92553.0,3,1177,1,12,1713,26.4
5058,1580,08/09/2016,11/09/2016,0,569,566,0,0,310,3,92553.0,3,1371,1,14,586,41.88
5059,1986,03/04/2017,07/04/2017,3,172,128,0,0,372,36,19140.0,1,818,1,3,718,99.846
5060,1808,05/12/2017,07/12/2017,2,756,740,0,0,165,15,40324.0,2,1697,2,13,1390,699.98
5061,1808,05/12/2017,07/12/2017,2,756,740,0,0,165,15,40324.0,2,1292,1,14,633,584.82
5062,1262,08/05/2016,12/05/2016,3,218,193,0,0,298,21,55407.0,0,784,1,3,1638,43.98
5063,1262,08/05/2016,12/05/2016,3,218,193,0,0,298,21,55407.0,0,1693,2,13,1593,377.97
5064,1262,08/05/2016,12/05/2016,3,218,193,0,0,298,21,55407.0,0,162,0,9,513,123.96
5065,3197,22/09/2018,24/09/2018,0,122,149,0,0,519,6,19805.0,1,1860,2,13,724,391.98
5066,3578,30/11/2018,07/12/2018,3,673,690,0,0,60,31,27217.0,2,1513,2,0,1013,383.976
5067,3578,30/11/2018,07/12/2018,3,673,690,0,0,60,31,27217.0,2,336,0,16,376,1781.682
5068,3947,15/01/2018,19/01/2018,3,772,761,2,0,265,3,90008.0,3,584,1,2,1155,21.4
5069,284,08/08/2015,12/08/2015,3,482,502,2,0,485,20,48183.0,0,1604,2,6,1444,549.99
5070,284,08/08/2015,12/08/2015,3,482,502,2,0,485,20,48183.0,0,427,1,1,80,167.535
5071,284,08/08/2015,12/08/2015,3,482,502,2,0,485,20,48183.0,0,868,1,7,772,38.34
5072,284,08/08/2015,12/08/2015,3,482,502,2,0,485,20,48183.0,0,210,0,9,1176,53.88
5073,284,08/08/2015,12/08/2015,3,482,502,2,0,485,20,48183.0,0,1712,2,13,1097,299.98
5074,1377,05/11/2016,05/11/2016,1,395,411,0,0,436,3,94109.0,3,1311,1,14,796,62.8
5075,3759,25/04/2018,29/04/2018,2,485,537,0,0,265,3,90049.0,3,726,1,3,413,13.904
5076,422,20/04/2015,22/04/2015,2,720,689,0,0,207,41,77070.0,0,331,0,16,377,744.1
5077,422,20/04/2015,22/04/2015,2,720,689,0,0,207,41,77070.0,0,1413,1,14,1261,44.84
5078,422,20/04/2015,22/04/2015,2,720,689,0,0,207,41,77070.0,0,368,0,16,1349,401.59
5079,3601,11/11/2018,17/11/2018,3,142,134,2,0,297,47,53209.0,0,757,1,3,1309,18.24
5080,4793,25/11/2018,29/11/2018,3,68,99,0,0,436,3,94122.0,3,18,0,4,1427,359.499
5081,4793,25/11/2018,29/11/2018,3,68,99,0,0,436,3,94122.0,3,1335,1,14,1504,10.48
5082,4351,18/12/2016,18/12/2016,1,379,374,2,0,86,33,44105.0,1,1218,1,12,1822,20.736
5083,2507,08/09/2017,12/09/2017,3,392,370,0,0,306,31,28110.0,2,1576,2,0,1067,35.168
5084,2507,08/09/2017,12/09/2017,3,392,370,0,0,306,31,28110.0,2,1052,1,12,1262,64.704
5085,1786,06/06/2017,09/06/2017,2,670,680,1,0,268,19,1852.0,1,1225,1,12,1721,105.52
5086,1363,19/06/2016,23/06/2016,3,497,486,2,0,109,41,75081.0,0,680,1,3,719,5.792
5087,886,05/03/2016,09/03/2016,3,439,424,1,0,372,36,19120.0,1,1698,2,13,1386,466.158
5088,886,05/03/2016,09/03/2016,3,439,424,1,0,372,36,19120.0,1,1485,2,0,1458,10.312
5089,886,05/03/2016,09/03/2016,3,439,424,1,0,372,36,19120.0,1,777,1,3,267,2.556
5090,3404,04/08/2018,07/08/2018,0,328,322,1,0,267,4,80538.0,3,1123,1,12,794,7.968
5091,3404,04/08/2018,07/08/2018,0,328,322,1,0,267,4,80538.0,3,854,1,7,1041,8.784
5092,3865,30/12/2018,03/01/2019,3,392,370,0,0,267,4,80538.0,3,934,1,8,283,3.024
5093,1020,23/05/2016,27/05/2016,3,432,444,1,0,524,37,2895.0,1,1412,1,14,125,51.45
5094,4213,06/12/2015,10/12/2015,3,89,83,0,0,80,11,60610.0,0,458,1,1,336,14.016
5095,4213,06/12/2015,10/12/2015,3,89,83,0,0,80,11,60610.0,0,361,0,16,941,214.95
5096,4213,06/12/2015,10/12/2015,3,89,83,0,0,80,11,60610.0,0,1688,2,13,1446,35.04
5097,4213,06/12/2015,10/12/2015,3,89,83,0,0,80,11,60610.0,0,210,0,9,1176,10.776
5098,4213,06/12/2015,10/12/2015,3,89,83,0,0,80,11,60610.0,0,842,1,3,892,4.6
5099,4213,06/12/2015,10/12/2015,3,89,83,0,0,80,11,60610.0,0,1370,1,14,1351,35.168
5100,1324,07/08/2016,12/08/2016,3,601,583,2,0,27,3,93309.0,3,729,1,3,409,19.152
5101,671,17/03/2015,17/03/2015,1,63,49,0,0,109,41,75217.0,0,594,1,2,1140,4.448
5102,671,17/03/2015,17/03/2015,1,63,49,0,0,109,41,75217.0,0,1156,1,12,1754,5.184
5103,671,17/03/2015,17/03/2015,1,63,49,0,0,109,41,75217.0,0,1167,1,12,1755,15.552
5104,1638,26/03/2016,30/03/2016,2,305,298,0,0,372,36,19140.0,1,1141,1,12,1468,40.032
5105,1638,26/03/2016,30/03/2016,2,305,298,0,0,372,36,19140.0,1,1587,2,0,1598,16.776
5106,202,14/12/2015,20/12/2015,3,93,118,0,0,119,8,32725.0,2,91,0,5,905,186.304
5107,1397,19/09/2016,26/09/2016,3,565,572,1,0,94,9,31907.0,2,1473,2,0,952,66.36
5108,3390,25/04/2018,26/04/2018,0,601,583,2,0,321,40,37211.0,2,612,1,2,1117,42.048
5109,3390,25/04/2018,26/04/2018,0,601,583,2,0,321,40,37211.0,2,539,1,2,1490,67.92
5110,457,18/10/2015,22/10/2015,3,257,249,1,0,372,36,19134.0,1,856,1,7,1614,52.512
5111,457,18/10/2015,22/10/2015,3,257,249,1,0,372,36,19134.0,1,1393,1,14,556,186.912
5112,457,18/10/2015,22/10/2015,3,257,249,1,0,372,36,19134.0,1,1197,1,12,104,10.048
5113,1466,13/11/2016,13/11/2016,1,316,325,0,0,80,11,60610.0,0,171,0,9,578,17.496
5114,2399,31/01/2017,02/02/2017,2,7,9,0,0,109,41,75220.0,0,1240,1,12,1785,15.552
5115,2440,17/11/2017,22/11/2017,3,536,489,0,0,65,29,88220.0,3,807,1,3,259,10.776
5116,3264,25/07/2018,29/07/2018,3,201,236,0,0,372,36,19134.0,1,1001,1,10,199,3.304
5117,3820,11/11/2018,17/11/2018,3,542,519,0,0,327,30,10009.0,1,1388,1,14,309,35.48
5118,1126,26/09/2016,03/10/2016,3,305,298,0,0,341,30,11572.0,1,941,1,8,1600,34.44
5119,1126,26/09/2016,03/10/2016,3,305,298,0,0,341,30,11572.0,1,1645,2,11,164,629.93
5120,1126,26/09/2016,03/10/2016,3,305,298,0,0,341,30,11572.0,1,640,1,3,688,79.056
5121,574,04/04/2015,08/04/2015,3,417,437,1,0,233,16,70506.0,2,1406,1,14,1376,232.55
5122,574,04/04/2015,08/04/2015,3,417,437,1,0,233,16,70506.0,2,1542,2,0,1016,99.98
5123,574,04/04/2015,08/04/2015,3,417,437,1,0,233,16,70506.0,2,1232,1,12,1803,19.44
5124,574,04/04/2015,08/04/2015,3,417,437,1,0,233,16,70506.0,2,1156,1,12,1754,12.96
5125,694,14/09/2015,14/09/2015,1,223,199,0,0,327,30,10009.0,1,323,0,16,941,464.292
5126,694,14/09/2015,14/09/2015,1,223,199,0,0,327,30,10009.0,1,852,1,7,1492,68.46
5127,694,14/09/2015,14/09/2015,1,223,199,0,0,327,30,10009.0,1,1665,2,11,165,2799.96
5128,694,14/09/2015,14/09/2015,1,223,199,0,0,327,30,10009.0,1,439,1,1,858,601.3
5129,694,14/09/2015,14/09/2015,1,223,199,0,0,327,30,10009.0,1,1728,2,13,1479,16.99
5130,694,14/09/2015,14/09/2015,1,223,199,0,0,327,30,10009.0,1,1696,2,13,1603,287.97
5131,694,14/09/2015,14/09/2015,1,223,199,0,0,327,30,10009.0,1,1029,1,12,1769,44.82
5132,3679,29/12/2018,05/01/2019,3,101,78,1,0,9,3,92804.0,3,225,0,9,1175,101.12
5133,1082,21/06/2016,27/06/2016,3,275,259,0,0,119,8,32725.0,2,1742,2,13,922,107.976
5134,3844,26/11/2018,30/11/2018,3,282,282,2,0,327,30,10009.0,1,414,1,1,338,58.73
5135,3844,26/11/2018,30/11/2018,3,282,282,2,0,327,30,10009.0,1,772,1,3,330,93.344
5136,2448,23/10/2017,28/10/2017,3,9,16,2,0,450,45,98103.0,3,928,1,8,126,17.05
5137,1393,14/12/2016,19/12/2016,3,630,630,0,0,435,3,92105.0,3,738,1,3,1639,8.096
5138,2109,13/11/2017,17/11/2017,3,765,760,1,0,343,34,73120.0,0,247,0,9,1049,30.36
5139,3321,29/09/2018,05/10/2018,3,339,396,0,0,314,30,10550.0,1,863,1,7,1492,23.34
5140,3321,29/09/2018,05/10/2018,3,339,396,0,0,314,30,10550.0,1,1288,1,12,1478,51.55
5141,1494,08/11/2016,12/11/2016,3,727,695,0,0,436,3,94109.0,3,1510,2,0,1085,119.9
5142,1833,01/04/2017,05/04/2017,3,290,286,0,0,327,30,10009.0,1,55,0,5,838,1317.492
5143,1833,01/04/2017,05/04/2017,3,290,286,0,0,327,30,10009.0,1,1425,1,15,1495,63.84
5144,1833,01/04/2017,05/04/2017,3,290,286,0,0,327,30,10009.0,1,807,1,3,259,3.592
5145,3959,02/02/2018,07/02/2018,3,387,387,0,0,265,3,90045.0,3,245,0,9,873,86.26
5146,3959,02/02/2018,07/02/2018,3,387,387,0,0,265,3,90045.0,3,1302,1,14,1102,139.04
5147,3959,02/02/2018,07/02/2018,3,387,387,0,0,265,3,90045.0,3,382,1,1,800,46.8
5148,3328,24/12/2018,31/12/2018,3,384,343,2,0,72,1,85224.0,3,193,0,9,103,8.544
5149,3328,24/12/2018,31/12/2018,3,384,343,2,0,72,1,85224.0,3,69,0,5,757,842.376
5150,500,21/06/2015,21/06/2015,1,365,342,0,0,261,30,11561.0,1,1731,2,13,1288,1214.85
5151,3254,06/03/2018,10/03/2018,2,691,663,1,0,436,3,94109.0,3,1312,1,14,664,67.78
5152,4121,25/09/2018,28/09/2018,0,473,478,1,0,192,24,59601.0,3,1366,1,14,927,39.9
5153,4174,30/06/2015,06/07/2015,3,171,122,0,0,327,30,10011.0,1,827,1,3,412,2.688
5154,4174,30/06/2015,06/07/2015,3,171,122,0,0,327,30,10011.0,1,502,1,2,1413,6.6
5155,4325,07/08/2016,08/08/2016,0,446,436,0,0,226,23,63122.0,0,730,1,3,1632,28.4
5156,4325,07/08/2016,08/08/2016,0,446,436,0,0,226,23,63122.0,0,150,0,9,1546,212.94
5157,3995,30/06/2018,04/07/2018,2,298,292,2,0,80,11,60653.0,0,1778,2,13,1391,1001.584
5158,3995,30/06/2018,04/07/2018,2,298,292,2,0,80,11,60653.0,0,52,0,5,747,569.058
5159,3995,30/06/2018,04/07/2018,2,298,292,2,0,80,11,60653.0,0,272,0,9,1439,14.224
5160,1514,26/10/2016,30/10/2016,2,22,32,1,0,369,1,85345.0,3,1736,2,13,1240,105.584
5161,1514,26/10/2016,30/10/2016,2,22,32,1,0,369,1,85345.0,3,1726,2,13,1273,68.72
5162,147,30/07/2015,05/08/2015,3,765,760,1,0,450,45,98103.0,3,25,0,4,1360,1367.84
5163,1906,18/11/2017,23/11/2017,2,38,62,0,0,472,20,48180.0,0,63,0,5,1172,301.96
5164,1572,06/07/2016,11/07/2016,3,695,679,0,0,362,3,91104.0,3,115,0,5,1173,170.352
5165,246,10/11/2015,16/11/2015,3,667,666,0,0,295,20,48640.0,0,506,1,2,249,3.9
5166,246,10/11/2015,16/11/2015,3,667,666,0,0,295,20,48640.0,0,1021,1,12,1780,12.84
5167,246,10/11/2015,16/11/2015,3,667,666,0,0,295,20,48640.0,0,1171,1,12,1830,15.84
5168,246,10/11/2015,16/11/2015,3,667,666,0,0,295,20,48640.0,0,135,0,5,841,563.94
5169,246,10/11/2015,16/11/2015,3,667,666,0,0,295,20,48640.0,0,1417,1,14,70,62.94
5170,246,10/11/2015,16/11/2015,3,667,666,0,0,295,20,48640.0,0,1342,1,14,871,535.41
5171,2013,27/05/2017,29/05/2017,2,447,450,1,0,123,20,48205.0,0,80,0,5,785,3504.9
5172,2013,27/05/2017,29/05/2017,2,447,450,1,0,123,20,48205.0,0,1126,1,12,1694,144.12
5173,2013,27/05/2017,29/05/2017,2,447,450,1,0,123,20,48205.0,0,1080,1,12,1699,314.55
5174,877,08/03/2016,10/03/2016,0,281,287,1,0,390,4,81001.0,3,552,1,2,527,3.408
5175,2894,19/10/2018,24/10/2018,3,122,149,0,0,500,41,76706.0,0,748,1,3,1450,2.072
5176,2894,19/10/2018,24/10/2018,3,122,149,0,0,500,41,76706.0,0,42,0,4,1361,328.3992
5177,2411,05/11/2017,08/11/2017,0,371,397,0,0,436,3,94109.0,3,725,1,3,712,53.248
5178,2014,26/12/2017,30/12/2017,3,37,52,1,0,327,30,10024.0,1,843,1,3,1356,4.992
5179,4315,13/04/2016,19/04/2016,3,111,92,1,0,265,3,90036.0,3,317,0,9,671,37.68
5180,4315,13/04/2016,19/04/2016,3,111,92,1,0,265,3,90036.0,3,1815,2,13,47,258.576
5181,4315,13/04/2016,19/04/2016,3,111,92,1,0,265,3,90036.0,3,472,1,1,26,75.84
5182,2946,12/09/2018,15/09/2018,0,208,232,1,0,524,37,2895.0,1,1232,1,12,1803,45.36
5183,2946,12/09/2018,15/09/2018,0,208,232,1,0,524,37,2895.0,1,786,1,3,136,45.78
5184,4006,24/09/2018,27/09/2018,0,24,44,0,0,94,9,31907.0,2,1321,1,14,640,40.29
5185,4006,24/09/2018,27/09/2018,0,24,44,0,0,94,9,31907.0,2,751,1,3,238,38.71
5186,1227,10/10/2016,15/10/2016,3,348,384,0,0,216,8,32216.0,2,1411,1,14,1555,1801.632
5187,4385,27/11/2016,03/12/2016,3,261,273,2,0,372,36,19140.0,1,1785,2,13,968,748.752
5188,986,13/09/2016,18/09/2016,3,791,791,0,0,94,12,47201.0,0,1492,2,0,420,199.96
5189,986,13/09/2016,18/09/2016,3,791,791,0,0,94,12,47201.0,0,49,0,5,847,1516.2
5190,4804,14/11/2018,18/11/2018,3,788,788,0,0,362,41,77506.0,0,1594,2,0,1592,167.952
5191,4804,14/11/2018,18/11/2018,3,788,788,0,0,362,41,77506.0,0,587,1,2,358,45.04
5192,4824,05/05/2018,09/05/2018,3,212,197,0,0,436,3,94122.0,3,885,1,7,1248,23.16
5193,23,28/11/2015,01/12/2015,2,175,148,1,0,93,38,29203.0,2,270,0,9,558,397.6
5194,23,28/11/2015,01/12/2015,2,175,148,1,0,93,38,29203.0,2,1100,1,12,1719,85.96
5195,23,28/11/2015,01/12/2015,2,175,148,1,0,93,38,29203.0,2,629,1,2,474,13.12
5196,23,28/11/2015,01/12/2015,2,175,148,1,0,93,38,29203.0,2,650,1,3,713,45.66
5197,683,10/05/2015,15/05/2015,3,35,56,0,0,225,45,98031.0,3,858,1,7,1513,158.13
5198,683,10/05/2015,15/05/2015,3,35,56,0,0,225,45,98031.0,3,1824,2,13,966,43.6
5199,1726,03/03/2017,08/03/2017,3,0,20,0,0,418,41,78664.0,0,1419,1,15,812,3930.072
5200,1726,03/03/2017,08/03/2017,3,0,20,0,0,418,41,78664.0,0,916,1,8,55,2.304
5201,1726,03/03/2017,08/03/2017,3,0,20,0,0,418,41,78664.0,0,1705,2,13,1289,431.976
5202,1726,03/03/2017,08/03/2017,3,0,20,0,0,418,41,78664.0,0,1541,2,0,1595,41.72
5203,1334,15/08/2016,19/08/2016,3,638,628,0,0,340,3,94601.0,3,285,0,9,1560,104.23
5204,1334,15/08/2016,19/08/2016,3,638,628,0,0,340,3,94601.0,3,1395,1,14,1093,70.26
5205,810,12/09/2016,18/09/2016,3,753,732,0,0,23,30,13021.0,1,625,1,2,331,9.26
5206,810,12/09/2016,18/09/2016,3,753,732,0,0,23,30,13021.0,1,1351,1,14,775,105.98
5207,810,12/09/2016,18/09/2016,3,753,732,0,0,23,30,13021.0,1,905,1,8,1194,1.24
5208,810,12/09/2016,18/09/2016,3,753,732,0,0,23,30,13021.0,1,972,1,10,196,20.7
5209,810,12/09/2016,18/09/2016,3,753,732,0,0,23,30,13021.0,1,1170,1,12,788,28.9
5210,810,12/09/2016,18/09/2016,3,753,732,0,0,23,30,13021.0,1,869,1,7,1580,27.18
5211,1526,12/01/2016,18/01/2016,3,790,789,1,0,328,6,19711.0,1,1376,1,14,535,465.18
5212,1178,12/05/2016,16/05/2016,2,63,49,0,0,327,30,10024.0,1,1408,1,14,1291,36.63
5213,2363,26/09/2017,26/09/2017,1,161,161,0,0,397,3,92374.0,3,1412,1,14,125,51.45
5214,2363,26/09/2017,26/09/2017,1,161,161,0,0,397,3,92374.0,3,948,1,10,202,7.83
5215,2363,26/09/2017,26/09/2017,1,161,161,0,0,397,3,92374.0,3,553,1,2,1372,35.4
5216,2363,26/09/2017,26/09/2017,1,161,161,0,0,397,3,92374.0,3,1117,1,12,778,29.9
5217,4884,09/09/2018,15/09/2018,3,342,398,0,0,416,20,48066.0,0,847,1,7,4,17.48
5218,3441,15/04/2018,17/04/2018,2,576,574,1,0,265,3,90049.0,3,1162,1,12,1664,79.14
5219,4067,10/06/2018,14/06/2018,3,452,460,1,0,327,30,10011.0,1,531,1,2,1297,8.4
5220,3657,01/09/2018,01/09/2018,1,124,183,0,0,123,20,48205.0,0,132,0,5,797,498.26
5221,482,14/06/2015,20/06/2015,3,711,693,2,0,123,20,48234.0,0,4,0,4,844,212.94
5222,3087,18/05/2018,22/05/2018,2,606,595,2,0,462,23,65807.0,0,394,1,1,170,706.86
5223,3087,18/05/2018,22/05/2018,2,606,595,2,0,462,23,65807.0,0,1811,2,13,1098,114.95
5224,3087,18/05/2018,22/05/2018,2,606,595,2,0,462,23,65807.0,0,688,1,3,1589,43.19
5225,4686,12/09/2018,17/09/2018,2,394,389,0,0,265,3,90036.0,3,1248,1,12,538,166.44
5226,1974,21/06/2017,26/06/2017,3,52,5,0,0,327,30,10011.0,1,697,1,3,1480,36.56
5227,1974,21/06/2017,26/06/2017,3,52,5,0,0,327,30,10011.0,1,761,1,3,1302,186.144
5228,1974,21/06/2017,26/06/2017,3,52,5,0,0,327,30,10011.0,1,28,0,4,1189,353.568
5229,4225,26/11/2015,01/12/2015,3,472,463,2,0,436,3,94109.0,3,1083,1,12,1675,81.98
5230,3244,19/03/2018,22/03/2018,2,663,720,0,0,159,3,93727.0,3,697,1,3,1480,14.624
5231,3244,19/03/2018,22/03/2018,2,663,720,0,0,159,3,93727.0,3,325,0,16,428,697.16
5232,3244,19/03/2018,22/03/2018,2,663,720,0,0,159,3,93727.0,3,176,0,9,116,30.93
5233,3244,19/03/2018,22/03/2018,2,663,720,0,0,159,3,93727.0,3,653,1,3,1304,27.496
5234,187,18/10/2015,22/10/2015,3,473,478,1,0,475,2,71854.0,2,126,0,5,1211,605.34
5235,3369,22/08/2018,23/08/2018,0,754,763,0,0,436,3,94110.0,3,332,0,16,853,210.008
5236,1832,19/11/2017,22/11/2017,0,771,749,1,0,211,12,46203.0,0,413,1,1,51,54.96
5237,751,20/09/2015,24/09/2015,3,226,244,0,0,93,18,21044.0,1,314,0,9,392,164.22
5238,751,20/09/2015,24/09/2015,3,226,244,0,0,93,18,21044.0,1,6,0,4,1187,362.94
5239,751,20/09/2015,24/09/2015,3,226,244,0,0,93,18,21044.0,1,1565,2,0,992,59.98
5240,1922,11/09/2017,17/09/2017,3,252,272,0,0,438,3,95123.0,3,1407,1,14,1517,332.94
5241,1922,11/09/2017,17/09/2017,3,252,272,0,0,438,3,95123.0,3,704,1,3,710,39.872
5242,1825,23/09/2017,26/09/2017,2,154,120,1,0,450,45,98115.0,3,1453,1,15,87,13.68
5243,3675,04/08/2018,08/08/2018,3,328,322,1,0,67,41,75007.0,0,751,1,3,238,3.318
5244,2421,25/07/2017,26/07/2017,0,436,423,2,0,16,44,22204.0,2,785,1,3,177,10.44
5245,2527,02/08/2017,04/08/2017,2,80,67,1,0,265,3,90032.0,3,330,0,16,289,136.464
5246,2527,02/08/2017,04/08/2017,2,80,67,1,0,265,3,90032.0,3,1745,2,13,1166,333.576
5247,2527,02/08/2017,04/08/2017,2,80,67,1,0,265,3,90032.0,3,648,1,3,1836,12.544
5248,4421,21/05/2016,27/05/2016,3,356,381,0,0,155,11,60423.0,0,385,1,1,636,20.768
5249,4692,03/11/2018,05/11/2018,2,264,275,0,0,450,45,98105.0,3,1526,2,0,790,43.5
5250,866,16/04/2016,21/04/2016,3,94,97,1,0,372,36,19143.0,1,915,1,8,1498,12.576
5251,4635,12/12/2017,18/12/2017,3,254,268,0,0,94,9,31907.0,2,1492,2,0,420,249.95
5252,4635,12/12/2017,18/12/2017,3,254,268,0,0,94,9,31907.0,2,1265,1,12,1690,49.12
5253,1199,30/10/2016,02/11/2016,0,770,746,0,0,498,44,23464.0,2,375,1,1,1573,182.91
5254,4192,07/03/2015,11/03/2015,2,572,577,2,0,121,45,98198.0,3,812,1,3,421,107.648
5255,1103,05/03/2016,07/03/2016,2,30,12,1,0,38,36,18018.0,1,93,0,5,1449,99.372
5256,1103,05/03/2016,07/03/2016,2,30,12,1,0,38,36,18018.0,1,251,0,9,18,33.568
5257,2126,08/08/2017,14/08/2017,3,129,141,0,0,343,34,73120.0,0,1211,1,12,1742,10.56
5258,4705,03/01/2018,08/01/2018,3,219,219,0,0,393,3,91730.0,3,1279,1,12,1688,38.88
5259,4710,09/10/2018,11/10/2018,0,788,788,0,0,265,3,90032.0,3,1122,1,12,1647,35.2
5260,3904,20/10/2018,26/10/2018,3,482,502,2,0,372,36,19120.0,1,1027,1,12,1668,45.528
5261,73,07/09/2015,10/09/2015,0,729,667,2,0,207,41,77036.0,0,1702,2,13,1238,196.776
5262,73,07/09/2015,10/09/2015,0,729,667,2,0,207,41,77036.0,0,638,1,3,146,2.92
5263,73,07/09/2015,10/09/2015,0,729,667,2,0,207,41,77036.0,0,364,0,16,1348,200.795
5264,73,07/09/2015,10/09/2015,0,729,667,2,0,207,41,77036.0,0,1538,2,0,313,46.688
5265,73,07/09/2015,10/09/2015,0,729,667,2,0,207,41,77036.0,0,571,1,2,528,21.864
5266,3696,30/09/2018,03/10/2018,0,170,121,1,0,450,45,98103.0,3,1133,1,12,108,11.76
5267,3696,30/09/2018,03/10/2018,0,170,121,1,0,450,45,98103.0,3,1245,1,12,1663,167.94
5268,3696,30/09/2018,03/10/2018,0,170,121,1,0,450,45,98103.0,3,411,1,1,459,3.89
5269,4707,16/11/2018,21/11/2018,3,515,539,2,0,525,30,10701.0,1,1651,2,11,805,52.44
5270,3627,11/09/2018,11/09/2018,1,125,133,0,0,436,3,94110.0,3,147,0,9,30,32.36
5271,3627,11/09/2018,11/09/2018,1,125,133,0,0,436,3,94110.0,3,464,1,1,944,406.6
5272,3268,16/01/2018,16/01/2018,1,396,341,1,0,265,3,90008.0,3,185,0,9,570,27.92
5273,3268,16/01/2018,16/01/2018,1,396,341,1,0,265,3,90008.0,3,327,0,16,977,399.672
5274,4600,26/11/2017,29/11/2017,0,581,602,2,0,293,8,33142.0,2,643,1,3,1841,3.744
5275,1589,07/11/2016,09/11/2016,2,721,717,0,0,60,43,55273.322402696904,1,58,0,5,1377,715.2
5276,3691,14/12/2018,20/12/2018,3,433,435,1,0,150,2,72701.0,2,1581,2,0,1088,159.8
5277,3691,14/12/2018,20/12/2018,3,433,435,1,0,150,2,72701.0,2,1547,2,0,959,44.75
5278,170,13/09/2015,17/09/2015,3,66,74,2,0,342,41,79762.0,0,128,0,5,1225,340.116
5279,682,07/12/2015,13/12/2015,3,602,588,0,0,498,44,23464.0,2,1223,1,12,1692,105.52
5280,4655,07/09/2018,11/09/2018,3,24,44,0,0,297,47,53209.0,0,1518,2,0,1355,13.48
5281,3793,07/10/2018,12/10/2018,3,192,212,0,0,123,20,48234.0,0,1354,1,14,1367,85.52
5282,850,05/09/2016,10/09/2016,3,709,722,1,0,408,21,55901.0,0,192,0,9,1028,6.16
5283,850,05/09/2016,10/09/2016,3,709,722,1,0,408,21,55901.0,0,1144,1,12,1662,36.84
5284,406,30/03/2015,04/04/2015,3,243,238,1,0,450,45,98105.0,3,1380,1,14,1505,15.84
5285,406,30/03/2015,04/04/2015,3,243,238,1,0,450,45,98105.0,3,975,1,10,198,44.4
5286,2887,05/05/2018,06/05/2018,0,462,466,0,0,266,4,80027.0,3,871,1,7,1339,21.24
5287,2887,05/05/2018,06/05/2018,0,462,466,0,0,266,4,80027.0,3,766,1,3,241,9.552
5288,2887,05/05/2018,06/05/2018,0,462,466,0,0,266,4,80027.0,3,44,0,4,316,89.991
5289,4807,30/04/2018,05/05/2018,3,15,11,2,0,436,3,94122.0,3,1066,1,12,1703,163.96
5290,539,08/09/2015,15/09/2015,3,443,429,0,0,207,41,77036.0,0,1163,1,12,732,17.904
5291,539,08/09/2015,15/09/2015,3,443,429,0,0,207,41,77036.0,0,121,0,5,1362,966.7
5292,539,08/09/2015,15/09/2015,3,443,429,0,0,207,41,77036.0,0,1050,1,12,1455,182.112
5293,3764,20/06/2018,23/06/2018,0,595,599,0,0,293,8,33180.0,2,1415,1,14,1280,4.464
5294,922,26/12/2016,30/12/2016,3,493,538,0,0,285,33,44256.0,1,361,0,16,941,51.588
5295,3642,15/08/2018,19/08/2018,3,96,89,1,0,416,21,55113.0,0,949,1,10,203,50.4
5296,3580,04/03/2018,09/03/2018,3,229,198,0,0,207,41,77041.0,0,1074,1,12,1720,89.568
5297,2948,27/07/2018,31/07/2018,3,754,763,0,0,525,30,10701.0,1,285,0,9,1560,14.89
5298,2948,27/07/2018,31/07/2018,3,754,763,0,0,525,30,10701.0,1,1782,2,13,1169,543.92
5299,1768,23/09/2017,26/09/2017,0,237,201,1,0,435,3,92037.0,3,860,1,7,1283,4.08
5300,1768,23/09/2017,26/09/2017,0,237,201,1,0,435,3,92037.0,3,985,1,10,219,18.9
5301,1886,30/05/2017,03/06/2017,3,34,45,1,0,462,44,22153.0,2,346,0,16,854,2275.5
5302,1886,30/05/2017,03/06/2017,3,34,45,1,0,462,44,22153.0,2,1546,2,0,1268,1979.7
5303,1886,30/05/2017,03/06/2017,3,34,45,1,0,462,44,22153.0,2,961,1,10,179,62.1
5304,4211,16/11/2015,20/11/2015,3,8,10,0,0,116,11,62521.0,0,79,0,5,1368,37.296
5305,4273,21/09/2015,23/09/2015,0,408,394,2,0,163,41,75043.0,0,187,0,9,504,8.544
5306,4632,21/02/2017,26/02/2017,3,116,82,1,0,341,30,11572.0,1,159,0,9,31,68.95
5307,4632,21/02/2017,26/02/2017,3,116,82,1,0,341,30,11572.0,1,1290,1,14,1329,296.37
5308,4632,21/02/2017,26/02/2017,3,116,82,1,0,341,30,11572.0,1,1777,2,13,1845,39.98
5309,3373,19/11/2018,21/11/2018,0,555,559,0,0,207,41,77095.0,0,110,0,5,771,191.058
5310,3373,19/11/2018,21/11/2018,0,555,559,0,0,207,41,77095.0,0,602,1,2,252,13.04
5311,3373,19/11/2018,21/11/2018,0,555,559,0,0,207,41,77095.0,0,776,1,3,649,1525.188
5312,2021,21/08/2017,27/08/2017,3,719,709,2,0,179,31,27834.0,2,1009,1,10,197,9.216
5313,2021,21/08/2017,27/08/2017,3,719,709,2,0,179,31,27834.0,2,1440,1,15,84,28.048
5314,3504,30/04/2018,05/05/2018,3,208,232,1,0,436,3,94110.0,3,145,0,9,1442,64.96
5315,3504,30/04/2018,05/05/2018,3,208,232,1,0,436,3,94110.0,3,855,1,7,5,30.56
5316,2491,02/05/2017,08/05/2017,3,217,189,0,0,178,31,27405.0,2,85,0,5,765,187.056
5317,4893,02/10/2018,05/10/2018,0,244,214,2,0,228,40,37918.0,2,220,0,9,569,11.808
5318,4893,02/10/2018,05/10/2018,0,244,214,2,0,228,40,37918.0,2,311,0,9,552,9.656
5319,4893,02/10/2018,05/10/2018,0,244,214,2,0,228,40,37918.0,2,1206,1,12,1787,20.736
5320,4893,02/10/2018,05/10/2018,0,244,214,2,0,228,40,37918.0,2,672,1,3,898,27.36
5321,4893,02/10/2018,05/10/2018,0,244,214,2,0,228,40,37918.0,2,318,0,16,425,2314.116
5322,4893,02/10/2018,05/10/2018,0,244,214,2,0,228,40,37918.0,2,799,1,3,991,34.236
5323,4893,02/10/2018,05/10/2018,0,244,214,2,0,228,40,37918.0,2,266,0,9,577,19.76
5324,3437,18/09/2018,23/09/2018,2,753,732,0,0,171,25,68801.0,0,1249,1,12,109,15.96
5325,1024,04/12/2016,09/12/2016,3,774,769,0,0,240,3,90712.0,3,592,1,2,251,16.9
5326,1024,04/12/2016,09/12/2016,3,774,769,0,0,240,3,90712.0,3,295,0,9,576,25.08
5327,1463,17/01/2016,22/01/2016,3,671,682,1,0,247,19,1841.0,1,572,1,2,244,6.68
5328,371,06/01/2015,08/01/2015,2,474,480,0,0,265,3,90049.0,3,1149,1,12,1821,19.44
5329,1035,05/03/2016,09/03/2016,3,545,544,0,0,207,41,77036.0,0,1683,2,13,442,31.92
5330,1844,25/12/2017,28/12/2017,2,71,107,0,0,327,30,10035.0,1,694,1,3,698,33.568
5331,2016,04/09/2017,08/09/2017,3,182,151,0,0,327,30,10011.0,1,308,0,9,882,63.94
5332,2016,04/09/2017,08/09/2017,3,182,151,0,0,327,30,10011.0,1,692,1,3,1279,60.6
5333,2016,04/09/2017,08/09/2017,3,182,151,0,0,327,30,10011.0,1,1436,1,15,95,22.72
5334,45,26/08/2015,01/09/2015,3,415,419,0,0,328,6,19711.0,1,193,0,9,103,10.68
5335,45,26/08/2015,01/09/2015,3,415,419,0,0,328,6,19711.0,1,1155,1,12,1767,17.34
5336,45,26/08/2015,01/09/2015,3,415,419,0,0,328,6,19711.0,1,1179,1,12,273,3.38
5337,1656,21/05/2016,25/05/2016,3,499,532,1,0,450,45,98105.0,3,703,1,3,899,26.976
5338,2988,16/10/2018,21/10/2018,3,36,51,1,0,449,1,85254.0,3,1018,1,12,779,307.776
5339,1390,09/11/2016,14/11/2016,2,238,229,0,0,341,30,11572.0,1,1372,1,14,1551,244.55
5340,1390,09/11/2016,14/11/2016,2,238,229,0,0,341,30,11572.0,1,860,1,7,1283,12.24
5341,1390,09/11/2016,14/11/2016,2,238,229,0,0,341,30,11572.0,1,1515,2,0,137,13.98
5342,1390,09/11/2016,14/11/2016,2,238,229,0,0,341,30,11572.0,1,1536,2,0,1025,899.95
5343,4278,21/11/2015,27/11/2015,3,376,353,1,0,109,41,75220.0,0,860,1,7,1283,1.632
5344,4278,21/11/2015,27/11/2015,3,376,353,1,0,109,41,75220.0,0,1857,2,13,1323,267.96
5345,943,11/10/2016,13/10/2016,2,692,691,0,0,408,30,14609.0,1,1532,2,0,1066,31.95
5346,2942,21/03/2018,23/03/2018,2,678,713,0,0,265,3,90045.0,3,1384,1,14,112,725.84
5347,2942,21/03/2018,23/03/2018,2,678,713,0,0,265,3,90045.0,3,797,1,3,237,10.896
5348,2942,21/03/2018,23/03/2018,2,678,713,0,0,265,3,90045.0,3,673,1,3,1306,8.544
5349,1433,04/01/2016,10/01/2016,3,175,148,1,0,521,21,55125.0,0,783,1,3,709,32.34
5350,1433,04/01/2016,10/01/2016,3,175,148,1,0,521,21,55125.0,0,1249,1,12,109,39.9
5351,4653,09/12/2018,16/12/2018,3,461,458,0,0,359,11,60068.0,0,1082,1,12,1665,143.856
5352,2030,06/09/2017,12/09/2017,3,789,790,1,0,109,41,75217.0,0,1275,1,12,118,41.92
5353,2030,06/09/2017,12/09/2017,3,789,790,1,0,109,41,75217.0,0,1768,2,13,43,329.584
5354,4431,03/09/2017,06/09/2017,0,185,181,1,0,306,16,71203.0,2,636,1,3,801,87.28
5355,169,13/05/2015,19/05/2015,3,27,1,1,0,265,3,90004.0,3,91,0,5,905,279.456
5356,169,13/05/2015,19/05/2015,3,27,1,1,0,265,3,90004.0,3,1201,1,12,540,8.0
5357,2245,29/09/2017,03/10/2017,3,48,35,0,0,436,3,94109.0,3,760,1,3,268,27.24
5358,582,05/08/2015,11/08/2015,3,716,704,0,0,436,3,94122.0,3,1582,2,0,995,16.36
5359,582,05/08/2015,11/08/2015,3,716,704,0,0,436,3,94122.0,3,1298,1,14,129,15.78
5360,582,05/08/2015,11/08/2015,3,716,704,0,0,436,3,94122.0,3,623,1,2,361,45.98
5361,4761,14/04/2018,18/04/2018,3,242,237,1,0,150,31,28314.0,2,30,0,4,1423,198.272
5362,2775,09/06/2018,10/06/2018,0,557,573,1,0,109,41,75217.0,0,1343,1,14,1489,720.76
5363,2004,29/12/2017,02/01/2018,3,138,126,0,0,518,14,67212.0,0,160,0,9,614,70.56
5364,2004,29/12/2017,02/01/2018,3,138,126,0,0,518,14,67212.0,0,402,1,1,298,81.96
5365,274,18/01/2015,21/01/2015,2,239,211,1,0,462,35,97477.0,3,389,1,1,643,64.864
5366,1780,20/11/2017,24/11/2017,3,259,264,0,0,207,41,77041.0,0,1844,2,13,1656,151.192
5367,3893,10/06/2018,15/06/2018,3,67,87,0,0,450,45,98103.0,3,1794,2,13,993,88.776
5368,3893,10/06/2018,15/06/2018,3,67,87,0,0,450,45,98103.0,3,1011,1,10,222,11.56
5369,3893,10/06/2018,15/06/2018,3,67,87,0,0,450,45,98103.0,3,1331,1,14,1259,15.58
5370,3694,10/09/2018,13/09/2018,0,431,440,1,0,2,33,44312.0,1,1212,1,12,1689,85.056
5371,4806,08/04/2018,12/04/2018,3,565,572,1,0,339,20,48237.0,0,304,0,9,25,273.96
5372,4806,08/04/2018,12/04/2018,3,565,572,1,0,339,20,48237.0,0,293,0,9,1034,306.9
5373,1015,24/10/2016,30/10/2016,3,22,32,1,0,207,41,77041.0,0,1207,1,12,1790,15.552
5374,1015,24/10/2016,30/10/2016,3,22,32,1,0,207,41,77041.0,0,344,0,16,942,347.361
5375,1015,24/10/2016,30/10/2016,3,22,32,1,0,207,41,77041.0,0,1086,1,12,1791,10.368
5376,3430,27/05/2018,31/05/2018,3,654,655,1,0,450,45,98103.0,3,1582,2,0,995,98.16
5377,3430,27/05/2018,31/05/2018,3,654,655,1,0,450,45,98103.0,3,611,1,2,1499,31.44
5378,300,05/12/2015,07/12/2015,0,553,575,1,0,372,36,19134.0,1,846,1,7,395,348.488
5379,300,05/12/2015,07/12/2015,0,553,575,1,0,372,36,19134.0,1,1340,1,14,632,172.736
5380,2211,14/08/2017,18/08/2017,3,392,370,0,0,265,3,90045.0,3,1056,1,12,158,15.54
5381,2211,14/08/2017,18/08/2017,3,392,370,0,0,265,3,90045.0,3,1619,2,11,1563,105.552
5382,2413,05/09/2017,07/09/2017,2,225,233,1,0,207,41,77070.0,0,1135,1,12,1796,25.92
5383,2413,05/09/2017,07/09/2017,2,225,233,1,0,207,41,77070.0,0,919,1,8,1498,15.808
5384,2413,05/09/2017,07/09/2017,2,225,233,1,0,207,41,77070.0,0,1150,1,12,1716,10.368
5385,3961,26/06/2018,03/07/2018,3,130,146,0,0,372,36,19143.0,1,1738,2,13,347,358.2
5386,3961,26/06/2018,03/07/2018,3,130,146,0,0,372,36,19143.0,1,1701,2,13,1277,545.916
5387,3795,12/03/2018,17/03/2018,3,293,313,0,0,413,2,72756.0,2,667,1,3,259,40.41
5388,4026,18/02/2018,21/02/2018,2,183,185,1,0,265,3,90045.0,3,1746,2,13,1843,167.976
5389,4026,18/02/2018,21/02/2018,2,183,185,1,0,265,3,90045.0,3,1596,2,0,1070,109.53
5390,4026,18/02/2018,21/02/2018,2,183,185,1,0,265,3,90045.0,3,1003,1,10,201,9.82
5391,4014,10/11/2018,12/11/2018,2,556,567,1,0,450,45,98105.0,3,640,1,3,688,26.352
5392,4178,19/11/2015,25/11/2015,3,309,302,1,0,519,6,19805.0,1,981,1,10,187,22.5
5393,4178,19/11/2015,25/11/2015,3,309,302,1,0,519,6,19805.0,1,965,1,10,207,9.96
5394,4178,19/11/2015,25/11/2015,3,309,302,1,0,519,6,19805.0,1,737,1,3,1300,213.08
5395,4178,19/11/2015,25/11/2015,3,309,302,1,0,519,6,19805.0,1,2,0,4,1428,1025.88
5396,71,18/11/2015,21/11/2015,2,367,385,1,0,389,42,84604.0,3,1197,1,12,104,21.98
5397,4560,24/09/2017,24/09/2017,1,247,248,1,0,436,3,94110.0,3,225,0,9,1175,63.2
5398,2354,20/11/2017,27/11/2017,3,490,505,1,0,265,3,90004.0,3,450,1,1,365,39.0
5399,2646,27/09/2017,02/10/2017,3,92,109,1,0,241,33,43130.0,1,746,1,3,1336,2.907
5400,1940,09/04/2017,14/04/2017,3,320,331,0,0,265,3,90004.0,3,12,0,4,386,556.665
5401,3392,21/09/2018,23/09/2018,0,523,549,0,0,450,45,98103.0,3,1460,2,0,1460,71.98
5402,3392,21/09/2018,23/09/2018,0,523,549,0,0,450,45,98103.0,3,1464,2,0,1008,79.98
5403,3220,24/08/2018,29/08/2018,3,30,12,1,0,327,30,10024.0,1,794,1,3,499,24.672
5404,3220,24/08/2018,29/08/2018,3,30,12,1,0,327,30,10024.0,1,642,1,3,82,3.744
5405,4546,22/02/2017,26/02/2017,3,774,769,0,0,265,3,90045.0,3,1766,2,13,36,445.96
5406,4546,22/02/2017,26/02/2017,3,774,769,0,0,265,3,90045.0,3,1557,2,0,1076,36.24
5407,4546,22/02/2017,26/02/2017,3,774,769,0,0,265,3,90045.0,3,913,1,8,56,10.65
5408,2949,08/12/2018,14/12/2018,3,224,221,1,0,436,3,94109.0,3,1198,1,12,1488,87.92
5409,2949,08/12/2018,14/12/2018,3,224,221,1,0,436,3,94109.0,3,753,1,3,1253,22.424
5410,2949,08/12/2018,14/12/2018,3,224,221,1,0,436,3,94109.0,3,705,1,3,1601,90.48
5411,2949,08/12/2018,14/12/2018,3,224,221,1,0,436,3,94109.0,3,1354,1,14,1367,42.76
5412,4060,18/09/2018,22/09/2018,3,766,764,0,0,89,29,88101.0,3,720,1,3,1628,10.08
5413,4060,18/09/2018,22/09/2018,3,766,764,0,0,89,29,88101.0,3,1600,2,0,961,101.34
5414,2477,11/09/2017,14/09/2017,0,740,772,0,0,518,14,67212.0,0,1799,2,13,1271,224.75
5415,4757,23/09/2018,28/09/2018,3,450,456,0,0,80,11,60653.0,0,386,1,1,612,73.176
5416,4757,23/09/2018,28/09/2018,3,450,456,0,0,80,11,60653.0,0,1281,1,12,1812,20.736
5417,4757,23/09/2018,28/09/2018,3,450,456,0,0,80,11,60653.0,0,1834,2,13,1220,39.984
5418,392,06/10/2015,08/10/2015,2,40,23,1,0,346,25,68104.0,0,805,1,3,717,15.36
5419,917,23/10/2016,26/10/2016,0,355,379,0,0,207,41,77041.0,0,1274,1,12,1807,36.288
5420,917,23/10/2016,26/10/2016,0,355,379,0,0,207,41,77041.0,0,1753,2,13,932,150.384
5421,4576,31/03/2017,02/04/2017,2,172,128,0,0,372,36,19134.0,1,1785,2,13,968,280.782
5422,4576,31/03/2017,02/04/2017,2,172,128,0,0,372,36,19134.0,1,1556,2,0,152,31.984
5423,4616,29/12/2017,02/01/2018,3,590,613,0,0,265,3,90045.0,3,642,1,3,82,11.232
5424,2824,03/11/2018,05/11/2018,2,594,587,1,0,405,15,40475.0,2,1089,1,12,1751,26.4
5425,4740,20/01/2018,26/01/2018,3,362,364,0,0,504,5,6708.0,1,521,1,2,1132,3.52
5426,2485,03/12/2017,06/12/2017,0,569,566,0,0,265,3,90045.0,3,1569,2,0,1027,1649.95
5427,2485,03/12/2017,06/12/2017,0,569,566,0,0,265,3,90045.0,3,174,0,9,24,111.9
5428,4447,14/06/2017,14/06/2017,1,509,484,2,0,265,3,90036.0,3,40,0,4,383,599.165
5429,1866,02/09/2017,04/09/2017,0,729,667,2,0,436,3,94122.0,3,1391,1,14,1540,46.53
5430,439,05/09/2015,07/09/2015,0,607,590,0,0,427,8,33710.0,2,205,0,9,1530,31.984
5431,3088,21/10/2018,25/10/2018,3,280,281,2,0,240,33,44107.0,1,394,1,1,170,161.568
5432,3088,21/10/2018,25/10/2018,3,280,281,2,0,240,33,44107.0,1,1156,1,12,1325,4.064
5433,3088,21/10/2018,25/10/2018,3,280,281,2,0,240,33,44107.0,1,748,1,3,1450,6.216
5434,3345,25/04/2018,29/04/2018,3,460,448,0,0,72,1,85224.0,3,477,1,2,1123,8.896
5435,1559,19/10/2016,24/10/2016,3,649,643,2,0,265,3,90008.0,3,383,1,1,1417,1640.7
5436,1559,19/10/2016,24/10/2016,3,649,643,2,0,265,3,90008.0,3,1478,2,0,1106,270.0
5437,44,05/07/2015,08/07/2015,0,225,233,1,0,358,8,32137.0,2,189,0,9,120,19.52
5438,44,05/07/2015,08/07/2015,0,225,233,1,0,358,8,32137.0,2,713,1,3,1630,9.81
5439,44,05/07/2015,08/07/2015,0,225,233,1,0,358,8,32137.0,2,249,0,9,1032,213.216
5440,2708,04/04/2017,09/04/2017,3,262,277,0,0,327,30,10035.0,1,830,1,3,896,588.784
5441,4865,13/11/2018,18/11/2018,2,743,751,0,0,221,8,33458.0,2,550,1,2,495,2.064
5442,3854,09/09/2018,13/09/2018,3,35,56,0,0,168,1,85301.0,3,1077,1,12,1591,6.368
5443,1414,17/04/2016,23/04/2016,3,391,367,0,0,327,30,10035.0,1,1553,2,0,598,99.6
5444,1414,17/04/2016,23/04/2016,3,391,367,0,0,327,30,10035.0,1,715,1,3,500,62.296
5445,1414,17/04/2016,23/04/2016,3,391,367,0,0,327,30,10035.0,1,489,1,2,287,10.71
5446,2096,25/07/2017,29/07/2017,3,75,88,2,0,207,41,77041.0,0,877,1,7,1316,20.936
5447,4501,26/08/2017,31/08/2017,3,233,190,1,0,327,30,10035.0,1,1807,2,13,1395,33.0
5448,4501,26/08/2017,31/08/2017,3,233,190,1,0,327,30,10035.0,1,1539,2,0,1265,249.95
5449,4168,12/09/2015,19/09/2015,3,730,757,2,0,344,14,66062.0,0,1420,1,15,460,357.93
5450,4168,12/09/2015,19/09/2015,3,730,757,2,0,344,14,66062.0,0,1498,2,0,1397,57.4
5451,4168,12/09/2015,19/09/2015,3,730,757,2,0,344,14,66062.0,0,826,1,3,681,331.96
5452,4168,12/09/2015,19/09/2015,3,730,757,2,0,344,14,66062.0,0,258,0,9,1443,40.56
5453,2288,22/07/2017,29/07/2017,3,441,445,2,0,459,26,89431.0,3,1448,1,15,667,86.2
5454,4682,19/05/2018,23/05/2018,3,594,587,1,0,411,11,61107.0,0,1277,1,12,1565,38.016
5455,3948,28/04/2018,02/05/2018,3,490,505,1,0,372,36,19143.0,1,1335,1,14,1504,8.384
5456,3948,28/04/2018,02/05/2018,3,490,505,1,0,372,36,19143.0,1,567,1,2,1149,6.848
5457,3360,29/12/2018,02/01/2019,3,108,116,0,0,135,45,98026.0,3,901,1,8,63,19.6
5458,3360,29/12/2018,02/01/2019,3,108,116,0,0,135,45,98026.0,3,291,0,9,795,68.46
5459,3067,04/09/2018,06/09/2018,2,597,603,0,0,436,3,94122.0,3,802,1,3,81,13.344
5460,3067,04/09/2018,06/09/2018,2,597,603,0,0,436,3,94122.0,3,333,0,16,382,1478.272
5461,4137,21/03/2015,25/03/2015,3,762,745,1,0,19,31,28806.0,2,1364,1,14,1549,16.272
5462,2788,28/09/2018,04/10/2018,3,73,114,0,0,265,3,90032.0,3,192,0,9,1028,9.24
5463,542,19/01/2015,20/01/2015,0,763,754,0,0,449,1,85254.0,3,783,1,3,709,32.34
5464,542,19/01/2015,20/01/2015,0,763,754,0,0,449,1,85254.0,3,1064,1,12,1524,56.064
5465,542,19/01/2015,20/01/2015,0,763,754,0,0,449,1,85254.0,3,869,1,7,1580,108.72
5466,542,19/01/2015,20/01/2015,0,763,754,0,0,449,1,85254.0,3,15,0,4,1182,181.47
5467,102,14/02/2015,19/02/2015,2,718,700,0,0,207,41,77095.0,0,1047,1,12,1064,16.176
5468,2009,09/06/2017,14/06/2017,3,192,212,0,0,436,3,94109.0,3,95,0,5,745,122.352
5469,390,26/09/2015,27/09/2015,0,427,417,2,0,435,3,92105.0,3,55,0,5,838,585.552
5470,390,26/09/2015,27/09/2015,0,427,417,2,0,435,3,92105.0,3,1281,1,12,1812,19.44
5471,2561,30/05/2017,04/06/2017,3,395,411,0,0,187,33,45011.0,1,452,1,1,613,123.92
5472,3071,19/12/2018,23/12/2018,3,766,764,0,0,360,4,80134.0,3,152,0,9,1197,13.36
5473,3071,19/12/2018,23/12/2018,3,766,764,0,0,360,4,80134.0,3,1372,1,14,1551,78.256
5474,3071,19/12/2018,23/12/2018,3,766,764,0,0,360,4,80134.0,3,3,0,4,1180,102.018
5475,3180,26/12/2018,26/12/2018,1,789,790,1,0,158,25,68025.0,0,1411,1,14,1555,750.68
5476,4115,15/06/2018,18/06/2018,0,244,214,2,0,277,21,55369.0,0,975,1,10,198,44.4
5477,4115,15/06/2018,18/06/2018,0,244,214,2,0,277,21,55369.0,0,1333,1,14,1543,84.55
5478,4115,15/06/2018,18/06/2018,0,244,214,2,0,277,21,55369.0,0,1198,1,12,1783,17.94
5479,1994,20/11/2017,24/11/2017,3,696,698,0,0,328,6,19711.0,1,727,1,3,1629,128.4
5480,25,31/03/2015,04/04/2015,3,414,414,1,0,293,8,33180.0,2,678,1,3,256,1.869
5481,2877,08/10/2018,14/10/2018,3,175,148,1,0,435,3,92105.0,3,1718,2,13,524,103.192
5482,2877,08/10/2018,14/10/2018,3,175,148,1,0,435,3,92105.0,3,1522,2,0,956,36.0
5483,2877,08/10/2018,14/10/2018,3,175,148,1,0,435,3,92105.0,3,1563,2,0,1021,239.96
5484,2877,08/10/2018,14/10/2018,3,175,148,1,0,435,3,92105.0,3,1364,1,14,1549,40.68
5485,3725,30/01/2018,04/02/2018,3,249,256,0,0,293,8,33142.0,2,81,0,5,1203,419.136
5486,100,12/12/2015,17/12/2015,3,584,608,0,0,293,8,33178.0,2,852,1,7,1492,23.472
5487,1524,24/10/2016,29/10/2016,3,543,536,2,0,432,41,78207.0,0,807,1,3,259,3.592
5488,3438,01/04/2018,04/04/2018,2,80,67,1,0,216,8,32216.0,2,1854,2,13,1063,23.976
5489,3438,01/04/2018,04/04/2018,2,80,67,1,0,216,8,32216.0,2,948,1,10,202,6.264
5490,3438,01/04/2018,04/04/2018,2,80,67,1,0,216,8,32216.0,2,419,1,1,1493,20.808
5491,3438,01/04/2018,04/04/2018,2,80,67,1,0,216,8,32216.0,2,110,0,5,771,218.352
5492,4020,26/01/2018,27/01/2018,0,143,166,0,0,207,41,77070.0,0,1307,1,14,1448,18.16
5493,75,28/11/2015,28/11/2015,1,206,243,2,0,436,3,94122.0,3,1430,1,15,1495,7.36
5494,75,28/11/2015,28/11/2015,1,206,243,2,0,436,3,94122.0,3,972,1,10,196,41.4
5495,75,28/11/2015,28/11/2015,1,206,243,2,0,436,3,94122.0,3,1,0,4,1420,411.332
5496,967,04/09/2016,08/09/2016,3,674,694,1,0,372,36,19140.0,1,687,1,3,248,7.656
5497,3100,12/06/2018,16/06/2018,3,323,333,0,0,280,33,43302.0,1,1581,2,0,1088,63.92
5498,4025,15/07/2018,18/07/2018,2,526,535,0,0,327,30,10024.0,1,508,1,2,1157,6.56
5499,4025,15/07/2018,18/07/2018,2,526,535,0,0,327,30,10024.0,1,955,1,10,218,7.83
5500,4025,15/07/2018,18/07/2018,2,526,535,0,0,327,30,10024.0,1,1590,2,0,1459,41.9
5501,4025,15/07/2018,18/07/2018,2,526,535,0,0,327,30,10024.0,1,83,0,5,846,664.146
5502,4025,15/07/2018,18/07/2018,2,526,535,0,0,327,30,10024.0,1,1269,1,12,1481,8.96
5503,3311,02/11/2018,06/11/2018,3,750,739,1,0,372,36,19140.0,1,195,0,9,575,3.312
5504,3311,02/11/2018,06/11/2018,3,750,739,1,0,372,36,19140.0,1,414,1,1,338,20.136
5505,3311,02/11/2018,06/11/2018,3,750,739,1,0,372,36,19140.0,1,888,1,7,455,8.856
5506,3311,02/11/2018,06/11/2018,3,750,739,1,0,372,36,19140.0,1,1741,2,13,1620,859.2
5507,4611,08/10/2017,08/10/2017,1,356,381,0,0,265,3,90036.0,3,1025,1,12,1710,61.96
5508,2434,08/04/2017,14/04/2017,3,591,586,0,0,456,9,30080.0,2,874,1,7,140,17.92
5509,1648,08/10/2016,12/10/2016,3,484,485,0,0,436,3,94122.0,3,188,0,9,516,145.9
5510,4862,15/05/2018,20/05/2018,3,350,399,0,0,80,11,60653.0,0,1121,1,12,1661,56.704
5511,4862,15/05/2018,20/05/2018,3,350,399,0,0,80,11,60653.0,0,1757,2,13,1315,11.12
5512,4205,24/02/2015,02/03/2015,3,368,360,0,0,284,35,97504.0,3,1026,1,12,1080,32.896
5513,4205,24/02/2015,02/03/2015,3,368,360,0,0,284,35,97504.0,3,1019,1,12,1523,22.776
5514,826,30/05/2016,01/06/2016,0,274,250,0,0,327,30,10009.0,1,1739,2,13,1319,239.97
5515,826,30/05/2016,01/06/2016,0,274,250,0,0,327,30,10009.0,1,466,1,1,610,160.32
5516,826,30/05/2016,01/06/2016,0,274,250,0,0,327,30,10009.0,1,1726,2,13,1273,128.85
5517,4532,18/11/2017,21/11/2017,2,419,415,1,0,209,0,35810.0,2,1569,2,0,1027,1319.96
5518,3096,04/12/2018,09/12/2018,3,541,530,1,0,372,36,19134.0,1,125,0,5,737,239.96
5519,3096,04/12/2018,09/12/2018,3,541,530,1,0,372,36,19134.0,1,291,0,9,795,54.768
5520,3096,04/12/2018,09/12/2018,3,541,530,1,0,372,36,19134.0,1,493,1,2,496,13.392
5521,3096,04/12/2018,09/12/2018,3,541,530,1,0,372,36,19134.0,1,1182,1,12,1744,23.92
5522,3096,04/12/2018,09/12/2018,3,541,530,1,0,372,36,19134.0,1,1472,2,0,997,255.968
5523,1829,05/06/2017,07/06/2017,0,147,145,0,0,446,3,95051.0,3,667,1,3,259,21.552
5524,1829,05/06/2017,07/06/2017,0,147,145,0,0,446,3,95051.0,3,470,1,1,52,58.24
5525,2387,10/12/2017,12/12/2017,0,694,673,2,0,261,3,90805.0,3,1060,1,12,1650,80.28
5526,3824,30/04/2018,05/05/2018,3,245,267,1,0,265,3,90008.0,3,560,1,2,626,9.78
5527,4064,24/04/2018,28/04/2018,3,506,524,2,0,445,3,93101.0,3,922,1,8,456,1.81
5528,1327,08/05/2016,10/05/2016,0,9,16,2,0,327,30,10009.0,1,1219,1,12,1696,37.94
5529,1266,31/03/2016,04/04/2016,3,671,682,1,0,216,8,32216.0,2,1678,2,13,1312,79.96
5530,3477,06/08/2018,11/08/2018,3,736,755,1,0,69,41,75104.0,0,1263,1,12,12,115.296
5531,3945,02/12/2018,06/12/2018,3,381,404,0,0,346,25,68104.0,0,1739,2,13,449,2479.96
5532,4630,06/06/2017,07/06/2017,0,149,171,0,0,258,2,72209.0,2,1486,2,0,1011,179.94
5533,4630,06/06/2017,07/06/2017,0,149,171,0,0,258,2,72209.0,2,1547,2,0,959,26.85
5534,4630,06/06/2017,07/06/2017,0,149,171,0,0,258,2,72209.0,2,1552,2,0,1274,323.37
5535,4630,06/06/2017,07/06/2017,0,149,171,0,0,258,2,72209.0,2,1024,1,12,1693,59.94
5536,4630,06/06/2017,07/06/2017,0,149,171,0,0,258,2,72209.0,2,708,1,3,1572,64.14
5537,4630,06/06/2017,07/06/2017,0,149,171,0,0,258,2,72209.0,2,659,1,3,234,11.67
5538,4630,06/06/2017,07/06/2017,0,149,171,0,0,258,2,72209.0,2,1108,1,12,1827,12.96
5539,1042,13/04/2016,20/04/2016,3,716,704,0,0,332,25,68701.0,0,723,1,3,638,17.43
5540,4854,22/05/2018,26/05/2018,3,458,452,0,0,80,11,60653.0,0,56,0,5,813,181.986
5541,4854,22/05/2018,26/05/2018,3,458,452,0,0,80,11,60653.0,0,766,1,3,241,1.592
5542,4854,22/05/2018,26/05/2018,3,458,452,0,0,80,11,60653.0,0,1421,1,15,89,22.344
5543,2204,19/12/2017,25/12/2017,3,278,270,1,0,487,1,85705.0,3,324,0,16,1369,455.97
5544,2204,19/12/2017,25/12/2017,3,278,270,1,0,487,1,85705.0,3,644,1,3,1625,10.44
5545,2204,19/12/2017,25/12/2017,3,278,270,1,0,487,1,85705.0,3,726,1,3,413,5.214
5546,2822,22/09/2018,26/09/2018,3,506,524,2,0,96,27,3301.0,1,1350,1,14,1542,67.4
5547,3758,07/09/2018,08/09/2018,0,395,411,0,0,125,42,84020.0,3,222,0,9,483,25.16
5548,3758,07/09/2018,08/09/2018,0,395,411,0,0,125,42,84020.0,3,1786,2,13,1096,126.56
5549,684,28/11/2015,01/12/2015,0,688,696,0,0,436,3,94109.0,3,470,1,1,52,43.68
5550,684,28/11/2015,01/12/2015,0,688,696,0,0,436,3,94109.0,3,1560,2,0,1084,139.93
5551,4259,12/11/2015,16/11/2015,3,189,196,1,0,207,41,77036.0,0,572,1,2,244,2.672
5552,4259,12/11/2015,16/11/2015,3,189,196,1,0,207,41,77036.0,0,1422,1,15,77,16.656
5553,4259,12/11/2015,16/11/2015,3,189,196,1,0,207,41,77036.0,0,1568,2,0,910,79.512
5554,4259,12/11/2015,16/11/2015,3,189,196,1,0,207,41,77036.0,0,1251,1,12,1811,36.288
5555,4259,12/11/2015,16/11/2015,3,189,196,1,0,207,41,77036.0,0,44,0,4,316,67.9932
5556,3058,02/10/2018,06/10/2018,2,410,346,1,0,308,0,36116.0,2,243,0,9,1046,10.16
5557,1101,14/12/2016,18/12/2016,3,424,431,1,0,215,22,39212.0,2,274,0,9,1485,6.16
5558,1101,14/12/2016,18/12/2016,3,424,431,1,0,215,22,39212.0,2,587,1,2,358,56.3
5559,4304,06/12/2016,10/12/2016,3,336,338,0,0,336,26,89031.0,3,1016,1,12,1792,6.48
5560,4304,06/12/2016,10/12/2016,3,336,338,0,0,336,26,89031.0,3,1293,1,14,1548,1325.85
5561,4304,06/12/2016,10/12/2016,3,336,338,0,0,336,26,89031.0,3,1012,1,10,190,14.94
5562,3417,31/03/2018,02/04/2018,2,354,372,1,0,21,9,30318.0,2,684,1,3,901,34.54
5563,3417,31/03/2018,02/04/2018,2,354,372,1,0,21,9,30318.0,2,1603,2,6,804,2999.95
5564,3417,31/03/2018,02/04/2018,2,354,372,1,0,21,9,30318.0,2,655,1,3,265,64.12
5565,3889,13/03/2018,13/03/2018,1,719,709,2,0,80,11,60610.0,0,494,1,2,453,19.456
5566,3889,13/03/2018,13/03/2018,1,719,709,2,0,80,11,60610.0,0,1638,2,11,789,209.986
5567,3889,13/03/2018,13/03/2018,1,719,709,2,0,80,11,60610.0,0,576,1,2,539,29.76
5568,3889,13/03/2018,13/03/2018,1,719,709,2,0,80,11,60610.0,0,107,0,5,1366,89.768
5569,3889,13/03/2018,13/03/2018,1,719,709,2,0,80,11,60610.0,0,1603,2,6,804,959.984
5570,3889,13/03/2018,13/03/2018,1,719,709,2,0,80,11,60610.0,0,1138,1,12,1784,15.552
5571,3889,13/03/2018,13/03/2018,1,719,709,2,0,80,11,60610.0,0,1726,2,13,1273,34.36
5572,588,05/12/2015,09/12/2015,3,245,267,1,0,94,33,43229.0,1,1083,1,12,1675,98.376
5573,588,05/12/2015,09/12/2015,3,245,267,1,0,94,33,43229.0,1,790,1,3,972,29.94
5574,588,05/12/2015,09/12/2015,3,245,267,1,0,94,33,43229.0,1,1199,1,12,340,17.472
5575,588,05/12/2015,09/12/2015,3,245,267,1,0,94,33,43229.0,1,1744,2,13,1031,36.738
5576,588,05/12/2015,09/12/2015,3,245,267,1,0,94,33,43229.0,1,1740,2,13,1236,179.94
5577,2224,12/12/2017,16/12/2017,3,641,654,0,0,362,3,91104.0,3,311,0,9,881,383.64
5578,2224,12/12/2017,16/12/2017,3,641,654,0,0,362,3,91104.0,3,422,1,1,305,56.52
5579,3497,09/09/2018,14/09/2018,2,454,468,0,0,265,3,90004.0,3,600,1,2,1158,6.56
5580,3497,09/09/2018,14/09/2018,2,454,468,0,0,265,3,90004.0,3,112,0,5,1170,243.92
5581,3497,09/09/2018,14/09/2018,2,454,468,0,0,265,3,90004.0,3,1023,1,12,162,47.52
5582,4012,04/10/2018,08/10/2018,3,609,596,2,0,88,18,20735.0,1,139,0,9,15,19.98
5583,2609,09/05/2017,13/05/2017,3,609,596,2,0,327,30,10024.0,1,485,1,2,1411,8.0
5584,204,15/12/2015,19/12/2015,2,397,350,0,0,435,3,92037.0,3,274,0,9,1485,6.16
5585,2873,30/11/2018,04/12/2018,3,782,779,2,0,327,30,10011.0,1,1358,1,14,926,83.56
5586,2873,30/11/2018,04/12/2018,3,782,779,2,0,327,30,10011.0,1,1724,2,13,1226,546.06
5587,2873,30/11/2018,04/12/2018,3,782,779,2,0,327,30,10011.0,1,1353,1,14,646,269.49
5588,1437,19/03/2016,20/03/2016,0,293,313,0,0,241,3,93534.0,3,917,1,8,1509,10.9
5589,767,19/07/2015,24/07/2015,3,272,274,2,0,175,24,59405.0,3,711,1,3,72,6.096
5590,1905,08/12/2017,11/12/2017,2,197,239,0,0,436,3,94110.0,3,1307,1,14,1448,34.05
5591,1905,08/12/2017,11/12/2017,2,197,239,0,0,436,3,94110.0,3,1402,1,14,642,352.38
5592,727,13/10/2015,18/10/2015,2,519,491,1,0,240,28,8701.0,1,97,0,5,753,245.98
5593,727,13/10/2015,18/10/2015,2,519,491,1,0,240,28,8701.0,1,836,1,3,672,18.94
5594,4677,19/11/2018,25/11/2018,3,368,360,0,0,86,33,44105.0,1,799,1,3,991,59.913
5595,3936,24/09/2018,24/09/2018,1,99,72,1,0,247,19,1841.0,1,1708,2,13,1241,391.98
5596,3936,24/09/2018,24/09/2018,1,99,72,1,0,247,19,1841.0,1,1747,2,13,1619,437.85
5597,1555,25/09/2016,29/09/2016,3,665,677,0,0,96,27,3301.0,1,745,1,3,700,68.62
5598,3760,13/02/2018,20/02/2018,3,721,717,0,0,28,18,21215.0,1,1427,1,15,88,25.02
5599,3760,13/02/2018,20/02/2018,3,721,717,0,0,28,18,21215.0,1,489,1,2,287,10.71
5600,115,03/10/2015,03/10/2015,1,227,227,0,0,94,33,43229.0,1,607,1,2,886,55.984
5601,115,03/10/2015,03/10/2015,1,227,227,0,0,94,33,43229.0,1,891,1,7,471,14.48
5602,115,03/10/2015,03/10/2015,1,227,227,0,0,94,33,43229.0,1,1544,2,0,996,142.488
5603,1943,27/08/2017,29/08/2017,2,736,755,1,0,207,41,77041.0,0,1394,1,14,1292,14.16
5604,1943,27/08/2017,29/08/2017,2,736,755,1,0,207,41,77041.0,0,1260,1,12,1471,79.92
5605,1335,03/12/2016,07/12/2016,3,105,91,1,0,327,30,10011.0,1,789,1,3,711,590.352
5606,2197,20/09/2017,25/09/2017,3,286,279,1,0,178,31,27405.0,2,187,0,9,504,17.088
5607,2197,20/09/2017,25/09/2017,3,286,279,1,0,178,31,27405.0,2,97,0,5,753,98.392
5608,2869,25/03/2018,31/03/2018,3,387,387,0,0,327,30,10024.0,1,522,1,2,1116,11.05
5609,1650,06/12/2016,11/12/2016,3,16,57,0,0,436,3,94109.0,3,411,1,1,459,7.78
5610,3081,31/08/2018,05/09/2018,3,85,68,0,0,306,16,71203.0,2,1546,2,0,1268,659.9
5611,1381,05/10/2016,07/10/2016,0,484,485,0,0,83,33,45231.0,1,1523,2,0,1403,53.04
5612,3158,18/08/2018,22/08/2018,3,333,327,1,0,450,45,98105.0,3,1516,2,0,1275,843.9
5613,3158,18/08/2018,22/08/2018,3,333,327,1,0,450,45,98105.0,3,1521,2,0,909,1496.16
5614,2393,02/02/2017,07/02/2017,3,6,6,0,0,327,30,10011.0,1,1403,1,14,290,117.96
5615,2553,23/08/2017,27/08/2017,3,399,362,1,0,327,30,10035.0,1,552,1,2,527,21.3
5616,2553,23/08/2017,27/08/2017,3,399,362,1,0,327,30,10035.0,1,416,1,1,8,1040.8
5617,2553,23/08/2017,27/08/2017,3,399,362,1,0,327,30,10035.0,1,537,1,2,1138,29.34
5618,3265,30/06/2018,04/07/2018,3,237,201,1,0,287,40,38109.0,2,189,0,9,120,19.52
5619,804,18/09/2016,21/09/2016,0,158,144,0,0,435,3,92105.0,3,1407,1,14,1517,443.92
5620,4494,25/09/2017,30/09/2017,3,677,711,1,0,229,47,54601.0,0,1509,2,0,1015,499.95
5621,4494,25/09/2017,30/09/2017,3,677,711,1,0,229,47,54601.0,0,495,1,2,1040,3.04
5622,4494,25/09/2017,30/09/2017,3,677,711,1,0,229,47,54601.0,0,120,0,5,751,201.96
5623,4494,25/09/2017,30/09/2017,3,677,711,1,0,229,47,54601.0,0,165,0,9,566,68.64
5624,2000,24/10/2017,28/10/2017,2,786,782,1,0,265,3,90032.0,3,1548,2,0,1082,100.0
5625,2000,24/10/2017,28/10/2017,2,786,782,1,0,265,3,90032.0,3,1536,2,0,1025,359.98
5626,317,29/09/2015,01/10/2015,2,606,595,2,0,450,45,98115.0,3,192,0,9,1028,6.16
5627,317,29/09/2015,01/10/2015,2,606,595,2,0,450,45,98115.0,3,350,0,16,320,2348.82
5628,3720,26/06/2018,01/07/2018,3,233,190,1,0,293,8,33180.0,2,1011,1,10,222,13.872
5629,3720,26/06/2018,01/07/2018,3,233,190,1,0,293,8,33180.0,2,71,0,5,836,273.552
5630,4555,21/08/2017,23/08/2017,2,623,629,2,0,372,36,19143.0,1,342,0,16,906,815.292
5631,334,11/02/2015,15/02/2015,3,560,557,0,0,77,44,23320.0,2,1494,2,0,599,234.45
5632,334,11/02/2015,15/02/2015,3,560,557,0,0,77,44,23320.0,2,357,0,16,825,1256.22
5633,334,11/02/2015,15/02/2015,3,560,557,0,0,77,44,23320.0,2,767,1,3,1636,17.46
5634,1697,23/09/2017,28/09/2017,2,166,170,2,0,327,30,10009.0,1,810,1,3,16,10.528
5635,1233,05/12/2016,06/12/2016,0,719,709,2,0,11,20,48104.0,0,662,1,3,1520,152.8
5636,3217,03/09/2018,08/09/2018,3,668,668,2,0,230,3,91941.0,3,731,1,3,1484,82.56
5637,3217,03/09/2018,08/09/2018,3,668,668,2,0,230,3,91941.0,3,1469,2,0,951,284.97
5638,3017,26/03/2018,02/04/2018,3,522,534,1,0,114,20,48126.0,0,294,0,9,415,60.84
5639,633,21/12/2015,27/12/2015,3,303,294,0,0,435,3,92024.0,3,121,0,5,1362,1325.76
5640,633,21/12/2015,27/12/2015,3,303,294,0,0,435,3,92024.0,3,58,0,5,1377,572.16
5641,555,23/09/2015,28/09/2015,3,379,374,2,0,240,33,44107.0,1,1201,1,12,540,28.8
5642,2893,02/04/2018,05/04/2018,0,58,28,2,0,289,5,6450.0,1,477,1,2,1123,11.12
5643,2092,01/04/2017,05/04/2017,2,188,192,2,0,94,9,31907.0,2,253,0,9,1344,7.04
5644,1631,15/05/2016,20/05/2016,2,34,45,1,0,417,9,30076.0,2,892,1,7,1608,17.94
5645,3153,23/03/2018,26/03/2018,0,694,673,2,0,450,45,98105.0,3,726,1,3,413,34.76
5646,3295,14/04/2018,19/04/2018,3,328,322,1,0,312,28,7960.0,1,285,0,9,1560,74.45
5647,841,04/01/2016,09/01/2016,3,22,32,1,0,4,44,22304.0,2,183,0,9,493,192.22
5648,4091,02/11/2018,07/11/2018,3,342,398,0,0,430,42,84106.0,3,1127,1,12,1816,19.44
5649,3583,17/07/2018,19/07/2018,2,37,52,1,0,14,3,92307.0,3,1272,1,12,1817,32.4
5650,3583,17/07/2018,19/07/2018,2,37,52,1,0,14,3,92307.0,3,870,1,7,1248,57.9
5651,3583,17/07/2018,19/07/2018,2,37,52,1,0,14,3,92307.0,3,1380,1,14,1505,10.56
5652,3583,17/07/2018,19/07/2018,2,37,52,1,0,14,3,92307.0,3,22,0,4,168,1194.165
5653,2953,06/10/2018,11/10/2018,3,527,550,1,0,327,30,10009.0,1,1083,1,12,1675,40.99
5654,4197,04/11/2015,11/11/2015,3,751,747,1,0,261,3,90805.0,3,500,1,2,1151,2.94
5655,2352,18/12/2017,21/12/2017,0,29,7,2,0,428,35,97301.0,3,705,1,3,1601,45.24
5656,2352,18/12/2017,21/12/2017,0,29,7,2,0,428,35,97301.0,3,612,1,2,1117,18.688
5657,2352,18/12/2017,21/12/2017,0,29,7,2,0,428,35,97301.0,3,1199,1,12,340,11.648
5658,2352,18/12/2017,21/12/2017,0,29,7,2,0,428,35,97301.0,3,1482,2,0,1464,112.776
5659,2352,18/12/2017,21/12/2017,0,29,7,2,0,428,35,97301.0,3,342,0,16,906,377.45
5660,2352,18/12/2017,21/12/2017,0,29,7,2,0,428,35,97301.0,3,950,1,10,272,15.936
5661,2352,18/12/2017,21/12/2017,0,29,7,2,0,428,35,97301.0,3,1851,2,13,1037,28.68
5662,1796,24/09/2017,01/10/2017,3,153,178,2,0,24,4,80013.0,3,232,0,9,591,21.44
5663,1796,24/09/2017,01/10/2017,3,153,178,2,0,24,4,80013.0,3,1337,1,14,1436,511.056
5664,2304,21/07/2017,21/07/2017,1,366,352,1,0,328,33,43055.0,1,498,1,2,351,18.656
5665,2304,21/07/2017,21/07/2017,1,366,352,1,0,328,33,43055.0,1,681,1,3,1621,11.088
5666,2304,21/07/2017,21/07/2017,1,366,352,1,0,328,33,43055.0,1,1361,1,14,1382,66.688
5667,2304,21/07/2017,21/07/2017,1,366,352,1,0,328,33,43055.0,1,1410,1,14,644,99.488
5668,2309,11/06/2017,15/06/2017,3,683,672,0,0,450,45,98103.0,3,1000,1,10,193,14.62
5669,2309,11/06/2017,15/06/2017,3,683,672,0,0,450,45,98103.0,3,835,1,3,1641,53.984
5670,2309,11/06/2017,15/06/2017,3,683,672,0,0,450,45,98103.0,3,1549,2,0,999,389.97
5671,1313,09/06/2016,11/06/2016,2,748,773,0,0,380,10,83201.0,3,249,0,9,1032,355.36
5672,1313,09/06/2016,11/06/2016,2,748,773,0,0,380,10,83201.0,3,1841,2,13,523,140.376
5673,3313,27/10/2018,03/11/2018,3,691,663,1,0,109,41,75081.0,0,879,1,7,7,15.84
5674,3313,27/10/2018,03/11/2018,3,691,663,1,0,109,41,75081.0,0,1088,1,12,1761,8.448
5675,2373,22/01/2017,27/01/2017,3,486,483,0,0,450,45,98105.0,3,1241,1,12,1813,12.96
5676,432,28/05/2015,02/06/2015,3,594,587,1,0,450,45,98115.0,3,1729,2,13,889,57.408
5677,432,28/05/2015,02/06/2015,3,594,587,1,0,450,45,98115.0,3,1597,2,0,911,27.6
5678,319,29/12/2015,05/01/2016,3,791,791,0,0,80,11,60610.0,0,142,0,9,1538,38.976
5679,2328,28/07/2017,03/08/2017,3,676,710,2,0,201,20,49423.0,0,910,1,8,1498,20.44
5680,2328,28/07/2017,03/08/2017,3,676,710,2,0,201,20,49423.0,0,1153,1,12,1670,109.92
5681,2301,24/09/2017,30/09/2017,3,102,81,0,0,52,34,74012.0,0,687,1,3,248,6.38
5682,2301,24/09/2017,30/09/2017,3,102,81,0,0,52,34,74012.0,0,1110,1,12,1829,6.48
5683,723,02/04/2015,08/04/2015,3,631,637,0,0,20,9,30605.0,2,1256,1,12,1781,15.84
5684,723,02/04/2015,08/04/2015,3,631,637,0,0,20,9,30605.0,2,1712,2,13,1097,1049.93
5685,723,02/04/2015,08/04/2015,3,631,637,0,0,20,9,30605.0,2,452,1,1,613,154.9
5686,1183,05/11/2016,05/11/2016,1,434,441,0,0,450,45,98105.0,3,747,1,3,270,98.352
5687,383,28/07/2015,28/07/2015,1,147,145,0,0,13,8,32712.0,2,908,1,8,1196,14.32
5688,383,28/07/2015,28/07/2015,1,147,145,0,0,13,8,32712.0,2,264,0,9,505,129.888
5689,383,28/07/2015,28/07/2015,1,147,145,0,0,13,8,32712.0,2,849,1,7,4,48.944
5690,1025,26/12/2016,31/12/2016,3,626,645,2,0,207,41,77070.0,0,81,0,5,1203,275.058
5691,4353,10/12/2016,16/12/2016,3,435,413,1,0,28,18,21215.0,1,495,1,2,1040,27.36
5692,4353,10/12/2016,16/12/2016,3,435,413,1,0,28,18,21215.0,1,1106,1,12,1330,44.75
5693,4353,10/12/2016,16/12/2016,3,435,413,1,0,28,18,21215.0,1,1847,2,13,430,134.99
5694,4353,10/12/2016,16/12/2016,3,435,413,1,0,28,18,21215.0,1,1023,1,12,162,26.4
5695,4353,10/12/2016,16/12/2016,3,435,413,1,0,28,18,21215.0,1,61,0,5,749,542.94
5696,2068,05/05/2017,07/05/2017,2,32,30,0,0,436,3,94109.0,3,329,0,16,834,71.088
5697,3273,14/10/2018,18/10/2018,3,25,50,2,0,80,11,60623.0,0,650,1,3,713,27.396
5698,3273,14/10/2018,18/10/2018,3,25,50,2,0,80,11,60623.0,0,812,1,3,421,13.456
5699,2321,05/11/2017,05/11/2017,1,253,276,0,0,243,41,78041.0,0,975,1,10,198,11.84
5700,3712,03/11/2018,08/11/2018,3,592,591,0,0,436,3,94109.0,3,1198,1,12,1783,35.88
5701,2058,24/11/2017,26/11/2017,0,121,135,2,0,86,33,44105.0,1,861,1,7,373,40.752
5702,2058,24/11/2017,26/11/2017,0,121,135,2,0,86,33,44105.0,1,1594,2,0,1592,139.96
5703,4179,14/12/2015,21/12/2015,3,717,723,0,0,280,33,43302.0,1,600,1,2,1158,2.624
5704,4179,14/12/2015,21/12/2015,3,717,723,0,0,280,33,43302.0,1,346,0,16,854,136.53
5705,4179,14/12/2015,21/12/2015,3,717,723,0,0,280,33,43302.0,1,1546,2,0,1268,263.96
5706,639,03/11/2015,08/11/2015,3,653,624,0,0,147,5,6824.0,1,1437,1,15,92,11.64
5707,3466,22/09/2018,25/09/2018,2,674,694,1,0,327,30,10009.0,1,840,1,3,696,40.176
5708,4399,08/05/2016,15/05/2016,3,577,558,0,0,327,30,10024.0,1,175,0,9,479,79.44
5709,4399,08/05/2016,15/05/2016,3,577,558,0,0,327,30,10024.0,1,1420,1,15,460,357.93
5710,4399,08/05/2016,15/05/2016,3,577,558,0,0,327,30,10024.0,1,93,0,5,1449,127.764
5711,4399,08/05/2016,15/05/2016,3,577,558,0,0,327,30,10024.0,1,1611,2,6,1445,2799.944
5712,4399,08/05/2016,15/05/2016,3,577,558,0,0,327,30,10024.0,1,1215,1,12,1798,19.44
5713,3054,31/07/2018,31/07/2018,1,445,427,0,0,80,11,60653.0,0,1797,2,13,1100,36.792
5714,4219,01/03/2015,05/03/2015,3,331,316,2,0,327,30,10035.0,1,1816,2,13,1415,5.94
5715,3070,25/09/2018,29/09/2018,3,26,59,0,0,405,44,23223.0,2,1341,1,14,1503,177.55
5716,1090,09/10/2016,12/10/2016,2,92,109,1,0,11,20,48104.0,0,1516,2,0,998,619.95
5717,1090,09/10/2016,12/10/2016,2,92,109,1,0,11,20,48104.0,0,1820,2,13,943,29.16
5718,1090,09/10/2016,12/10/2016,2,92,109,1,0,11,20,48104.0,0,883,1,7,1492,57.96
5719,1090,09/10/2016,12/10/2016,2,92,109,1,0,11,20,48104.0,0,457,1,1,294,29.403
5720,3282,29/03/2018,02/04/2018,2,633,646,0,0,233,12,47905.0,0,1326,1,14,113,81.4
5721,1289,14/11/2016,17/11/2016,0,417,437,1,0,462,35,97477.0,3,904,1,8,122,8.72
5722,1289,14/11/2016,17/11/2016,0,417,437,1,0,462,35,97477.0,3,1465,2,0,917,91.176
5723,1289,14/11/2016,17/11/2016,0,417,437,1,0,462,35,97477.0,3,1539,2,0,1265,159.968
5724,2688,26/09/2017,30/09/2017,3,242,237,1,0,436,3,94109.0,3,1279,1,12,1688,12.96
5725,41,22/09/2015,27/09/2015,3,779,784,1,0,80,11,60653.0,0,1374,1,14,1365,331.536
5726,833,25/09/2016,27/09/2016,0,233,190,1,0,327,30,10011.0,1,1575,2,0,1326,899.91
5727,909,04/05/2016,08/05/2016,3,34,45,1,0,207,41,77095.0,0,1793,2,13,1447,946.344
5728,3085,08/12/2018,13/12/2018,3,400,366,0,0,271,47,53711.0,0,1544,2,0,996,178.11
5729,3085,08/12/2018,13/12/2018,3,400,366,0,0,271,47,53711.0,0,449,1,1,870,1089.75
5730,3085,08/12/2018,13/12/2018,3,400,366,0,0,271,47,53711.0,0,990,1,10,178,61.06
5731,3085,08/12/2018,13/12/2018,3,400,366,0,0,271,47,53711.0,0,27,0,4,1421,459.92
5732,3085,08/12/2018,13/12/2018,3,400,366,0,0,271,47,53711.0,0,1183,1,12,105,27.52
5733,3612,29/06/2018,02/07/2018,0,233,190,1,0,296,5,6460.0,1,21,0,4,845,638.82
5734,3612,29/06/2018,02/07/2018,0,233,190,1,0,296,5,6460.0,1,1438,1,15,85,30.69
5735,3612,29/06/2018,02/07/2018,0,233,190,1,0,296,5,6460.0,1,281,0,9,486,25.16
5736,150,29/06/2015,03/07/2015,3,378,373,0,0,327,30,10024.0,1,644,1,3,1625,13.92
5737,564,20/01/2015,25/01/2015,3,544,497,0,0,265,3,90049.0,3,1190,1,12,1654,19.36
5738,564,20/01/2015,25/01/2015,3,544,497,0,0,265,3,90049.0,3,250,0,9,564,19.3
5739,2525,31/12/2017,06/01/2018,3,100,76,0,0,436,3,94109.0,3,814,1,3,697,38.376
5740,4842,28/03/2018,31/03/2018,0,205,203,1,0,147,3,94533.0,3,1031,1,12,1764,12.96
5741,4842,28/03/2018,31/03/2018,0,205,203,1,0,147,3,94533.0,3,175,0,9,479,26.48
5742,4842,28/03/2018,31/03/2018,0,205,203,1,0,147,3,94533.0,3,1676,2,11,1502,532.72
5743,4842,28/03/2018,31/03/2018,0,205,203,1,0,147,3,94533.0,3,1224,1,12,1756,26.72
5744,4842,28/03/2018,31/03/2018,0,205,203,1,0,147,3,94533.0,3,1071,1,12,1766,20.04
5745,4842,28/03/2018,31/03/2018,0,205,203,1,0,147,3,94533.0,3,1377,1,14,1363,795.48
5746,4842,28/03/2018,31/03/2018,0,205,203,1,0,147,3,94533.0,3,274,0,9,1485,21.56
5747,1882,08/12/2017,12/12/2017,3,461,458,0,0,179,31,27834.0,2,1771,2,13,439,249.584
5748,1882,08/12/2017,12/12/2017,3,461,458,0,0,179,31,27834.0,2,1531,2,0,1052,68.112
5749,1882,08/12/2017,12/12/2017,3,461,458,0,0,179,31,27834.0,2,1597,2,0,911,16.56
5750,2863,18/11/2018,22/11/2018,3,213,204,0,0,261,30,11561.0,1,1707,2,13,312,74.95
5751,537,30/05/2015,05/06/2015,3,714,692,0,0,57,11,60089.0,0,328,0,16,427,355.455
5752,2063,22/01/2017,28/01/2017,3,290,286,0,0,435,3,92037.0,3,989,1,10,181,44.4
5753,2063,22/01/2017,28/01/2017,3,290,286,0,0,435,3,92037.0,3,1006,1,10,182,20.65
5754,1953,03/02/2017,10/02/2017,3,454,468,0,0,405,15,40475.0,2,49,0,5,847,866.4
5755,1445,29/03/2016,03/04/2016,2,55,15,0,0,462,44,22153.0,2,594,1,2,1140,5.56
5756,718,14/10/2015,18/10/2015,3,323,333,0,0,154,41,76106.0,0,459,1,1,867,3.16
5757,718,14/10/2015,18/10/2015,3,323,333,0,0,154,41,76106.0,0,1607,2,6,803,1999.96
5758,1028,11/08/2016,16/08/2016,3,117,70,0,0,392,31,27604.0,2,295,0,9,617,46.152
5759,1420,22/11/2016,23/11/2016,0,88,113,0,0,197,8,33012.0,2,1619,2,11,1563,32.985
5760,4455,30/12/2017,30/12/2017,1,401,407,2,0,265,3,90032.0,3,1347,1,14,904,481.32
5761,4455,30/12/2017,30/12/2017,1,401,407,2,0,265,3,90032.0,3,729,1,3,409,6.384
5762,3896,12/08/2018,15/08/2018,0,395,411,0,0,237,3,92630.0,3,392,1,1,171,542.94
5763,3896,12/08/2018,15/08/2018,0,395,411,0,0,237,3,92630.0,3,183,0,9,493,54.92
5764,1579,03/11/2016,05/11/2016,0,285,289,1,0,261,30,11561.0,1,134,0,5,1208,1448.82
5765,1006,10/09/2016,12/09/2016,2,488,503,0,0,450,45,98103.0,3,1403,1,14,290,353.88
5766,4182,08/11/2015,14/11/2015,3,249,256,0,0,396,3,96003.0,3,1840,2,13,1569,333.576
5767,2426,08/10/2017,15/10/2017,3,600,607,2,0,432,41,78207.0,0,1008,1,10,209,60.144
5768,3279,08/09/2018,12/09/2018,2,45,22,1,0,207,41,77070.0,0,1550,2,0,1068,85.2
5769,1495,25/02/2016,01/03/2016,3,717,723,0,0,253,19,1453.0,1,967,1,10,228,3.15
5770,1495,25/02/2016,01/03/2016,3,717,723,0,0,253,19,1453.0,1,1168,1,12,107,22.72
5771,831,24/09/2016,28/09/2016,3,674,694,1,0,265,3,90032.0,3,136,0,9,492,14.91
5772,831,24/09/2016,28/09/2016,3,674,694,1,0,265,3,90032.0,3,431,1,1,869,1158.12
5773,1552,26/11/2016,01/12/2016,3,245,267,1,0,462,23,65807.0,0,1608,2,6,401,599.99
5774,1935,31/08/2017,06/09/2017,3,756,740,0,0,500,41,76706.0,0,1349,1,14,1519,23.968
5775,2308,12/04/2017,16/04/2017,3,103,85,0,0,265,3,90036.0,3,71,0,5,836,638.288
5776,2308,12/04/2017,16/04/2017,3,103,85,0,0,265,3,90036.0,3,839,1,3,930,13.208
5777,1740,04/12/2017,08/12/2017,3,465,469,0,0,23,30,13021.0,1,649,1,3,690,15.528
5778,1847,04/12/2017,09/12/2017,3,443,429,0,0,436,3,94109.0,3,1080,1,12,1699,104.85
5779,76,11/11/2015,18/11/2015,3,44,60,0,0,265,3,90008.0,3,569,1,2,29,30.48
5780,76,11/11/2015,18/11/2015,3,44,60,0,0,265,3,90008.0,3,64,0,5,850,112.648
5781,4395,02/04/2016,09/04/2016,3,348,384,0,0,265,3,90049.0,3,1656,2,11,1602,71.976
5782,1507,12/12/2016,16/12/2016,2,788,788,0,0,81,3,95928.0,3,522,1,2,1116,2.21
5783,1507,12/12/2016,16/12/2016,2,788,788,0,0,81,3,95928.0,3,880,1,7,1247,15.52
5784,1507,12/12/2016,16/12/2016,2,788,788,0,0,81,3,95928.0,3,1069,1,12,341,36.44
5785,3559,02/10/2018,08/10/2018,3,381,404,0,0,462,35,97477.0,3,15,0,4,1182,217.764
5786,3559,02/10/2018,08/10/2018,3,381,404,0,0,462,35,97477.0,3,1452,1,15,98,39.072
5787,3559,02/10/2018,08/10/2018,3,381,404,0,0,462,35,97477.0,3,783,1,3,709,22.638
5788,3559,02/10/2018,08/10/2018,3,381,404,0,0,462,35,97477.0,3,593,1,2,315,95.144
5789,3041,10/04/2018,14/04/2018,2,508,545,1,0,216,8,32216.0,2,274,0,9,1485,12.32
5790,3041,10/04/2018,14/04/2018,2,508,545,1,0,216,8,32216.0,2,788,1,3,74,4.419
5791,3539,29/09/2018,02/10/2018,0,591,586,0,0,27,3,93309.0,3,921,1,8,121,35.0
5792,3539,29/09/2018,02/10/2018,0,591,586,0,0,27,3,93309.0,3,98,0,5,974,72.784
5793,3539,29/09/2018,02/10/2018,0,591,586,0,0,27,3,93309.0,3,430,1,1,652,97.84
5794,3539,29/09/2018,02/10/2018,0,591,586,0,0,27,3,93309.0,3,310,0,9,880,51.75
5795,3539,29/09/2018,02/10/2018,0,591,586,0,0,27,3,93309.0,3,772,1,3,330,46.672
5796,295,29/09/2015,03/10/2015,2,457,465,0,0,327,30,10011.0,1,1376,1,14,535,1395.54
5797,295,29/09/2015,03/10/2015,2,457,465,0,0,327,30,10011.0,1,156,0,9,1441,117.36
5798,295,29/09/2015,03/10/2015,2,457,465,0,0,327,30,10011.0,1,944,1,10,186,18.9
5799,295,29/09/2015,03/10/2015,2,457,465,0,0,327,30,10011.0,1,1095,1,12,1615,77.52
5800,749,20/08/2015,25/08/2015,2,168,180,0,0,80,11,60610.0,0,124,0,5,760,421.372
5801,266,11/07/2015,14/07/2015,0,528,527,0,0,137,41,79907.0,0,1705,2,13,1289,575.968
5802,266,11/07/2015,14/07/2015,0,528,527,0,0,137,41,79907.0,0,1057,1,12,1793,10.368
5803,1597,22/03/2016,24/03/2016,0,635,658,0,0,480,3,91360.0,3,1691,2,13,1482,15.984
5804,4671,12/05/2018,19/05/2018,3,401,407,2,0,462,33,45503.0,1,584,1,2,1155,10.272
5805,3029,13/11/2018,19/11/2018,3,426,426,1,0,109,41,75220.0,0,1324,1,14,582,61.792
5806,3029,13/11/2018,19/11/2018,3,426,426,1,0,109,41,75220.0,0,31,0,4,389,205.9992
5807,2428,04/09/2017,07/09/2017,2,219,219,0,0,228,40,37918.0,2,1156,1,12,1325,12.192
5808,2428,04/09/2017,07/09/2017,2,219,219,0,0,228,40,37918.0,2,399,1,1,293,87.168
5809,2428,04/09/2017,07/09/2017,2,219,219,0,0,228,40,37918.0,2,565,1,2,1310,31.744
5810,2050,06/02/2017,11/02/2017,3,414,414,1,0,76,40,37421.0,2,162,0,9,513,132.224
5811,4403,22/03/2016,26/03/2016,3,352,408,1,0,435,3,92037.0,3,1203,1,12,537,105.52
5812,4403,22/03/2016,26/03/2016,3,352,408,1,0,435,3,92037.0,3,164,0,9,1534,91.96
5813,4403,22/03/2016,26/03/2016,3,352,408,1,0,435,3,92037.0,3,1739,2,13,449,1487.976
5814,1438,02/07/2016,03/07/2016,0,712,714,2,0,327,30,10024.0,1,1232,1,12,1803,19.44
5815,4291,15/06/2016,17/06/2016,0,12,29,0,0,471,8,33614.0,2,1538,2,0,313,11.672
5816,292,26/11/2015,26/11/2015,1,475,481,0,0,493,30,13501.0,1,1756,2,13,451,279.96
5817,292,26/11/2015,26/11/2015,1,475,481,0,0,493,30,13501.0,1,677,1,3,66,12.912
5818,292,26/11/2015,26/11/2015,1,475,481,0,0,493,30,13501.0,1,673,1,3,1306,17.088
5819,292,26/11/2015,26/11/2015,1,475,481,0,0,493,30,13501.0,1,959,1,10,232,93.15
5820,292,26/11/2015,26/11/2015,1,475,481,0,0,493,30,13501.0,1,966,1,10,242,11.52
5821,3094,12/05/2018,18/05/2018,3,174,143,1,0,436,3,94122.0,3,1420,1,15,460,238.62
5822,3094,12/05/2018,18/05/2018,3,174,143,1,0,436,3,94122.0,3,471,1,1,863,7.77
5823,3094,12/05/2018,18/05/2018,3,174,143,1,0,436,3,94122.0,3,327,0,16,977,285.48
5824,3094,12/05/2018,18/05/2018,3,174,143,1,0,436,3,94122.0,3,715,1,3,500,19.168
5825,186,02/05/2015,02/05/2015,1,47,33,0,0,94,33,43229.0,1,457,1,1,294,26.136
5826,3953,03/09/2018,06/09/2018,2,416,425,2,0,327,30,10035.0,1,1046,1,12,1671,419.4
5827,3953,03/09/2018,06/09/2018,2,416,425,2,0,327,30,10035.0,1,126,0,5,1211,90.801
5828,3953,03/09/2018,06/09/2018,2,416,425,2,0,327,30,10035.0,1,131,0,5,761,181.764
5829,3953,03/09/2018,06/09/2018,2,416,425,2,0,327,30,10035.0,1,575,1,2,1296,5.56
5830,2005,03/12/2017,07/12/2017,3,525,526,0,0,405,12,47374.0,0,370,0,16,833,581.96
5831,2005,03/12/2017,07/12/2017,3,525,526,0,0,405,12,47374.0,0,129,0,5,764,29.98
5832,926,18/07/2016,22/07/2016,3,640,647,0,0,435,3,92105.0,3,1549,2,0,999,519.96
5833,2315,21/07/2017,26/07/2017,3,103,85,0,0,96,31,28027.0,2,948,1,10,202,6.264
5834,2315,21/07/2017,26/07/2017,3,103,85,0,0,96,31,28027.0,2,98,0,5,974,363.92
5835,806,09/06/2016,16/06/2016,3,516,514,0,0,293,8,33178.0,2,793,1,3,780,64.2
5836,806,09/06/2016,16/06/2016,3,516,514,0,0,293,8,33178.0,2,727,1,3,1629,38.52
5837,806,09/06/2016,16/06/2016,3,516,514,0,0,293,8,33178.0,2,1579,2,0,1007,72.6
5838,3413,27/11/2018,03/12/2018,3,228,241,0,0,265,3,90036.0,3,1831,2,13,781,57.568
5839,1210,27/03/2016,03/04/2016,3,544,497,0,0,450,45,98115.0,3,1309,1,14,1354,83.7
5840,1234,22/09/2016,26/09/2016,2,505,523,2,0,16,44,22204.0,2,1145,1,12,1809,32.4
5841,1234,22/09/2016,26/09/2016,2,505,523,2,0,16,44,22204.0,2,230,0,9,1610,47.98
5842,1121,17/11/2016,21/11/2016,3,107,110,0,0,435,3,92105.0,3,1800,2,13,1322,415.968
5843,1121,17/11/2016,21/11/2016,3,107,110,0,0,435,3,92105.0,3,1339,1,14,418,304.9
5844,1121,17/11/2016,21/11/2016,3,107,110,0,0,435,3,92105.0,3,236,0,9,482,80.96
5845,1121,17/11/2016,21/11/2016,3,107,110,0,0,435,3,92105.0,3,1295,1,14,654,777.21
5846,1121,17/11/2016,21/11/2016,3,107,110,0,0,435,3,92105.0,3,1115,1,12,1797,32.4
5847,1121,17/11/2016,21/11/2016,3,107,110,0,0,435,3,92105.0,3,72,0,5,1201,225.568
5848,1121,17/11/2016,21/11/2016,3,107,110,0,0,435,3,92105.0,3,189,0,9,120,36.6
5849,1064,10/11/2016,14/11/2016,3,604,610,2,0,416,21,55113.0,0,453,1,1,868,715.64
5850,1064,10/11/2016,14/11/2016,3,604,610,2,0,416,21,55113.0,0,1293,1,14,1548,795.51
5851,1064,10/11/2016,14/11/2016,3,604,610,2,0,416,21,55113.0,0,1604,2,6,1444,549.99
5852,1064,10/11/2016,14/11/2016,3,604,610,2,0,416,21,55113.0,0,704,1,3,710,74.76
5853,1064,10/11/2016,14/11/2016,3,604,610,2,0,416,21,55113.0,0,297,0,9,1496,29.22
5854,4210,10/09/2015,14/09/2015,3,187,228,2,0,498,44,23464.0,2,769,1,3,1577,9.64
5855,947,05/08/2016,11/08/2016,3,34,45,1,0,109,41,75220.0,0,1344,1,14,1255,33.488
5856,947,05/08/2016,11/08/2016,3,34,45,1,0,109,41,75220.0,0,1444,1,15,1507,23.04
5857,947,05/08/2016,11/08/2016,3,34,45,1,0,109,41,75220.0,0,760,1,3,268,1.362
5858,947,05/08/2016,11/08/2016,3,34,45,1,0,109,41,75220.0,0,220,0,9,569,14.76
5859,4864,03/09/2018,07/09/2018,2,380,380,0,0,96,3,94521.0,3,40,0,4,383,239.666
5860,880,01/11/2016,08/11/2016,3,537,500,0,0,98,2,72032.0,2,342,0,16,906,301.96
5861,1536,29/04/2016,04/05/2016,2,379,374,2,0,372,36,19120.0,1,1107,1,12,1736,7.968
5862,1690,01/05/2017,04/05/2017,2,159,147,0,0,258,2,72209.0,2,1105,1,12,1698,109.92
5863,1690,01/05/2017,04/05/2017,2,159,147,0,0,258,2,72209.0,2,1240,1,12,1785,19.44
5864,1690,01/05/2017,04/05/2017,2,159,147,0,0,258,2,72209.0,2,493,1,2,496,11.16
5865,4165,05/08/2015,07/08/2015,2,657,626,1,0,289,5,6450.0,1,435,1,1,631,79.47
5866,4165,05/08/2015,07/08/2015,2,657,626,1,0,289,5,6450.0,1,613,1,2,335,4.56
5867,4165,05/08/2015,07/08/2015,2,657,626,1,0,289,5,6450.0,1,89,0,5,842,1133.35
5868,2556,04/01/2017,08/01/2017,3,101,78,1,0,372,36,19143.0,1,612,1,2,1117,4.672
5869,2556,04/01/2017,08/01/2017,3,101,78,1,0,372,36,19143.0,1,721,1,3,233,104.58
5870,2459,07/11/2017,12/11/2017,3,483,531,2,0,79,48,82001.0,3,67,0,5,768,1603.136
5871,2094,14/06/2017,14/06/2017,1,246,245,1,0,9,3,92804.0,3,333,0,16,382,1293.488
5872,2494,24/09/2017,28/09/2017,3,635,658,0,0,41,12,47401.0,0,283,0,9,511,127.95
5873,3348,30/03/2018,03/04/2018,3,497,486,2,0,94,9,31907.0,2,1386,1,14,115,59.76
5874,3411,04/06/2018,04/06/2018,1,260,265,2,0,220,2,72401.0,2,733,1,3,714,108.08
5875,3411,04/06/2018,04/06/2018,1,260,265,2,0,220,2,72401.0,2,808,1,3,923,9.54
5876,1171,07/04/2016,09/04/2016,0,287,284,2,0,372,36,19140.0,1,537,1,2,1138,11.736
5877,607,21/05/2015,26/05/2015,3,282,282,2,0,247,19,1841.0,1,675,1,3,702,447.86
5878,607,21/05/2015,26/05/2015,3,282,282,2,0,247,19,1841.0,1,1198,1,12,1783,17.94
5879,607,21/05/2015,26/05/2015,3,282,282,2,0,247,19,1841.0,1,402,1,1,298,245.88
5880,2172,05/09/2017,11/09/2017,3,544,497,0,0,327,30,10011.0,1,1130,1,12,1666,192.16
5881,2185,18/09/2017,22/09/2017,3,410,346,1,0,435,3,92105.0,3,67,0,5,768,801.568
5882,2185,18/09/2017,22/09/2017,3,410,346,1,0,435,3,92105.0,3,1020,1,12,1732,368.91
5883,2185,18/09/2017,22/09/2017,3,410,346,1,0,435,3,92105.0,3,97,0,5,753,885.528
5884,2217,13/03/2017,15/03/2017,2,257,249,1,0,436,3,94109.0,3,307,0,9,1611,28.28
5885,2217,13/03/2017,15/03/2017,2,257,249,1,0,436,3,94109.0,3,1419,1,15,812,4912.59
5886,4142,16/10/2015,17/10/2015,1,475,481,0,0,436,3,94110.0,3,641,1,3,260,14.352
5887,4142,16/10/2015,17/10/2015,1,475,481,0,0,436,3,94110.0,3,1563,2,0,1021,179.97
5888,3770,08/10/2018,11/10/2018,0,98,69,1,0,107,37,2920.0,1,1354,1,14,1367,42.76
5889,1405,07/05/2016,12/05/2016,3,130,146,0,0,355,15,42301.0,2,1142,1,12,1686,45.68
5890,2704,14/04/2017,17/04/2017,0,392,370,0,0,28,18,21215.0,1,736,1,3,703,25.06
5891,2370,21/11/2017,26/11/2017,3,633,646,0,0,80,11,60610.0,0,1126,1,12,1694,38.432
5892,2370,21/11/2017,26/11/2017,3,633,646,0,0,80,11,60610.0,0,1350,1,14,1542,21.568
5893,2370,21/11/2017,26/11/2017,3,633,646,0,0,80,11,60610.0,0,1566,2,0,975,81.576
5894,3930,10/09/2018,14/09/2018,3,714,692,0,0,21,9,30318.0,2,841,1,3,1640,2.78
5895,2773,09/09/2018,14/09/2018,3,424,431,1,0,265,3,90036.0,3,1383,1,14,635,99.87
5896,768,01/11/2015,08/11/2015,3,598,593,2,0,265,3,90049.0,3,989,1,10,181,44.4
5897,768,01/11/2015,08/11/2015,3,598,593,2,0,265,3,90049.0,3,1283,1,12,537,21.4
5898,2716,03/04/2017,09/04/2017,3,792,792,0,0,405,12,47374.0,0,272,0,9,1439,71.12
5899,2716,03/04/2017,09/04/2017,3,792,792,0,0,405,12,47374.0,0,1701,2,13,1277,259.96
5900,2932,12/01/2018,16/01/2018,3,471,461,1,0,436,3,94110.0,3,872,1,7,1492,9.78
5901,1389,20/11/2016,24/11/2016,3,582,585,2,0,436,3,94122.0,3,827,1,3,412,24.192
5902,2580,27/11/2017,02/12/2017,3,586,581,1,0,513,28,7090.0,1,200,0,9,1585,31.56
5903,4866,06/11/2018,06/11/2018,1,287,284,2,0,436,3,94122.0,3,1024,1,12,1693,59.94
5904,4866,06/11/2018,06/11/2018,1,287,284,2,0,436,3,94122.0,3,1187,1,12,537,45.36
5905,4866,06/11/2018,06/11/2018,1,287,284,2,0,436,3,94122.0,3,1023,1,12,162,26.4
5906,4866,06/11/2018,06/11/2018,1,287,284,2,0,436,3,94122.0,3,951,1,10,213,41.4
5907,4866,06/11/2018,06/11/2018,1,287,284,2,0,436,3,94122.0,3,1559,2,0,960,16.95
5908,4463,02/12/2017,07/12/2017,3,424,431,1,0,438,3,95123.0,3,733,1,3,714,24.704
5909,4463,02/12/2017,07/12/2017,3,424,431,1,0,438,3,95123.0,3,403,1,1,815,59.7
5910,4463,02/12/2017,07/12/2017,3,424,431,1,0,438,3,95123.0,3,244,0,9,584,14.52
5911,4463,02/12/2017,07/12/2017,3,424,431,1,0,438,3,95123.0,3,661,1,3,1418,104.184
5912,2510,17/12/2017,22/12/2017,3,676,710,2,0,450,45,98115.0,3,1336,1,14,1260,46.53
5913,237,24/08/2015,26/08/2015,2,242,237,1,0,355,15,42301.0,2,1451,1,15,101,25.5
5914,4330,17/09/2016,23/09/2016,3,588,606,0,0,327,30,10035.0,1,1308,1,14,1657,14.9
5915,4330,17/09/2016,23/09/2016,3,588,606,0,0,327,30,10035.0,1,980,1,10,192,87.71
5916,4330,17/09/2016,23/09/2016,3,588,606,0,0,327,30,10035.0,1,78,0,5,1212,199.764
5917,4330,17/09/2016,23/09/2016,3,588,606,0,0,327,30,10035.0,1,1382,1,14,579,94.6
5918,4330,17/09/2016,23/09/2016,3,588,606,0,0,327,30,10035.0,1,48,0,4,1350,4228.704
5919,4330,17/09/2016,23/09/2016,3,588,606,0,0,327,30,10035.0,1,18,0,4,498,2003.92
5920,4330,17/09/2016,23/09/2016,3,588,606,0,0,327,30,10035.0,1,1756,2,13,451,209.97
5921,4330,17/09/2016,23/09/2016,3,588,606,0,0,327,30,10035.0,1,1546,2,0,1268,659.9
5922,4330,17/09/2016,23/09/2016,3,588,606,0,0,327,30,10035.0,1,1248,1,12,538,110.96
5923,4330,17/09/2016,23/09/2016,3,588,606,0,0,327,30,10035.0,1,1684,2,13,35,67.8
5924,2129,26/11/2017,30/11/2017,2,215,213,1,0,327,30,10011.0,1,350,0,16,320,313.176
5925,3676,19/11/2018,22/11/2018,2,622,627,0,0,462,44,22153.0,2,508,1,2,1157,22.96
5926,3745,03/06/2018,08/06/2018,3,296,304,1,0,37,45,98226.0,3,1599,2,0,1266,1099.5
5927,4167,08/04/2015,12/04/2015,3,617,657,1,0,116,0,35601.0,2,324,0,16,1369,1215.92
5928,178,11/10/2015,15/10/2015,3,196,235,1,0,150,2,72701.0,2,946,1,10,1432,7.31
5929,178,11/10/2015,15/10/2015,3,196,235,1,0,150,2,72701.0,2,211,0,9,580,8.92
5930,4921,07/07/2018,09/07/2018,0,647,639,0,0,372,36,19120.0,1,7,0,4,1181,87.21
5931,4921,07/07/2018,09/07/2018,0,647,639,0,0,372,36,19120.0,1,1251,1,12,1811,15.552
5932,4921,07/07/2018,09/07/2018,0,647,639,0,0,372,36,19120.0,1,1719,2,13,157,683.988
5933,4921,07/07/2018,09/07/2018,0,647,639,0,0,372,36,19120.0,1,1415,1,14,1280,13.392
5934,4921,07/07/2018,09/07/2018,0,647,639,0,0,372,36,19120.0,1,1515,2,0,137,16.776
5935,4921,07/07/2018,09/07/2018,0,647,639,0,0,372,36,19120.0,1,1546,2,0,1268,527.92
5936,1716,04/07/2017,04/07/2017,1,623,629,2,0,450,45,98103.0,3,144,0,9,1045,25.4
5937,1716,04/07/2017,04/07/2017,1,623,629,2,0,450,45,98103.0,3,1713,2,13,172,177.48
5938,1716,04/07/2017,04/07/2017,1,623,629,2,0,450,45,98103.0,3,1776,2,13,1222,71.976
5939,3192,19/05/2018,25/05/2018,3,359,351,0,0,377,41,75023.0,0,1819,2,13,934,95.992
5940,3192,19/05/2018,25/05/2018,3,359,351,0,0,377,41,75023.0,0,1001,1,10,199,13.216
5941,3001,12/10/2018,14/10/2018,2,662,644,0,0,265,3,90049.0,3,1496,2,0,1400,435.84
5942,3001,12/10/2018,14/10/2018,2,662,644,0,0,265,3,90049.0,3,500,1,2,1151,5.88
5943,2443,06/08/2017,13/08/2017,3,778,783,0,0,265,3,90032.0,3,1736,2,13,1240,211.168
5944,61,25/08/2015,29/08/2015,3,390,349,1,0,265,3,90036.0,3,167,0,9,549,6.28
5945,61,25/08/2015,29/08/2015,3,390,349,1,0,265,3,90036.0,3,1529,2,0,1398,95.1
5946,61,25/08/2015,29/08/2015,3,390,349,1,0,265,3,90036.0,3,1287,1,12,1826,25.92
5947,61,25/08/2015,29/08/2015,3,390,349,1,0,265,3,90036.0,3,1408,1,14,1291,48.84
5948,991,14/09/2016,18/09/2016,2,77,96,2,0,121,13,50315.0,0,803,1,3,1634,25.9
5949,3951,05/03/2018,05/03/2018,1,127,167,1,0,458,22,38671.0,2,889,1,7,973,42.68
5950,3951,05/03/2018,05/03/2018,1,127,167,1,0,458,22,38671.0,2,1585,2,0,1004,299.97
5951,3951,05/03/2018,05/03/2018,1,127,167,1,0,458,22,38671.0,2,393,1,1,948,262.24
5952,3951,05/03/2018,05/03/2018,1,127,167,1,0,458,22,38671.0,2,721,1,3,902,234.36
5953,4822,15/04/2018,21/04/2018,3,682,697,2,0,207,41,77041.0,0,1131,1,12,1801,20.736
5954,4132,30/03/2015,31/03/2015,0,690,724,1,0,327,30,10009.0,1,512,1,2,1409,10.5
5955,640,11/11/2015,15/11/2015,2,765,760,1,0,395,36,19601.0,1,154,0,9,725,23.968
5956,640,11/11/2015,15/11/2015,2,765,760,1,0,395,36,19601.0,1,20,0,4,167,521.96
5957,2079,12/03/2017,15/03/2017,2,215,213,1,0,436,3,94109.0,3,1378,1,14,1557,676.55
5958,2079,12/03/2017,15/03/2017,2,215,213,1,0,436,3,94109.0,3,452,1,1,613,154.9
5959,2079,12/03/2017,15/03/2017,2,215,213,1,0,436,3,94109.0,3,895,1,7,1430,30.56
5960,2079,12/03/2017,15/03/2017,2,215,213,1,0,436,3,94109.0,3,108,0,5,831,770.352
5961,3750,09/02/2018,14/02/2018,2,519,491,1,0,265,3,90045.0,3,248,0,9,1044,21.12
5962,484,11/11/2015,13/11/2015,2,482,502,2,0,265,3,90004.0,3,1720,2,13,1095,575.928
5963,484,11/11/2015,13/11/2015,2,482,502,2,0,265,3,90004.0,3,411,1,1,459,7.78
5964,484,11/11/2015,13/11/2015,2,482,502,2,0,265,3,90004.0,3,1222,1,12,1768,123.92
5965,3130,20/08/2018,25/08/2018,3,470,467,1,0,436,3,94109.0,3,1454,1,15,93,17.22
5966,3130,20/08/2018,25/08/2018,3,470,467,1,0,436,3,94109.0,3,1317,1,14,461,226.56
5967,3130,20/08/2018,25/08/2018,3,470,467,1,0,436,3,94109.0,3,1799,2,13,1271,107.88
5968,2707,15/01/2017,17/01/2017,0,75,88,2,0,327,30,10009.0,1,1083,1,12,1675,81.98
5969,499,20/07/2015,22/07/2015,0,129,141,0,0,435,3,92105.0,3,1046,1,12,1671,104.85
5970,499,20/07/2015,22/07/2015,0,129,141,0,0,435,3,92105.0,3,717,1,3,1626,8.704
5971,499,20/07/2015,22/07/2015,0,129,141,0,0,435,3,92105.0,3,1158,1,12,1679,19.92
5972,499,20/07/2015,22/07/2015,0,129,141,0,0,435,3,92105.0,3,262,0,9,1177,43.02
5973,3042,06/02/2018,11/02/2018,3,74,117,0,0,327,30,10024.0,1,13,0,4,169,240.784
5974,1355,25/12/2016,29/12/2016,3,379,374,2,0,327,30,10011.0,1,451,1,1,950,414.96
5975,2208,08/10/2017,13/10/2017,3,197,239,0,0,74,31,28205.0,2,1313,1,14,641,387.72
5976,2800,13/07/2018,17/07/2018,3,656,633,1,0,354,14,66212.0,0,1343,1,14,1489,360.38
5977,2800,13/07/2018,17/07/2018,3,656,633,1,0,354,14,66212.0,0,1227,1,12,1515,13.56
5978,3072,24/04/2018,25/04/2018,0,723,727,0,0,291,1,85204.0,3,1846,2,13,40,552.0
5979,218,07/09/2015,13/09/2015,3,623,629,2,0,488,34,74133.0,0,323,0,16,941,429.9
5980,218,07/09/2015,13/09/2015,3,623,629,2,0,488,34,74133.0,0,655,1,3,265,32.06
5981,218,07/09/2015,13/09/2015,3,623,629,2,0,488,34,74133.0,0,128,0,5,1225,161.96
5982,218,07/09/2015,13/09/2015,3,623,629,2,0,488,34,74133.0,0,1389,1,14,130,19.86
5983,1901,21/11/2017,28/11/2017,3,545,544,0,0,327,30,10035.0,1,1031,1,12,1764,12.96
5984,3015,16/09/2018,18/09/2018,2,262,277,0,0,372,36,19143.0,1,1226,1,12,1712,20.544
5985,2655,19/07/2017,25/07/2017,3,409,400,0,0,191,22,39401.0,2,176,0,9,116,185.58
5986,2655,19/07/2017,25/07/2017,3,409,400,0,0,191,22,39401.0,2,761,1,3,1302,77.56
5987,2655,19/07/2017,25/07/2017,3,409,400,0,0,191,22,39401.0,2,1370,1,14,1351,87.92
5988,2655,19/07/2017,25/07/2017,3,409,400,0,0,191,22,39401.0,2,1083,1,12,1675,245.94
5989,2655,19/07/2017,25/07/2017,3,409,400,0,0,191,22,39401.0,2,654,1,3,264,8.6
5990,2655,19/07/2017,25/07/2017,3,409,400,0,0,191,22,39401.0,2,33,0,4,828,504.9
5991,4896,15/09/2018,21/09/2018,3,277,266,0,0,265,3,90049.0,3,821,1,3,679,2357.488
5992,4896,15/09/2018,21/09/2018,3,277,266,0,0,265,3,90049.0,3,1736,2,13,1240,369.544
5993,4896,15/09/2018,21/09/2018,3,277,266,0,0,265,3,90049.0,3,105,0,5,746,184.752
5994,2627,11/12/2017,11/12/2017,1,576,574,1,0,94,33,43229.0,1,1348,1,14,71,64.96
5995,2627,11/12/2017,11/12/2017,1,576,574,1,0,94,33,43229.0,1,1455,1,15,596,13.52
5996,2627,11/12/2017,11/12/2017,1,576,574,1,0,94,33,43229.0,1,102,0,5,1204,458.43
5997,2627,11/12/2017,11/12/2017,1,576,574,1,0,94,33,43229.0,1,387,1,1,292,387.136
5998,2627,11/12/2017,11/12/2017,1,576,574,1,0,94,33,43229.0,1,351,0,16,976,328.59
5999,4152,10/12/2015,14/12/2015,3,691,663,1,0,61,10,83605.0,3,72,0,5,1201,338.352
6000,4152,10/12/2015,14/12/2015,3,691,663,1,0,61,10,83605.0,3,1014,1,12,1717,25.92
6001,4152,10/12/2015,14/12/2015,3,691,663,1,0,61,10,83605.0,3,1157,1,12,1832,91.36
6002,279,13/12/2015,17/12/2015,3,639,621,1,0,373,1,85023.0,3,229,0,9,595,87.96
6003,279,13/12/2015,17/12/2015,3,639,621,1,0,373,1,85023.0,3,726,1,3,413,5.214
6004,4837,21/09/2018,27/09/2018,3,217,189,0,0,293,8,33142.0,2,747,1,3,270,12.294
6005,2909,07/09/2018,11/09/2018,3,21,25,0,0,265,3,90004.0,3,231,0,9,393,19.76
6006,794,02/11/2016,07/11/2016,3,724,681,0,0,486,30,12180.0,1,106,0,5,736,109.764
6007,3344,11/12/2018,18/12/2018,3,439,424,1,0,323,19,2740.0,1,1726,2,13,1273,128.85
6008,3337,01/04/2018,03/04/2018,0,294,300,1,0,151,38,29501.0,2,283,0,9,511,127.95
6009,1246,30/12/2016,03/01/2017,3,152,169,0,0,265,3,90049.0,3,1062,1,12,1714,68.52
6010,1246,30/12/2016,03/01/2017,3,152,169,0,0,265,3,90049.0,3,1318,1,14,13,74.94
6011,1246,30/12/2016,03/01/2017,3,152,169,0,0,265,3,90049.0,3,1666,2,11,1838,2548.56
6012,1246,30/12/2016,03/01/2017,3,152,169,0,0,265,3,90049.0,3,884,1,7,1582,271.44
6013,1246,30/12/2016,03/01/2017,3,152,169,0,0,265,3,90049.0,3,1836,2,13,437,287.88
6014,2574,10/03/2017,11/03/2017,0,427,417,2,0,265,3,90008.0,3,1264,1,12,1342,14.9
6015,2574,10/03/2017,11/03/2017,0,427,417,2,0,265,3,90008.0,3,1791,2,13,155,4158.912
6016,34,06/04/2015,12/04/2015,3,62,36,1,0,265,3,90049.0,3,164,0,9,1534,91.96
6017,34,06/04/2015,12/04/2015,3,62,36,1,0,265,3,90049.0,3,201,0,9,391,33.11
6018,34,06/04/2015,12/04/2015,3,62,36,1,0,265,3,90049.0,3,1213,1,12,1806,19.44
6019,34,06/04/2015,12/04/2015,3,62,36,1,0,265,3,90049.0,3,1146,1,12,1726,55.48
6020,606,05/10/2015,10/10/2015,2,72,108,0,0,94,33,43229.0,1,437,1,1,302,91.92
6021,4593,13/08/2017,13/08/2017,1,323,333,0,0,223,16,70065.0,2,419,1,1,1493,17.34
6022,4593,13/08/2017,13/08/2017,1,323,333,0,0,223,16,70065.0,2,1460,2,0,1460,71.98
6023,372,17/11/2015,21/11/2015,3,125,133,0,0,69,41,75104.0,0,871,1,7,1339,7.08
6024,4770,24/04/2018,27/04/2018,0,471,461,1,0,388,37,2908.0,1,1594,2,0,1592,69.98
6025,3530,24/08/2018,26/08/2018,2,223,199,0,0,241,33,43130.0,1,394,1,1,170,646.272
6026,3530,24/08/2018,26/08/2018,2,223,199,0,0,241,33,43130.0,1,1156,1,12,1754,10.368
6027,3467,23/02/2018,02/03/2018,3,13,40,1,0,450,45,98115.0,3,923,1,8,132,8.4
6028,3467,23/02/2018,02/03/2018,3,13,40,1,0,450,45,98115.0,3,1813,2,13,1847,71.96
6029,2542,19/11/2017,21/11/2017,0,477,472,0,0,216,31,28540.0,2,595,1,2,518,18.48
6030,4458,14/11/2017,15/11/2017,0,734,748,0,0,265,3,90049.0,3,600,1,2,1158,9.84
6031,4861,06/07/2018,06/07/2018,1,33,38,0,0,293,8,33142.0,2,50,0,5,739,239.24
6032,1681,25/12/2017,01/01/2018,3,713,674,1,0,320,27,3060.0,1,248,0,9,1044,21.12
6033,2841,23/04/2018,25/04/2018,0,746,731,0,0,327,30,10011.0,1,1429,1,15,669,54.9
6034,1168,14/12/2016,18/12/2016,3,606,595,2,0,265,3,90036.0,3,243,0,9,1046,15.24
6035,4386,19/04/2016,25/04/2016,3,591,586,0,0,67,41,75007.0,0,430,1,1,652,19.568
6036,4386,19/04/2016,25/04/2016,3,591,586,0,0,67,41,75007.0,0,795,1,3,648,310.392
6037,2145,04/09/2017,08/09/2017,3,3,42,0,0,165,15,40324.0,2,254,0,9,457,42.6
6038,2145,04/09/2017,08/09/2017,3,3,42,0,0,165,15,40324.0,2,651,1,3,1282,113.94
6039,2145,04/09/2017,08/09/2017,3,3,42,0,0,165,15,40324.0,2,1375,1,14,645,129.92
6040,2145,04/09/2017,08/09/2017,3,3,42,0,0,165,15,40324.0,2,580,1,2,1165,5.28
6041,3200,24/09/2018,29/09/2018,3,279,280,1,0,265,3,90008.0,3,1741,2,13,1620,859.2
6042,3200,24/09/2018,29/09/2018,3,279,280,1,0,265,3,90008.0,3,1628,2,11,1457,506.28
6043,1942,04/02/2017,08/02/2017,3,738,765,0,0,453,1,85635.0,3,210,0,9,1176,14.368
6044,3659,19/05/2018,24/05/2018,2,28,4,1,0,228,40,37918.0,2,70,0,5,1207,314.352
6045,3659,19/05/2018,24/05/2018,2,28,4,1,0,228,40,37918.0,2,1107,1,12,1736,27.888
6046,964,03/09/2016,08/09/2016,3,164,137,1,0,487,1,85705.0,3,241,0,9,726,238.152
6047,2498,09/06/2017,16/06/2017,3,83,80,2,0,298,21,55407.0,0,333,0,16,382,692.94
6048,855,07/11/2016,11/11/2016,3,165,154,1,0,293,8,33142.0,2,768,1,3,246,16.146
6049,855,07/11/2016,11/11/2016,3,165,154,1,0,293,8,33142.0,2,691,1,3,685,1345.485
6050,2472,15/06/2017,18/06/2017,0,475,481,0,0,207,41,77036.0,0,1051,1,12,1682,173.488
6051,1482,25/04/2016,30/04/2016,3,768,774,0,0,297,47,53209.0,0,492,1,2,1130,57.75
6052,1482,25/04/2016,30/04/2016,3,768,774,0,0,297,47,53209.0,0,399,1,1,293,272.4
6053,2032,23/09/2017,26/09/2017,2,408,394,2,0,241,33,43130.0,1,1176,1,12,1759,11.952
6054,2032,23/09/2017,26/09/2017,2,408,394,2,0,241,33,43130.0,1,316,0,9,551,28.0
6055,2032,23/09/2017,26/09/2017,2,408,394,2,0,241,33,43130.0,1,723,1,3,638,12.201
6056,1876,18/08/2017,20/08/2017,0,560,557,0,0,133,41,78539.0,0,700,1,3,720,2.068
6057,1876,18/08/2017,20/08/2017,0,560,557,0,0,133,41,78539.0,0,1275,1,12,118,83.84
6058,99,02/03/2015,08/03/2015,3,441,445,2,0,327,30,10009.0,1,865,1,7,1492,11.36
6059,99,02/03/2015,08/03/2015,3,441,445,2,0,327,30,10009.0,1,1061,1,12,159,36.4
6060,447,30/12/2015,03/01/2016,3,293,313,0,0,372,36,19120.0,1,1595,2,0,1059,27.968
6061,1225,10/04/2016,16/04/2016,3,261,273,2,0,408,30,14609.0,1,1341,1,14,1503,142.04
6062,1225,10/04/2016,16/04/2016,3,261,273,2,0,408,30,14609.0,1,560,1,2,626,14.67
6063,937,25/12/2016,30/12/2016,2,616,617,0,0,435,3,92037.0,3,1612,2,6,371,1199.96
6064,937,25/12/2016,30/12/2016,2,616,617,0,0,435,3,92037.0,3,1098,1,12,920,12.6
6065,937,25/12/2016,30/12/2016,2,616,617,0,0,435,3,92037.0,3,1117,1,12,778,17.94
6066,1033,05/04/2016,07/04/2016,0,769,736,0,0,372,36,19120.0,1,965,1,10,207,23.904
6067,1452,17/01/2016,23/01/2016,3,32,30,0,0,30,40,38134.0,2,1424,1,15,91,88.96
6068,4056,20/05/2018,24/05/2018,3,132,160,2,0,240,3,90712.0,3,51,0,5,752,518.272
6069,4056,20/05/2018,24/05/2018,3,132,160,2,0,240,3,90712.0,3,215,0,9,675,6.98
6070,4056,20/05/2018,24/05/2018,3,132,160,2,0,240,3,90712.0,3,1652,2,11,1213,343.2
6071,4074,13/08/2018,20/08/2018,3,424,431,1,0,372,36,19120.0,1,1000,1,10,193,17.544
6072,1049,31/12/2016,04/01/2017,3,85,68,0,0,25,41,78745.0,0,1289,1,14,657,152.688
6073,1049,31/12/2016,04/01/2017,3,85,68,0,0,25,41,78745.0,0,917,1,8,1509,3.488
6074,1049,31/12/2016,04/01/2017,3,85,68,0,0,25,41,78745.0,0,1430,1,15,1495,5.888
6075,3168,25/12/2018,29/12/2018,3,285,289,1,0,265,3,90008.0,3,707,1,3,683,153.552
6076,3168,25/12/2018,29/12/2018,3,285,289,1,0,265,3,90008.0,3,1378,1,14,1557,270.62
6077,2452,01/09/2017,07/09/2017,3,591,586,0,0,327,30,10011.0,1,1494,2,0,599,468.9
6078,2452,01/09/2017,07/09/2017,3,591,586,0,0,327,30,10011.0,1,1557,2,0,1076,72.48
6079,2452,01/09/2017,07/09/2017,3,591,586,0,0,327,30,10011.0,1,1431,1,15,102,10.95
6080,2452,01/09/2017,07/09/2017,3,591,586,0,0,327,30,10011.0,1,311,0,9,881,191.82
6081,3825,05/08/2018,08/08/2018,0,578,569,2,0,207,41,77070.0,0,1330,1,14,1553,151.056
6082,4270,18/02/2015,18/02/2015,1,739,770,0,0,269,41,79424.0,0,222,0,9,483,25.16
6083,4517,22/11/2017,27/11/2017,3,353,363,0,0,207,41,77095.0,0,803,1,3,1634,6.216
6084,4517,22/11/2017,27/11/2017,3,353,363,0,0,207,41,77095.0,0,583,1,2,1156,23.616
6085,4517,22/11/2017,27/11/2017,3,353,363,0,0,207,41,77095.0,0,1466,2,0,958,24.032
6086,4517,22/11/2017,27/11/2017,3,353,363,0,0,207,41,77095.0,0,948,1,10,202,2.088
6087,4517,22/11/2017,27/11/2017,3,353,363,0,0,207,41,77095.0,0,765,1,3,83,4.488
6088,972,14/12/2016,18/12/2016,3,258,261,0,0,104,3,92627.0,3,297,0,9,1496,29.22
6089,1269,13/06/2016,17/06/2016,3,78,64,1,0,417,9,30076.0,2,1135,1,12,1796,6.48
6090,4891,28/12/2018,31/12/2018,2,586,581,1,0,267,4,80538.0,3,749,1,3,266,1.188
6091,2751,20/09/2018,26/09/2018,3,720,689,0,0,327,30,10035.0,1,113,0,5,855,272.646
6092,2751,20/09/2018,26/09/2018,3,720,689,0,0,327,30,10035.0,1,1537,2,0,1026,212.8
6093,2751,20/09/2018,26/09/2018,3,720,689,0,0,327,30,10035.0,1,1075,1,12,1522,38.52
6094,2751,20/09/2018,26/09/2018,3,720,689,0,0,327,30,10035.0,1,1496,2,0,1400,72.64
6095,2751,20/09/2018,26/09/2018,3,720,689,0,0,327,30,10035.0,1,1307,1,14,1448,45.4
6096,2751,20/09/2018,26/09/2018,3,720,689,0,0,327,30,10035.0,1,1183,1,12,105,13.76
6097,2751,20/09/2018,26/09/2018,3,720,689,0,0,327,30,10035.0,1,100,0,5,759,80.991
6098,2751,20/09/2018,26/09/2018,3,720,689,0,0,327,30,10035.0,1,653,1,3,1304,11.784
6099,2751,20/09/2018,26/09/2018,3,720,689,0,0,327,30,10035.0,1,904,1,8,122,4.36
6100,2751,20/09/2018,26/09/2018,3,720,689,0,0,327,30,10035.0,1,119,0,5,830,2888.127
6101,2751,20/09/2018,26/09/2018,3,720,689,0,0,327,30,10035.0,1,1791,2,13,155,1299.66
6102,2751,20/09/2018,26/09/2018,3,720,689,0,0,327,30,10035.0,1,67,0,5,768,2254.41
6103,2751,20/09/2018,26/09/2018,3,720,689,0,0,327,30,10035.0,1,1687,2,13,1270,104.85
6104,2751,20/09/2018,26/09/2018,3,720,689,0,0,327,30,10035.0,1,1512,2,0,1022,59.97
6105,4787,22/08/2018,24/08/2018,0,244,214,2,0,372,36,19143.0,1,341,0,16,319,314.532
6106,1396,18/06/2016,22/06/2016,3,332,320,1,0,293,8,33178.0,2,552,1,2,527,13.632
6107,244,20/12/2015,25/12/2015,3,787,787,0,0,172,41,75051.0,0,409,1,1,310,19.432
6108,244,20/12/2015,25/12/2015,3,787,787,0,0,172,41,75051.0,0,1582,2,0,995,65.44
6109,2435,11/09/2017,16/09/2017,3,52,5,0,0,80,11,60653.0,0,970,1,10,1453,6.0
6110,2435,11/09/2017,16/09/2017,3,52,5,0,0,80,11,60653.0,0,808,1,3,923,1.908
6111,2044,12/11/2017,16/11/2017,3,710,726,0,0,361,33,44134.0,1,124,0,5,760,1474.802
6112,2044,12/11/2017,16/11/2017,3,710,726,0,0,361,33,44134.0,1,421,1,1,821,110.096
6113,2044,12/11/2017,16/11/2017,3,710,726,0,0,361,33,44134.0,1,906,1,8,1195,16.752
6114,2044,12/11/2017,16/11/2017,3,710,726,0,0,361,33,44134.0,1,55,0,5,838,1537.074
6115,2044,12/11/2017,16/11/2017,3,710,726,0,0,361,33,44134.0,1,108,0,5,831,449.372
6116,2182,14/03/2017,20/03/2017,3,708,708,1,0,400,3,94061.0,3,767,1,3,1636,41.904
6117,4462,13/11/2017,19/11/2017,3,162,175,2,0,327,30,10011.0,1,1754,2,13,1834,2279.96
6118,4462,13/11/2017,19/11/2017,3,162,175,2,0,327,30,10011.0,1,965,1,10,207,14.94
6119,3608,19/09/2018,25/09/2018,3,404,412,1,0,462,35,97477.0,3,1720,2,13,1095,191.976
6120,3608,19/09/2018,25/09/2018,3,404,412,1,0,462,35,97477.0,3,533,1,2,1250,23.832
6121,3608,19/09/2018,25/09/2018,3,404,412,1,0,462,35,97477.0,3,311,0,9,881,409.216
6122,3608,19/09/2018,25/09/2018,3,404,412,1,0,462,35,97477.0,3,15,0,4,1182,72.588
6123,3790,04/12/2018,09/12/2018,3,126,159,0,0,80,11,60610.0,0,1303,1,14,124,61.568
6124,1328,31/08/2016,05/09/2016,3,682,697,2,0,34,41,76021.0,0,1236,1,12,1078,20.96
6125,3662,03/06/2018,07/06/2018,3,713,674,1,0,265,3,90036.0,3,1547,2,0,959,44.75
6126,3662,03/06/2018,07/06/2018,3,713,674,1,0,265,3,90036.0,3,1112,1,12,1734,11.96
6127,3662,03/06/2018,07/06/2018,3,713,674,1,0,265,3,90036.0,3,722,1,3,1587,3.912
6128,2034,31/03/2017,06/04/2017,3,259,264,0,0,327,30,10009.0,1,111,0,5,770,327.996
6129,4256,25/10/2015,28/10/2015,0,27,1,1,0,436,3,94109.0,3,733,1,3,714,49.408
6130,3978,26/03/2018,02/04/2018,3,273,278,2,0,498,44,23464.0,2,1550,2,0,1068,53.25
6131,3978,26/03/2018,02/04/2018,3,273,278,2,0,498,44,23464.0,2,930,1,8,1498,3.76
6132,713,27/12/2015,31/12/2015,3,733,744,2,0,327,30,10011.0,1,123,0,5,763,767.214
6133,3660,15/09/2018,20/09/2018,3,8,10,0,0,251,40,37087.0,2,1083,1,12,1675,163.96
6134,2400,16/08/2017,19/08/2017,0,42,53,1,0,265,3,90045.0,3,363,0,16,288,161.28
6135,2380,04/11/2017,04/11/2017,1,770,746,0,0,82,3,91911.0,3,544,1,2,359,192.8
6136,857,18/10/2016,22/10/2016,3,441,445,2,0,283,41,78501.0,0,1471,2,0,1599,27.696
6137,857,18/10/2016,22/10/2016,3,441,445,2,0,283,41,78501.0,0,375,1,1,1573,73.164
6138,4544,31/10/2017,04/11/2017,2,289,285,0,0,202,8,33021.0,2,1195,1,12,1680,32.064
6139,378,30/03/2015,04/04/2015,3,293,313,0,0,436,3,94110.0,3,6,0,4,1187,205.666
6140,4303,18/04/2016,20/04/2016,0,555,559,0,0,448,3,93454.0,3,1303,1,14,124,115.44
6141,3160,09/07/2018,15/07/2018,3,358,344,0,0,273,5,6040.0,1,1105,1,12,1698,274.8
6142,3160,09/07/2018,15/07/2018,3,358,344,0,0,273,5,6040.0,1,1372,1,14,1551,195.64
6143,3160,09/07/2018,15/07/2018,3,358,344,0,0,273,5,6040.0,1,1718,2,13,524,257.98
6144,3160,09/07/2018,15/07/2018,3,358,344,0,0,273,5,6040.0,1,565,1,2,1310,119.04
6145,3762,27/06/2018,01/07/2018,3,311,312,0,0,346,25,68104.0,0,1060,1,12,1650,20.07
6146,407,22/12/2015,26/12/2015,3,437,442,0,0,438,3,95123.0,3,578,1,2,1139,11.76
6147,2867,21/11/2018,25/11/2018,3,594,587,1,0,436,3,94122.0,3,578,1,2,1139,11.76
6148,2867,21/11/2018,25/11/2018,3,594,587,1,0,436,3,94122.0,3,685,1,3,406,40.736
6149,2622,27/06/2017,29/06/2017,2,14,43,0,0,436,3,94109.0,3,1808,2,13,1219,201.584
6150,2785,28/12/2018,31/12/2018,0,366,352,1,0,261,3,90805.0,3,115,0,5,1173,340.704
6151,4442,08/04/2017,11/04/2017,0,648,623,0,0,94,9,31907.0,2,10,0,4,843,354.9
6152,152,18/03/2015,21/03/2015,2,265,251,2,0,436,3,94110.0,3,40,0,4,383,1198.33
6153,3525,03/07/2018,08/07/2018,3,631,637,0,0,265,3,90004.0,3,1370,1,14,1351,87.92
6154,3769,20/04/2018,23/04/2018,0,183,185,1,0,372,36,19120.0,1,199,0,9,465,51.968
6155,3769,20/04/2018,23/04/2018,0,183,185,1,0,372,36,19120.0,1,1367,1,14,1465,51.336
6156,3769,20/04/2018,23/04/2018,0,183,185,1,0,372,36,19120.0,1,1297,1,14,520,332.704
6157,3769,20/04/2018,23/04/2018,0,183,185,1,0,372,36,19120.0,1,306,0,9,615,42.408
6158,1727,03/08/2017,05/08/2017,2,20,21,0,0,488,34,74133.0,0,869,1,7,1580,81.54
6159,1727,03/08/2017,05/08/2017,2,20,21,0,0,488,34,74133.0,0,1592,2,0,1463,167.28
6160,2607,03/12/2017,09/12/2017,3,303,294,0,0,265,3,90049.0,3,1355,1,14,656,772.68
6161,60,19/03/2015,21/03/2015,0,490,505,1,0,238,8,33801.0,2,1847,2,13,430,323.976
6162,60,19/03/2015,21/03/2015,0,490,505,1,0,238,8,33801.0,2,952,1,10,211,11.808
6163,60,19/03/2015,21/03/2015,0,490,505,1,0,238,8,33801.0,2,1322,1,14,472,26.16
6164,60,19/03/2015,21/03/2015,0,490,505,1,0,238,8,33801.0,2,686,1,3,243,33.57
6165,60,19/03/2015,21/03/2015,0,490,505,1,0,238,8,33801.0,2,282,0,9,590,4.992
6166,60,19/03/2015,21/03/2015,0,490,505,1,0,238,8,33801.0,2,228,0,9,533,20.016
6167,60,19/03/2015,21/03/2015,0,490,505,1,0,238,8,33801.0,2,1537,2,0,1026,170.24
6168,1333,20/04/2016,25/04/2016,3,277,266,0,0,207,41,77036.0,0,1168,1,12,1700,117.456
6169,1207,19/09/2016,22/09/2016,2,660,634,1,0,265,3,90008.0,3,1270,1,12,1258,22.96
6170,17,27/08/2015,30/08/2015,2,525,526,0,0,462,44,22153.0,2,1195,1,12,1680,13.36
6171,2300,19/12/2017,24/12/2017,2,510,494,1,0,327,30,10035.0,1,670,1,3,691,34.248
6172,2300,19/12/2017,24/12/2017,2,510,494,1,0,327,30,10035.0,1,521,1,2,1132,3.52
6173,4134,02/08/2015,08/08/2015,3,578,569,2,0,462,23,65807.0,0,710,1,3,1622,26.7
6174,4134,02/08/2015,08/08/2015,3,578,569,2,0,462,23,65807.0,0,1554,2,0,1071,21.2
6175,4134,02/08/2015,08/08/2015,3,578,569,2,0,462,23,65807.0,0,1357,1,14,1452,838.38
6176,1544,21/09/2016,26/09/2016,3,295,303,0,0,93,38,29203.0,2,53,0,5,738,1690.04
6177,1544,21/09/2016,26/09/2016,3,295,303,0,0,93,38,29203.0,2,1369,1,14,1332,85.96
6178,1544,21/09/2016,26/09/2016,3,295,303,0,0,93,38,29203.0,2,859,1,7,1581,121.96
6179,1544,21/09/2016,26/09/2016,3,295,303,0,0,93,38,29203.0,2,1128,1,12,1715,23.92
6180,1544,21/09/2016,26/09/2016,3,295,303,0,0,93,38,29203.0,2,1304,1,14,634,63.96
6181,1544,21/09/2016,26/09/2016,3,295,303,0,0,93,38,29203.0,2,1690,2,13,792,629.95
6182,1544,21/09/2016,26/09/2016,3,295,303,0,0,93,38,29203.0,2,1772,2,13,776,113.73
6183,1544,21/09/2016,26/09/2016,3,295,303,0,0,93,38,29203.0,2,638,1,3,146,14.6
6184,1544,21/09/2016,26/09/2016,3,295,303,0,0,93,38,29203.0,2,1407,1,14,1517,887.84
6185,2323,11/12/2017,13/12/2017,0,193,216,2,0,387,35,97206.0,3,120,0,5,751,403.92
6186,1283,07/08/2016,12/08/2016,3,378,373,0,0,372,36,19120.0,1,563,1,2,1491,106.8
6187,1291,15/11/2016,17/11/2016,0,513,517,1,0,327,30,10035.0,1,1382,1,14,579,70.95
6188,1291,15/11/2016,17/11/2016,0,513,517,1,0,327,30,10035.0,1,796,1,3,411,34.944
6189,1291,15/11/2016,17/11/2016,0,513,517,1,0,327,30,10035.0,1,538,1,2,1124,119.04
6190,3887,04/04/2018,08/04/2018,3,41,46,0,0,122,11,60016.0,0,1836,2,13,437,383.84
6191,2538,24/12/2017,28/12/2017,3,391,367,0,0,327,30,10035.0,1,249,0,9,1032,799.56
6192,2931,13/12/2018,13/12/2018,1,546,546,0,0,450,45,98103.0,3,1335,1,14,1504,31.44
6193,2864,22/12/2018,26/12/2018,3,20,21,0,0,207,41,77095.0,0,1014,1,12,1717,25.92
6194,2864,22/12/2018,26/12/2018,3,20,21,0,0,207,41,77095.0,0,773,1,3,408,6.33
6195,2864,22/12/2018,26/12/2018,3,20,21,0,0,207,41,77095.0,0,1027,1,12,1668,75.88
6196,3020,21/10/2018,28/10/2018,3,157,142,0,0,372,36,19143.0,1,1833,2,13,1092,329.988
6197,3020,21/10/2018,28/10/2018,3,157,142,0,0,372,36,19143.0,1,1300,1,14,69,71.376
6198,1435,13/11/2016,17/11/2016,3,618,659,0,0,94,12,47201.0,0,1069,1,12,341,63.77
6199,1435,13/11/2016,17/11/2016,3,618,659,0,0,94,12,47201.0,0,1728,2,13,1479,50.97
6200,1435,13/11/2016,17/11/2016,3,618,659,0,0,94,12,47201.0,0,1126,1,12,1694,96.08
6201,1392,16/04/2016,20/04/2016,3,665,677,0,0,145,11,60201.0,0,1605,2,6,403,1439.968
6202,1392,16/04/2016,20/04/2016,3,665,677,0,0,145,11,60201.0,0,1579,2,0,1007,43.56
6203,1951,16/12/2017,23/12/2017,3,597,603,0,0,14,3,92307.0,3,72,0,5,1201,563.92
6204,2177,21/10/2017,27/10/2017,3,723,727,0,0,94,33,43229.0,1,1717,2,13,1237,235.152
6205,3658,01/12/2018,03/12/2018,0,502,508,2,0,280,33,43302.0,1,239,0,9,1038,7.712
6206,2178,20/10/2017,24/10/2017,2,161,161,0,0,207,41,77095.0,0,1069,1,12,341,51.016
6207,2178,20/10/2017,24/10/2017,2,161,161,0,0,207,41,77095.0,0,932,1,8,1498,25.248
6208,2178,20/10/2017,24/10/2017,2,161,161,0,0,207,41,77095.0,0,90,0,5,1206,56.686
6209,3708,29/09/2018,03/10/2018,3,499,532,1,0,280,33,43302.0,1,1304,1,14,634,51.168
6210,3143,18/08/2018,25/08/2018,3,790,789,1,0,450,45,98103.0,3,795,1,3,648,2793.528
6211,3143,18/08/2018,25/08/2018,3,790,789,1,0,450,45,98103.0,3,1387,1,14,978,1000.02
6212,3143,18/08/2018,25/08/2018,3,790,789,1,0,450,45,98103.0,3,184,0,9,470,65.94
6213,3741,12/11/2018,16/11/2018,2,484,485,0,0,263,45,98632.0,3,936,1,8,1498,18.24
6214,3741,12/11/2018,16/11/2018,2,484,485,0,0,263,45,98632.0,3,468,1,1,661,76.12
6215,346,11/10/2015,15/10/2015,3,55,15,0,0,399,3,90278.0,3,855,1,7,5,7.64
6216,1573,28/11/2016,03/12/2016,3,487,493,1,0,327,30,10035.0,1,140,0,9,622,68.16
6217,1573,28/11/2016,03/12/2016,3,487,493,1,0,327,30,10035.0,1,863,1,7,1492,62.24
6218,4334,27/07/2016,02/08/2016,3,591,586,0,0,266,15,40214.0,2,1854,2,13,1063,29.97
6219,2593,20/10/2017,26/10/2017,3,409,400,0,0,485,20,48183.0,0,1716,2,13,1844,125.7
6220,2593,20/10/2017,26/10/2017,3,409,400,0,0,485,20,48183.0,0,1730,2,13,1313,191.98
6221,2593,20/10/2017,26/10/2017,3,409,400,0,0,485,20,48183.0,0,1308,1,14,1657,20.86
6222,4876,14/09/2018,18/09/2018,2,342,398,0,0,265,3,90045.0,3,944,1,10,186,56.7
6223,3549,23/12/2018,27/12/2018,3,212,197,0,0,195,40,37075.0,2,140,0,9,622,72.704
6224,3549,23/12/2018,27/12/2018,3,212,197,0,0,195,40,37075.0,2,484,1,2,1251,12.264
6225,3549,23/12/2018,27/12/2018,3,212,197,0,0,195,40,37075.0,2,1405,1,14,1381,218.352
6226,1214,05/10/2016,09/10/2016,3,362,364,0,0,387,35,97206.0,3,34,0,4,381,66.294
6227,1214,05/10/2016,09/10/2016,3,362,364,0,0,387,35,97206.0,3,54,0,5,754,291.168
6228,566,02/11/2015,07/11/2015,3,602,588,0,0,214,41,75061.0,0,1794,2,13,993,88.776
6229,2402,22/01/2017,27/01/2017,3,114,101,2,0,86,33,44105.0,1,1829,2,13,1243,110.376
6230,2402,22/01/2017,27/01/2017,3,114,101,2,0,86,33,44105.0,1,1461,2,0,1597,55.176
6231,3307,11/07/2018,17/07/2018,3,577,558,0,0,505,13,50701.0,0,507,1,2,1499,30.32
6232,4825,11/09/2018,11/09/2018,1,361,359,0,0,450,45,98105.0,3,101,0,5,1202,177.568
6233,4825,11/09/2018,11/09/2018,1,361,359,0,0,450,45,98105.0,3,1149,1,12,1821,19.44
6234,4825,11/09/2018,11/09/2018,1,361,359,0,0,450,45,98105.0,3,1252,1,12,1676,71.28
6235,4825,11/09/2018,11/09/2018,1,361,359,0,0,450,45,98105.0,3,830,1,3,896,1471.96
6236,4825,11/09/2018,11/09/2018,1,361,359,0,0,450,45,98105.0,3,1680,2,13,1846,79.96
6237,2336,23/02/2017,27/02/2017,3,11,27,1,0,372,36,19120.0,1,894,1,7,1334,57.576
6238,4588,22/01/2017,29/01/2017,3,735,750,0,0,327,30,10009.0,1,825,1,3,1642,26.336
6239,1222,12/12/2016,16/12/2016,3,316,325,0,0,438,3,95123.0,3,302,0,9,557,166.5
6240,1222,12/12/2016,16/12/2016,3,316,325,0,0,438,3,95123.0,3,1343,1,14,1489,360.38
6241,4515,29/10/2017,01/11/2017,2,463,475,0,0,265,3,90008.0,3,815,1,3,1835,11.744
6242,3565,28/05/2018,31/05/2018,2,466,476,1,0,96,27,3301.0,1,176,0,9,116,247.44
6243,423,21/12/2015,28/12/2015,3,232,224,2,0,93,40,38401.0,2,672,1,3,898,18.24
6244,2686,24/11/2017,28/11/2017,3,166,170,2,0,36,45,98006.0,3,1455,1,15,596,25.35
6245,948,20/11/2016,25/11/2016,3,416,425,2,0,450,45,98105.0,3,543,1,2,1141,119.04
6246,948,20/11/2016,25/11/2016,3,416,425,2,0,450,45,98105.0,3,220,0,9,569,22.14
6247,948,20/11/2016,25/11/2016,3,416,425,2,0,450,45,98105.0,3,1515,2,0,137,13.98
6248,3175,29/05/2018,04/06/2018,3,520,492,0,0,94,12,47201.0,0,661,1,3,1418,43.41
6249,3175,29/05/2018,04/06/2018,3,520,492,0,0,94,12,47201.0,0,282,0,9,590,6.24
6250,3175,29/05/2018,04/06/2018,3,520,492,0,0,94,12,47201.0,0,410,1,1,862,465.16
6251,3175,29/05/2018,04/06/2018,3,520,492,0,0,94,12,47201.0,0,1249,1,12,109,7.98
6252,15,02/12/2015,04/12/2015,0,488,503,0,0,80,11,60623.0,0,462,1,1,1493,2.394
6253,741,07/04/2015,07/04/2015,1,780,776,2,0,279,9,30062.0,2,1218,1,12,1822,58.32
6254,741,07/04/2015,07/04/2015,1,780,776,2,0,279,9,30062.0,2,1857,2,13,1323,200.97
6255,1454,08/09/2016,14/09/2016,3,786,782,1,0,308,0,36116.0,2,193,0,9,103,21.36
6256,3526,09/09/2018,15/09/2018,3,302,306,1,0,377,41,75023.0,0,945,1,10,221,9.856
6257,1221,06/09/2016,08/09/2016,2,58,28,2,0,470,8,33319.0,2,764,1,3,695,3.444
6258,3562,02/11/2018,06/11/2018,2,50,54,1,0,94,33,43229.0,1,1423,1,15,1298,384.592
6259,1217,28/03/2016,30/03/2016,2,369,386,0,0,327,30,10009.0,1,895,1,7,1430,22.92
6260,1441,13/08/2016,17/08/2016,2,616,617,0,0,405,12,47374.0,0,777,1,3,267,11.36
6261,1585,12/05/2016,18/05/2016,3,651,650,0,0,450,45,98115.0,3,757,1,3,1309,14.592
6262,2834,23/07/2018,27/07/2018,3,470,467,1,0,261,30,11561.0,1,959,1,10,232,41.4
6263,2162,24/09/2017,26/09/2017,0,517,525,1,0,411,11,61107.0,0,828,1,3,701,442.372
6264,3943,05/05/2018,10/05/2018,3,790,789,1,0,94,9,31907.0,2,842,1,3,892,34.5
6265,4473,06/10/2017,06/10/2017,1,370,392,0,0,488,34,74133.0,0,832,1,3,235,28.85
6266,545,03/11/2015,08/11/2015,3,59,48,0,0,321,40,37211.0,2,1022,1,12,141,3.488
6267,545,03/11/2015,08/11/2015,3,59,48,0,0,321,40,37211.0,2,1082,1,12,1665,143.856
6268,982,01/10/2016,04/10/2016,2,649,643,2,0,63,19,2138.0,1,1771,2,13,439,311.98
6269,982,01/10/2016,04/10/2016,2,649,643,2,0,63,19,2138.0,1,667,1,3,259,22.45
6270,2807,02/12/2018,06/12/2018,3,65,102,1,0,340,3,94601.0,3,1722,2,13,150,39.992
6271,2807,02/12/2018,06/12/2018,3,65,102,1,0,340,3,94601.0,3,134,0,5,1208,1159.056
6272,2807,02/12/2018,06/12/2018,3,65,102,1,0,340,3,94601.0,3,608,1,2,1230,179.9
6273,3735,11/12/2018,12/12/2018,0,56,18,1,0,357,11,60067.0,0,1491,2,0,600,116.312
6274,4533,17/07/2017,22/07/2017,2,216,223,0,0,450,45,98105.0,3,195,0,9,575,12.42
6275,4533,17/07/2017,22/07/2017,2,216,223,0,0,450,45,98105.0,3,1586,2,0,666,428.4
6276,4533,17/07/2017,22/07/2017,2,216,223,0,0,450,45,98105.0,3,292,0,9,550,24.75
6277,4533,17/07/2017,22/07/2017,2,216,223,0,0,450,45,98105.0,3,958,1,10,1357,87.71
6278,4533,17/07/2017,22/07/2017,2,216,223,0,0,450,45,98105.0,3,1306,1,14,823,69.52
6279,4533,17/07/2017,22/07/2017,2,216,223,0,0,450,45,98105.0,3,1682,2,13,478,20.784
6280,4533,17/07/2017,22/07/2017,2,216,223,0,0,450,45,98105.0,3,637,1,3,1305,12.816
6281,3782,12/05/2018,16/05/2018,3,370,392,0,0,83,33,45231.0,1,952,1,10,211,5.904
6282,996,20/11/2016,26/11/2016,3,375,345,0,0,280,33,43302.0,1,237,0,9,1583,63.824
6283,996,20/11/2016,26/11/2016,3,375,345,0,0,280,33,43302.0,1,1403,1,14,290,141.552
6284,1677,24/09/2017,28/09/2017,3,257,249,1,0,265,3,90049.0,3,859,1,7,1581,304.9
6285,1677,24/09/2017,28/09/2017,3,257,249,1,0,265,3,90049.0,3,64,0,5,850,563.24
6286,2051,21/10/2017,26/10/2017,3,786,782,1,0,240,33,44107.0,1,352,0,16,424,661.176
6287,1991,24/10/2017,31/10/2017,3,142,134,2,0,251,40,37087.0,2,1710,2,13,156,239.976
6288,1,08/07/2015,12/07/2015,3,246,245,1,0,436,3,94122.0,3,357,0,16,825,502.488
6289,1,08/07/2015,12/07/2015,3,246,245,1,0,436,3,94122.0,3,699,1,3,1637,196.704
6290,4358,13/03/2016,18/03/2016,2,562,571,2,0,81,3,95928.0,3,118,0,5,742,915.136
6291,4358,13/03/2016,18/03/2016,2,562,571,2,0,81,3,95928.0,3,206,0,9,503,327.76
6292,3617,02/12/2018,05/12/2018,0,498,513,0,0,428,44,24153.0,2,76,0,5,1209,701.96
6293,1450,22/04/2016,26/04/2016,3,63,49,0,0,265,3,90008.0,3,1794,2,13,993,88.776
6294,1450,22/04/2016,26/04/2016,3,63,49,0,0,265,3,90008.0,3,626,1,2,353,64.14
6295,491,16/09/2015,19/09/2015,0,639,621,1,0,327,30,10024.0,1,756,1,3,269,33.552
6296,495,28/12/2015,01/01/2016,3,36,51,1,0,39,19,1915.0,1,431,1,1,869,1737.18
6297,495,28/12/2015,01/01/2016,3,36,51,1,0,39,19,1915.0,1,1314,1,14,658,704.25
6298,495,28/12/2015,01/01/2016,3,36,51,1,0,39,19,1915.0,1,1212,1,12,1689,141.76
6299,788,21/10/2015,26/10/2015,3,686,729,1,0,435,3,92024.0,3,692,1,3,1279,36.36
6300,2912,30/11/2018,03/12/2018,0,550,487,2,0,436,3,94109.0,3,259,0,9,467,25.83
6301,4263,06/06/2015,12/06/2015,3,664,676,0,0,80,11,60623.0,0,747,1,3,270,24.588
6302,4263,06/06/2015,12/06/2015,3,664,676,0,0,80,11,60623.0,0,847,1,7,4,13.984
6303,4062,23/11/2018,27/11/2018,3,31,13,0,0,109,41,75220.0,0,1717,2,13,1237,195.96
6304,3989,18/06/2018,20/06/2018,2,566,564,2,0,103,41,78415.0,0,1025,1,12,1710,74.352
6305,2918,05/05/2018,05/05/2018,1,35,56,0,0,327,30,10035.0,1,1192,1,12,1708,6.68
6306,2648,04/11/2017,06/11/2017,2,758,768,1,0,144,35,97405.0,3,1435,1,15,1437,17.584
6307,2648,04/11/2017,06/11/2017,2,758,768,1,0,144,35,97405.0,3,102,0,5,1204,104.784
6308,2648,04/11/2017,06/11/2017,2,758,768,1,0,144,35,97405.0,3,1260,1,12,1471,47.952
6309,2648,04/11/2017,06/11/2017,2,758,768,1,0,144,35,97405.0,3,52,0,5,747,650.352
6310,2648,04/11/2017,06/11/2017,2,758,768,1,0,144,35,97405.0,3,997,1,10,534,629.184
6311,2648,04/11/2017,06/11/2017,2,758,768,1,0,144,35,97405.0,3,1027,1,12,1668,15.176
6312,160,11/09/2015,16/09/2015,3,480,473,0,0,356,3,93030.0,3,283,0,9,511,127.95
6313,3144,16/02/2018,21/02/2018,3,563,555,1,0,147,5,6824.0,1,1355,1,14,656,579.51
6314,3144,16/02/2018,21/02/2018,3,563,555,1,0,147,5,6824.0,1,1707,2,13,312,14.99
6315,8,24/11/2015,29/11/2015,3,563,555,1,0,215,20,49201.0,0,481,1,2,887,151.92
6316,8,24/11/2015,29/11/2015,3,563,555,1,0,215,20,49201.0,0,997,1,10,534,196.62
6317,8,24/11/2015,29/11/2015,3,563,555,1,0,215,20,49201.0,0,1130,1,12,1666,144.12
6318,8,24/11/2015,29/11/2015,3,563,555,1,0,215,20,49201.0,0,1249,1,12,109,15.96
6319,3962,25/11/2018,29/11/2018,2,247,248,1,0,234,3,92677.0,3,1827,2,13,1246,39.96
6320,3962,25/11/2018,29/11/2018,2,247,248,1,0,234,3,92677.0,3,1168,1,12,107,34.08
6321,3931,28/09/2018,02/10/2018,3,709,722,1,0,216,8,32216.0,2,1127,1,12,1816,10.368
6322,270,13/10/2015,17/10/2015,3,706,701,1,0,314,30,10550.0,1,746,1,3,1336,7.752
6323,494,03/06/2015,07/06/2015,2,627,651,2,0,295,20,48640.0,0,895,1,7,1430,15.28
6324,64,17/06/2015,23/06/2015,3,198,242,0,0,328,6,19711.0,1,1619,2,11,1563,65.97
6325,905,29/10/2016,02/11/2016,3,553,575,1,0,436,3,94109.0,3,1195,1,12,1680,33.4
6326,905,29/10/2016,02/11/2016,3,553,575,1,0,436,3,94109.0,3,858,1,7,1513,210.84
6327,764,20/01/2015,26/01/2015,3,788,788,0,0,514,20,48185.0,0,1316,1,14,573,13.98
6328,764,20/01/2015,26/01/2015,3,788,788,0,0,514,20,48185.0,0,240,0,9,559,272.94
6329,764,20/01/2015,26/01/2015,3,788,788,0,0,514,20,48185.0,0,660,1,3,75,19.05
6330,764,20/01/2015,26/01/2015,3,788,788,0,0,514,20,48185.0,0,421,1,1,821,247.716
6331,764,20/01/2015,26/01/2015,3,788,788,0,0,514,20,48185.0,0,1383,1,14,635,66.58
6332,764,20/01/2015,26/01/2015,3,788,788,0,0,514,20,48185.0,0,619,1,2,1231,43.92
6333,764,20/01/2015,26/01/2015,3,788,788,0,0,514,20,48185.0,0,218,0,9,1586,14.73
6334,764,20/01/2015,26/01/2015,3,788,788,0,0,514,20,48185.0,0,820,1,3,1510,29.7
6335,403,11/07/2015,15/07/2015,3,511,495,0,0,327,30,10011.0,1,1144,1,12,1662,49.12
6336,403,11/07/2015,15/07/2015,3,511,495,0,0,327,30,10011.0,1,758,1,3,1110,18.28
6337,2692,30/08/2017,06/09/2017,3,87,115,0,0,265,3,90008.0,3,160,0,9,614,47.04
6338,2692,30/08/2017,06/09/2017,3,87,115,0,0,265,3,90008.0,3,1855,2,13,1239,339.96
6339,3599,05/10/2018,09/10/2018,3,764,756,1,0,327,30,10035.0,1,1798,2,13,1394,87.8
6340,3599,05/10/2018,09/10/2018,3,764,756,1,0,327,30,10035.0,1,97,0,5,753,221.382
6341,3599,05/10/2018,09/10/2018,3,764,756,1,0,327,30,10035.0,1,1629,2,11,19,5199.96
6342,4440,31/12/2017,02/01/2018,0,198,242,0,0,241,33,43130.0,1,1372,1,14,1551,156.512
6343,1386,07/03/2016,10/03/2016,0,272,274,2,0,328,6,19711.0,1,1581,2,0,1088,119.85
6344,1386,07/03/2016,10/03/2016,0,272,274,2,0,328,6,19711.0,1,650,1,3,713,30.44
6345,1386,07/03/2016,10/03/2016,0,272,274,2,0,328,6,19711.0,1,712,1,3,1633,69.28
6346,1386,07/03/2016,10/03/2016,0,272,274,2,0,328,6,19711.0,1,1734,2,13,970,587.97
6347,2858,20/10/2018,20/10/2018,1,623,629,2,0,327,30,10024.0,1,971,1,10,184,24.55
6348,843,01/05/2016,06/05/2016,3,602,588,0,0,436,3,94109.0,3,650,1,3,713,12.176
6349,843,01/05/2016,06/05/2016,3,602,588,0,0,436,3,94109.0,3,1319,1,14,587,37.32
6350,843,01/05/2016,06/05/2016,3,602,588,0,0,436,3,94109.0,3,1440,1,15,84,35.06
6351,3964,03/09/2018,08/09/2018,3,26,59,0,0,109,41,75217.0,0,303,0,9,554,108.4
6352,3956,03/11/2018,08/11/2018,3,84,84,1,0,293,8,33178.0,2,1773,2,13,1286,361.376
6353,4400,13/09/2016,19/09/2016,3,321,321,0,0,372,36,19120.0,1,811,1,3,662,2.412
6354,4296,06/09/2016,12/09/2016,3,106,105,1,0,327,30,10011.0,1,414,1,1,338,8.39
6355,4296,06/09/2016,12/09/2016,3,106,105,1,0,327,30,10011.0,1,1793,2,13,1447,337.98
6356,140,06/10/2015,13/10/2015,3,350,399,0,0,372,36,19120.0,1,1310,1,14,1552,83.92
6357,3518,23/01/2018,28/01/2018,3,175,148,1,0,450,45,98103.0,3,709,1,3,1307,19.68
6358,3518,23/01/2018,28/01/2018,3,175,148,1,0,450,45,98103.0,3,1274,1,12,1807,25.92
6359,3518,23/01/2018,28/01/2018,3,175,148,1,0,450,45,98103.0,3,1164,1,12,1704,6.48
6360,3518,23/01/2018,28/01/2018,3,175,148,1,0,450,45,98103.0,3,1831,2,13,781,86.352
6361,987,10/12/2016,15/12/2016,3,280,281,2,0,265,3,90032.0,3,587,1,2,358,56.3
6362,4139,25/11/2015,30/11/2015,3,683,672,0,0,462,35,97477.0,3,571,1,2,528,51.016
6363,2971,21/11/2018,25/11/2018,3,147,145,0,0,402,45,98059.0,3,705,1,3,1601,150.8
6364,2971,21/11/2018,25/11/2018,3,147,145,0,0,402,45,98059.0,3,1637,2,11,20,1039.992
6365,2971,21/11/2018,25/11/2018,3,147,145,0,0,402,45,98059.0,3,1232,1,12,1803,51.84
6366,3640,04/04/2018,05/04/2018,0,235,200,2,0,327,30,10009.0,1,1825,2,13,1232,41.22
6367,3640,04/04/2018,05/04/2018,0,235,200,2,0,327,30,10009.0,1,1423,1,15,1298,240.37
6368,3640,04/04/2018,05/04/2018,0,235,200,2,0,327,30,10009.0,1,1759,2,13,967,119.02
6369,4844,19/05/2018,24/05/2018,3,663,720,0,0,438,3,95123.0,3,725,1,3,712,133.12
6370,1724,03/10/2017,07/10/2017,3,758,768,1,0,172,41,75051.0,0,194,0,9,565,38.08
6371,1874,21/11/2017,21/11/2017,1,382,406,2,0,327,30,10009.0,1,21,0,4,845,113.568
6372,3596,03/10/2018,05/10/2018,2,132,160,2,0,327,30,10009.0,1,202,0,9,1039,83.92
6373,3596,03/10/2018,05/10/2018,2,132,160,2,0,327,30,10009.0,1,505,1,2,1317,6.63
6374,3596,03/10/2018,05/10/2018,2,132,160,2,0,327,30,10009.0,1,1516,2,0,998,371.97
6375,105,29/04/2015,03/05/2015,3,447,450,1,0,287,40,38109.0,2,69,0,5,757,561.584
6376,105,29/04/2015,03/05/2015,3,447,450,1,0,287,40,38109.0,2,1318,1,14,13,99.92
6377,2647,07/10/2017,10/10/2017,0,61,61,2,0,372,36,19143.0,1,945,1,10,221,4.928
6378,4476,15/12/2017,22/12/2017,3,102,81,0,0,265,3,90004.0,3,220,0,9,569,14.76
6379,3752,10/04/2018,14/04/2018,3,194,222,2,0,504,5,6708.0,1,1585,2,0,1004,99.99
6380,3752,10/04/2018,14/04/2018,3,194,222,2,0,504,5,6708.0,1,1398,1,14,1337,286.15
6381,4266,08/04/2015,13/04/2015,3,587,598,2,0,72,1,85224.0,3,920,1,8,133,49.792
6382,2082,29/03/2017,02/04/2017,3,739,770,0,0,462,33,45503.0,1,39,0,4,378,299.975
6383,2082,29/03/2017,02/04/2017,3,739,770,0,0,462,33,45503.0,1,1681,2,13,452,158.376
6384,4658,15/01/2018,18/01/2018,0,734,748,0,0,25,41,78745.0,0,699,1,3,1637,32.784
6385,4658,15/01/2018,18/01/2018,0,734,748,0,0,25,41,78745.0,0,1565,2,0,992,47.984
6386,4658,15/01/2018,18/01/2018,0,734,748,0,0,25,41,78745.0,0,1524,2,0,1056,62.592
6387,4658,15/01/2018,18/01/2018,0,734,748,0,0,25,41,78745.0,0,679,1,3,57,4.276
6388,417,30/01/2015,04/02/2015,3,545,544,0,0,123,20,48234.0,0,1088,1,12,1761,10.56
6389,417,30/01/2015,04/02/2015,3,545,544,0,0,123,20,48234.0,0,1325,1,14,1475,229.94
6390,1399,07/02/2016,11/02/2016,3,210,187,1,0,462,44,22153.0,2,846,1,7,395,311.15
6391,1399,07/02/2016,11/02/2016,3,210,187,1,0,462,44,22153.0,2,1214,1,12,1745,12.96
6392,2110,14/12/2017,19/12/2017,3,597,603,0,0,327,30,10011.0,1,1104,1,12,1514,14.62
6393,2110,14/12/2017,19/12/2017,3,597,603,0,0,327,30,10011.0,1,986,1,10,180,5.76
6394,2110,14/12/2017,19/12/2017,3,597,603,0,0,327,30,10011.0,1,908,1,8,1196,21.48
6395,2110,14/12/2017,19/12/2017,3,597,603,0,0,327,30,10011.0,1,241,0,9,726,396.92
6396,2110,14/12/2017,19/12/2017,3,597,603,0,0,327,30,10011.0,1,1412,1,14,125,17.15
6397,2110,14/12/2017,19/12/2017,3,597,603,0,0,327,30,10011.0,1,647,1,3,76,23.12
6398,3380,31/10/2018,04/11/2018,3,29,7,2,0,109,41,75217.0,0,590,1,2,1159,5.248
6399,3775,06/08/2018,12/08/2018,3,304,295,2,0,96,27,3301.0,1,1814,2,13,163,824.95
6400,3775,06/08/2018,12/08/2018,3,304,295,2,0,96,27,3301.0,1,973,1,10,188,24.64
6401,3775,06/08/2018,12/08/2018,3,304,295,2,0,96,27,3301.0,1,481,1,2,887,227.88
6402,3263,30/05/2018,31/05/2018,0,73,114,0,0,233,16,70506.0,2,1,0,4,1420,241.96
6403,3263,30/05/2018,31/05/2018,0,73,114,0,0,233,16,70506.0,2,659,1,3,234,3.89
6404,3263,30/05/2018,31/05/2018,0,73,114,0,0,233,16,70506.0,2,193,0,9,103,8.01
6405,1516,30/11/2016,05/12/2016,3,648,623,0,0,392,31,27604.0,2,1713,2,13,172,177.48
6406,3814,31/08/2018,02/09/2018,2,118,73,1,0,460,45,99207.0,3,88,0,5,832,569.568
6407,3814,31/08/2018,02/09/2018,2,118,73,1,0,460,45,99207.0,3,1367,1,14,1465,149.73
6408,3969,14/05/2018,15/05/2018,0,311,312,0,0,207,41,77041.0,0,117,0,5,741,899.43
6409,3969,14/05/2018,15/05/2018,0,311,312,0,0,207,41,77041.0,0,518,1,2,1113,46.2
6410,3969,14/05/2018,15/05/2018,0,311,312,0,0,207,41,77041.0,0,1037,1,12,1722,47.952
6411,3969,14/05/2018,15/05/2018,0,311,312,0,0,207,41,77041.0,0,1827,2,13,1246,7.992
6412,3969,14/05/2018,15/05/2018,0,311,312,0,0,207,41,77041.0,0,1205,1,12,1723,76.864
6413,3763,17/08/2018,23/08/2018,3,29,7,2,0,266,15,40214.0,2,745,1,3,700,102.93
6414,3763,17/08/2018,23/08/2018,3,29,7,2,0,266,15,40214.0,2,1582,2,0,995,98.16
6415,3590,10/11/2018,14/11/2018,2,234,194,2,0,202,8,33021.0,2,805,1,3,717,11.52
6416,3637,21/08/2018,21/08/2018,1,221,231,1,0,72,1,85224.0,3,1216,1,12,1728,83.88
6417,1845,08/03/2017,12/03/2017,3,71,107,0,0,372,36,19120.0,1,1792,2,13,39,108.576
6418,1845,08/03/2017,12/03/2017,3,71,107,0,0,372,36,19120.0,1,942,1,8,1358,5.984
6419,2277,31/10/2017,05/11/2017,3,333,327,1,0,488,34,74133.0,0,1429,1,15,669,21.96
6420,2277,31/10/2017,05/11/2017,3,333,327,1,0,488,34,74133.0,0,83,0,5,846,368.97
6421,2277,31/10/2017,05/11/2017,3,333,327,1,0,488,34,74133.0,0,615,1,2,1114,12.39
6422,2277,31/10/2017,05/11/2017,3,333,327,1,0,488,34,74133.0,0,1329,1,14,419,332.94
6423,675,26/07/2015,01/08/2015,3,396,341,1,0,125,42,84020.0,3,1514,2,0,1069,111.93
6424,1428,24/10/2016,27/10/2016,0,632,642,2,0,340,3,94601.0,3,114,0,5,1171,454.272
6425,3053,19/08/2018,24/08/2018,3,228,241,0,0,247,19,1841.0,1,1057,1,12,1793,19.44
6426,2324,23/05/2017,27/05/2017,3,131,156,0,0,372,36,19120.0,1,1613,2,6,404,8399.976
6427,2324,23/05/2017,27/05/2017,3,131,156,0,0,372,36,19120.0,1,816,1,3,257,6.294
6428,2324,23/05/2017,27/05/2017,3,131,156,0,0,372,36,19120.0,1,1015,1,12,1820,10.368
6429,2324,23/05/2017,27/05/2017,3,131,156,0,0,372,36,19120.0,1,1828,2,13,173,122.382
6430,740,03/11/2015,07/11/2015,3,692,691,0,0,216,31,28540.0,2,1348,1,14,71,25.984
6431,740,03/11/2015,07/11/2015,3,692,691,0,0,216,31,28540.0,2,332,0,16,853,945.036
6432,740,03/11/2015,07/11/2015,3,692,691,0,0,216,31,28540.0,2,760,1,3,268,14.301
6433,740,03/11/2015,07/11/2015,3,692,691,0,0,216,31,28540.0,2,182,0,9,1533,410.352
6434,1057,30/03/2016,04/04/2016,3,281,287,1,0,80,11,60610.0,0,1133,1,12,108,23.52
6435,1057,30/03/2016,04/04/2016,3,281,287,1,0,80,11,60610.0,0,1792,2,13,39,180.96
6436,4717,27/05/2018,29/05/2018,0,365,342,0,0,380,10,83201.0,3,316,0,9,551,35.0
6437,4717,27/05/2018,29/05/2018,0,365,342,0,0,380,10,83201.0,3,1289,1,14,657,477.15
6438,4717,27/05/2018,29/05/2018,0,365,342,0,0,380,10,83201.0,3,1838,2,13,1164,302.376
6439,4704,14/12/2018,19/12/2018,3,451,457,0,0,377,41,75023.0,0,319,0,16,366,974.988
6440,754,04/10/2015,06/10/2015,0,130,146,0,0,327,30,10024.0,1,102,0,5,1204,589.41
6441,1680,13/10/2017,20/10/2017,3,118,73,1,0,327,30,10024.0,1,530,1,2,278,34.7
6442,1680,13/10/2017,20/10/2017,3,118,73,1,0,327,30,10024.0,1,1383,1,14,635,99.87
6443,1680,13/10/2017,20/10/2017,3,118,73,1,0,327,30,10024.0,1,1097,1,12,464,37.94
6444,1680,13/10/2017,20/10/2017,3,118,73,1,0,327,30,10024.0,1,950,1,10,272,24.9
6445,1680,13/10/2017,20/10/2017,3,118,73,1,0,327,30,10024.0,1,260,0,9,883,82.26
6446,1457,05/03/2016,10/03/2016,3,373,361,0,0,80,11,60623.0,0,907,1,8,328,7.104
6447,4734,04/03/2018,06/03/2018,2,772,761,2,0,207,41,77095.0,0,310,0,9,880,103.5
6448,4734,04/03/2018,06/03/2018,2,772,761,2,0,207,41,77095.0,0,977,1,10,205,2.464
6449,4734,04/03/2018,06/03/2018,2,772,761,2,0,207,41,77095.0,0,1322,1,14,472,8.72
6450,1521,25/09/2016,29/09/2016,3,259,264,0,0,289,5,6450.0,1,666,1,3,68,10.76
6451,1521,25/09/2016,29/09/2016,3,259,264,0,0,289,5,6450.0,1,1157,1,12,1832,45.68
6452,1521,25/09/2016,29/09/2016,3,259,264,0,0,289,5,6450.0,1,632,1,2,1578,6.7
6453,4298,19/12/2016,23/12/2016,2,607,590,0,0,169,11,60025.0,0,1737,2,13,1396,158.376
6454,1110,08/10/2016,13/10/2016,3,115,111,0,0,207,41,77036.0,0,491,1,2,333,3.44
6455,3955,31/07/2018,03/08/2018,0,254,268,0,0,436,3,94110.0,3,1390,1,14,581,56.56
6456,3955,31/07/2018,03/08/2018,0,254,268,0,0,436,3,94110.0,3,248,0,9,1044,36.96
6457,131,05/08/2015,11/08/2015,3,708,708,1,0,327,30,10009.0,1,1769,2,13,1267,135.99
6458,131,05/08/2015,11/08/2015,3,708,708,1,0,327,30,10009.0,1,613,1,2,335,15.96
6459,4794,14/05/2018,17/05/2018,0,36,51,1,0,28,18,21215.0,1,534,1,2,1192,3.76
6460,4794,14/05/2018,17/05/2018,0,36,51,1,0,28,18,21215.0,1,566,1,2,1295,14.7
6461,4794,14/05/2018,17/05/2018,0,36,51,1,0,28,18,21215.0,1,576,1,2,539,37.2
6462,4794,14/05/2018,17/05/2018,0,36,51,1,0,28,18,21215.0,1,1555,2,0,303,89.97
6463,4794,14/05/2018,17/05/2018,0,36,51,1,0,28,18,21215.0,1,102,0,5,1204,261.96
6464,4794,14/05/2018,17/05/2018,0,36,51,1,0,28,18,21215.0,1,1007,1,10,214,74.0
6465,4589,22/09/2017,28/09/2017,3,57,41,2,0,266,15,40214.0,2,300,0,9,676,13.28
6466,977,13/11/2016,17/11/2016,3,1,24,0,0,251,40,37087.0,2,1394,1,14,1292,84.96
6467,3805,22/05/2018,25/05/2018,2,258,261,0,0,265,3,90008.0,3,1524,2,0,1056,68.46
6468,2656,02/12/2017,08/12/2017,3,193,216,2,0,388,37,2908.0,1,1297,1,14,520,2079.4
6469,2656,02/12/2017,08/12/2017,3,193,216,2,0,388,37,2908.0,1,1693,2,13,1593,629.95
6470,2656,02/12/2017,08/12/2017,3,193,216,2,0,388,37,2908.0,1,311,0,9,552,72.42
6471,882,29/08/2016,02/09/2016,3,128,138,2,0,123,20,48234.0,0,1737,2,13,1396,131.98
6472,882,29/08/2016,02/09/2016,3,128,138,2,0,123,20,48234.0,0,1582,2,0,995,114.52
6473,595,06/06/2015,10/06/2015,3,785,777,2,0,207,41,77070.0,0,958,1,10,1357,100.24
6474,1871,18/03/2017,20/03/2017,2,190,202,0,0,93,40,38401.0,2,449,1,1,870,871.8
6475,573,14/01/2015,15/01/2015,0,106,105,1,0,372,36,19140.0,1,30,0,4,1423,61.96
6476,3555,03/06/2018,10/06/2018,3,574,568,0,0,367,8,33024.0,2,738,1,3,1639,4.554
6477,3555,03/06/2018,10/06/2018,3,574,568,0,0,367,8,33024.0,2,450,1,1,365,5.2
6478,3555,03/06/2018,10/06/2018,3,574,568,0,0,367,8,33024.0,2,1568,2,0,1024,205.992
6479,3555,03/06/2018,10/06/2018,3,574,568,0,0,367,8,33024.0,2,1076,1,12,1800,15.552
6480,3555,03/06/2018,10/06/2018,3,574,568,0,0,367,8,33024.0,2,1693,2,13,1593,503.96
6481,3555,03/06/2018,10/06/2018,3,574,568,0,0,367,8,33024.0,2,420,1,1,608,24.472
6482,3555,03/06/2018,10/06/2018,3,574,568,0,0,367,8,33024.0,2,23,0,4,384,241.568
6483,3555,03/06/2018,10/06/2018,3,574,568,0,0,367,8,33024.0,2,1543,2,0,1604,110.4
6484,3030,03/06/2018,09/06/2018,3,439,424,1,0,327,30,10011.0,1,337,0,16,423,384.768
6485,3030,03/06/2018,09/06/2018,3,439,424,1,0,327,30,10011.0,1,1651,2,11,805,78.66
6486,3030,03/06/2018,09/06/2018,3,439,424,1,0,327,30,10011.0,1,1253,1,12,1660,45.36
6487,1043,21/03/2016,26/03/2016,3,412,403,0,0,216,31,28540.0,2,439,1,1,858,962.08
6488,1043,21/03/2016,26/03/2016,3,412,403,0,0,216,31,28540.0,2,670,1,3,691,12.843
6489,1043,21/03/2016,26/03/2016,3,412,403,0,0,216,31,28540.0,2,1162,1,12,1664,295.456
6490,4850,19/09/2018,24/09/2018,3,391,367,0,0,327,30,10011.0,1,1280,1,12,1824,32.4
6491,575,15/09/2015,19/09/2015,3,501,548,1,0,372,36,19120.0,1,145,0,9,1442,103.936
6492,1887,20/11/2017,25/11/2017,3,279,280,1,0,351,8,32839.0,2,46,0,4,1179,289.568
6493,1887,20/11/2017,25/11/2017,3,279,280,1,0,351,8,32839.0,2,1389,1,14,130,39.72
6494,1887,20/11/2017,25/11/2017,3,279,280,1,0,351,8,32839.0,2,1805,2,13,777,244.768
6495,2982,28/10/2018,01/11/2018,2,430,432,0,0,207,41,77095.0,0,1519,2,0,914,24.0
6496,2982,28/10/2018,01/11/2018,2,430,432,0,0,207,41,77095.0,0,1139,1,12,1804,15.552
6497,2982,28/10/2018,01/11/2018,2,430,432,0,0,207,41,77095.0,0,1582,2,0,995,26.176
6498,825,24/07/2016,28/07/2016,3,715,699,2,0,266,15,40214.0,2,185,0,9,570,20.94
6499,825,24/07/2016,28/07/2016,3,715,699,2,0,266,15,40214.0,2,639,1,3,699,135.09
6500,825,24/07/2016,28/07/2016,3,715,699,2,0,266,15,40214.0,2,1556,2,0,152,279.86
6501,825,24/07/2016,28/07/2016,3,715,699,2,0,266,15,40214.0,2,639,1,3,699,90.06
6502,353,02/11/2015,06/11/2015,3,454,468,0,0,285,33,44256.0,1,1715,2,13,1284,539.964
6503,353,02/11/2015,06/11/2015,3,454,468,0,0,285,33,44256.0,1,1729,2,13,889,50.232
6504,353,02/11/2015,06/11/2015,3,454,468,0,0,285,33,44256.0,1,679,1,3,57,19.242
6505,3318,17/11/2018,22/11/2018,2,786,782,1,0,327,30,10011.0,1,1297,1,14,520,1247.64
6506,2461,26/06/2017,30/06/2017,3,456,455,1,0,80,11,60653.0,0,522,1,2,1116,5.304
6507,4507,09/10/2017,11/10/2017,2,706,701,1,0,372,36,19143.0,1,1112,1,12,1734,19.136
6508,4507,09/10/2017,11/10/2017,2,706,701,1,0,372,36,19143.0,1,288,0,9,1036,332.832
6509,2801,20/12/2018,26/12/2018,3,214,208,1,0,327,30,10009.0,1,1144,1,12,1691,279.9
6510,2801,20/12/2018,26/12/2018,3,214,208,1,0,327,30,10009.0,1,694,1,3,698,50.352
6511,2801,20/12/2018,26/12/2018,3,214,208,1,0,327,30,10009.0,1,1253,1,12,1660,34.02
6512,4077,06/03/2018,10/03/2018,3,280,281,2,0,436,3,94109.0,3,570,1,2,674,23.88
6513,4077,06/03/2018,10/03/2018,3,280,281,2,0,436,3,94109.0,3,1009,1,10,197,11.52
6514,4077,06/03/2018,10/03/2018,3,280,281,2,0,436,3,94109.0,3,1083,1,12,1675,286.93
6515,4077,06/03/2018,10/03/2018,3,280,281,2,0,436,3,94109.0,3,1718,2,13,524,206.384
6516,4714,15/09/2018,19/09/2018,3,630,630,0,0,436,3,94122.0,3,98,0,5,974,218.352
6517,4714,15/09/2018,19/09/2018,3,630,630,0,0,436,3,94122.0,3,186,0,9,1532,529.9
6518,4714,15/09/2018,19/09/2018,3,630,630,0,0,436,3,94122.0,3,533,1,2,1250,99.3
6519,4714,15/09/2018,19/09/2018,3,630,630,0,0,436,3,94122.0,3,399,1,1,293,108.96
6520,4714,15/09/2018,19/09/2018,3,630,630,0,0,436,3,94122.0,3,827,1,3,412,2.688
6521,3508,16/01/2018,18/01/2018,2,48,35,0,0,215,20,49201.0,0,845,1,3,682,5443.96
6522,3508,16/01/2018,18/01/2018,2,48,35,0,0,215,20,49201.0,0,126,0,5,1211,302.67
6523,3508,16/01/2018,18/01/2018,2,48,35,0,0,215,20,49201.0,0,1092,1,12,1525,56.07
6524,2114,07/07/2017,13/07/2017,3,128,138,2,0,372,36,19120.0,1,982,1,10,1257,10.08
6525,2114,07/07/2017,13/07/2017,3,128,138,2,0,372,36,19120.0,1,1762,2,13,1235,59.994
6526,2114,07/07/2017,13/07/2017,3,128,138,2,0,372,36,19120.0,1,695,1,3,73,5.715
6527,2114,07/07/2017,13/07/2017,3,128,138,2,0,372,36,19120.0,1,690,1,3,708,9.42
6528,2551,23/12/2017,28/12/2017,2,120,129,1,0,502,37,2886.0,1,1607,2,6,803,1999.96
6529,548,22/12/2015,26/12/2015,3,114,101,2,0,327,30,10024.0,1,1416,1,14,522,216.4
6530,55,23/02/2015,27/02/2015,3,505,523,2,0,137,41,79907.0,0,1005,1,10,1497,6.936
6531,55,23/02/2015,27/02/2015,3,505,523,2,0,137,41,79907.0,0,652,1,3,694,4.428
6532,4673,04/12/2018,08/12/2018,3,756,740,0,0,408,21,55901.0,0,514,1,2,1115,8.8
6533,4673,04/12/2018,08/12/2018,3,756,740,0,0,408,21,55901.0,0,1586,2,0,666,142.8
6534,4673,04/12/2018,08/12/2018,3,756,740,0,0,408,21,55901.0,0,1497,2,0,1000,399.95
6535,343,17/11/2015,22/11/2015,3,311,312,0,0,56,30,14215.0,1,691,1,3,685,2152.776
6536,343,17/11/2015,22/11/2015,3,311,312,0,0,56,30,14215.0,1,18,0,4,498,4007.84
6537,784,20/10/2015,23/10/2015,0,285,289,1,0,228,40,37918.0,2,351,0,16,976,328.59
6538,784,20/10/2015,23/10/2015,0,285,289,1,0,228,40,37918.0,2,1323,1,14,469,98.352
6539,900,25/10/2016,30/10/2016,3,326,324,1,0,328,6,19711.0,1,1826,2,13,450,158.99
6540,900,25/10/2016,30/10/2016,3,326,324,1,0,328,6,19711.0,1,91,0,5,905,291.1
6541,4675,16/11/2018,19/11/2018,0,130,146,0,0,450,45,98103.0,3,1100,1,12,1719,73.68
6542,4675,16/11/2018,19/11/2018,0,130,146,0,0,450,45,98103.0,3,256,0,9,1531,139.92
6543,4675,16/11/2018,19/11/2018,0,130,146,0,0,450,45,98103.0,3,1799,2,13,1271,107.88
6544,4675,16/11/2018,19/11/2018,0,130,146,0,0,450,45,98103.0,3,1383,1,14,635,33.29
6545,4868,14/05/2018,18/05/2018,3,229,198,0,0,86,33,44105.0,1,761,1,3,1302,58.17
6546,4868,14/05/2018,18/05/2018,3,229,198,0,0,86,33,44105.0,1,956,1,10,212,5.04
6547,4868,14/05/2018,18/05/2018,3,229,198,0,0,86,33,44105.0,1,1051,1,12,1682,24.784
6548,171,01/03/2015,05/03/2015,3,777,778,2,0,139,11,60126.0,0,63,0,5,1172,634.116
6549,171,01/03/2015,05/03/2015,3,777,778,2,0,139,11,60126.0,0,1199,1,12,340,17.472
6550,4413,30/07/2016,01/08/2016,0,298,292,2,0,239,21,55044.0,0,85,0,5,765,155.88
6551,1122,01/11/2016,03/11/2016,2,372,410,0,0,327,30,10035.0,1,54,0,5,754,327.564
6552,3965,16/12/2018,21/12/2018,2,623,629,2,0,265,3,90036.0,3,1195,1,12,1680,13.36
6553,3965,16/12/2018,21/12/2018,2,623,629,2,0,265,3,90036.0,3,1362,1,14,1385,158.9
6554,440,20/10/2015,22/10/2015,2,472,463,2,0,80,11,60653.0,0,1502,2,0,1017,319.968
6555,440,20/10/2015,22/10/2015,2,472,463,2,0,80,11,60653.0,0,1401,1,14,14,505.32
6556,440,20/10/2015,22/10/2015,2,472,463,2,0,80,11,60653.0,0,1152,1,12,1655,3.808
6557,440,20/10/2015,22/10/2015,2,472,463,2,0,80,11,60653.0,0,661,1,3,1418,8.682
6558,440,20/10/2015,22/10/2015,2,472,463,2,0,80,11,60653.0,0,990,1,10,178,24.424
6559,1633,05/06/2016,10/06/2016,3,247,248,1,0,56,30,14215.0,1,135,0,5,841,1522.638
6560,2606,21/07/2017,26/07/2017,3,210,187,1,0,416,3,95661.0,3,876,1,7,139,419.9
6561,2606,21/07/2017,26/07/2017,3,210,187,1,0,416,3,95661.0,3,995,1,10,1434,3.15
6562,3635,31/03/2018,02/04/2018,0,671,682,1,0,16,41,76017.0,0,441,1,1,629,33.62
6563,744,07/05/2015,12/05/2015,3,181,131,0,0,247,19,1841.0,1,677,1,3,66,16.14
6564,744,07/05/2015,12/05/2015,3,181,131,0,0,247,19,1841.0,1,354,0,16,286,194.25
6565,744,07/05/2015,12/05/2015,3,181,131,0,0,247,19,1841.0,1,555,1,2,1142,8.64
6566,744,07/05/2015,12/05/2015,3,181,131,0,0,247,19,1841.0,1,127,0,5,988,872.32
6567,3374,05/02/2018,08/02/2018,2,125,133,0,0,500,41,76706.0,0,831,1,3,895,243.992
6568,3374,05/02/2018,08/02/2018,2,125,133,0,0,500,41,76706.0,0,568,1,2,1499,7.12
6569,6,18/04/2015,22/04/2015,3,438,446,0,0,207,41,77095.0,0,531,1,2,1297,2.688
6570,6,18/04/2015,22/04/2015,3,438,446,0,0,207,41,77095.0,0,92,0,5,497,317.058
6571,6,18/04/2015,22/04/2015,3,438,446,0,0,207,41,77095.0,0,846,1,7,395,149.352
6572,6,18/04/2015,22/04/2015,3,438,446,0,0,207,41,77095.0,0,1469,2,0,951,227.976
6573,2614,10/05/2017,16/05/2017,3,633,646,0,0,450,45,98105.0,3,1242,1,12,1753,11.96
6574,2601,25/11/2017,30/11/2017,3,98,69,1,0,376,28,7060.0,1,1314,1,14,658,563.4
6575,2601,25/11/2017,30/11/2017,3,98,69,1,0,376,28,7060.0,1,1671,2,11,965,319.92
6576,3222,03/03/2018,08/03/2018,3,263,246,0,0,265,3,90008.0,3,1481,2,0,908,1049.44
6577,3222,03/03/2018,08/03/2018,3,263,246,0,0,265,3,90008.0,3,115,0,5,1173,170.352
6578,1480,06/12/2016,11/12/2016,2,651,650,0,0,16,44,22204.0,2,1733,2,13,42,173.94
6579,53,25/08/2015,30/08/2015,3,546,546,0,0,450,45,98103.0,3,1705,2,13,1289,1007.944
6580,2743,22/10/2017,22/10/2017,1,537,500,0,0,450,45,98105.0,3,1196,1,12,1776,6.68
6581,2743,22/10/2017,22/10/2017,1,537,500,0,0,450,45,98105.0,3,559,1,2,1296,8.34
6582,2743,22/10/2017,22/10/2017,1,537,500,0,0,450,45,98105.0,3,246,0,9,990,101.94
6583,2403,07/08/2017,11/08/2017,3,242,237,1,0,135,45,98026.0,3,1563,2,0,1021,179.97
6584,2855,21/07/2018,27/07/2018,3,41,46,0,0,428,44,24153.0,2,593,1,2,315,101.94
6585,2855,21/07/2018,27/07/2018,3,41,46,0,0,428,44,24153.0,2,1782,2,13,1169,271.96
6586,2855,21/07/2018,27/07/2018,3,41,46,0,0,428,44,24153.0,2,253,0,9,1344,8.8
6587,2855,21/07/2018,27/07/2018,3,41,46,0,0,428,44,24153.0,2,600,1,2,1158,19.68
6588,2855,21/07/2018,27/07/2018,3,41,46,0,0,428,44,24153.0,2,31,0,4,389,302.94
6589,2855,21/07/2018,27/07/2018,3,41,46,0,0,428,44,24153.0,2,771,1,3,410,14.94
6590,2855,21/07/2018,27/07/2018,3,41,46,0,0,428,44,24153.0,2,1443,1,15,1299,231.72
6591,728,23/03/2015,26/03/2015,0,87,115,0,0,118,8,33445.0,2,1006,1,10,182,9.912
6592,828,30/04/2016,06/05/2016,3,417,437,1,0,436,3,94110.0,3,492,1,2,1130,34.65
6593,828,30/04/2016,06/05/2016,3,417,437,1,0,436,3,94110.0,3,1689,2,13,477,19.8
6594,2075,13/06/2017,16/06/2017,2,311,312,0,0,327,30,10024.0,1,718,1,3,1301,33.568
6595,1388,04/05/2016,11/05/2016,3,722,719,1,0,211,12,46203.0,0,532,1,2,1094,125.93
6596,3873,23/04/2018,26/04/2018,0,297,308,1,0,94,33,43229.0,1,648,1,3,1836,11.76
6597,3873,23/04/2018,26/04/2018,0,297,308,1,0,94,33,43229.0,1,1129,1,12,1737,5.344
6598,779,06/06/2015,12/06/2015,3,721,717,0,0,216,8,32216.0,2,741,1,3,1308,1.365
6599,779,06/06/2015,12/06/2015,3,721,717,0,0,216,8,32216.0,2,1165,1,12,1731,62.016
6600,622,02/12/2015,07/12/2015,3,579,579,1,0,88,18,20735.0,1,276,0,9,487,60.72
6601,622,02/12/2015,07/12/2015,3,579,579,1,0,88,18,20735.0,1,1191,1,12,1729,146.82
6602,622,02/12/2015,07/12/2015,3,579,579,1,0,88,18,20735.0,1,129,0,5,764,239.84
6603,622,02/12/2015,07/12/2015,3,579,579,1,0,88,18,20735.0,1,955,1,10,218,15.66
6604,3673,17/06/2018,20/06/2018,0,619,661,0,0,95,4,80022.0,3,1339,1,14,418,146.352
6605,2410,26/05/2017,31/05/2017,3,721,717,0,0,444,3,92704.0,3,933,1,8,131,5.94
6606,2410,26/05/2017,31/05/2017,3,721,717,0,0,444,3,92704.0,3,1096,1,12,1733,45.36
6607,2410,26/05/2017,31/05/2017,3,721,717,0,0,444,3,92704.0,3,1821,2,13,440,211.168
6608,2410,26/05/2017,31/05/2017,3,721,717,0,0,444,3,92704.0,3,131,0,5,761,484.704
6609,2410,26/05/2017,31/05/2017,3,721,717,0,0,444,3,92704.0,3,1642,2,11,651,371.976
6610,4311,10/03/2016,10/03/2016,1,417,437,1,0,88,18,20735.0,1,1368,1,14,1263,89.82
6611,2732,20/10/2017,22/10/2017,0,22,32,1,0,265,3,90049.0,3,811,1,3,662,19.296
6612,875,21/04/2016,28/04/2016,3,381,404,0,0,266,15,40214.0,2,77,0,5,744,191.96
6613,875,21/04/2016,28/04/2016,3,381,404,0,0,266,15,40214.0,2,730,1,3,1632,21.3
6614,875,21/04/2016,28/04/2016,3,381,404,0,0,266,15,40214.0,2,1753,2,13,932,469.95
6615,875,21/04/2016,28/04/2016,3,381,404,0,0,266,15,40214.0,2,256,0,9,1531,209.88
6616,2022,17/06/2017,19/06/2017,0,545,544,0,0,265,3,90045.0,3,40,0,4,383,239.666
6617,2022,17/06/2017,19/06/2017,0,545,544,0,0,265,3,90045.0,3,943,1,10,204,22.5
6618,2022,17/06/2017,19/06/2017,0,545,544,0,0,265,3,90045.0,3,1105,1,12,1698,219.84
6619,4911,13/01/2018,18/01/2018,2,164,137,1,0,462,23,65807.0,0,1287,1,12,1826,32.4
6620,4911,13/01/2018,18/01/2018,2,164,137,1,0,462,23,65807.0,0,607,1,2,886,209.94
6621,4911,13/01/2018,18/01/2018,2,164,137,1,0,462,23,65807.0,0,1441,1,15,1042,4164.05
6622,4911,13/01/2018,18/01/2018,2,164,137,1,0,462,23,65807.0,0,10,0,4,843,212.94
6623,366,06/09/2015,09/09/2015,0,783,781,1,0,436,3,94109.0,3,185,0,9,570,41.88
6624,366,06/09/2015,09/09/2015,0,783,781,1,0,436,3,94109.0,3,969,1,10,226,58.48
6625,1317,19/01/2016,23/01/2016,3,599,594,0,0,476,41,77590.0,0,348,0,16,324,102.438
6626,1317,19/01/2016,23/01/2016,3,599,594,0,0,476,41,77590.0,0,132,0,5,797,199.304
6627,535,14/12/2015,21/12/2015,3,737,758,0,0,327,30,10024.0,1,1630,2,11,786,6999.96
6628,458,23/05/2015,27/05/2015,3,259,264,0,0,36,45,98006.0,3,1207,1,12,1790,12.96
6629,1242,19/09/2016,22/09/2016,2,313,305,0,0,327,30,10024.0,1,1678,2,13,1312,279.86
6630,1109,02/10/2016,06/10/2016,3,572,577,2,0,520,31,27893.0,2,709,1,3,1307,7.38
6631,1736,25/12/2017,30/12/2017,3,355,379,0,0,450,45,98115.0,3,62,0,5,750,698.352
6632,1736,25/12/2017,30/12/2017,3,355,379,0,0,450,45,98115.0,3,326,0,16,1370,1747.25
6633,4559,06/05/2017,08/05/2017,2,77,96,2,0,462,23,65807.0,0,399,1,1,293,54.48
6634,2696,24/10/2017,24/10/2017,1,716,704,0,0,436,3,94109.0,3,1507,2,0,1328,199.99
6635,3629,06/05/2018,06/05/2018,1,485,537,0,0,74,31,28205.0,2,798,1,3,1624,68.541
6636,3629,06/05/2018,06/05/2018,1,485,537,0,0,74,31,28205.0,2,1860,2,13,724,627.168
6637,3629,06/05/2018,06/05/2018,1,485,537,0,0,74,31,28205.0,2,990,1,10,178,122.12
6638,2828,27/11/2018,30/11/2018,2,653,624,0,0,327,30,10011.0,1,523,1,2,138,6.99
6639,2828,27/11/2018,30/11/2018,2,653,624,0,0,327,30,10011.0,1,686,1,3,243,107.424
6640,112,31/10/2015,02/11/2015,2,36,51,1,0,264,33,44052.0,1,360,0,16,835,1421.664
6641,3320,05/08/2018,09/08/2018,3,603,589,0,0,211,12,46203.0,0,718,1,3,1301,125.88
6642,3320,05/08/2018,09/08/2018,3,603,589,0,0,211,12,46203.0,0,1504,2,0,1023,79.78
6643,3320,05/08/2018,09/08/2018,3,603,589,0,0,211,12,46203.0,0,989,1,10,181,133.2
6644,4387,10/08/2016,16/08/2016,3,787,787,0,0,398,35,97756.0,3,1699,2,13,37,438.368
6645,4387,10/08/2016,16/08/2016,3,787,787,0,0,398,35,97756.0,3,1834,2,13,1220,139.944
6646,4387,10/08/2016,16/08/2016,3,787,787,0,0,398,35,97756.0,3,407,1,1,628,133.472
6647,4500,15/12/2017,21/12/2017,3,534,543,2,0,462,35,97477.0,3,355,0,16,368,564.195
6648,4500,15/12/2017,21/12/2017,3,534,543,2,0,462,35,97477.0,3,399,1,1,293,87.168
6649,4752,08/09/2018,11/09/2018,0,80,67,1,0,16,41,76017.0,0,737,1,3,1300,42.616
6650,4752,08/09/2018,11/09/2018,0,80,67,1,0,16,41,76017.0,0,1606,2,6,399,319.984
6651,4752,08/09/2018,11/09/2018,0,80,67,1,0,16,41,76017.0,0,941,1,8,1600,45.92
6652,4752,08/09/2018,11/09/2018,0,80,67,1,0,16,41,76017.0,0,175,0,9,479,21.184
6653,4752,08/09/2018,11/09/2018,0,80,67,1,0,16,41,76017.0,0,1017,1,12,1799,20.736
6654,4752,08/09/2018,11/09/2018,0,80,67,1,0,16,41,76017.0,0,106,0,5,736,213.43
6655,3465,20/02/2018,27/02/2018,3,436,423,2,0,166,1,85234.0,3,1840,2,13,1569,333.576
6656,3465,20/02/2018,27/02/2018,3,436,423,2,0,166,1,85234.0,3,1487,2,0,1089,31.992
6657,3465,20/02/2018,27/02/2018,3,436,423,2,0,166,1,85234.0,3,1304,1,14,634,51.168
6658,3465,20/02/2018,27/02/2018,3,436,423,2,0,166,1,85234.0,3,898,1,7,981,10.64
6659,3465,20/02/2018,27/02/2018,3,436,423,2,0,166,1,85234.0,3,217,0,9,878,68.704
6660,3465,20/02/2018,27/02/2018,3,436,423,2,0,166,1,85234.0,3,323,0,16,941,386.91
6661,1152,08/08/2016,10/08/2016,2,195,225,0,0,247,19,1841.0,1,622,1,2,355,39.66
6662,1152,08/08/2016,10/08/2016,2,195,225,0,0,247,19,1841.0,1,463,1,1,466,113.92
6663,1152,08/08/2016,10/08/2016,2,195,225,0,0,247,19,1841.0,1,707,1,3,683,447.86
6664,3981,26/10/2018,01/11/2018,3,580,580,0,0,498,44,23464.0,2,327,0,16,977,356.85
6665,3981,26/10/2018,01/11/2018,3,580,580,0,0,498,44,23464.0,2,873,1,7,1579,251.58
6666,1908,14/07/2017,18/07/2017,2,407,390,0,0,214,41,75061.0,0,1105,1,12,1698,219.84
6667,3196,12/05/2018,14/05/2018,2,124,183,0,0,497,28,8360.0,1,161,0,9,485,42.85
6668,3196,12/05/2018,14/05/2018,2,124,183,0,0,497,28,8360.0,1,974,1,10,1454,6.16
6669,3196,12/05/2018,14/05/2018,2,124,183,0,0,497,28,8360.0,1,1451,1,15,101,17.0
6670,3196,12/05/2018,14/05/2018,2,124,183,0,0,497,28,8360.0,1,1595,2,0,1059,87.4
6671,3954,25/05/2018,29/05/2018,3,515,539,2,0,94,9,31907.0,2,750,1,3,1331,29.84
6672,632,23/08/2015,27/08/2015,2,625,641,1,0,265,3,90032.0,3,698,1,3,692,49.568
6673,1481,11/09/2016,16/09/2016,3,666,684,1,0,435,3,92024.0,3,481,1,2,887,265.86
6674,1243,05/09/2016,12/09/2016,3,773,733,2,0,75,44,22901.0,2,169,0,9,1559,67.96
6675,891,21/11/2016,23/11/2016,2,220,220,0,0,247,12,46226.0,0,596,1,2,473,10.92
6676,891,21/11/2016,23/11/2016,2,220,220,0,0,247,12,46226.0,0,1647,2,11,1346,83.9
6677,891,21/11/2016,23/11/2016,2,220,220,0,0,247,12,46226.0,0,459,1,1,867,19.75
6678,891,21/11/2016,23/11/2016,2,220,220,0,0,247,12,46226.0,0,1481,2,0,908,393.54
6679,581,10/10/2015,14/10/2015,3,682,697,2,0,373,1,85023.0,3,268,0,9,1609,46.872
6680,3645,02/09/2018,07/09/2018,2,731,735,0,0,289,5,6450.0,1,1322,1,14,472,10.9
6681,3645,02/09/2018,07/09/2018,2,731,735,0,0,289,5,6450.0,1,1024,1,12,1693,79.92
6682,3645,02/09/2018,07/09/2018,2,731,735,0,0,289,5,6450.0,1,1172,1,12,1672,146.82
6683,3823,01/01/2018,02/01/2018,0,232,224,2,0,156,47,53132.0,0,720,1,3,1628,3.6
6684,118,05/11/2015,10/11/2015,3,202,215,2,0,265,3,90008.0,3,152,0,9,1197,20.04
6685,4335,17/12/2016,22/12/2016,3,493,538,0,0,41,11,61701.0,0,1399,1,14,1550,180.016
6686,4335,17/12/2016,22/12/2016,3,493,538,0,0,41,11,61701.0,0,170,0,9,874,41.552
6687,4335,17/12/2016,22/12/2016,3,493,538,0,0,41,11,61701.0,0,600,1,2,1158,13.12
6688,1619,14/05/2016,21/05/2016,3,323,333,0,0,265,3,90032.0,3,1392,1,14,1556,1117.92
6689,3544,10/03/2018,15/03/2018,2,154,120,1,0,436,3,94109.0,3,1584,2,0,1060,111.96
6690,2845,02/12/2018,09/12/2018,3,654,655,1,0,207,41,77095.0,0,495,1,2,1040,12.16
6691,4904,31/07/2018,05/08/2018,3,473,478,1,0,297,47,53209.0,0,774,1,3,49,17.52
6692,4904,31/07/2018,05/08/2018,3,473,478,1,0,297,47,53209.0,0,426,1,1,22,155.88
6693,3946,11/08/2018,13/08/2018,2,234,194,2,0,235,16,70601.0,2,661,1,3,1418,477.51
6694,3623,30/09/2018,02/10/2018,2,133,163,0,0,28,18,21215.0,1,1018,1,12,779,164.88
6695,4618,26/08/2017,30/08/2017,3,715,699,2,0,156,47,53132.0,0,1514,2,0,1069,47.97
6696,4586,02/12/2017,07/12/2017,3,358,344,0,0,327,30,10024.0,1,817,1,3,893,415.176
6697,4586,02/12/2017,07/12/2017,3,358,344,0,0,327,30,10024.0,1,815,1,3,1835,35.232
6698,4586,02/12/2017,07/12/2017,3,358,344,0,0,327,30,10024.0,1,1018,1,12,779,54.96
6699,3654,21/07/2018,25/07/2018,3,727,695,0,0,435,3,92024.0,3,1208,1,12,1653,16.34
6700,3654,21/07/2018,25/07/2018,3,727,695,0,0,435,3,92024.0,3,64,0,5,850,225.296
6701,3654,21/07/2018,25/07/2018,3,727,695,0,0,435,3,92024.0,3,694,1,3,698,50.352
6702,1474,20/05/2016,24/05/2016,3,688,696,0,0,520,31,27893.0,2,207,0,9,502,163.136
6703,1474,20/05/2016,24/05/2016,3,688,696,0,0,520,31,27893.0,2,673,1,3,1306,6.408
6704,1293,23/06/2016,28/06/2016,3,176,155,0,0,261,3,90805.0,3,1769,2,13,1267,217.584
6705,1293,23/06/2016,28/06/2016,3,176,155,0,0,261,3,90805.0,3,931,1,8,161,5.43
6706,1293,23/06/2016,28/06/2016,3,176,155,0,0,261,3,90805.0,3,1822,2,13,929,143.976
6707,1852,10/09/2017,15/09/2017,3,677,711,1,0,153,8,33311.0,2,1809,2,13,731,519.68
6708,762,13/04/2015,18/04/2015,3,82,77,2,0,28,18,21215.0,1,976,1,10,185,7.83
6709,1079,14/11/2016,19/11/2016,3,314,296,0,0,406,29,87124.0,3,121,0,5,1362,883.84
6710,1079,14/11/2016,19/11/2016,3,314,296,0,0,406,29,87124.0,3,77,0,5,744,230.352
6711,2424,09/12/2017,12/12/2017,0,708,708,1,0,464,3,95207.0,3,727,1,3,1629,273.92
6712,3997,18/08/2018,21/08/2018,2,595,599,0,0,94,33,43229.0,1,516,1,2,1131,9.912
6713,2919,14/12/2018,14/12/2018,1,190,202,0,0,455,11,60076.0,0,219,0,9,1359,266.352
6714,2919,14/12/2018,14/12/2018,1,190,202,0,0,455,11,60076.0,0,290,0,9,877,56.328
6715,2919,14/12/2018,14/12/2018,1,190,202,0,0,455,11,60076.0,0,1582,2,0,995,39.264
6716,2919,14/12/2018,14/12/2018,1,190,202,0,0,455,11,60076.0,0,565,1,2,1310,95.232
6717,2201,08/04/2017,15/04/2017,3,148,153,2,0,206,2,71901.0,2,921,1,8,121,30.0
6718,2201,08/04/2017,15/04/2017,3,148,153,2,0,206,2,71901.0,2,1138,1,12,1784,25.92
6719,2201,08/04/2017,15/04/2017,3,148,153,2,0,206,2,71901.0,2,252,0,9,583,159.92
6720,2133,16/12/2017,19/12/2017,0,684,669,0,0,170,31,27534.0,2,470,1,1,52,34.944
6721,2823,19/09/2018,24/09/2018,3,230,205,1,0,265,3,90032.0,3,1458,2,0,1086,149.95
6722,2823,19/09/2018,24/09/2018,3,230,205,1,0,265,3,90032.0,3,498,1,2,351,23.32
6723,2823,19/09/2018,24/09/2018,3,230,205,1,0,265,3,90032.0,3,633,1,2,1136,16.74
6724,4907,04/09/2018,06/09/2018,2,781,786,0,0,320,27,3060.0,1,919,1,8,1498,14.82
6725,2104,12/09/2017,16/09/2017,3,685,678,0,0,450,45,98103.0,3,906,1,8,1195,10.47
6726,2104,12/09/2017,16/09/2017,3,685,678,0,0,450,45,98103.0,3,994,1,10,194,11.07
6727,2104,12/09/2017,16/09/2017,3,685,678,0,0,450,45,98103.0,3,649,1,3,690,20.704
6728,3655,10/08/2018,15/08/2018,2,677,711,1,0,405,12,47374.0,0,1212,1,12,1689,177.2
6729,2689,04/11/2017,09/11/2017,3,500,509,1,0,293,8,33180.0,2,200,0,9,1585,50.496
6730,1525,18/06/2016,20/06/2016,0,116,82,1,0,456,40,37167.0,2,760,1,3,268,6.129
6731,1525,18/06/2016,20/06/2016,0,116,82,1,0,456,40,37167.0,2,99,0,5,758,643.136
6732,1525,18/06/2016,20/06/2016,0,116,82,1,0,456,40,37167.0,2,1139,1,12,1804,20.736
6733,233,04/07/2015,07/07/2015,0,426,426,1,0,24,4,80013.0,3,1146,1,12,1726,177.536
6734,233,04/07/2015,07/07/2015,0,426,426,1,0,24,4,80013.0,3,389,1,1,643,32.432
6735,1321,20/12/2016,25/12/2016,3,273,278,2,0,293,8,33142.0,2,1000,1,10,193,11.696
6736,2020,10/04/2017,17/04/2017,3,115,111,0,0,436,3,94122.0,3,472,1,1,26,113.76
6737,2020,10/04/2017,17/04/2017,3,115,111,0,0,436,3,94122.0,3,1355,1,14,656,579.51
6738,2020,10/04/2017,17/04/2017,3,115,111,0,0,436,3,94122.0,3,1309,1,14,1354,150.66
6739,2020,10/04/2017,17/04/2017,3,115,111,0,0,436,3,94122.0,3,639,1,3,699,48.032
6740,523,26/05/2015,31/05/2015,3,526,535,0,0,80,11,60623.0,0,1354,1,14,1367,102.624
6741,523,26/05/2015,31/05/2015,3,526,535,0,0,80,11,60623.0,0,117,0,5,741,359.772
6742,523,26/05/2015,31/05/2015,3,526,535,0,0,80,11,60623.0,0,493,1,2,496,13.392
6743,4644,06/07/2018,11/07/2018,3,602,588,0,0,265,3,90008.0,3,65,0,5,767,122.136
6744,1528,16/02/2016,20/02/2016,3,709,722,1,0,124,27,3820.0,1,1186,1,12,1705,35.88
6745,2983,16/06/2018,18/06/2018,2,176,155,0,0,126,33,43017.0,1,1502,2,0,1017,479.952
6746,2983,16/06/2018,18/06/2018,2,176,155,0,0,126,33,43017.0,1,517,1,2,1137,23.92
6747,3916,13/11/2018,16/11/2018,0,418,438,1,0,327,30,10009.0,1,1838,2,13,1164,629.95
6748,2754,11/12/2018,15/12/2018,3,1,24,0,0,327,30,10035.0,1,740,1,3,448,14.952
6749,2754,11/12/2018,15/12/2018,3,1,24,0,0,327,30,10035.0,1,1159,1,12,1677,17.94
6750,2754,11/12/2018,15/12/2018,3,1,24,0,0,327,30,10035.0,1,1841,2,13,523,116.98
6751,2502,28/06/2017,30/06/2017,2,100,76,0,0,365,28,7501.0,1,106,0,5,736,121.96
6752,2502,28/06/2017,30/06/2017,2,100,76,0,0,365,28,7501.0,1,388,1,1,525,8.74
6753,2502,28/06/2017,30/06/2017,2,100,76,0,0,365,28,7501.0,1,1200,1,12,1749,61.96
6754,2502,28/06/2017,30/06/2017,2,100,76,0,0,365,28,7501.0,1,719,1,3,900,7.96
6755,2502,28/06/2017,30/06/2017,2,100,76,0,0,365,28,7501.0,1,421,1,1,821,275.24
6756,3240,15/09/2018,19/09/2018,3,742,741,1,0,240,28,8701.0,1,223,0,9,490,47.4
6757,3240,15/09/2018,19/09/2018,3,742,741,1,0,240,28,8701.0,1,107,0,5,1366,512.96
6758,3240,15/09/2018,19/09/2018,3,742,741,1,0,240,28,8701.0,1,1755,2,13,1264,395.94
6759,3240,15/09/2018,19/09/2018,3,742,741,1,0,240,28,8701.0,1,1323,1,14,469,81.96
6760,4042,02/12/2018,08/12/2018,3,85,68,0,0,178,31,27405.0,2,604,1,2,1405,32.776
6761,2768,26/06/2018,30/06/2018,3,227,227,0,0,327,30,10035.0,1,1405,1,14,1381,272.94
6762,2641,24/07/2017,26/07/2017,2,189,196,1,0,327,30,10035.0,1,72,0,5,1201,253.764
6763,2341,02/09/2017,08/09/2017,3,647,639,0,0,80,11,60623.0,0,946,1,10,1432,29.24
6764,2341,02/09/2017,08/09/2017,3,647,639,0,0,80,11,60623.0,0,1370,1,14,1351,35.168
6765,2341,02/09/2017,08/09/2017,3,647,639,0,0,80,11,60623.0,0,1654,2,11,1216,1362.9
6766,2766,20/04/2018,24/04/2018,3,695,679,0,0,80,11,60653.0,0,92,0,5,497,317.058
6767,2766,20/04/2018,24/04/2018,3,695,679,0,0,80,11,60653.0,0,526,1,2,1030,15.76
6768,2766,20/04/2018,24/04/2018,3,695,679,0,0,80,11,60653.0,0,224,0,9,1048,14.56
6769,121,12/08/2015,16/08/2015,3,174,143,1,0,240,28,8701.0,1,753,1,3,1253,196.21
6770,3532,19/09/2018,23/09/2018,3,401,407,2,0,94,9,31907.0,2,553,1,2,1372,35.4
6771,3523,09/12/2018,13/12/2018,3,556,567,1,0,373,1,85023.0,3,1262,1,12,1103,419.4
6772,3523,09/12/2018,13/12/2018,3,556,567,1,0,373,1,85023.0,3,647,1,3,76,13.005
6773,1963,04/11/2017,08/11/2017,3,184,125,2,0,265,3,90004.0,3,769,1,3,1577,7.712
6774,1963,04/11/2017,08/11/2017,3,184,125,2,0,265,3,90004.0,3,656,1,3,59,4.176
6775,1963,04/11/2017,08/11/2017,3,184,125,2,0,265,3,90004.0,3,1036,1,12,1825,38.88
6776,854,29/03/2016,04/04/2016,3,156,139,0,0,327,30,10024.0,1,1178,1,12,142,17.64
6777,4579,05/09/2017,11/09/2017,3,611,604,0,0,432,41,78207.0,0,1393,1,14,556,93.456
6778,4905,28/01/2018,01/02/2018,3,153,178,2,0,327,30,10009.0,1,1539,2,0,1265,449.91
6779,4561,03/09/2017,08/09/2017,2,320,331,0,0,28,18,21215.0,1,27,0,4,1421,344.94
6780,4561,03/09/2017,08/09/2017,2,320,331,0,0,28,18,21215.0,1,220,0,9,569,14.76
6781,4561,03/09/2017,08/09/2017,2,320,331,0,0,28,18,21215.0,1,770,1,3,60,12.76
6782,4561,03/09/2017,08/09/2017,2,320,331,0,0,28,18,21215.0,1,1000,1,10,193,58.48
6783,3165,25/07/2018,28/07/2018,2,346,383,0,0,372,36,19143.0,1,163,0,9,546,20.096
6784,3165,25/07/2018,28/07/2018,2,346,383,0,0,372,36,19143.0,1,1456,1,15,90,37.752
6785,3165,25/07/2018,28/07/2018,2,346,383,0,0,372,36,19143.0,1,333,0,16,382,138.588
6786,3165,25/07/2018,28/07/2018,2,346,383,0,0,372,36,19143.0,1,1292,1,14,633,259.92
6787,3165,25/07/2018,28/07/2018,2,346,383,0,0,372,36,19143.0,1,1251,1,12,1811,20.736
6788,1016,13/09/2016,20/09/2016,3,370,392,0,0,21,9,30318.0,2,280,0,9,553,129.93
6789,1016,13/09/2016,20/09/2016,3,370,392,0,0,21,9,30318.0,2,1119,1,12,1735,69.93
6790,1570,07/09/2016,09/09/2016,2,135,172,1,0,128,31,27707.0,2,536,1,2,348,140.736
6791,2041,16/11/2017,17/11/2017,0,337,335,0,0,416,3,95661.0,3,843,1,3,1356,8.32
6792,2631,10/11/2017,15/11/2017,3,82,77,2,0,420,3,95823.0,3,269,0,9,571,9.98
6793,489,15/08/2015,18/08/2015,0,176,155,0,0,147,5,6824.0,1,718,1,3,1301,62.94
6794,1374,16/11/2016,20/11/2016,3,490,505,1,0,80,11,60610.0,0,1299,1,14,1108,21.488
6795,1374,16/11/2016,20/11/2016,3,490,505,1,0,80,11,60610.0,0,1709,2,13,791,239.976
6796,1374,16/11/2016,20/11/2016,3,490,505,1,0,80,11,60610.0,0,178,0,9,872,34.504
6797,1654,25/08/2016,25/08/2016,1,493,538,0,0,207,41,77041.0,0,183,0,9,563,20.104
6798,1654,25/08/2016,25/08/2016,1,493,538,0,0,207,41,77041.0,0,651,1,3,1282,3.798
6799,1654,25/08/2016,25/08/2016,1,493,538,0,0,207,41,77041.0,0,216,0,9,1174,7.88
6800,1812,25/12/2017,01/01/2018,3,478,453,1,0,373,1,85023.0,3,344,0,16,942,35.445
6801,1812,25/12/2017,01/01/2018,3,478,453,1,0,373,1,85023.0,3,1659,2,11,1234,269.97
6802,1812,25/12/2017,01/01/2018,3,478,453,1,0,373,1,85023.0,3,1520,2,0,915,45.12
6803,1812,25/12/2017,01/01/2018,3,478,453,1,0,373,1,85023.0,3,1578,2,0,888,100.8
6804,1812,25/12/2017,01/01/2018,3,478,453,1,0,373,1,85023.0,3,129,0,5,764,47.968
6805,601,05/10/2015,06/10/2015,0,430,432,0,0,381,3,91767.0,3,1539,2,0,1265,99.98
6806,303,22/11/2015,25/11/2015,0,625,641,1,0,21,9,30318.0,2,1123,1,12,794,9.96
6807,3991,25/12/2018,29/12/2018,3,296,304,1,0,146,45,98208.0,3,769,1,3,1577,3.856
6808,1140,31/03/2016,05/04/2016,3,246,245,1,0,207,41,77095.0,0,1044,1,12,1616,98.376
6809,1140,31/03/2016,05/04/2016,3,246,245,1,0,207,41,77095.0,0,174,0,9,24,22.38
6810,3858,14/09/2018,15/09/2018,0,608,582,0,0,372,36,19140.0,1,649,1,3,690,3.882
6811,3858,14/09/2018,15/09/2018,0,608,582,0,0,372,36,19140.0,1,1647,2,11,1346,12.585
6812,3858,14/09/2018,15/09/2018,0,608,582,0,0,372,36,19140.0,1,90,0,5,1206,113.372
6813,3858,14/09/2018,15/09/2018,0,608,582,0,0,372,36,19140.0,1,786,1,3,136,18.312
6814,3858,14/09/2018,15/09/2018,0,608,582,0,0,372,36,19140.0,1,173,0,9,1561,127.936
6815,3858,14/09/2018,15/09/2018,0,608,582,0,0,372,36,19140.0,1,1633,2,11,985,241.17
6816,527,17/06/2015,21/06/2015,3,299,293,0,0,450,45,98105.0,3,282,0,9,590,6.24
6817,527,17/06/2015,21/06/2015,3,299,293,0,0,450,45,98105.0,3,909,1,8,1193,17.9
6818,527,17/06/2015,21/06/2015,3,299,293,0,0,450,45,98105.0,3,845,1,3,682,3266.376
6819,4013,28/12/2018,01/01/2019,3,466,476,1,0,369,11,61604.0,0,792,1,3,462,1.68
6820,4013,28/12/2018,01/01/2019,3,466,476,1,0,369,11,61604.0,0,300,0,9,676,7.968
6821,4013,28/12/2018,01/01/2019,3,466,476,1,0,369,11,61604.0,0,128,0,5,1225,113.372
6822,4013,28/12/2018,01/01/2019,3,466,476,1,0,369,11,61604.0,0,203,0,9,21,2.96
6823,4711,02/11/2018,07/11/2018,3,180,165,0,0,265,3,90036.0,3,441,1,1,629,168.1
6824,1487,25/07/2016,29/07/2016,3,790,789,1,0,308,0,36116.0,2,856,1,7,1614,98.46
6825,1487,25/07/2016,29/07/2016,3,790,789,1,0,308,0,36116.0,2,339,0,16,325,358.58
6826,1956,02/10/2017,09/10/2017,3,741,730,1,0,233,12,47905.0,0,1348,1,14,71,32.48
6827,1956,02/10/2017,09/10/2017,3,741,730,1,0,233,12,47905.0,0,1613,2,6,404,17499.95
6828,1956,02/10/2017,09/10/2017,3,741,730,1,0,233,12,47905.0,0,830,1,3,896,735.98
6829,1956,02/10/2017,09/10/2017,3,741,730,1,0,233,12,47905.0,0,788,1,3,74,34.37
6830,1956,02/10/2017,09/10/2017,3,741,730,1,0,233,12,47905.0,0,539,1,2,1490,33.96
6831,2283,24/12/2017,27/12/2017,2,613,600,1,0,327,30,10009.0,1,1737,2,13,1396,197.97
6832,4746,21/07/2018,27/07/2018,3,171,122,0,0,327,30,10024.0,1,420,1,1,608,17.48
6833,952,10/10/2016,17/10/2016,3,231,209,0,0,80,11,60610.0,0,572,1,2,244,8.016
6834,2476,08/09/2017,08/09/2017,1,595,599,0,0,444,3,92704.0,3,351,0,16,976,146.04
6835,2313,20/11/2017,24/11/2017,3,91,104,1,0,307,3,90640.0,3,1592,2,0,1463,27.88
6836,3589,15/10/2018,20/10/2018,3,221,231,1,0,480,3,91360.0,3,990,1,10,178,152.65
6837,3589,15/10/2018,20/10/2018,3,221,231,1,0,480,3,91360.0,3,140,0,9,622,22.72
6838,995,06/07/2016,12/07/2016,3,78,64,1,0,497,28,8360.0,1,594,1,2,1140,11.12
6839,2917,05/02/2018,09/02/2018,3,281,287,1,0,484,3,90503.0,3,383,1,1,1417,1640.7
6840,2917,05/02/2018,09/02/2018,3,281,287,1,0,484,3,90503.0,3,1809,2,13,731,371.2
6841,1627,06/12/2016,07/12/2016,0,534,543,2,0,486,33,45373.0,1,752,1,3,903,14.832
6842,2031,12/09/2017,17/09/2017,3,37,52,1,0,462,44,22153.0,2,1597,2,0,911,20.7
6843,2031,12/09/2017,17/09/2017,3,37,52,1,0,462,44,22153.0,2,927,1,8,1498,11.34
6844,2031,12/09/2017,17/09/2017,3,37,52,1,0,462,44,22153.0,2,1301,1,14,1353,67.9
6845,2031,12/09/2017,17/09/2017,3,37,52,1,0,462,44,22153.0,2,82,0,5,849,1059.12
6846,554,06/07/2015,12/07/2015,3,66,74,2,0,136,3,92020.0,3,50,0,5,739,478.48
6847,4603,09/05/2017,14/05/2017,3,657,626,1,0,265,3,90036.0,3,1092,1,12,1525,32.04
6848,2624,18/07/2017,22/07/2017,3,571,576,0,0,373,1,85023.0,3,1746,2,13,1843,55.992
6849,4617,18/06/2017,21/06/2017,0,112,95,0,0,155,11,60423.0,0,1205,1,12,1723,76.864
6850,21,20/04/2015,25/04/2015,3,102,81,0,0,265,3,90045.0,3,154,0,9,725,59.92
6851,4425,08/01/2017,12/01/2017,3,396,341,1,0,156,47,53132.0,0,20,0,4,167,1565.88
6852,4425,08/01/2017,12/01/2017,3,396,341,1,0,156,47,53132.0,0,692,1,3,1279,106.05
6853,4894,23/12/2018,28/12/2018,2,501,548,1,0,258,2,72209.0,2,1336,1,14,1260,62.04
6854,4894,23/12/2018,28/12/2018,2,501,548,1,0,258,2,72209.0,2,1814,2,13,163,494.97
6855,4894,23/12/2018,28/12/2018,2,501,548,1,0,258,2,72209.0,2,1346,1,14,774,367.96
6856,4894,23/12/2018,28/12/2018,2,501,548,1,0,258,2,72209.0,2,1147,1,12,921,44.96
6857,4894,23/12/2018,28/12/2018,2,501,548,1,0,258,2,72209.0,2,859,1,7,1581,182.94
6858,3334,17/04/2018,22/04/2018,3,608,582,0,0,265,3,90008.0,3,1282,1,12,1340,28.14
6859,3334,17/04/2018,22/04/2018,3,608,582,0,0,265,3,90008.0,3,963,1,10,227,7.38
6860,3334,17/04/2018,22/04/2018,3,608,582,0,0,265,3,90008.0,3,917,1,8,1509,10.9
6861,3334,17/04/2018,22/04/2018,3,608,582,0,0,265,3,90008.0,3,1493,2,0,1018,274.89
6862,3334,17/04/2018,22/04/2018,3,608,582,0,0,265,3,90008.0,3,986,1,10,180,23.04
6863,3334,17/04/2018,22/04/2018,3,608,582,0,0,265,3,90008.0,3,110,0,5,771,218.352
6864,3515,01/12/2018,08/12/2018,3,548,490,1,0,432,41,78207.0,0,1053,1,12,1795,10.368
6865,4497,21/08/2017,28/08/2017,3,670,680,1,0,265,3,90004.0,3,823,1,3,239,12.672
6866,4497,21/08/2017,28/08/2017,3,670,680,1,0,265,3,90004.0,3,1811,2,13,1098,91.96
6867,4497,21/08/2017,28/08/2017,3,670,680,1,0,265,3,90004.0,3,1476,2,0,1020,254.97
6868,4497,21/08/2017,28/08/2017,3,670,680,1,0,265,3,90004.0,3,1801,2,13,151,31.984
6869,4497,21/08/2017,28/08/2017,3,670,680,1,0,265,3,90004.0,3,356,0,16,367,2887.056
6870,4497,21/08/2017,28/08/2017,3,670,680,1,0,265,3,90004.0,3,1235,1,12,1788,12.96
6871,4497,21/08/2017,28/08/2017,3,670,680,1,0,265,3,90004.0,3,1177,1,12,1713,47.52
6872,2347,05/12/2017,08/12/2017,2,639,621,1,0,80,11,60610.0,0,1012,1,10,190,11.952
6873,1584,16/12/2016,19/12/2016,0,687,670,0,0,450,45,98105.0,3,1284,1,12,1683,4.98
6874,281,17/10/2015,22/10/2015,2,738,765,0,0,33,41,77705.0,0,783,1,3,709,10.78
6875,281,17/10/2015,22/10/2015,2,738,765,0,0,33,41,77705.0,0,1492,2,0,420,119.976
6876,4488,05/09/2017,10/09/2017,3,525,526,0,0,77,44,23320.0,2,1008,1,10,209,25.06
6877,4488,05/09/2017,10/09/2017,3,525,526,0,0,77,44,23320.0,2,352,0,16,424,1652.94
6878,4323,15/10/2016,15/10/2016,1,143,166,0,0,109,41,75217.0,0,314,0,9,392,131.376
6879,4323,15/10/2016,15/10/2016,1,143,166,0,0,109,41,75217.0,0,1196,1,12,1776,5.344
6880,1267,01/12/2016,05/12/2016,2,773,733,2,0,450,45,98105.0,3,67,0,5,768,2003.92
6881,1267,01/12/2016,05/12/2016,2,773,733,2,0,450,45,98105.0,3,1257,1,12,1814,32.4
6882,1267,01/12/2016,05/12/2016,2,773,733,2,0,450,45,98105.0,3,331,0,16,377,1913.4
6883,1267,01/12/2016,05/12/2016,2,773,733,2,0,450,45,98105.0,3,1372,1,14,1551,146.73
6884,1267,01/12/2016,05/12/2016,2,773,733,2,0,450,45,98105.0,3,1157,1,12,1832,114.2
6885,1044,31/05/2016,04/06/2016,3,67,87,0,0,298,21,55407.0,0,87,0,5,851,2567.84
6886,3219,10/09/2018,17/09/2018,3,316,325,0,0,462,33,45503.0,1,1561,2,0,1077,37.056
6887,3219,10/09/2018,17/09/2018,3,316,325,0,0,462,33,45503.0,1,1812,2,13,434,259.896
6888,3147,25/04/2018,02/05/2018,3,464,454,0,0,265,3,90032.0,3,1276,1,12,1529,19.05
6889,3147,25/04/2018,02/05/2018,3,464,454,0,0,265,3,90032.0,3,662,1,3,1520,73.344
6890,4027,18/09/2018,22/09/2018,3,713,674,1,0,94,9,31907.0,2,1729,2,13,889,95.68
6891,4027,18/09/2018,22/09/2018,3,713,674,1,0,94,9,31907.0,2,1065,1,12,1293,50.96
6892,4027,18/09/2018,22/09/2018,3,713,674,1,0,94,9,31907.0,2,481,1,2,887,113.94
6893,4027,18/09/2018,22/09/2018,3,713,674,1,0,94,9,31907.0,2,1235,1,12,1788,25.92
6894,4027,18/09/2018,22/09/2018,3,713,674,1,0,94,9,31907.0,2,243,0,9,1046,20.32
6895,4027,18/09/2018,22/09/2018,3,713,674,1,0,94,9,31907.0,2,1768,2,13,43,411.98
6896,4027,18/09/2018,22/09/2018,3,713,674,1,0,94,9,31907.0,2,1448,1,15,667,34.48
6897,4027,18/09/2018,22/09/2018,3,713,674,1,0,94,9,31907.0,2,1209,1,12,1701,244.55
6898,3189,18/08/2018,25/08/2018,3,147,145,0,0,240,33,44107.0,1,838,1,3,693,10.782
6899,4415,24/05/2016,26/05/2016,2,784,785,0,0,319,11,60540.0,0,97,0,5,753,602.651
6900,4415,24/05/2016,26/05/2016,2,784,785,0,0,319,11,60540.0,0,687,1,3,248,7.656
6901,1308,07/09/2016,11/09/2016,3,755,734,2,0,327,30,10009.0,1,1530,2,0,1327,559.93
6902,4798,24/07/2018,24/07/2018,1,332,320,1,0,208,3,92646.0,3,1603,2,6,804,2399.96
6903,2981,02/09/2018,08/09/2018,3,405,371,1,0,80,11,60653.0,0,921,1,8,121,16.0
6904,2981,02/09/2018,08/09/2018,3,405,371,1,0,80,11,60653.0,0,446,1,1,297,5.588
6905,2981,02/09/2018,08/09/2018,3,405,371,1,0,80,11,60653.0,0,1403,1,14,290,235.92
6906,4851,06/12/2018,08/12/2018,2,94,97,1,0,49,3,94513.0,3,1385,1,14,1494,10.68
6907,3731,20/05/2018,20/05/2018,1,46,26,1,0,485,20,48183.0,0,731,1,3,1484,41.28
6908,2279,27/09/2017,03/10/2017,3,727,695,0,0,450,45,98103.0,3,1778,2,13,1391,1001.584
6909,4801,10/12/2018,15/12/2018,3,357,409,1,0,335,38,29406.0,2,220,0,9,569,14.76
6910,311,13/09/2015,18/09/2015,2,461,458,0,0,94,33,43229.0,1,802,1,3,81,2.502
6911,4709,29/07/2018,02/08/2018,3,778,783,0,0,450,45,98103.0,3,47,0,4,390,115.96
6912,4103,01/08/2018,05/08/2018,2,269,262,0,0,436,3,94109.0,3,1410,1,14,644,186.54
6913,4768,02/05/2018,05/05/2018,2,268,253,1,0,265,3,90049.0,3,1504,2,0,1023,159.56
6914,839,12/06/2016,16/06/2016,3,370,392,0,0,512,8,33407.0,2,1790,2,13,1477,55.984
6915,506,22/12/2015,29/12/2015,3,573,578,0,0,80,11,60623.0,0,1305,1,14,543,132.16
6916,506,22/12/2015,29/12/2015,3,573,578,0,0,80,11,60623.0,0,750,1,3,1331,17.904
6917,506,22/12/2015,29/12/2015,3,573,578,0,0,80,11,60623.0,0,1095,1,12,1615,124.032
6918,280,16/12/2015,21/12/2015,3,693,707,1,0,420,3,95823.0,3,76,0,5,1209,1403.92
6919,1745,16/04/2017,18/04/2017,2,93,118,0,0,450,45,98115.0,3,1444,1,15,1507,28.8
6920,819,21/05/2016,28/05/2016,3,322,329,1,0,372,36,19143.0,1,699,1,3,1637,24.588
6921,3179,26/02/2018,02/03/2018,3,90,75,0,0,445,3,93101.0,3,448,1,1,1575,356.79
6922,2955,04/04/2018,10/04/2018,3,610,601,2,0,327,30,10011.0,1,861,1,7,373,16.98
6923,1226,16/03/2016,19/03/2016,2,538,512,0,0,23,0,36830.0,2,997,1,10,534,491.55
6924,1226,16/03/2016,19/03/2016,2,538,512,0,0,23,0,36830.0,2,888,1,7,455,7.38
6925,1277,30/11/2016,04/12/2016,3,385,347,0,0,327,30,10035.0,1,1179,1,12,273,23.66
6926,1277,30/11/2016,04/12/2016,3,385,347,0,0,327,30,10035.0,1,10,0,4,843,681.408
6927,2275,28/07/2017,03/08/2017,3,437,442,0,0,265,3,90032.0,3,949,1,10,203,18.9
6928,2281,23/06/2017,25/06/2017,2,635,658,0,0,436,3,94109.0,3,1395,1,14,1093,93.68
6929,2281,23/06/2017,25/06/2017,2,635,658,0,0,436,3,94109.0,3,969,1,10,226,21.93
6930,2281,23/06/2017,25/06/2017,2,635,658,0,0,436,3,94109.0,3,1795,2,13,1167,862.344
6931,2281,23/06/2017,25/06/2017,2,635,658,0,0,436,3,94109.0,3,1082,1,12,1665,19.98
6932,719,14/07/2015,18/07/2015,3,718,700,0,0,372,36,19140.0,1,1750,2,13,782,13.494
6933,719,14/07/2015,18/07/2015,3,718,700,0,0,372,36,19140.0,1,1777,2,13,1845,23.988
6934,719,14/07/2015,18/07/2015,3,718,700,0,0,372,36,19140.0,1,173,0,9,1561,31.984
6935,719,14/07/2015,18/07/2015,3,718,700,0,0,372,36,19140.0,1,503,1,2,280,41.584
6936,3490,30/11/2018,03/12/2018,2,99,72,1,0,137,41,79907.0,0,1505,2,0,1404,95.976
6937,2119,02/09/2017,04/09/2017,0,730,757,2,0,80,11,60653.0,0,148,0,9,510,84.272
6938,321,15/06/2015,15/06/2015,1,608,582,0,0,137,41,79907.0,0,1142,1,12,1686,36.544
6939,2053,05/11/2017,09/11/2017,3,573,578,0,0,450,45,98105.0,3,1580,2,0,422,479.72
6940,2906,26/06/2018,30/06/2018,3,671,682,1,0,327,30,10009.0,1,675,1,3,702,102.368
6941,2906,26/06/2018,30/06/2018,3,671,682,1,0,327,30,10009.0,1,1436,1,15,95,28.4
6942,2906,26/06/2018,30/06/2018,3,671,682,1,0,327,30,10009.0,1,1342,1,14,871,713.88
6943,2906,26/06/2018,30/06/2018,3,671,682,1,0,327,30,10009.0,1,1231,1,12,1782,68.52
6944,1294,25/07/2016,30/07/2016,3,636,660,0,0,265,3,90032.0,3,1830,2,13,1099,623.96
6945,559,23/09/2015,27/09/2015,3,750,739,1,0,328,6,19711.0,1,841,1,3,1640,11.12
6946,1758,30/09/2017,04/10/2017,3,306,310,0,0,327,30,10011.0,1,26,0,4,1186,523.92
6947,1117,09/11/2016,13/11/2016,3,398,368,2,0,416,3,95661.0,3,905,1,8,1194,2.48
6948,1169,25/04/2016,29/04/2016,3,791,791,0,0,24,11,60505.0,0,1374,1,14,1365,221.024
6949,1169,25/04/2016,29/04/2016,3,791,791,0,0,24,11,60505.0,0,106,0,5,736,128.058
6950,3595,19/11/2018,19/11/2018,1,43,47,2,0,327,30,10011.0,1,701,1,3,58,58.408
6951,3595,19/11/2018,19/11/2018,1,43,47,2,0,327,30,10011.0,1,329,0,16,834,79.974
6952,1575,20/11/2016,24/11/2016,3,302,306,1,0,109,41,75217.0,0,1644,2,11,1109,479.988
6953,1162,02/10/2016,03/10/2016,0,329,330,0,0,265,3,90008.0,3,709,1,3,1307,11.808
6954,1162,02/10/2016,03/10/2016,0,329,330,0,0,265,3,90008.0,3,840,1,3,696,53.568
6955,1162,02/10/2016,03/10/2016,0,329,330,0,0,265,3,90008.0,3,1690,2,13,792,503.96
6956,984,25/04/2016,02/05/2016,3,471,461,1,0,265,3,90004.0,3,889,1,7,973,21.34
6957,2544,14/07/2017,19/07/2017,3,49,37,0,0,94,9,31907.0,2,796,1,3,411,36.4
6958,2544,14/07/2017,19/07/2017,3,49,37,0,0,94,9,31907.0,2,310,0,9,880,51.75
6959,1636,27/09/2016,29/09/2016,2,643,632,2,0,436,3,94110.0,3,1336,1,14,1260,15.51
6960,1636,27/09/2016,29/09/2016,2,643,632,2,0,436,3,94110.0,3,1168,1,12,1700,146.82
6961,1636,27/09/2016,29/09/2016,2,643,632,2,0,436,3,94110.0,3,1218,1,12,1822,12.96
6962,3980,10/11/2018,10/11/2018,1,733,744,2,0,407,3,92503.0,3,545,1,2,10,7.8
6963,2535,16/07/2017,20/07/2017,2,349,391,1,0,93,38,29203.0,2,860,1,7,1283,10.2
6964,2535,16/07/2017,20/07/2017,2,349,391,1,0,93,38,29203.0,2,576,1,2,539,22.32
6965,2535,16/07/2017,20/07/2017,2,349,391,1,0,93,38,29203.0,2,835,1,3,1641,24.1
6966,2535,16/07/2017,20/07/2017,2,349,391,1,0,93,38,29203.0,2,1465,2,0,917,75.98
6967,2535,16/07/2017,20/07/2017,2,349,391,1,0,93,38,29203.0,2,746,1,3,1336,6.46
6968,2535,16/07/2017,20/07/2017,2,349,391,1,0,93,38,29203.0,2,1103,1,12,787,60.12
6969,913,16/10/2016,20/10/2016,2,533,529,1,0,327,30,10011.0,1,1833,2,13,1092,824.97
6970,2657,10/01/2017,13/01/2017,2,342,398,0,0,263,45,98632.0,3,136,0,9,492,24.85
6971,3810,19/09/2018,25/09/2018,3,6,6,0,0,373,1,85023.0,3,1298,1,14,129,12.624
6972,3810,19/09/2018,25/09/2018,3,6,6,0,0,373,1,85023.0,3,1459,2,0,1462,89.584
6973,3810,19/09/2018,25/09/2018,3,6,6,0,0,373,1,85023.0,3,1767,2,13,1290,471.92
6974,3810,19/09/2018,25/09/2018,3,6,6,0,0,373,1,85023.0,3,692,1,3,1279,18.18
6975,3671,15/09/2018,19/09/2018,3,129,141,0,0,207,41,77095.0,0,565,1,2,1310,31.744
6976,946,28/06/2016,02/07/2016,3,185,181,1,0,166,1,85234.0,3,952,1,10,211,5.904
6977,946,28/06/2016,02/07/2016,3,185,181,1,0,166,1,85234.0,3,296,0,9,594,621.76
6978,4485,25/11/2017,28/11/2017,0,275,259,0,0,220,2,72401.0,2,1776,2,13,1222,59.98
6979,3838,25/11/2018,29/11/2018,2,219,219,0,0,21,9,30318.0,2,1228,1,12,1646,48.87
6980,3727,14/01/2018,19/01/2018,3,705,687,0,0,265,3,90036.0,3,1051,1,12,1682,154.9
6981,551,07/11/2015,08/11/2015,0,99,72,1,0,327,30,10024.0,1,907,1,8,328,5.92
6982,551,07/11/2015,08/11/2015,0,99,72,1,0,327,30,10024.0,1,1033,1,12,1347,30.18
6983,1919,01/09/2017,05/09/2017,3,339,396,0,0,123,20,48227.0,0,835,1,3,1641,24.1
6984,1919,01/09/2017,05/09/2017,3,339,396,0,0,123,20,48227.0,0,1765,2,13,308,8.78
6985,1919,01/09/2017,05/09/2017,3,339,396,0,0,123,20,48227.0,0,425,1,1,611,376.74
6986,1919,01/09/2017,05/09/2017,3,339,396,0,0,123,20,48227.0,0,652,1,3,694,29.52
6987,1919,01/09/2017,05/09/2017,3,339,396,0,0,123,20,48227.0,0,635,1,2,1120,11.96
6988,1919,01/09/2017,05/09/2017,3,339,396,0,0,123,20,48227.0,0,681,1,3,1621,26.4
6989,3902,11/11/2018,16/11/2018,2,65,102,1,0,153,8,33311.0,2,431,1,1,869,1158.12
6990,4034,11/12/2018,13/12/2018,0,216,223,0,0,1,41,79605.0,0,412,1,1,861,1.392
6991,892,08/11/2016,13/11/2016,2,645,638,0,0,188,44,23666.0,2,445,1,1,819,44.43
6992,892,08/11/2016,13/11/2016,2,645,638,0,0,188,44,23666.0,2,1792,2,13,39,226.2
6993,892,08/11/2016,13/11/2016,2,645,638,0,0,188,44,23666.0,2,151,0,9,514,186.54
6994,892,08/11/2016,13/11/2016,2,645,638,0,0,188,44,23666.0,2,481,1,2,887,265.86
6995,892,08/11/2016,13/11/2016,2,645,638,0,0,188,44,23666.0,2,474,1,2,1119,27.9
6996,1632,19/11/2016,26/11/2016,3,19,19,1,0,245,26,89115.0,3,471,1,1,863,31.08
6997,3090,23/12/2018,25/12/2018,2,340,358,1,0,411,11,61107.0,0,801,1,3,1635,13.84
6998,3090,23/12/2018,25/12/2018,2,340,358,1,0,411,11,61107.0,0,1268,1,12,1727,175.872
6999,4521,16/09/2017,22/09/2017,3,66,74,2,0,234,3,92677.0,3,1156,1,12,1754,12.96
7000,3232,26/05/2018,29/05/2018,0,421,443,1,0,266,15,40214.0,2,432,1,1,301,208.44
7001,3232,26/05/2018,29/05/2018,0,421,443,1,0,266,15,40214.0,2,1450,1,15,1043,25.76
7002,847,30/03/2016,03/04/2016,3,234,194,2,0,333,11,61761.0,0,102,0,5,1204,366.744
7003,400,19/08/2015,21/08/2015,2,239,211,1,0,265,3,90045.0,3,162,0,9,513,289.24
7004,400,19/08/2015,21/08/2015,2,239,211,1,0,265,3,90045.0,3,661,1,3,1418,69.456
7005,312,23/12/2015,28/12/2015,3,499,532,1,0,383,41,77642.0,0,1030,1,12,1794,5.184
7006,1320,01/11/2016,05/11/2016,3,362,364,0,0,327,30,10009.0,1,71,0,5,836,205.164
7007,230,15/12/2015,21/12/2015,3,709,722,1,0,80,11,60623.0,0,187,0,9,504,8.544
7008,1493,21/08/2016,25/08/2016,3,439,424,1,0,462,33,45503.0,1,679,1,3,57,12.828
7009,1493,21/08/2016,25/08/2016,3,439,424,1,0,462,33,45503.0,1,104,0,5,740,598.458
7010,1493,21/08/2016,25/08/2016,3,439,424,1,0,462,33,45503.0,1,142,0,9,1538,25.984
7011,4202,23/05/2015,27/05/2015,3,311,312,0,0,327,30,10035.0,1,667,1,3,259,17.96
7012,4202,23/05/2015,27/05/2015,3,311,312,0,0,327,30,10035.0,1,1442,1,15,980,5.04
7013,4202,23/05/2015,27/05/2015,3,311,312,0,0,327,30,10035.0,1,416,1,1,8,208.16
7014,3561,09/12/2018,11/12/2018,2,188,192,2,0,429,3,93905.0,3,7,0,4,1181,148.257
7015,185,11/03/2015,13/03/2015,2,286,279,1,0,405,15,40475.0,2,430,1,1,652,146.76
7016,185,11/03/2015,13/03/2015,2,286,279,1,0,405,15,40475.0,2,1474,2,0,1058,32.96
7017,185,11/03/2015,13/03/2015,2,286,279,1,0,405,15,40475.0,2,1708,2,13,1241,587.97
7018,185,11/03/2015,13/03/2015,2,286,279,1,0,405,15,40475.0,2,1029,1,12,1769,14.94
7019,4584,23/06/2017,27/06/2017,2,699,665,0,0,327,30,10035.0,1,994,1,10,194,25.83
7020,293,23/08/2015,27/08/2015,3,44,60,0,0,120,4,80219.0,3,1132,1,12,1765,15.552
7021,293,23/08/2015,27/08/2015,3,44,60,0,0,120,4,80219.0,3,1451,1,15,101,6.8
7022,293,23/08/2015,27/08/2015,3,44,60,0,0,120,4,80219.0,3,253,0,9,1344,4.224
7023,293,23/08/2015,27/08/2015,3,44,60,0,0,120,4,80219.0,3,1683,2,13,442,143.64
7024,293,23/08/2015,27/08/2015,3,44,60,0,0,120,4,80219.0,3,1014,1,12,1717,31.104
7025,293,23/08/2015,27/08/2015,3,44,60,0,0,120,4,80219.0,3,1084,1,12,1778,223.056
7026,4645,06/02/2018,12/02/2018,3,706,701,1,0,327,30,10024.0,1,1772,2,13,776,227.46
7027,4645,06/02/2018,12/02/2018,3,706,701,1,0,327,30,10024.0,1,647,1,3,76,46.24
7028,3381,29/01/2018,05/02/2018,3,631,637,0,0,327,30,10011.0,1,957,1,10,1256,5.22
7029,4597,20/12/2017,23/12/2017,2,488,503,0,0,158,25,68025.0,0,1227,1,12,1515,33.9
7030,2356,11/11/2017,16/11/2017,3,247,248,1,0,327,30,10011.0,1,1373,1,14,1494,28.14
7031,2356,11/11/2017,16/11/2017,3,247,248,1,0,327,30,10011.0,1,1522,2,0,956,36.0
7032,2356,11/11/2017,16/11/2017,3,247,248,1,0,327,30,10011.0,1,577,1,2,363,92.94
7033,2356,11/11/2017,16/11/2017,3,247,248,1,0,327,30,10011.0,1,110,0,5,771,245.646
7034,2356,11/11/2017,16/11/2017,3,247,248,1,0,327,30,10011.0,1,693,1,3,519,55.008
7035,2356,11/11/2017,16/11/2017,3,247,248,1,0,327,30,10011.0,1,815,1,3,1835,35.232
7036,3137,09/11/2018,13/11/2018,3,354,372,1,0,435,3,92105.0,3,127,0,5,988,523.392
7037,286,02/05/2015,04/05/2015,2,171,122,0,0,238,8,33801.0,2,1612,2,6,371,479.984
7038,3975,22/09/2018,27/09/2018,3,583,605,0,0,456,9,30080.0,2,1257,1,12,1814,12.96
7039,3975,22/09/2018,27/09/2018,3,583,605,0,0,456,9,30080.0,2,603,1,2,1516,17.94
7040,2831,17/12/2018,23/12/2018,3,59,48,0,0,327,30,10009.0,1,1361,1,14,1382,166.72
7041,2831,17/12/2018,23/12/2018,3,59,48,0,0,327,30,10009.0,1,700,1,3,720,24.816
7042,2831,17/12/2018,23/12/2018,3,59,48,0,0,327,30,10009.0,1,151,0,9,514,124.36
7043,4902,18/07/2018,23/07/2018,3,720,689,0,0,372,36,19134.0,1,1606,2,6,399,599.97
7044,4902,18/07/2018,23/07/2018,3,720,689,0,0,372,36,19134.0,1,93,0,5,1449,198.744
7045,4902,18/07/2018,23/07/2018,3,720,689,0,0,372,36,19134.0,1,1454,1,15,93,9.184
7046,2592,03/11/2017,09/11/2017,3,594,587,1,0,109,41,75217.0,0,1155,1,12,1767,9.248
7047,584,08/04/2015,12/04/2015,3,568,561,2,0,96,3,94521.0,3,358,0,16,317,99.592
7048,584,08/04/2015,12/04/2015,3,568,561,2,0,96,3,94521.0,3,1509,2,0,1015,399.96
7049,1970,14/08/2017,16/08/2017,0,759,753,0,0,321,40,37211.0,2,1057,1,12,1793,15.552
7050,496,25/09/2015,30/09/2015,3,79,66,2,0,24,4,80013.0,3,571,1,2,528,14.576
7051,2683,11/12/2017,11/12/2017,1,787,787,0,0,9,3,92804.0,3,829,1,3,897,209.6
7052,2683,11/12/2017,11/12/2017,1,787,787,0,0,9,3,92804.0,3,498,1,2,351,23.32
7053,2683,11/12/2017,11/12/2017,1,787,787,0,0,9,3,92804.0,3,1032,1,12,891,30.98
7054,2683,11/12/2017,11/12/2017,1,787,787,0,0,9,3,92804.0,3,1458,2,0,1086,119.96
7055,2683,11/12/2017,11/12/2017,1,787,787,0,0,9,3,92804.0,3,110,0,5,771,363.92
7056,2683,11/12/2017,11/12/2017,1,787,787,0,0,9,3,92804.0,3,750,1,3,1331,35.808
7057,2683,11/12/2017,11/12/2017,1,787,787,0,0,9,3,92804.0,3,800,1,3,706,122.688
7058,2683,11/12/2017,11/12/2017,1,787,787,0,0,9,3,92804.0,3,372,0,16,848,892.136
7059,2683,11/12/2017,11/12/2017,1,787,787,0,0,9,3,92804.0,3,1309,1,14,1354,50.22
7060,2683,11/12/2017,11/12/2017,1,787,787,0,0,9,3,92804.0,3,407,1,1,628,83.42
7061,2683,11/12/2017,11/12/2017,1,787,787,0,0,9,3,92804.0,3,755,1,3,339,5.872
7062,1206,03/02/2016,05/02/2016,2,431,440,1,0,379,42,84062.0,3,738,1,3,1639,12.144
7063,2548,29/12/2017,31/12/2017,2,434,441,0,0,462,35,97477.0,3,870,1,7,1248,27.792
7064,3309,31/08/2018,05/09/2018,3,506,524,2,0,428,35,97301.0,3,1437,1,15,92,6.208
7065,4114,04/02/2018,09/02/2018,3,360,355,0,0,408,30,14609.0,1,457,1,1,294,32.67
7066,90,06/12/2015,08/12/2015,0,658,649,1,0,265,3,90008.0,3,1343,1,14,1489,1261.33
7067,2394,30/05/2017,03/06/2017,3,567,552,2,0,265,3,90049.0,3,1280,1,12,1824,38.88
7068,1890,21/05/2017,26/05/2017,3,56,18,1,0,109,41,75081.0,0,653,1,3,1304,1.964
7069,1890,21/05/2017,26/05/2017,3,56,18,1,0,109,41,75081.0,0,1221,1,12,1466,82.656
7070,503,09/08/2015,14/08/2015,3,305,298,0,0,159,3,93727.0,3,1117,1,12,778,5.98
7071,2667,05/09/2017,10/09/2017,2,719,709,2,0,80,11,60653.0,0,1286,1,12,1748,9.248
7072,1851,23/07/2017,28/07/2017,3,147,145,0,0,283,41,78501.0,0,509,1,2,1146,4.448
7073,1851,23/07/2017,28/07/2017,3,147,145,0,0,283,41,78501.0,0,1261,1,12,1828,5.184
7074,1851,23/07/2017,28/07/2017,3,147,145,0,0,283,41,78501.0,0,536,1,2,348,175.92
7075,1851,23/07/2017,28/07/2017,3,147,145,0,0,283,41,78501.0,0,820,1,3,1510,4.752
7076,1851,23/07/2017,28/07/2017,3,147,145,0,0,283,41,78501.0,0,1427,1,15,88,13.344
7077,2711,12/05/2017,17/05/2017,3,392,370,0,0,450,45,98105.0,3,854,1,7,1041,54.9
7078,1771,02/09/2017,06/09/2017,3,355,379,0,0,74,31,28205.0,2,636,1,3,801,22.911
7079,1771,02/09/2017,06/09/2017,3,355,379,0,0,74,31,28205.0,2,379,1,1,306,309.456
7080,1771,02/09/2017,06/09/2017,3,355,379,0,0,74,31,28205.0,2,586,1,2,1840,19.456
7081,1771,02/09/2017,06/09/2017,3,355,379,0,0,74,31,28205.0,2,332,0,16,853,472.518
7082,1771,02/09/2017,06/09/2017,3,355,379,0,0,74,31,28205.0,2,1516,2,0,1275,1012.68
7083,1771,02/09/2017,06/09/2017,3,355,379,0,0,74,31,28205.0,2,764,1,3,695,17.22
7084,3122,21/07/2018,25/07/2018,2,50,54,1,0,96,3,94521.0,3,580,1,2,1165,3.52
7085,3122,21/07/2018,25/07/2018,2,50,54,1,0,96,3,94521.0,3,1773,2,13,1286,1626.192
7086,2997,25/09/2018,28/09/2018,0,28,4,1,0,78,36,19013.0,1,775,1,3,258,8.595
7087,2997,25/09/2018,28/09/2018,0,28,4,1,0,78,36,19013.0,1,1420,1,15,460,190.896
7088,4828,03/08/2018,06/08/2018,2,292,299,0,0,265,3,90004.0,3,1383,1,14,635,99.87
7089,862,25/10/2016,27/10/2016,2,361,359,0,0,459,26,89431.0,3,538,1,2,1124,79.36
7090,3126,15/06/2018,19/06/2018,2,432,444,1,0,265,3,90032.0,3,1740,2,13,1236,119.96
7091,1023,09/01/2016,13/01/2016,3,137,177,0,0,194,15,42420.0,2,1048,1,12,537,106.32
7092,1023,09/01/2016,13/01/2016,3,137,177,0,0,194,15,42420.0,2,399,1,1,293,163.44
7093,1023,09/01/2016,13/01/2016,3,137,177,0,0,194,15,42420.0,2,626,1,2,353,42.76
7094,1023,09/01/2016,13/01/2016,3,137,177,0,0,194,15,42420.0,2,1288,1,12,1478,51.55
7095,4383,09/02/2016,13/02/2016,2,363,369,0,0,116,11,62521.0,0,1509,2,0,1015,479.952
7096,1701,19/08/2017,20/08/2017,0,653,624,0,0,327,30,10009.0,1,662,1,3,1520,146.688
7097,1701,19/08/2017,20/08/2017,0,653,624,0,0,327,30,10009.0,1,817,1,3,893,276.784
7098,1701,19/08/2017,20/08/2017,0,653,624,0,0,327,30,10009.0,1,773,1,3,408,25.32
7099,3633,06/11/2018,10/11/2018,3,139,130,0,0,327,30,10011.0,1,1212,1,12,1689,318.96
7100,1099,26/12/2016,30/12/2016,2,203,207,0,0,327,30,10009.0,1,1212,1,12,1689,212.64
7101,681,23/11/2015,28/11/2015,3,699,665,0,0,449,1,85254.0,3,872,1,7,1492,23.472
7102,2334,01/08/2017,05/08/2017,2,690,724,1,0,8,41,79109.0,0,1034,1,12,537,19.648
7103,215,21/09/2015,24/09/2015,0,460,448,0,0,372,36,19140.0,1,638,1,3,146,6.57
7104,3695,04/09/2018,08/09/2018,3,264,275,0,0,444,3,92704.0,3,1401,1,14,14,421.1
7105,3333,19/06/2018,21/06/2018,2,428,420,1,0,328,33,43055.0,1,61,0,5,749,760.116
7106,3333,19/06/2018,21/06/2018,2,428,420,1,0,328,33,43055.0,1,313,0,9,468,38.784
7107,3333,19/06/2018,21/06/2018,2,428,420,1,0,328,33,43055.0,1,1500,2,0,1065,122.328
7108,1807,19/04/2017,26/04/2017,3,438,446,0,0,327,30,10035.0,1,1849,2,13,730,25.98
7109,1807,19/04/2017,26/04/2017,3,438,446,0,0,327,30,10035.0,1,621,1,2,274,3.28
7110,1807,19/04/2017,26/04/2017,3,438,446,0,0,327,30,10035.0,1,1325,1,14,1475,459.88
7111,1807,19/04/2017,26/04/2017,3,438,446,0,0,327,30,10035.0,1,1437,1,15,92,7.76
7112,1807,19/04/2017,26/04/2017,3,438,446,0,0,327,30,10035.0,1,608,1,2,1230,71.96
7113,1807,19/04/2017,26/04/2017,3,438,446,0,0,327,30,10035.0,1,1429,1,15,669,54.9
7114,1807,19/04/2017,26/04/2017,3,438,446,0,0,327,30,10035.0,1,644,1,3,1625,9.28
7115,4434,05/05/2017,06/05/2017,0,479,464,1,0,194,26,89015.0,3,353,0,16,734,1685.88
7116,4434,05/05/2017,06/05/2017,0,479,464,1,0,194,26,89015.0,3,714,1,3,262,5.728
7117,513,18/10/2015,23/10/2015,2,335,337,0,0,450,45,98103.0,3,1025,1,12,1710,61.96
7118,513,18/10/2015,23/10/2015,2,335,337,0,0,450,45,98103.0,3,792,1,3,462,1.344
7119,2862,13/02/2018,17/02/2018,3,399,362,1,0,327,30,10009.0,1,1087,1,12,1687,17.94
7120,3108,17/11/2018,24/11/2018,3,297,308,1,0,450,45,98103.0,3,726,1,3,413,13.904
7121,4227,20/01/2015,26/01/2015,3,527,550,1,0,456,40,37167.0,2,762,1,3,684,67.194
7122,4063,01/12/2018,08/12/2018,3,705,687,0,0,450,45,98105.0,3,1112,1,12,1734,41.86
7123,4063,01/12/2018,08/12/2018,3,705,687,0,0,450,45,98105.0,3,21,0,4,845,141.96
7124,1137,09/08/2016,16/08/2016,3,501,548,1,0,327,30,10035.0,1,152,0,9,1197,10.02
7125,1137,09/08/2016,16/08/2016,3,501,548,1,0,327,30,10035.0,1,1130,1,12,1666,144.12
7126,2017,27/09/2017,29/09/2017,2,365,342,0,0,21,9,30318.0,2,1242,1,12,1753,17.94
7127,2017,27/09/2017,29/09/2017,2,365,342,0,0,21,9,30318.0,2,625,1,2,331,13.89
7128,4480,14/11/2017,20/11/2017,3,395,411,0,0,328,6,19711.0,1,1113,1,12,1568,16.45
7129,4480,14/11/2017,20/11/2017,3,395,411,0,0,328,6,19711.0,1,157,0,9,1487,19.92
7130,2697,16/04/2017,22/04/2017,3,597,603,0,0,321,40,37211.0,2,1576,2,0,1067,35.168
7131,2697,16/04/2017,22/04/2017,3,597,603,0,0,321,40,37211.0,2,1198,1,12,1488,123.088
7132,3563,26/11/2018,01/12/2018,3,772,761,2,0,405,12,47374.0,0,323,0,16,941,257.94
7133,3563,26/11/2018,01/12/2018,3,772,761,2,0,405,12,47374.0,0,1780,2,13,1393,1879.96
7134,3563,26/11/2018,01/12/2018,3,772,761,2,0,405,12,47374.0,0,183,0,9,493,27.46
7135,3563,26/11/2018,01/12/2018,3,772,761,2,0,405,12,47374.0,0,1742,2,13,922,89.98
7136,3563,26/11/2018,01/12/2018,3,772,761,2,0,405,12,47374.0,0,121,0,5,1362,828.6
7137,1603,20/11/2016,27/11/2016,3,717,723,0,0,293,8,33180.0,2,835,1,3,1641,7.23
7138,1603,20/11/2016,27/11/2016,3,717,723,0,0,293,8,33180.0,2,1322,1,14,472,17.44
7139,1603,20/11/2016,27/11/2016,3,717,723,0,0,293,8,33180.0,2,829,1,3,897,62.88
7140,1603,20/11/2016,27/11/2016,3,717,723,0,0,293,8,33180.0,2,6,0,4,1187,290.352
7141,3331,07/09/2018,07/09/2018,1,748,773,0,0,422,23,63301.0,0,1531,2,0,1052,113.52
7142,3331,07/09/2018,07/09/2018,1,748,773,0,0,422,23,63301.0,0,264,0,9,505,135.3
7143,256,24/11/2015,29/11/2015,3,330,319,2,0,498,44,23464.0,2,209,0,9,619,111.15
7144,4820,11/03/2018,16/03/2018,3,509,484,2,0,372,36,19140.0,1,1774,2,13,1168,776.85
7145,4820,11/03/2018,16/03/2018,3,509,484,2,0,372,36,19140.0,1,747,1,3,270,12.294
7146,4820,11/03/2018,16/03/2018,3,509,484,2,0,372,36,19140.0,1,361,0,16,941,154.764
7147,4820,11/03/2018,16/03/2018,3,509,484,2,0,372,36,19140.0,1,1416,1,14,522,43.28
7148,2272,12/06/2017,17/06/2017,3,126,159,0,0,261,30,11561.0,1,1032,1,12,891,92.94
7149,2272,12/06/2017,17/06/2017,3,126,159,0,0,261,30,11561.0,1,458,1,1,336,52.56
7150,1630,26/06/2016,30/06/2016,3,776,775,0,0,207,41,77070.0,0,1731,2,13,1288,971.88
7151,2760,22/12/2018,26/12/2018,3,711,693,2,0,489,0,35401.0,2,93,0,5,1449,141.96
7152,3594,22/12/2018,25/12/2018,2,20,21,0,0,291,1,85204.0,3,351,0,16,976,182.55
7153,445,09/10/2015,15/10/2015,3,99,72,1,0,216,31,28540.0,2,1248,1,12,538,88.768
7154,865,10/12/2016,15/12/2016,3,412,403,0,0,80,11,60610.0,0,472,1,1,26,53.088
7155,4348,25/12/2016,27/12/2016,2,461,458,0,0,94,9,31907.0,2,164,0,9,1534,275.88
7156,4348,25/12/2016,27/12/2016,2,461,458,0,0,94,9,31907.0,2,824,1,3,1576,157.9
7157,3286,29/04/2018,04/05/2018,3,444,430,0,0,348,28,7050.0,1,999,1,10,454,4.91
7158,2148,28/03/2017,31/03/2017,2,130,146,0,0,265,3,90032.0,3,1370,1,14,1351,87.92
7159,2148,28/03/2017,31/03/2017,2,130,146,0,0,265,3,90032.0,3,1090,1,12,1773,5.98
7160,1382,13/05/2016,18/05/2016,2,82,77,2,0,80,11,60623.0,0,1840,2,13,1569,222.384
7161,1382,13/05/2016,18/05/2016,2,82,77,2,0,80,11,60623.0,0,921,1,8,121,16.0
7162,461,04/07/2015,09/07/2015,3,539,516,0,0,405,44,23223.0,2,1278,1,12,1473,21.84
7163,461,04/07/2015,09/07/2015,3,539,516,0,0,405,44,23223.0,2,643,1,3,1841,15.6
7164,255,22/04/2015,24/04/2015,2,27,1,1,0,486,30,12180.0,1,897,1,7,1492,247.84
7165,255,22/04/2015,24/04/2015,2,27,1,1,0,486,30,12180.0,1,844,1,3,32,9.912
7166,2564,19/09/2017,22/09/2017,0,149,171,0,0,388,37,2908.0,1,1306,1,14,823,69.52
7167,214,22/07/2015,24/07/2015,2,570,553,0,0,436,3,94122.0,3,573,1,2,1125,11.52
7168,214,22/07/2015,24/07/2015,2,570,553,0,0,436,3,94122.0,3,50,0,5,739,717.72
7169,214,22/07/2015,24/07/2015,2,570,553,0,0,436,3,94122.0,3,1382,1,14,579,236.5
7170,214,22/07/2015,24/07/2015,2,570,553,0,0,436,3,94122.0,3,373,0,16,1378,170.352
7171,4915,08/10/2018,14/10/2018,3,303,294,0,0,327,30,10009.0,1,90,0,5,1206,145.764
7172,3260,25/04/2018,27/04/2018,2,689,705,0,0,436,3,94109.0,3,1460,2,0,1460,107.97
7173,4821,26/03/2018,30/03/2018,3,326,324,1,0,207,41,77070.0,0,1460,2,0,1460,143.96
7174,4821,26/03/2018,30/03/2018,3,326,324,1,0,207,41,77070.0,0,1608,2,6,401,2399.96
7175,4821,26/03/2018,30/03/2018,3,326,324,1,0,207,41,77070.0,0,1175,1,12,1739,74.352
7176,4821,26/03/2018,30/03/2018,3,326,324,1,0,207,41,77070.0,0,399,1,1,293,87.168
7177,4821,26/03/2018,30/03/2018,3,326,324,1,0,207,41,77070.0,0,1299,1,14,1108,32.232
7178,3409,04/05/2018,10/05/2018,3,549,551,1,0,372,36,19140.0,1,755,1,3,339,2.202
7179,3409,04/05/2018,10/05/2018,3,549,551,1,0,372,36,19140.0,1,785,1,3,177,9.396
7180,4551,14/11/2017,18/11/2017,3,629,662,0,0,28,18,21215.0,1,1735,2,13,346,89.97
7181,83,06/01/2015,07/01/2015,0,396,341,1,0,20,9,30605.0,2,552,1,2,527,12.78
7182,2253,27/12/2017,30/12/2017,2,546,546,0,0,241,33,43130.0,1,1548,2,0,1082,40.0
7183,3751,30/04/2018,04/05/2018,3,578,569,2,0,265,3,90032.0,3,723,1,3,638,23.24
7184,3332,21/04/2018,23/04/2018,0,389,348,0,0,28,18,21215.0,1,120,0,5,751,908.82
7185,3412,17/08/2018,24/08/2018,3,255,257,2,0,207,41,77095.0,0,1422,1,15,77,5.552
7186,3412,17/08/2018,24/08/2018,3,255,257,2,0,207,41,77095.0,0,572,1,2,244,8.016
7187,3412,17/08/2018,24/08/2018,3,255,257,2,0,207,41,77095.0,0,79,0,5,1368,74.592
7188,3412,17/08/2018,24/08/2018,3,255,257,2,0,207,41,77095.0,0,251,0,9,18,16.784
7189,3412,17/08/2018,24/08/2018,3,255,257,2,0,207,41,77095.0,0,409,1,1,310,38.864
7190,2665,12/11/2017,15/11/2017,0,240,230,2,0,435,3,92024.0,3,1855,2,13,1239,203.976
7191,2665,12/11/2017,15/11/2017,0,240,230,2,0,435,3,92024.0,3,353,0,16,734,674.352
7192,1930,01/10/2017,06/10/2017,2,375,345,0,0,197,8,33012.0,2,807,1,3,259,5.388
7193,1930,01/10/2017,06/10/2017,2,375,345,0,0,197,8,33012.0,2,589,1,2,1499,30.976
7194,1823,12/02/2017,14/02/2017,0,407,390,0,0,21,9,30318.0,2,1399,1,14,1550,1350.12
7195,1823,12/02/2017,14/02/2017,0,407,390,0,0,21,9,30318.0,2,766,1,3,241,15.92
7196,2398,13/11/2017,17/11/2017,3,604,610,2,0,450,45,98103.0,3,310,0,9,489,19.54
7197,206,26/04/2015,30/04/2015,3,509,484,2,0,265,3,90036.0,3,584,1,2,1155,21.4
7198,206,26/04/2015,30/04/2015,3,509,484,2,0,265,3,90036.0,3,949,1,10,203,12.6
7199,4388,11/08/2016,15/08/2016,3,604,610,2,0,327,30,10035.0,1,517,1,2,1137,11.96
7200,4388,11/08/2016,15/08/2016,3,604,610,2,0,327,30,10035.0,1,1846,2,13,40,138.0
7201,1729,27/11/2017,03/12/2017,3,320,331,0,0,153,8,33311.0,2,1747,2,13,1619,116.76
7202,1729,27/11/2017,03/12/2017,3,320,331,0,0,153,8,33311.0,2,323,0,16,941,331.023
7203,1983,28/10/2017,28/10/2017,1,775,780,1,0,408,30,14609.0,1,273,0,9,1536,756.8
7204,220,29/12/2015,02/01/2016,3,506,524,2,0,422,11,60174.0,0,212,0,9,1047,8.736
7205,1258,10/09/2016,17/09/2016,3,97,94,0,0,327,30,10024.0,1,495,1,2,1040,6.08
7206,3491,02/10/2018,06/10/2018,3,156,139,0,0,436,3,94109.0,3,181,0,9,506,17.46
7207,3491,02/10/2018,06/10/2018,3,156,139,0,0,436,3,94109.0,3,1647,2,11,1346,369.16
7208,2322,11/09/2017,13/09/2017,0,452,460,1,0,373,1,85023.0,3,596,1,2,473,2.912
7209,2322,11/09/2017,13/09/2017,0,452,460,1,0,373,1,85023.0,3,1132,1,12,1765,20.736
7210,2322,11/09/2017,13/09/2017,0,452,460,1,0,373,1,85023.0,3,1117,1,12,778,9.568
7211,4483,02/06/2017,06/06/2017,3,257,249,1,0,450,45,98115.0,3,1033,1,12,1347,30.18
7212,4483,02/06/2017,06/06/2017,3,257,249,1,0,450,45,98115.0,3,677,1,3,66,51.648
7213,4483,02/06/2017,06/06/2017,3,257,249,1,0,450,45,98115.0,3,642,1,3,82,11.232
7214,3833,15/10/2018,19/10/2018,3,486,483,0,0,62,3,93010.0,3,971,1,10,184,14.73
7215,823,27/09/2016,30/09/2016,2,333,327,1,0,123,20,48205.0,0,475,1,2,1127,16.4
7216,823,27/09/2016,30/09/2016,2,333,327,1,0,123,20,48205.0,0,1206,1,12,1787,25.92
7217,1446,03/05/2016,06/05/2016,0,450,456,0,0,436,3,94109.0,3,513,1,2,1122,8.82
7218,1446,03/05/2016,06/05/2016,0,450,456,0,0,436,3,94109.0,3,721,1,3,902,62.496
7219,1446,03/05/2016,06/05/2016,0,450,456,0,0,436,3,94109.0,3,1476,2,0,1020,339.96
7220,1446,03/05/2016,06/05/2016,0,450,456,0,0,436,3,94109.0,3,698,1,3,692,49.568
7221,3828,09/01/2018,13/01/2018,3,103,85,0,0,372,36,19140.0,1,831,1,3,895,274.491
7222,4656,27/01/2018,31/01/2018,3,747,752,0,0,327,30,10035.0,1,1685,2,13,938,137.94
7223,3016,02/09/2018,06/09/2018,3,493,538,0,0,80,11,60623.0,0,1559,2,0,960,40.68
7224,1816,14/07/2017,18/07/2017,3,621,622,0,0,436,3,94122.0,3,1829,2,13,1243,110.376
7225,1816,14/07/2017,18/07/2017,3,621,622,0,0,436,3,94122.0,3,440,1,1,814,151.62
7226,1816,14/07/2017,18/07/2017,3,621,622,0,0,436,3,94122.0,3,138,0,9,509,30.8
7227,3301,24/02/2018,28/02/2018,3,278,270,1,0,372,36,19134.0,1,1084,1,12,1778,123.92
7228,3301,24/02/2018,28/02/2018,3,278,270,1,0,372,36,19134.0,1,1546,2,0,1268,1319.8
7229,656,20/07/2015,22/07/2015,0,633,646,0,0,436,3,94122.0,3,740,1,3,448,89.712
7230,656,20/07/2015,22/07/2015,0,633,646,0,0,436,3,94122.0,3,1271,1,12,1652,22.83
7231,3811,13/03/2018,15/03/2018,0,673,690,0,0,147,5,6824.0,1,733,1,3,714,30.88
7232,3811,13/03/2018,15/03/2018,0,673,690,0,0,147,5,6824.0,1,410,1,1,862,465.16
7233,3811,13/03/2018,15/03/2018,0,673,690,0,0,147,5,6824.0,1,1227,1,12,1515,27.12
7234,2236,08/03/2017,12/03/2017,3,295,303,0,0,327,30,10011.0,1,254,0,9,457,113.6
7235,2236,08/03/2017,12/03/2017,3,295,303,0,0,327,30,10011.0,1,1138,1,12,1784,12.96
7236,2236,08/03/2017,12/03/2017,3,295,303,0,0,327,30,10011.0,1,661,1,3,1418,69.456
7237,462,07/12/2015,10/12/2015,0,290,286,0,0,265,3,90049.0,3,573,1,2,1125,8.64
7238,2676,10/07/2017,10/07/2017,1,245,267,1,0,372,36,19143.0,1,1625,2,11,372,341.991
7239,1694,24/12/2017,30/12/2017,3,672,685,0,0,438,3,95123.0,3,167,0,9,549,43.96
7240,1694,24/12/2017,30/12/2017,3,672,685,0,0,438,3,95123.0,3,865,1,7,1492,39.76
7241,3479,23/04/2018,25/04/2018,2,360,355,0,0,362,3,91104.0,3,223,0,9,490,66.36
7242,3479,23/04/2018,25/04/2018,2,360,355,0,0,362,3,91104.0,3,778,1,3,686,92.88
7243,3479,23/04/2018,25/04/2018,2,360,355,0,0,362,3,91104.0,3,311,0,9,552,24.14
7244,3128,17/08/2018,22/08/2018,2,757,759,0,0,372,36,19134.0,1,80,0,5,785,4416.174
7245,4856,22/05/2018,25/05/2018,0,647,639,0,0,265,3,90049.0,3,553,1,2,1372,49.56
7246,3664,09/02/2018,13/02/2018,3,664,676,0,0,265,3,90032.0,3,1337,1,14,1436,354.9
7247,4185,03/03/2015,08/03/2015,3,405,371,1,0,94,33,43229.0,1,949,1,10,203,15.12
7248,4185,03/03/2015,08/03/2015,3,405,371,1,0,94,33,43229.0,1,15,0,4,1182,302.45
7249,4185,03/03/2015,08/03/2015,3,405,371,1,0,94,33,43229.0,1,1371,1,14,586,44.672
7250,1546,04/06/2016,09/06/2016,2,100,76,0,0,265,3,90008.0,3,1508,2,0,1012,119.98
7251,1546,04/06/2016,09/06/2016,2,100,76,0,0,265,3,90008.0,3,1569,2,0,1027,989.97
7252,1927,27/08/2017,02/09/2017,3,268,253,1,0,202,8,33021.0,2,978,1,10,191,9.216
7253,2463,12/09/2017,18/09/2017,3,677,711,1,0,416,20,48066.0,0,1231,1,12,1782,68.52
7254,2471,30/05/2017,04/06/2017,3,272,274,2,0,468,47,54880.0,0,433,1,1,54,364.74
7255,2471,30/05/2017,04/06/2017,3,272,274,2,0,468,47,54880.0,0,172,0,9,480,47.4
7256,2471,30/05/2017,04/06/2017,3,272,274,2,0,468,47,54880.0,0,1319,1,14,587,49.76
7257,2471,30/05/2017,04/06/2017,3,272,274,2,0,468,47,54880.0,0,594,1,2,1140,5.56
7258,2471,30/05/2017,04/06/2017,3,272,274,2,0,468,47,54880.0,0,1080,1,12,1699,629.1
7259,2471,30/05/2017,04/06/2017,3,272,274,2,0,468,47,54880.0,0,500,1,2,1151,14.7
7260,2471,30/05/2017,04/06/2017,3,272,274,2,0,468,47,54880.0,0,1281,1,12,1812,45.36
7261,2471,30/05/2017,04/06/2017,3,272,274,2,0,468,47,54880.0,0,1693,2,13,1593,125.99
7262,3484,10/06/2018,13/06/2018,2,315,301,1,0,480,3,91360.0,3,512,1,2,1409,14.7
7263,3860,22/10/2018,28/10/2018,3,519,491,1,0,372,36,19134.0,1,1824,2,13,966,32.7
7264,3860,22/10/2018,28/10/2018,3,519,491,1,0,372,36,19134.0,1,879,1,7,7,31.68
7265,3191,13/06/2018,17/06/2018,3,592,591,0,0,462,44,22153.0,2,614,1,2,354,181.86
7266,4220,23/11/2015,26/11/2015,2,210,187,1,0,207,41,77095.0,0,78,0,5,1212,155.372
7267,3214,16/08/2018,16/08/2018,1,695,679,0,0,93,40,38401.0,2,750,1,3,1331,13.428
7268,3214,16/08/2018,16/08/2018,1,695,679,0,0,93,40,38401.0,2,1417,1,14,70,67.136
7269,2174,14/01/2017,20/01/2017,3,24,44,0,0,96,31,28027.0,2,1245,1,12,1663,89.568
7270,2174,14/01/2017,20/01/2017,3,24,44,0,0,96,31,28027.0,2,255,0,9,593,315.776
7271,2019,16/09/2017,22/09/2017,3,424,431,1,0,438,3,95123.0,3,14,0,4,1426,273.666
7272,2019,16/09/2017,22/09/2017,3,424,431,1,0,438,3,95123.0,3,420,1,1,608,17.48
7273,4572,10/10/2017,14/10/2017,3,251,263,1,0,178,31,27405.0,2,1450,1,15,1043,20.608
7274,4572,10/10/2017,14/10/2017,3,251,263,1,0,178,31,27405.0,2,741,1,3,1308,4.095
7275,1365,13/11/2016,17/11/2016,3,61,61,2,0,192,24,59601.0,3,1855,2,13,1239,339.96
7276,1365,13/11/2016,17/11/2016,3,61,61,2,0,192,24,59601.0,3,168,0,9,589,63.98
7277,240,02/11/2015,06/11/2015,3,382,406,2,0,153,8,33311.0,2,1575,2,0,1326,799.92
7278,2536,19/07/2017,21/07/2017,0,745,766,2,0,436,3,94110.0,3,1750,2,13,782,35.984
7279,2536,19/07/2017,21/07/2017,0,745,766,2,0,436,3,94110.0,3,1549,2,0,999,389.97
7280,1785,14/05/2017,14/05/2017,1,751,747,1,0,528,1,85364.0,3,1568,2,0,910,185.528
7281,1588,21/02/2016,27/02/2016,3,614,614,0,0,93,18,21044.0,1,776,1,3,649,2541.98
7282,3918,16/10/2018,21/10/2018,3,298,292,2,0,528,1,85364.0,3,1631,2,11,1521,599.985
7283,3855,22/06/2018,29/06/2018,3,380,380,0,0,80,11,60653.0,0,738,1,3,1639,3.036
7284,4113,09/09/2018,13/09/2018,3,455,474,0,0,86,33,44105.0,1,515,1,2,277,25.92
7285,4113,09/09/2018,13/09/2018,3,455,474,0,0,86,33,44105.0,1,162,0,9,513,66.112
7286,3761,14/10/2018,19/10/2018,3,89,83,0,0,436,3,94110.0,3,1564,2,0,1596,46.36
7287,2432,20/06/2017,25/06/2017,3,104,90,1,0,343,34,73120.0,0,1597,2,0,911,6.9
7288,2432,20/06/2017,25/06/2017,3,104,90,1,0,343,34,73120.0,0,295,0,9,617,57.69
7289,668,02/09/2015,07/09/2015,3,23,34,1,0,207,41,77095.0,0,1640,2,11,602,559.71
7290,2486,30/01/2017,31/01/2017,0,678,713,0,0,436,3,94122.0,3,1312,1,14,664,305.01
7291,2486,30/01/2017,31/01/2017,0,678,713,0,0,436,3,94122.0,3,837,1,3,721,50.784
7292,2486,30/01/2017,31/01/2017,0,678,713,0,0,436,3,94122.0,3,1011,1,10,222,26.01
7293,2954,04/12/2018,09/12/2018,3,469,459,0,0,321,40,37211.0,2,1635,2,11,1216,649.0
7294,1880,23/01/2017,29/01/2017,3,126,159,0,0,265,3,90036.0,3,161,0,9,485,59.99
7295,1417,26/05/2016,31/05/2016,3,635,658,0,0,36,45,98006.0,3,276,0,9,487,20.24
7296,153,04/05/2015,05/05/2015,0,554,554,0,0,207,41,77036.0,0,527,1,2,360,37.84
7297,153,04/05/2015,05/05/2015,0,554,554,0,0,207,41,77036.0,0,911,1,8,1198,5.472
7298,803,10/02/2016,14/02/2016,2,553,575,1,0,372,36,19143.0,1,1324,1,14,582,77.24
7299,714,18/11/2015,21/11/2015,0,380,380,0,0,122,11,60016.0,0,343,0,16,281,292.1
7300,714,18/11/2015,21/11/2015,0,380,380,0,0,122,11,60016.0,0,187,0,9,504,8.544
7301,714,18/11/2015,21/11/2015,0,380,380,0,0,122,11,60016.0,0,33,0,4,828,424.116
7302,714,18/11/2015,21/11/2015,0,380,380,0,0,122,11,60016.0,0,835,1,3,1641,2.892
7303,714,18/11/2015,21/11/2015,0,380,380,0,0,122,11,60016.0,0,1289,1,14,657,381.72
7304,4720,04/09/2018,08/09/2018,3,228,241,0,0,47,8,33437.0,2,111,0,5,770,97.184
7305,4720,04/09/2018,08/09/2018,3,228,241,0,0,47,8,33437.0,2,1035,1,12,1808,10.368
7306,441,29/03/2015,02/04/2015,3,507,541,0,0,377,41,75023.0,0,336,0,16,376,890.841
7307,2330,05/11/2017,07/11/2017,2,463,475,0,0,438,3,95123.0,3,1522,2,0,956,72.0
7308,2330,05/11/2017,07/11/2017,2,463,475,0,0,438,3,95123.0,3,132,0,5,797,113.888
7309,2330,05/11/2017,07/11/2017,2,463,475,0,0,438,3,95123.0,3,858,1,7,1513,158.13
7310,2999,10/06/2018,14/06/2018,2,527,550,1,0,327,30,10024.0,1,939,1,8,1281,14.13
7311,1061,10/08/2016,14/08/2016,3,67,87,0,0,123,20,48227.0,0,831,1,3,677,64.75
7312,1587,09/10/2016,13/10/2016,3,675,703,0,0,293,8,33178.0,2,643,1,3,1841,1.872
7313,1587,09/10/2016,13/10/2016,3,675,703,0,0,293,8,33178.0,2,740,1,3,448,11.214
7314,1587,09/10/2016,13/10/2016,3,675,703,0,0,293,8,33178.0,2,528,1,2,254,37.376
7315,1996,28/05/2017,02/06/2017,3,755,734,2,0,359,11,60068.0,0,1741,2,13,1620,286.4
7316,3046,11/05/2018,16/05/2018,2,791,791,0,0,327,30,10024.0,1,619,1,2,1231,43.92
7317,2157,16/10/2017,20/10/2017,3,553,575,1,0,327,30,10011.0,1,328,0,16,427,142.182
7318,3895,17/11/2018,21/11/2018,3,428,420,1,0,200,35,97123.0,3,1208,1,12,1653,19.608
7319,3895,17/11/2018,21/11/2018,3,428,420,1,0,200,35,97123.0,3,749,1,3,266,4.158
7320,2750,26/11/2018,29/11/2018,2,528,527,0,0,327,30,10009.0,1,1762,2,13,1269,979.95
7321,2750,26/11/2018,29/11/2018,2,528,527,0,0,327,30,10009.0,1,264,0,9,505,135.3
7322,4076,03/09/2018,07/09/2018,3,549,551,1,0,80,11,60623.0,0,1217,1,12,0,8.904
7323,4076,03/09/2018,07/09/2018,3,549,551,1,0,80,11,60623.0,0,1578,2,0,888,100.8
7324,4760,05/12/2018,08/12/2018,0,172,128,0,0,327,30,10024.0,1,202,0,9,1039,41.96
7325,4760,05/12/2018,08/12/2018,0,172,128,0,0,327,30,10024.0,1,995,1,10,1434,9.45
7326,4769,10/11/2018,17/11/2018,3,492,521,0,0,363,45,99301.0,3,466,1,1,610,400.8
7327,4769,10/11/2018,17/11/2018,3,492,521,0,0,363,45,99301.0,3,696,1,3,716,28.792
7328,4190,18/03/2015,24/03/2015,3,668,668,2,0,59,3,91505.0,3,302,0,9,557,111.0
7329,4190,18/03/2015,24/03/2015,3,668,668,2,0,59,3,91505.0,3,1631,2,11,1521,1279.968
7330,4190,18/03/2015,24/03/2015,3,668,668,2,0,59,3,91505.0,3,1293,1,14,1548,1856.19
7331,2419,12/11/2017,13/11/2017,0,708,708,1,0,80,11,60623.0,0,172,0,9,480,22.752
7332,3043,26/10/2018,30/10/2018,3,674,694,1,0,241,36,17602.0,1,1721,2,13,443,61.542
7333,3043,26/10/2018,30/10/2018,3,674,694,1,0,241,36,17602.0,1,761,1,3,1302,81.438
7334,1108,11/04/2016,17/04/2016,3,607,590,0,0,471,8,33614.0,2,179,0,9,625,67.36
7335,1108,11/04/2016,17/04/2016,3,607,590,0,0,471,8,33614.0,2,140,0,9,622,54.528
7336,962,25/12/2016,30/12/2016,3,378,373,0,0,327,30,10024.0,1,1516,2,0,1275,843.9
7337,962,25/12/2016,30/12/2016,3,378,373,0,0,327,30,10024.0,1,22,0,4,168,449.568
7338,4035,21/09/2018,23/09/2018,0,91,104,1,0,265,3,90045.0,3,1417,1,14,1541,15.51
7339,711,20/12/2015,23/12/2015,2,702,728,1,0,327,30,10035.0,1,132,0,5,797,192.186
7340,1554,18/07/2016,21/07/2016,0,419,415,1,0,327,30,10009.0,1,573,1,2,1125,5.76
7341,198,26/07/2015,01/08/2015,3,688,696,0,0,21,9,30318.0,2,57,0,5,1081,67.88
7342,198,26/07/2015,01/08/2015,3,688,696,0,0,21,9,30318.0,2,980,1,10,192,162.89
7343,198,26/07/2015,01/08/2015,3,688,696,0,0,21,9,30318.0,2,161,0,9,485,25.71
7344,771,26/12/2015,01/01/2016,3,738,765,0,0,327,30,10009.0,1,1304,1,14,634,191.88
7345,4094,11/12/2018,17/12/2018,3,237,201,1,0,216,8,32216.0,2,367,0,16,364,721.875
7346,4094,11/12/2018,17/12/2018,3,237,201,1,0,216,8,32216.0,2,1811,2,13,1098,73.568
7347,4094,11/12/2018,17/12/2018,3,237,201,1,0,216,8,32216.0,2,539,1,2,1490,13.584
7348,4094,11/12/2018,17/12/2018,3,237,201,1,0,216,8,32216.0,2,51,0,5,752,64.784
7349,364,03/03/2015,07/03/2015,3,667,666,0,0,207,41,77095.0,0,429,1,1,17,176.772
7350,3579,21/10/2018,27/10/2018,3,340,358,1,0,297,47,53209.0,0,649,1,3,690,38.82
7351,3579,21/10/2018,27/10/2018,3,340,358,1,0,297,47,53209.0,0,774,1,3,49,21.9
7352,3560,10/11/2018,16/11/2018,3,299,293,0,0,305,3,95351.0,3,1506,2,0,1073,111.79
7353,3778,16/03/2018,18/03/2018,2,502,508,2,0,240,33,44107.0,1,1809,2,13,731,445.44
7354,2453,22/09/2017,29/09/2017,3,632,642,2,0,372,36,19134.0,1,1006,1,10,182,16.52
7355,3816,06/02/2018,13/02/2018,3,703,702,2,0,436,3,94109.0,3,1112,1,12,1734,29.9
7356,1300,31/12/2016,02/01/2017,2,34,45,1,0,123,20,48205.0,0,806,1,3,653,116.4
7357,1898,09/10/2017,14/10/2017,3,550,487,2,0,373,1,85023.0,3,514,1,2,1115,1.408
7358,1898,09/10/2017,14/10/2017,3,550,487,2,0,373,1,85023.0,3,186,0,9,1532,169.568
7359,4156,30/12/2015,03/01/2016,2,45,22,1,0,372,36,19143.0,1,1756,2,13,451,251.964
7360,4156,30/12/2015,03/01/2016,2,45,22,1,0,372,36,19143.0,1,370,0,16,833,523.764
7361,2652,12/04/2017,14/04/2017,0,359,351,0,0,265,3,90036.0,3,1076,1,12,1800,19.44
7362,2652,12/04/2017,14/04/2017,0,359,351,0,0,265,3,90036.0,3,51,0,5,752,194.352
7363,2652,12/04/2017,14/04/2017,0,359,351,0,0,265,3,90036.0,3,786,1,3,136,36.624
7364,2083,28/11/2017,04/12/2017,3,236,210,1,0,372,36,19140.0,1,1844,2,13,1656,340.182
7365,2083,28/11/2017,04/12/2017,3,236,210,1,0,372,36,19140.0,1,937,1,8,1570,12.672
7366,2083,28/11/2017,04/12/2017,3,236,210,1,0,372,36,19140.0,1,764,1,3,695,6.888
7367,2083,28/11/2017,04/12/2017,3,236,210,1,0,372,36,19140.0,1,1364,1,14,1549,32.544
7368,2083,28/11/2017,04/12/2017,3,236,210,1,0,372,36,19140.0,1,93,0,5,1449,347.802
7369,3972,15/04/2018,17/04/2018,0,99,72,1,0,293,8,33180.0,2,832,1,3,1594,15.57
7370,907,09/03/2016,11/03/2016,2,747,752,0,0,392,31,27604.0,2,960,1,10,224,4.608
7371,104,28/10/2015,01/11/2015,3,111,92,1,0,162,14,67846.0,0,1718,2,13,524,257.98
7372,4750,07/01/2018,09/01/2018,2,358,344,0,0,261,3,90805.0,3,1316,1,14,573,153.78
7373,4750,07/01/2018,09/01/2018,2,358,344,0,0,261,3,90805.0,3,1364,1,14,1549,61.02
7374,4750,07/01/2018,09/01/2018,2,358,344,0,0,261,3,90805.0,3,1456,1,15,90,110.11
7375,4750,07/01/2018,09/01/2018,2,358,344,0,0,261,3,90805.0,3,932,1,8,1498,7.89
7376,2764,13/08/2018,20/08/2018,3,517,525,1,0,435,3,92037.0,3,639,1,3,699,36.024
7377,4832,02/11/2018,05/11/2018,0,297,308,1,0,41,11,61701.0,0,539,1,2,1490,54.336
7378,394,19/09/2015,23/09/2015,3,494,540,1,0,450,45,98115.0,3,1334,1,14,508,92.52
7379,1254,31/05/2016,31/05/2016,1,523,549,0,0,150,31,28314.0,2,584,1,2,1155,10.272
7380,1749,13/09/2017,18/09/2017,3,18,17,0,0,346,25,68104.0,0,1301,1,14,1353,40.74
7381,1749,13/09/2017,18/09/2017,3,18,17,0,0,346,25,68104.0,0,1009,1,10,197,14.4
7382,1749,13/09/2017,18/09/2017,3,18,17,0,0,346,25,68104.0,0,1735,2,13,346,149.95
7383,1749,13/09/2017,18/09/2017,3,18,17,0,0,346,25,68104.0,0,1455,1,15,596,16.9
7384,1749,13/09/2017,18/09/2017,3,18,17,0,0,346,25,68104.0,0,1161,1,12,1564,17.61
7385,1749,13/09/2017,18/09/2017,3,18,17,0,0,346,25,68104.0,0,406,1,1,799,378.0
7386,1749,13/09/2017,18/09/2017,3,18,17,0,0,346,25,68104.0,0,1133,1,12,108,17.64
7387,1749,13/09/2017,18/09/2017,3,18,17,0,0,346,25,68104.0,0,1410,1,14,644,373.08
7388,1749,13/09/2017,18/09/2017,3,18,17,0,0,346,25,68104.0,0,265,0,9,592,1336.44
7389,1749,13/09/2017,18/09/2017,3,18,17,0,0,346,25,68104.0,0,1854,2,13,1063,29.97
7390,2933,29/11/2018,03/12/2018,3,769,736,0,0,76,40,37421.0,2,55,0,5,838,390.368
7391,2933,29/11/2018,03/12/2018,3,769,736,0,0,76,40,37421.0,2,284,0,9,616,101.52
7392,3932,04/12/2018,07/12/2018,2,476,449,0,0,147,33,45014.0,1,1032,1,12,891,74.352
7393,3703,02/05/2018,06/05/2018,3,201,236,0,0,265,3,90049.0,3,1197,1,12,104,15.7
7394,3703,02/05/2018,06/05/2018,3,201,236,0,0,265,3,90049.0,3,524,1,2,1147,59.52
7395,3703,02/05/2018,06/05/2018,3,201,236,0,0,265,3,90049.0,3,1183,1,12,105,34.4
7396,1828,25/12/2017,30/12/2017,3,189,196,1,0,327,30,10024.0,1,350,0,16,320,313.176
7397,1828,25/12/2017,30/12/2017,3,189,196,1,0,327,30,10024.0,1,108,0,5,831,866.646
7398,498,30/09/2015,30/09/2015,1,222,195,1,0,147,33,45014.0,1,444,1,1,607,795.408
7399,294,12/07/2015,15/07/2015,2,498,513,0,0,80,11,60610.0,0,1107,1,12,1736,35.856
7400,294,12/07/2015,15/07/2015,2,498,513,0,0,80,11,60610.0,0,1541,2,0,1595,23.84
7401,1817,08/09/2017,13/09/2017,3,759,753,0,0,450,45,98103.0,3,245,0,9,873,43.13
7402,1817,08/09/2017,13/09/2017,3,759,753,0,0,450,45,98103.0,3,1178,1,12,142,30.87
7403,4090,06/08/2018,10/08/2018,3,692,691,0,0,327,30,10011.0,1,1440,1,15,84,70.12
7404,789,14/05/2016,19/05/2016,3,127,167,1,0,62,3,93010.0,3,39,0,4,378,509.9575
7405,789,14/05/2016,19/05/2016,3,127,167,1,0,62,3,93010.0,3,206,0,9,503,122.91
7406,789,14/05/2016,19/05/2016,3,127,167,1,0,62,3,93010.0,3,112,0,5,1170,97.568
7407,789,14/05/2016,19/05/2016,3,127,167,1,0,62,3,93010.0,3,124,0,5,760,722.352
7408,3776,20/01/2018,21/01/2018,0,520,492,0,0,80,11,60653.0,0,966,1,10,242,11.52
7409,2118,30/05/2017,06/06/2017,3,366,352,1,0,265,3,90032.0,3,251,0,9,18,167.84
7410,254,08/04/2015,12/04/2015,3,407,390,0,0,483,33,43615.0,1,368,0,16,1349,172.11
7411,38,23/07/2015,24/07/2015,0,18,17,0,0,327,30,10011.0,1,1492,2,0,420,99.98
7412,3161,30/05/2018,03/06/2018,3,506,524,2,0,481,35,97224.0,3,1734,2,13,970,156.792
7413,3161,30/05/2018,03/06/2018,3,506,524,2,0,481,35,97224.0,3,1523,2,0,1403,35.36
7414,3161,30/05/2018,03/06/2018,3,506,524,2,0,481,35,97224.0,3,169,0,9,1559,13.592
7415,4464,13/03/2017,15/03/2017,2,679,716,1,0,372,36,19134.0,1,121,0,5,1362,386.68
7416,4464,13/03/2017,15/03/2017,2,679,716,1,0,372,36,19134.0,1,1469,2,0,951,379.96
7417,4464,13/03/2017,15/03/2017,2,679,716,1,0,372,36,19134.0,1,1725,2,13,1285,539.91
7418,4464,13/03/2017,15/03/2017,2,679,716,1,0,372,36,19134.0,1,1288,1,12,1478,41.24
7419,4464,13/03/2017,15/03/2017,2,679,716,1,0,372,36,19134.0,1,817,1,3,893,51.897
7420,4464,13/03/2017,15/03/2017,2,679,716,1,0,372,36,19134.0,1,1374,1,14,1365,552.56
7421,4464,13/03/2017,15/03/2017,2,679,716,1,0,372,36,19134.0,1,733,1,3,714,23.16
7422,4464,13/03/2017,15/03/2017,2,679,716,1,0,372,36,19134.0,1,1396,1,14,1476,126.08
7423,4464,13/03/2017,15/03/2017,2,679,716,1,0,372,36,19134.0,1,1631,2,11,1217,449.1
7424,3451,10/04/2018,14/04/2018,3,108,116,0,0,372,36,19143.0,1,375,1,1,1573,195.104
7425,3451,10/04/2018,14/04/2018,3,108,116,0,0,372,36,19143.0,1,277,0,9,989,36.672
7426,1696,25/06/2017,27/06/2017,2,455,474,0,0,207,41,77070.0,0,65,0,5,769,85.246
7427,1696,25/06/2017,27/06/2017,2,455,474,0,0,207,41,77070.0,0,278,0,9,562,32.712
7428,4269,17/03/2015,21/03/2015,3,510,494,1,0,215,22,39212.0,2,660,1,3,75,11.43
7429,4269,17/03/2015,21/03/2015,3,510,494,1,0,215,22,39212.0,2,650,1,3,713,30.44
7430,4269,17/03/2015,21/03/2015,3,510,494,1,0,215,22,39212.0,2,1214,1,12,1745,12.96
7431,4269,17/03/2015,21/03/2015,3,510,494,1,0,215,22,39212.0,2,1201,1,12,540,16.0
7432,4269,17/03/2015,21/03/2015,3,510,494,1,0,215,22,39212.0,2,457,1,1,294,32.67
7433,697,09/08/2015,13/08/2015,3,633,646,0,0,373,1,85023.0,3,940,1,8,1518,4.464
7434,697,09/08/2015,13/08/2015,3,633,646,0,0,373,1,85023.0,3,678,1,3,256,9.345
7435,1406,26/07/2016,31/07/2016,3,99,72,1,0,356,3,93030.0,3,660,1,3,75,9.144
7436,1406,26/07/2016,31/07/2016,3,99,72,1,0,356,3,93030.0,3,769,1,3,1577,23.136
7437,1406,26/07/2016,31/07/2016,3,99,72,1,0,356,3,93030.0,3,543,1,2,1141,99.2
7438,739,15/02/2015,19/02/2015,3,80,67,1,0,450,45,98105.0,3,673,1,3,1306,21.36
7439,1376,24/03/2016,27/03/2016,2,164,137,1,0,106,45,98042.0,3,275,0,9,567,46.9
7440,4897,02/09/2018,06/09/2018,3,385,347,0,0,265,3,90049.0,3,642,1,3,82,18.72
7441,4897,02/09/2018,06/09/2018,3,385,347,0,0,265,3,90049.0,3,371,0,16,826,236.528
7442,1040,16/11/2016,18/11/2016,0,367,385,1,0,435,3,92105.0,3,985,1,10,219,18.9
7443,129,09/12/2015,11/12/2015,0,783,781,1,0,54,41,78521.0,0,1129,1,12,1737,10.688
7444,129,09/12/2015,11/12/2015,0,783,781,1,0,54,41,78521.0,0,1290,1,14,1329,237.096
7445,3304,03/02/2018,07/02/2018,2,634,652,2,0,80,11,60610.0,0,1086,1,12,1791,5.184
7446,3304,03/02/2018,07/02/2018,2,634,652,2,0,80,11,60610.0,0,1083,1,12,1675,65.584
7447,3304,03/02/2018,07/02/2018,2,634,652,2,0,80,11,60610.0,0,302,0,9,557,22.2
7448,3304,03/02/2018,07/02/2018,2,634,652,2,0,80,11,60610.0,0,1046,1,12,1671,419.4
7449,3049,11/11/2018,14/11/2018,0,514,533,0,0,228,40,37918.0,2,289,0,9,620,88.92
7450,2880,17/09/2018,22/09/2018,2,694,673,2,0,207,41,77036.0,0,482,1,2,1161,9.912
7451,2880,17/09/2018,22/09/2018,2,694,673,2,0,207,41,77036.0,0,110,0,5,771,318.43
7452,2880,17/09/2018,22/09/2018,2,694,673,2,0,207,41,77036.0,0,735,1,3,1643,5.8
7453,2880,17/09/2018,22/09/2018,2,694,673,2,0,207,41,77036.0,0,1767,2,13,1290,1415.76
7454,3443,25/06/2018,01/07/2018,3,288,290,0,0,44,11,60440.0,0,1809,2,13,731,148.48
7455,2242,30/07/2017,04/08/2017,3,429,422,0,0,80,11,60623.0,0,992,1,10,206,9.248
7456,2242,30/07/2017,04/08/2017,3,429,422,0,0,80,11,60623.0,0,1352,1,14,1547,1036.624
7457,1279,16/04/2016,18/04/2016,0,464,454,0,0,509,44,22980.0,2,1749,2,13,964,569.64
7458,1279,16/04/2016,18/04/2016,0,464,454,0,0,509,44,22980.0,2,674,1,3,407,9.14
7459,1279,16/04/2016,18/04/2016,0,464,454,0,0,509,44,22980.0,2,182,0,9,1533,1196.86
7460,1279,16/04/2016,18/04/2016,0,464,454,0,0,509,44,22980.0,2,7,0,4,1181,523.26
7461,4349,11/04/2016,14/04/2016,2,48,35,0,0,265,3,90004.0,3,1606,2,6,399,639.968
7462,4349,11/04/2016,14/04/2016,2,48,35,0,0,265,3,90004.0,3,1203,1,12,537,52.76
7463,1285,27/02/2016,01/03/2016,2,571,576,0,0,450,45,98105.0,3,1517,2,0,1087,538.92
7464,1721,08/09/2017,15/09/2017,3,468,471,0,0,499,3,93277.0,3,576,1,2,539,14.88
7465,1721,08/09/2017,15/09/2017,3,468,471,0,0,499,3,93277.0,3,1273,1,12,1684,34.24
7466,1721,08/09/2017,15/09/2017,3,468,471,0,0,499,3,93277.0,3,1332,1,14,1090,261.74
7467,2248,19/05/2017,23/05/2017,3,34,45,1,0,265,3,90008.0,3,404,1,1,1493,87.84
7468,3723,11/11/2018,15/11/2018,2,733,744,2,0,265,3,90045.0,3,181,0,9,506,34.92
7469,448,15/09/2015,20/09/2015,3,0,20,0,0,327,30,10011.0,1,1042,1,12,537,14.94
7470,448,15/09/2015,20/09/2015,3,0,20,0,0,327,30,10011.0,1,224,0,9,1048,14.56
7471,796,15/09/2016,20/09/2016,3,13,40,1,0,372,36,19143.0,1,743,1,3,255,3.576
7472,796,15/09/2016,20/09/2016,3,13,40,1,0,372,36,19143.0,1,1346,1,14,774,147.184
7473,2273,01/07/2017,03/07/2017,0,272,274,2,0,252,42,84043.0,3,1601,2,6,802,1499.95
7474,1806,10/04/2017,15/04/2017,3,615,615,1,0,80,11,60653.0,0,473,1,2,275,13.568
7475,759,06/01/2015,10/01/2015,3,497,486,2,0,194,15,42420.0,2,118,0,5,742,2573.82
7476,759,06/01/2015,10/01/2015,3,497,486,2,0,194,15,42420.0,2,831,1,3,895,609.98
7477,759,06/01/2015,10/01/2015,3,497,486,2,0,194,15,42420.0,2,525,1,2,1352,5.48
7478,759,06/01/2015,10/01/2015,3,497,486,2,0,194,15,42420.0,2,1860,2,13,724,391.98
7479,759,06/01/2015,10/01/2015,3,497,486,2,0,194,15,42420.0,2,1844,2,13,1656,755.96
7480,759,06/01/2015,10/01/2015,3,497,486,2,0,194,15,42420.0,2,920,1,8,133,31.12
7481,759,06/01/2015,10/01/2015,3,497,486,2,0,194,15,42420.0,2,1079,1,12,1469,6.54
7482,2043,01/09/2017,03/09/2017,2,449,451,2,0,208,3,92646.0,3,868,1,7,772,12.78
7483,174,23/09/2015,30/09/2015,3,401,407,2,0,327,30,10011.0,1,832,1,3,235,18.464
7484,360,15/12/2015,17/12/2015,2,246,245,1,0,372,36,19140.0,1,110,0,5,771,445.802
7485,3453,28/12/2018,02/01/2019,3,177,158,2,0,148,32,58103.0,0,627,1,2,1499,2.48
7486,3453,28/12/2018,02/01/2019,3,177,158,2,0,148,32,58103.0,0,803,1,3,1634,25.9
7487,4344,19/12/2016,24/12/2016,2,600,607,2,0,124,27,3820.0,1,1087,1,12,1687,29.9
7488,4344,19/12/2016,24/12/2016,2,600,607,2,0,124,27,3820.0,1,1574,2,0,1019,2249.91
7489,4344,19/12/2016,24/12/2016,2,600,607,2,0,124,27,3820.0,1,355,0,16,368,1053.164
7490,3874,05/11/2018,09/11/2018,3,3,42,0,0,435,3,92105.0,3,1206,1,12,1787,12.96
7491,885,10/09/2016,16/09/2016,3,279,280,1,0,265,3,90032.0,3,272,0,9,1439,106.68
7492,4728,16/11/2018,16/11/2018,1,158,144,0,0,493,30,13501.0,1,1777,2,13,1845,119.94
7493,4888,11/09/2018,16/09/2018,3,133,163,0,0,207,41,77070.0,0,1254,1,12,1741,10.272
7494,4888,11/09/2018,16/09/2018,3,133,163,0,0,207,41,77070.0,0,348,0,16,324,512.19
7495,4888,11/09/2018,16/09/2018,3,133,163,0,0,207,41,77070.0,0,411,1,1,459,1.556
7496,3159,14/07/2018,18/07/2018,3,743,751,0,0,515,3,92683.0,3,802,1,3,81,4.448
7497,3159,14/07/2018,18/07/2018,3,743,751,0,0,515,3,92683.0,3,263,0,9,515,276.69
7498,3159,14/07/2018,18/07/2018,3,743,751,0,0,515,3,92683.0,3,905,1,8,1194,4.96
7499,3159,14/07/2018,18/07/2018,3,743,751,0,0,515,3,92683.0,3,610,1,2,279,71.92
7500,3159,14/07/2018,18/07/2018,3,743,751,0,0,515,3,92683.0,3,242,0,9,548,18.84
7501,3159,14/07/2018,18/07/2018,3,743,751,0,0,515,3,92683.0,3,1482,2,0,1464,140.97
7502,3159,14/07/2018,18/07/2018,3,743,751,0,0,515,3,92683.0,3,1860,2,13,724,470.376
7503,4736,30/03/2018,30/03/2018,1,737,758,0,0,265,3,90036.0,3,495,1,2,1040,6.08
7504,4736,30/03/2018,30/03/2018,1,737,758,0,0,265,3,90036.0,3,1768,2,13,43,164.792
7505,2554,31/01/2017,04/02/2017,2,376,353,1,0,22,28,8401.0,1,881,1,7,1492,23.36
7506,4668,08/06/2018,13/06/2018,3,119,79,0,0,455,11,60076.0,0,650,1,3,713,12.176
7507,195,02/11/2015,06/11/2015,3,692,691,0,0,436,3,94122.0,3,1733,2,13,42,46.384
7508,195,02/11/2015,06/11/2015,3,692,691,0,0,436,3,94122.0,3,1384,1,14,112,362.92
7509,4890,14/07/2018,18/07/2018,3,387,387,0,0,94,33,43229.0,1,1063,1,12,1738,9.248
7510,4890,14/07/2018,18/07/2018,3,387,387,0,0,94,33,43229.0,1,1697,2,13,1390,1889.946
7511,4890,14/07/2018,18/07/2018,3,387,387,0,0,94,33,43229.0,1,1391,1,14,1540,62.04
7512,4890,14/07/2018,18/07/2018,3,387,387,0,0,94,33,43229.0,1,241,0,9,726,396.92
7513,4890,14/07/2018,18/07/2018,3,387,387,0,0,94,33,43229.0,1,1354,1,14,1367,239.456
7514,4890,14/07/2018,18/07/2018,3,387,387,0,0,94,33,43229.0,1,629,1,2,474,13.12
7515,4913,09/12/2018,12/12/2018,2,387,387,0,0,405,15,40475.0,2,815,1,3,1835,29.36
7516,4913,09/12/2018,12/12/2018,2,387,387,0,0,405,15,40475.0,2,379,1,1,306,214.9
7517,4913,09/12/2018,12/12/2018,2,387,387,0,0,405,15,40475.0,2,766,1,3,241,15.92
7518,4913,09/12/2018,12/12/2018,2,387,387,0,0,405,15,40475.0,2,1483,2,0,994,146.45
7519,4913,09/12/2018,12/12/2018,2,387,387,0,0,405,15,40475.0,2,1418,1,14,574,15.14
7520,4913,09/12/2018,12/12/2018,2,387,387,0,0,405,15,40475.0,2,1004,1,10,200,5.76
7521,4913,09/12/2018,12/12/2018,2,387,387,0,0,405,15,40475.0,2,1602,2,6,398,1399.98
7522,2633,05/09/2017,11/09/2017,3,495,488,0,0,241,33,43130.0,1,750,1,3,1331,8.952
7523,2633,05/09/2017,11/09/2017,3,495,488,0,0,241,33,43130.0,1,709,1,3,1307,8.856
7524,2633,05/09/2017,11/09/2017,3,495,488,0,0,241,33,43130.0,1,123,0,5,763,85.246
7525,304,10/09/2015,16/09/2015,3,152,169,0,0,181,35,97030.0,3,880,1,7,1247,21.728
7526,304,10/09/2015,16/09/2015,3,152,169,0,0,181,35,97030.0,3,116,0,5,784,1487.04
7527,4666,26/09/2018,26/09/2018,1,617,657,1,0,436,3,94109.0,3,851,1,7,1492,71.88
7528,4666,26/09/2018,26/09/2018,1,617,657,1,0,436,3,94109.0,3,274,0,9,1485,9.24
7529,4666,26/09/2018,26/09/2018,1,617,657,1,0,436,3,94109.0,3,1159,1,12,1677,35.88
7530,4666,26/09/2018,26/09/2018,1,617,657,1,0,436,3,94109.0,3,730,1,3,1632,17.04
7531,4666,26/09/2018,26/09/2018,1,617,657,1,0,436,3,94109.0,3,795,1,3,648,931.176
7532,1773,17/06/2017,19/06/2017,0,451,457,0,0,262,4,80501.0,3,219,0,9,1359,266.352
7533,1773,17/06/2017,19/06/2017,0,451,457,0,0,262,4,80501.0,3,130,0,5,762,483.136
7534,4797,25/02/2018,01/03/2018,3,724,681,0,0,179,31,27834.0,2,97,0,5,753,196.784
7535,4797,25/02/2018,01/03/2018,3,724,681,0,0,179,31,27834.0,2,47,0,4,390,231.92
7536,4885,31/03/2018,07/04/2018,3,322,329,1,0,265,3,90004.0,3,1447,1,15,100,29.7
7537,2830,03/12/2018,08/12/2018,3,544,497,0,0,207,41,77041.0,0,169,0,9,1559,13.592
7538,1764,19/02/2017,22/02/2017,2,311,312,0,0,436,3,94109.0,3,1121,1,12,1661,70.88
7539,4699,02/12/2018,06/12/2018,3,105,91,1,0,120,4,80219.0,3,1387,1,14,978,114.288
7540,4699,02/12/2018,06/12/2018,3,105,91,1,0,120,4,80219.0,3,786,1,3,136,36.624
7541,4699,02/12/2018,06/12/2018,3,105,91,1,0,120,4,80219.0,3,33,0,4,828,242.352
7542,4699,02/12/2018,06/12/2018,3,105,91,1,0,120,4,80219.0,3,1686,2,13,1431,49.616
7543,4699,02/12/2018,06/12/2018,3,105,91,1,0,120,4,80219.0,3,186,0,9,1532,508.704
7544,4699,02/12/2018,06/12/2018,3,105,91,1,0,120,4,80219.0,3,1851,2,13,1037,57.36
7545,4699,02/12/2018,06/12/2018,3,105,91,1,0,120,4,80219.0,3,89,0,5,842,906.68
7546,50,10/10/2015,15/10/2015,3,163,179,1,0,209,41,77340.0,0,1712,2,13,1097,719.952
7547,50,10/10/2015,15/10/2015,3,163,179,1,0,209,41,77340.0,0,1847,2,13,430,755.944
7548,50,10/10/2015,15/10/2015,3,163,179,1,0,209,41,77340.0,0,838,1,3,693,11.98
7549,50,10/10/2015,15/10/2015,3,163,179,1,0,209,41,77340.0,0,807,1,3,259,0.898
7550,2223,05/09/2017,07/09/2017,0,268,253,1,0,207,41,77036.0,0,306,0,9,615,21.204
7551,479,20/11/2015,25/11/2015,3,428,420,1,0,327,30,10024.0,1,870,1,7,1248,34.74
7552,479,20/11/2015,25/11/2015,3,428,420,1,0,327,30,10024.0,1,1840,2,13,1569,833.94
7553,479,20/11/2015,25/11/2015,3,428,420,1,0,327,30,10024.0,1,782,1,3,23,12.96
7554,479,20/11/2015,25/11/2015,3,428,420,1,0,327,30,10024.0,1,1030,1,12,1794,25.92
7555,176,10/05/2015,14/05/2015,2,17,58,0,0,372,36,19134.0,1,44,0,4,316,349.965
7556,176,10/05/2015,14/05/2015,2,17,58,0,0,372,36,19134.0,1,493,1,2,496,22.32
7557,3923,27/11/2018,02/12/2018,3,404,412,1,0,94,12,47201.0,0,1223,1,12,1692,158.28
7558,3923,27/11/2018,02/12/2018,3,404,412,1,0,94,12,47201.0,0,826,1,3,681,497.94
7559,4204,01/11/2015,05/11/2015,3,218,193,0,0,261,30,11561.0,1,428,1,1,949,533.94
7560,4204,01/11/2015,05/11/2015,3,218,193,0,0,261,30,11561.0,1,1074,1,12,1720,167.94
7561,4204,01/11/2015,05/11/2015,3,218,193,0,0,261,30,11561.0,1,248,0,9,1044,31.68
7562,1750,30/12/2017,01/01/2018,0,70,106,0,0,241,36,17602.0,1,55,0,5,838,170.786
7563,4437,03/09/2017,07/09/2017,3,624,636,0,0,80,11,60610.0,0,36,0,4,1384,198.744
7564,3884,05/10/2018,07/10/2018,0,627,651,2,0,120,4,80219.0,3,1504,2,0,1023,63.824
7565,4628,30/01/2017,01/02/2017,2,734,748,0,0,450,45,98103.0,3,66,0,5,743,435.168
7566,4628,30/01/2017,01/02/2017,2,734,748,0,0,450,45,98103.0,3,3,0,4,1180,48.58
7567,3553,21/04/2018,23/04/2018,0,439,424,1,0,207,41,77070.0,0,1512,2,0,1022,47.976
7568,3553,21/04/2018,23/04/2018,0,439,424,1,0,207,41,77070.0,0,1108,1,12,1827,20.736
7569,414,05/12/2015,10/12/2015,3,647,639,0,0,265,3,90045.0,3,566,1,2,1295,26.46
7570,414,05/12/2015,10/12/2015,3,647,639,0,0,265,3,90045.0,3,1100,1,12,1719,49.12
7571,414,05/12/2015,10/12/2015,3,647,639,0,0,265,3,90045.0,3,921,1,8,121,15.0
7572,13,21/10/2015,26/10/2015,3,283,283,1,0,329,44,23602.0,2,1393,1,14,556,194.7
7573,13,21/10/2015,26/10/2015,3,283,283,1,0,329,44,23602.0,2,371,0,16,826,591.32
7574,13,21/10/2015,26/10/2015,3,283,283,1,0,329,44,23602.0,2,501,1,2,1371,2.84
7575,1156,08/12/2016,12/12/2016,3,790,789,1,0,265,3,90036.0,3,1407,1,14,1517,221.96
7576,1156,08/12/2016,12/12/2016,3,790,789,1,0,265,3,90036.0,3,1477,2,0,1606,236.0
7577,425,02/11/2015,07/11/2015,2,728,715,1,0,450,45,98115.0,3,1457,2,0,1055,41.94
7578,425,02/11/2015,07/11/2015,2,728,715,1,0,450,45,98115.0,3,1737,2,13,1396,52.792
7579,2252,18/12/2017,21/12/2017,0,601,583,2,0,346,25,68104.0,0,135,0,5,841,563.94
7580,1078,23/11/2016,27/11/2016,2,59,48,0,0,312,28,7960.0,1,383,1,1,1417,2625.12
7581,1078,23/11/2016,27/11/2016,2,59,48,0,0,312,28,7960.0,1,635,1,2,1120,17.94
7582,1661,13/08/2016,16/08/2016,0,263,246,0,0,372,36,19143.0,1,1402,1,14,642,422.856
7583,1338,16/04/2016,21/04/2016,3,224,221,1,0,327,30,10024.0,1,115,0,5,1173,127.764
7584,709,21/03/2015,25/03/2015,3,432,444,1,0,462,44,22153.0,2,1704,2,13,1392,3499.93
7585,709,21/03/2015,25/03/2015,3,432,444,1,0,462,44,22153.0,2,1004,1,10,200,14.4
7586,709,21/03/2015,25/03/2015,3,432,444,1,0,462,44,22153.0,2,1066,1,12,1703,122.97
7587,709,21/03/2015,25/03/2015,3,432,444,1,0,462,44,22153.0,2,523,1,2,138,9.32
7588,709,21/03/2015,25/03/2015,3,432,444,1,0,462,44,22153.0,2,699,1,3,1637,122.94
7589,3213,16/11/2018,22/11/2018,3,485,537,0,0,416,3,95661.0,3,177,0,9,484,17.31
7590,1299,25/09/2016,29/09/2016,3,211,191,0,0,411,11,61107.0,0,623,1,2,361,128.744
7591,2567,05/09/2017,09/09/2017,3,192,212,0,0,372,36,19134.0,1,147,0,9,30,58.248
7592,2567,05/09/2017,09/09/2017,3,192,212,0,0,372,36,19134.0,1,65,0,5,767,71.246
7593,2567,05/09/2017,09/09/2017,3,192,212,0,0,372,36,19134.0,1,497,1,2,1135,7.872
7594,2567,05/09/2017,09/09/2017,3,192,212,0,0,372,36,19134.0,1,53,0,5,738,887.271
7595,3140,20/04/2018,24/04/2018,3,182,151,0,0,123,20,48234.0,0,718,1,3,1301,146.86
7596,3140,20/04/2018,24/04/2018,3,182,151,0,0,123,20,48234.0,0,674,1,3,407,36.56
7597,1611,15/06/2016,19/06/2016,3,302,306,1,0,265,3,90004.0,3,1753,2,13,932,225.576
7598,387,17/09/2015,22/09/2015,3,339,396,0,0,462,35,97477.0,3,520,1,2,1118,5.248
7599,387,17/09/2015,22/09/2015,3,339,396,0,0,462,35,97477.0,3,483,1,2,349,38.256
7600,387,17/09/2015,22/09/2015,3,339,396,0,0,462,35,97477.0,3,1033,1,12,1347,40.24
7601,387,17/09/2015,22/09/2015,3,339,396,0,0,462,35,97477.0,3,1667,2,11,1276,29.925
7602,387,17/09/2015,22/09/2015,3,339,396,0,0,462,35,97477.0,3,1200,1,12,1749,148.704
7603,387,17/09/2015,22/09/2015,3,339,396,0,0,462,35,97477.0,3,1587,2,0,1598,55.92
7604,2465,08/07/2017,12/07/2017,3,750,739,1,0,388,37,2908.0,1,1035,1,12,1808,12.96
7605,1698,27/05/2017,31/05/2017,3,107,110,0,0,80,11,60623.0,0,251,0,9,18,25.176
7606,1698,27/05/2017,31/05/2017,3,107,110,0,0,80,11,60623.0,0,215,0,9,675,5.584
7607,1698,27/05/2017,31/05/2017,3,107,110,0,0,80,11,60623.0,0,1343,1,14,1489,1297.368
7608,3163,24/12/2018,27/12/2018,0,575,565,0,0,109,41,75220.0,0,1305,1,14,543,264.32
7609,4003,03/05/2018,07/05/2018,3,518,542,0,0,436,3,94122.0,3,1086,1,12,1791,25.92
7610,4003,03/05/2018,07/05/2018,3,518,542,0,0,436,3,94122.0,3,590,1,2,1159,22.96
7611,404,22/02/2015,24/02/2015,0,663,720,0,0,310,3,92553.0,3,1127,1,12,1816,19.44
7612,4336,08/02/2016,11/02/2016,0,88,113,0,0,162,14,67846.0,0,1073,1,12,1649,9.54
7613,4336,08/02/2016,11/02/2016,0,88,113,0,0,162,14,67846.0,0,902,1,8,123,5.81
7614,4336,08/02/2016,11/02/2016,0,88,113,0,0,162,14,67846.0,0,506,1,2,1406,5.76
7615,969,24/08/2016,28/08/2016,2,673,690,0,0,327,30,10035.0,1,136,0,9,492,14.91
7616,561,30/11/2015,04/12/2015,3,639,621,1,0,351,8,32839.0,2,645,1,3,271,6.642
7617,2333,10/12/2017,16/12/2017,3,159,147,0,0,506,30,13601.0,1,1125,1,12,1651,18.54
7618,2333,10/12/2017,16/12/2017,3,159,147,0,0,506,30,13601.0,1,781,1,3,647,679.96
7619,3765,27/10/2018,29/10/2018,0,393,375,1,0,265,3,90032.0,3,328,0,16,427,189.576
7620,3765,27/10/2018,29/10/2018,0,393,375,1,0,265,3,90032.0,3,1831,2,13,781,71.96
7621,4221,25/11/2015,29/11/2015,3,622,627,0,0,265,3,90004.0,3,1732,2,13,1010,539.92
7622,4221,25/11/2015,29/11/2015,3,622,627,0,0,265,3,90004.0,3,89,0,5,842,725.344
7623,4221,25/11/2015,29/11/2015,3,622,627,0,0,265,3,90004.0,3,627,1,2,1499,7.44
7624,283,14/07/2015,20/07/2015,3,715,699,2,0,328,6,19711.0,1,387,1,1,295,39.48
7625,1263,23/05/2016,27/05/2016,2,568,561,2,0,123,20,48234.0,0,406,1,1,799,850.5
7626,1263,23/05/2016,27/05/2016,2,568,561,2,0,123,20,48234.0,0,268,0,9,1609,75.33
7627,4394,21/11/2016,23/11/2016,2,271,271,1,0,373,1,85023.0,3,436,1,1,639,325.632
7628,4394,21/11/2016,23/11/2016,2,271,271,1,0,373,1,85023.0,3,1538,2,0,313,23.344
7629,4394,21/11/2016,23/11/2016,2,271,271,1,0,373,1,85023.0,3,984,1,10,215,16.52
7630,700,30/03/2015,01/04/2015,0,532,496,2,0,54,41,78521.0,0,866,1,7,128,335.72
7631,700,30/03/2015,01/04/2015,0,532,496,2,0,54,41,78521.0,0,1742,2,13,922,251.944
7632,700,30/03/2015,01/04/2015,0,532,496,2,0,54,41,78521.0,0,85,0,5,765,127.302
7633,4881,29/12/2018,01/01/2019,2,429,422,0,0,266,15,40214.0,2,92,0,5,497,1207.84
7634,4881,29/12/2018,01/01/2019,2,429,422,0,0,266,15,40214.0,2,736,1,3,703,12.53
7635,4881,29/12/2018,01/01/2019,2,429,422,0,0,266,15,40214.0,2,591,1,2,1229,34.58
7636,4881,29/12/2018,01/01/2019,2,429,422,0,0,266,15,40214.0,2,124,0,5,760,300.98
7637,4881,29/12/2018,01/01/2019,2,429,422,0,0,266,15,40214.0,2,68,0,5,798,258.75
7638,2861,02/03/2018,08/03/2018,3,196,235,1,0,328,6,19711.0,1,524,1,2,1147,59.52
7639,2861,02/03/2018,08/03/2018,3,196,235,1,0,328,6,19711.0,1,883,1,7,1492,57.96
7640,2861,02/03/2018,08/03/2018,3,196,235,1,0,328,6,19711.0,1,34,0,4,381,441.96
7641,2861,02/03/2018,08/03/2018,3,196,235,1,0,328,6,19711.0,1,1187,1,12,537,68.04
7642,4596,06/10/2017,07/10/2017,0,449,451,2,0,390,4,81001.0,3,1634,2,11,1837,703.71
7643,4596,06/10/2017,07/10/2017,0,449,451,2,0,390,4,81001.0,3,750,1,3,1331,17.904
7644,4596,06/10/2017,07/10/2017,0,449,451,2,0,390,4,81001.0,3,742,1,3,245,11.976
7645,4596,06/10/2017,07/10/2017,0,449,451,2,0,390,4,81001.0,3,1500,2,0,1065,67.96
7646,1571,05/04/2016,11/04/2016,3,120,129,1,0,265,3,90036.0,3,116,0,5,784,892.224
7647,4157,09/09/2015,13/09/2015,3,218,193,0,0,179,31,27834.0,2,1637,2,11,20,1299.99
7648,2257,15/03/2017,16/03/2017,0,281,287,1,0,436,3,94110.0,3,777,1,3,267,4.544
7649,2257,15/03/2017,16/03/2017,0,281,287,1,0,436,3,94110.0,3,53,0,5,738,1352.032
7650,807,27/12/2016,31/12/2016,3,191,206,1,0,280,33,43302.0,1,364,0,16,1348,1548.99
7651,807,27/12/2016,31/12/2016,3,191,206,1,0,280,33,43302.0,1,883,1,7,1492,19.872
7652,2974,07/08/2018,08/08/2018,0,147,145,0,0,109,41,75081.0,0,1499,2,0,1006,119.448
7653,2974,07/08/2018,08/08/2018,0,147,145,0,0,109,41,75081.0,0,1379,1,14,1379,118.16
7654,1058,22/03/2016,27/03/2016,3,291,291,1,0,209,0,35810.0,2,574,1,2,1121,19.56
7655,876,30/11/2016,02/12/2016,2,394,389,0,0,245,26,89115.0,3,236,0,9,482,80.96
7656,876,30/11/2016,02/12/2016,2,394,389,0,0,245,26,89115.0,3,1235,1,12,1788,25.92
7657,4173,15/04/2015,15/04/2015,1,609,596,2,0,265,3,90049.0,3,381,1,1,304,106.96
7658,4173,15/04/2015,15/04/2015,1,609,596,2,0,265,3,90049.0,3,290,0,9,877,187.76
7659,3850,30/07/2018,02/08/2018,0,744,762,2,0,240,33,44107.0,1,675,1,3,702,76.776
7660,3677,01/06/2018,05/06/2018,3,183,185,1,0,158,25,68025.0,0,783,1,3,709,53.9
7661,78,07/01/2015,12/01/2015,3,784,785,0,0,209,41,77340.0,0,311,0,9,881,76.728
7662,78,07/01/2015,12/01/2015,3,784,785,0,0,209,41,77340.0,0,787,1,3,62,10.43
7663,4819,29/09/2018,01/10/2018,0,675,703,0,0,265,3,90036.0,3,543,1,2,1141,99.2
7664,3527,13/09/2018,19/09/2018,3,689,705,0,0,19,31,28806.0,2,570,1,2,674,15.92
7665,598,22/10/2015,26/10/2015,3,552,570,1,0,45,16,71111.0,2,142,0,9,1538,129.92
7666,4538,04/10/2017,08/10/2017,3,234,194,2,0,388,37,2908.0,1,672,1,3,898,30.4
7667,4538,04/10/2017,08/10/2017,3,234,194,2,0,388,37,2908.0,1,1603,2,6,804,5399.91
7668,4538,04/10/2017,08/10/2017,3,234,194,2,0,388,37,2908.0,1,1296,1,14,979,119.1
7669,1181,27/11/2016,29/11/2016,2,482,502,2,0,146,19,2149.0,1,1071,1,12,1766,40.08
7670,1181,27/11/2016,29/11/2016,2,482,502,2,0,146,19,2149.0,1,1082,1,12,1665,59.94
7671,1181,27/11/2016,29/11/2016,2,482,502,2,0,146,19,2149.0,1,1549,2,0,999,259.98
7672,1181,27/11/2016,29/11/2016,2,482,502,2,0,146,19,2149.0,1,25,0,4,1360,170.98
7673,1181,27/11/2016,29/11/2016,2,482,502,2,0,146,19,2149.0,1,227,0,9,1558,38.97
7674,1181,27/11/2016,29/11/2016,2,482,502,2,0,146,19,2149.0,1,1233,1,12,1758,154.9
7675,1181,27/11/2016,29/11/2016,2,482,502,2,0,146,19,2149.0,1,372,0,16,848,446.068
7676,3420,06/05/2018,09/05/2018,2,768,774,0,0,393,3,91730.0,3,401,1,1,609,152.94
7677,511,08/10/2015,08/10/2015,1,364,339,0,0,74,31,28205.0,2,1524,2,0,1056,23.472
7678,408,31/12/2015,07/01/2016,3,436,423,2,0,388,37,2908.0,1,1209,1,12,1701,195.64
7679,408,31/12/2015,07/01/2016,3,436,423,2,0,388,37,2908.0,1,1176,1,12,1759,14.94
7680,408,31/12/2015,07/01/2016,3,436,423,2,0,388,37,2908.0,1,1516,2,0,1275,1687.8
7681,408,31/12/2015,07/01/2016,3,436,423,2,0,388,37,2908.0,1,2,0,4,1428,341.96
7682,408,31/12/2015,07/01/2016,3,436,423,2,0,388,37,2908.0,1,120,0,5,751,605.88
7683,1045,28/04/2016,01/05/2016,0,682,697,2,0,295,20,48640.0,0,451,1,1,950,186.732
7684,1045,28/04/2016,01/05/2016,0,682,697,2,0,295,20,48640.0,0,776,1,3,649,3812.97
7685,1002,14/02/2016,21/02/2016,3,769,736,0,0,408,30,14609.0,1,755,1,3,339,26.424
7686,1002,14/02/2016,21/02/2016,3,769,736,0,0,408,30,14609.0,1,1778,2,13,1391,625.99
7687,2742,25/11/2017,29/11/2017,3,65,102,1,0,215,20,49201.0,0,325,0,16,428,1568.61
7688,2742,25/11/2017,29/11/2017,3,65,102,1,0,215,20,49201.0,0,801,1,3,1635,17.3
7689,2742,25/11/2017,29/11/2017,3,65,102,1,0,215,20,49201.0,0,1583,2,0,1074,160.0
7690,4771,15/07/2018,17/07/2018,0,657,626,1,0,465,44,23434.0,2,417,1,1,299,179.94
7691,4771,15/07/2018,17/07/2018,0,657,626,1,0,465,44,23434.0,2,370,0,16,833,872.94
7692,4771,15/07/2018,17/07/2018,0,657,626,1,0,465,44,23434.0,2,1207,1,12,1790,12.96
7693,32,29/12/2015,03/01/2016,3,35,56,0,0,49,3,94513.0,3,996,1,10,134,88.8
7694,32,29/12/2015,03/01/2016,3,35,56,0,0,49,3,94513.0,3,1709,2,13,791,319.968
7695,1959,22/03/2017,22/03/2017,1,486,483,0,0,450,45,98103.0,3,129,0,5,764,167.888
7696,2930,02/07/2018,05/07/2018,0,29,7,2,0,207,41,77036.0,0,1044,1,12,1616,163.96
7697,2930,02/07/2018,05/07/2018,0,29,7,2,0,207,41,77036.0,0,713,1,3,1630,5.232
7698,3772,14/12/2018,18/12/2018,3,82,77,2,0,247,19,1841.0,1,1608,2,6,401,1199.98
7699,3772,14/12/2018,18/12/2018,3,82,77,2,0,247,19,1841.0,1,1379,1,14,1379,73.85
7700,3772,14/12/2018,18/12/2018,3,82,77,2,0,247,19,1841.0,1,1432,1,15,94,25.71
7701,3772,14/12/2018,18/12/2018,3,82,77,2,0,247,19,1841.0,1,916,1,8,55,17.28
7702,3772,14/12/2018,18/12/2018,3,82,77,2,0,247,19,1841.0,1,355,0,16,368,526.582
7703,1895,26/08/2017,02/09/2017,3,2,31,0,0,123,20,48234.0,0,1063,1,12,1738,11.56
7704,1895,26/08/2017,02/09/2017,3,2,31,0,0,123,20,48234.0,0,1756,2,13,451,209.97
7705,1895,26/08/2017,02/09/2017,3,2,31,0,0,123,20,48234.0,0,362,0,16,829,447.84
7706,1895,26/08/2017,02/09/2017,3,2,31,0,0,123,20,48234.0,0,1570,2,0,1105,479.97
7707,1895,26/08/2017,02/09/2017,3,2,31,0,0,123,20,48234.0,0,555,1,2,1142,8.64
7708,2755,15/10/2018,19/10/2018,3,722,719,1,0,349,42,84057.0,3,528,1,2,254,11.68
7709,469,25/10/2015,29/10/2015,3,262,277,0,0,372,36,19120.0,1,1500,2,0,1065,40.776
7710,469,25/10/2015,29/10/2015,3,262,277,0,0,372,36,19120.0,1,650,1,3,713,13.698
7711,4365,02/04/2016,07/04/2016,3,388,388,0,0,291,1,85204.0,3,1798,2,13,1394,87.8
7712,3522,28/10/2018,30/10/2018,2,389,348,0,0,150,31,28314.0,2,199,0,9,465,77.952
7713,3522,28/10/2018,30/10/2018,2,389,348,0,0,150,31,28314.0,2,1346,1,14,774,147.184
7714,3522,28/10/2018,30/10/2018,2,389,348,0,0,150,31,28314.0,2,1037,1,12,1722,47.952
7715,578,05/12/2015,07/12/2015,0,341,393,0,0,265,3,90032.0,3,407,1,1,628,250.26
7716,4641,03/11/2018,08/11/2018,3,583,605,0,0,372,36,19140.0,1,1500,2,0,1065,40.776
7717,1427,06/01/2016,12/01/2016,3,707,706,1,0,92,4,80906.0,3,1247,1,12,928,29.6
7718,1427,06/01/2016,12/01/2016,3,707,706,1,0,92,4,80906.0,3,746,1,3,1336,1.938
7719,4834,09/09/2018,14/09/2018,3,490,505,1,0,265,3,90032.0,3,1487,2,0,1089,159.96
7720,883,05/01/2016,10/01/2016,3,86,112,1,0,327,30,10009.0,1,524,1,2,1147,59.52
7721,883,05/01/2016,10/01/2016,3,86,112,1,0,327,30,10009.0,1,847,1,7,4,17.48
7722,883,05/01/2016,10/01/2016,3,86,112,1,0,327,30,10009.0,1,825,1,3,1642,13.168
7723,4810,16/04/2018,20/04/2018,3,398,368,2,0,436,3,94109.0,3,376,1,1,864,40.74
7724,1296,10/09/2016,14/09/2016,3,45,22,1,0,25,41,78745.0,0,117,0,5,741,179.886
7725,1888,25/09/2017,29/09/2017,3,766,764,0,0,86,33,44105.0,1,453,1,1,868,286.256
7726,1888,25/09/2017,29/09/2017,3,766,764,0,0,86,33,44105.0,1,1418,1,14,574,24.224
7727,1888,25/09/2017,29/09/2017,3,766,764,0,0,86,33,44105.0,1,1374,1,14,1365,331.536
7728,4378,16/03/2016,20/03/2016,2,379,374,2,0,327,30,10009.0,1,528,1,2,254,17.52
7729,1770,26/11/2017,02/12/2017,3,292,299,0,0,137,41,79907.0,0,493,1,2,496,17.856
7730,4451,26/09/2017,01/10/2017,3,755,734,2,0,469,8,32303.0,2,1536,2,0,1025,431.976
7731,2859,13/06/2018,19/06/2018,3,773,733,2,0,450,45,98103.0,3,110,0,5,771,291.136
7732,3545,18/09/2018,21/09/2018,0,581,602,2,0,109,41,75220.0,0,850,1,7,939,114.848
7733,3605,02/06/2018,08/06/2018,3,348,384,0,0,207,41,77070.0,0,1071,1,12,1766,10.688
7734,2687,15/05/2017,19/05/2017,2,528,527,0,0,462,33,45503.0,1,1068,1,12,1526,15.232
7735,3436,15/09/2018,20/09/2018,3,305,298,0,0,450,45,98103.0,3,618,1,2,276,12.42
7736,4441,22/08/2017,26/08/2017,3,204,218,1,0,450,45,98105.0,3,1135,1,12,1796,19.44
7737,80,30/05/2015,06/06/2015,3,365,342,0,0,327,30,10024.0,1,784,1,3,1638,70.368
7738,2937,18/12/2018,20/12/2018,0,20,21,0,0,74,31,28205.0,2,514,1,2,1115,12.672
7739,3558,30/07/2018,06/08/2018,3,360,355,0,0,28,18,21215.0,1,1813,2,13,1847,89.95
7740,631,21/11/2015,26/11/2015,3,676,710,2,0,436,3,94110.0,3,1113,1,12,1568,6.58
7741,631,21/11/2015,26/11/2015,3,676,710,2,0,436,3,94110.0,3,1469,2,0,951,94.99
7742,1402,24/09/2016,26/09/2016,2,155,127,0,0,487,1,85705.0,3,1798,2,13,1394,35.12
7743,2872,20/08/2018,27/08/2018,3,444,430,0,0,265,3,90036.0,3,1115,1,12,1797,25.92
7744,2176,17/06/2017,22/06/2017,3,165,154,1,0,504,5,6708.0,1,719,1,3,900,7.96
7745,2176,17/06/2017,22/06/2017,3,165,154,1,0,504,5,6708.0,1,1844,2,13,1656,566.97
7746,2176,17/06/2017,22/06/2017,3,165,154,1,0,504,5,6708.0,1,600,1,2,1158,9.84
7747,887,19/12/2016,23/12/2016,3,265,251,2,0,80,11,60610.0,0,1591,2,0,1051,25.488
7748,1515,31/05/2016,02/06/2016,2,184,125,2,0,261,30,11561.0,1,934,1,8,283,7.56
7749,1212,18/06/2016,24/06/2016,3,430,432,0,0,16,44,22204.0,2,258,0,9,1443,60.84
7750,1212,18/06/2016,24/06/2016,3,430,432,0,0,16,44,22204.0,2,1399,1,14,1550,450.04
7751,1212,18/06/2016,24/06/2016,3,430,432,0,0,16,44,22204.0,2,801,1,3,1635,34.6
7752,1212,18/06/2016,24/06/2016,3,430,432,0,0,16,44,22204.0,2,1771,2,13,439,467.97
7753,1212,18/06/2016,24/06/2016,3,430,432,0,0,16,44,22204.0,2,839,1,3,930,33.02
7754,1542,30/11/2016,03/12/2016,0,10,39,1,0,216,31,28540.0,2,187,0,9,504,17.088
7755,1576,21/12/2016,23/12/2016,2,28,4,1,0,94,33,43229.0,1,534,1,2,1192,3.008
7756,2774,17/11/2018,21/11/2018,3,149,171,0,0,74,31,28205.0,2,1174,1,12,1724,268.24
7757,2774,17/11/2018,21/11/2018,3,149,171,0,0,74,31,28205.0,2,1552,2,0,1274,431.16
7758,3011,13/11/2018,16/11/2018,2,707,706,1,0,56,30,14215.0,1,1824,2,13,966,43.6
7759,3011,13/11/2018,16/11/2018,2,707,706,1,0,56,30,14215.0,1,309,0,9,512,154.95
7760,2572,24/10/2017,28/10/2017,3,399,362,1,0,207,41,77041.0,0,1202,1,12,606,15.552
7761,638,06/12/2015,11/12/2015,3,85,68,0,0,287,40,38109.0,2,1223,1,12,1692,42.208
7762,3221,03/12/2018,06/12/2018,0,134,168,0,0,377,41,75023.0,0,1229,1,12,1789,10.368
7763,3861,26/09/2018,28/09/2018,0,698,675,2,0,428,35,97301.0,3,575,1,2,1296,2.224
7764,824,03/02/2016,07/02/2016,3,289,285,0,0,94,9,31907.0,2,883,1,7,1492,74.52
7765,4729,12/08/2018,12/08/2018,1,65,102,1,0,93,18,21044.0,1,612,1,2,1117,17.52
7766,4729,12/08/2018,12/08/2018,1,65,102,1,0,93,18,21044.0,1,88,0,5,832,1779.9
7767,4729,12/08/2018,12/08/2018,1,65,102,1,0,93,18,21044.0,1,536,1,2,348,219.9
7768,1657,24/08/2016,26/08/2016,0,227,227,0,0,387,35,97206.0,3,542,1,2,1303,7.152
7769,3815,12/11/2018,17/11/2018,3,448,447,0,0,469,8,32303.0,2,1224,1,12,1756,26.72
7770,2523,01/08/2017,01/08/2017,1,762,745,1,0,407,3,92503.0,3,1791,2,13,155,1039.728
7771,2523,01/08/2017,01/08/2017,1,762,745,1,0,407,3,92503.0,3,437,1,1,302,45.96
7772,1783,25/11/2017,02/12/2017,3,180,165,0,0,241,33,43130.0,1,657,1,3,687,456.588
7773,1783,25/11/2017,02/12/2017,3,180,165,0,0,241,33,43130.0,1,1618,2,11,475,4499.985
7774,1783,25/11/2017,02/12/2017,3,180,165,0,0,241,33,43130.0,1,1479,2,0,1107,59.976
7775,2473,13/04/2017,15/04/2017,0,710,726,0,0,436,3,94109.0,3,860,1,7,1283,6.12
7776,756,27/12/2015,31/12/2015,3,141,184,2,0,310,3,92553.0,3,404,1,1,1493,10.98
7777,756,27/12/2015,31/12/2015,3,141,184,2,0,310,3,92553.0,3,935,1,8,1498,7.86
7778,756,27/12/2015,31/12/2015,3,141,184,2,0,310,3,92553.0,3,1412,1,14,125,51.45
7779,756,27/12/2015,31/12/2015,3,141,184,2,0,310,3,92553.0,3,733,1,3,714,37.056
7780,2262,18/04/2017,22/04/2017,3,641,654,0,0,77,44,23320.0,2,401,1,1,609,203.92
7781,2262,18/04/2017,22/04/2017,3,641,654,0,0,77,44,23320.0,2,1858,2,13,1373,29.56
7782,1197,08/03/2016,12/03/2016,3,289,285,0,0,80,11,60623.0,0,744,1,3,263,8.568
7783,2629,04/11/2017,06/11/2017,2,276,255,1,0,74,31,28205.0,2,1390,1,14,581,45.248
7784,2629,04/11/2017,06/11/2017,2,276,255,1,0,74,31,28205.0,2,343,0,16,281,876.3
7785,2629,04/11/2017,06/11/2017,2,276,255,1,0,74,31,28205.0,2,1443,1,15,1299,185.376
7786,4145,29/11/2015,06/12/2015,3,584,608,0,0,327,30,10009.0,1,980,1,10,192,25.06
7787,4478,17/05/2017,20/05/2017,0,481,479,0,0,80,11,60653.0,0,647,1,3,76,2.89
7788,4478,17/05/2017,20/05/2017,0,481,479,0,0,80,11,60653.0,0,912,1,8,65,7.896
7789,4478,17/05/2017,20/05/2017,0,481,479,0,0,80,11,60653.0,0,317,0,9,671,22.608
7790,4478,17/05/2017,20/05/2017,0,481,479,0,0,80,11,60653.0,0,1073,1,12,1649,30.528
7791,3944,19/09/2018,19/09/2018,1,282,282,2,0,372,36,19120.0,1,683,1,3,67,4.842
7792,1787,19/12/2017,24/12/2017,3,98,69,1,0,80,11,60623.0,0,720,1,3,1628,1.8
7793,4110,12/10/2018,15/10/2018,0,709,722,1,0,109,41,75217.0,0,1493,2,0,1018,39.984
7794,1130,12/12/2016,15/12/2016,2,349,391,1,0,245,26,89115.0,3,1150,1,12,1716,32.4
7795,1130,12/12/2016,15/12/2016,2,349,391,1,0,245,26,89115.0,3,1168,1,12,1700,97.88
7796,955,12/07/2016,18/07/2016,3,288,290,0,0,8,41,79109.0,0,1696,2,13,1603,307.168
7797,4367,02/10/2016,06/10/2016,3,533,529,1,0,294,5,6457.0,1,677,1,3,66,26.9
7798,4049,24/03/2018,27/03/2018,0,332,320,1,0,327,30,10035.0,1,896,1,7,3,47.01
7799,4049,24/03/2018,27/03/2018,0,332,320,1,0,327,30,10035.0,1,1780,2,13,1393,469.99
7800,4049,24/03/2018,27/03/2018,0,332,320,1,0,327,30,10035.0,1,105,0,5,746,207.846
7801,3878,01/06/2018,06/06/2018,3,117,70,0,0,372,36,19120.0,1,1378,1,14,1557,324.744
7802,519,24/03/2015,29/03/2015,2,538,512,0,0,159,3,93727.0,3,236,0,9,482,40.48
7803,812,22/09/2016,26/09/2016,3,694,673,2,0,156,40,37064.0,2,993,1,10,220,12.0
7804,812,22/09/2016,26/09/2016,3,694,673,2,0,156,40,37064.0,2,1399,1,14,1550,720.064
7805,812,22/09/2016,26/09/2016,3,694,673,2,0,156,40,37064.0,2,1362,1,14,1385,25.424
7806,812,22/09/2016,26/09/2016,3,694,673,2,0,156,40,37064.0,2,514,1,2,1115,2.816
7807,812,22/09/2016,26/09/2016,3,694,673,2,0,156,40,37064.0,2,637,1,3,1305,3.204
7808,4530,08/01/2017,13/01/2017,3,784,785,0,0,392,31,27604.0,2,815,1,3,1835,30.828
7809,4530,08/01/2017,13/01/2017,3,784,785,0,0,392,31,27604.0,2,538,1,2,1124,47.616
7810,4530,08/01/2017,13/01/2017,3,784,785,0,0,392,31,27604.0,2,1828,2,13,173,108.784
7811,2191,14/02/2017,15/02/2017,0,213,204,0,0,88,18,20735.0,1,1073,1,12,1649,4.77
7812,2191,14/02/2017,15/02/2017,0,213,204,0,0,88,18,20735.0,1,529,1,2,541,7.98
7813,2191,14/02/2017,15/02/2017,0,213,204,0,0,88,18,20735.0,1,341,0,16,319,550.431
7814,2191,14/02/2017,15/02/2017,0,213,204,0,0,88,18,20735.0,1,253,0,9,1344,10.56
7815,4684,08/06/2018,10/06/2018,0,503,510,2,0,265,3,90049.0,3,48,0,4,1350,1497.666
7816,4684,08/06/2018,10/06/2018,0,503,510,2,0,265,3,90049.0,3,1688,2,13,1446,17.52
7817,2249,21/10/2017,26/10/2017,2,232,224,2,0,336,26,89031.0,3,546,1,2,1227,113.22
7818,2249,21/10/2017,26/10/2017,2,232,224,2,0,336,26,89031.0,3,1128,1,12,1715,35.88
7819,2249,21/10/2017,26/10/2017,2,232,224,2,0,336,26,89031.0,3,682,1,3,894,4535.976
7820,3746,26/01/2018,30/01/2018,3,146,132,0,0,436,3,94109.0,3,907,1,8,328,11.84
7821,3786,08/12/2018,10/12/2018,2,184,125,2,0,107,37,2920.0,1,1290,1,14,1329,592.74
7822,2739,21/10/2017,24/10/2017,2,313,305,0,0,215,40,38301.0,2,1417,1,14,1541,111.672
7823,4158,26/08/2015,01/09/2015,3,606,595,2,0,328,6,19711.0,1,597,1,2,1148,8.64
7824,4158,26/08/2015,01/09/2015,3,606,595,2,0,328,6,19711.0,1,1539,2,0,1265,149.97
7825,297,16/05/2015,23/05/2015,3,613,600,1,0,265,3,90036.0,3,91,0,5,905,232.88
7826,1127,03/02/2016,07/02/2016,3,613,600,1,0,414,30,13440.0,1,120,0,5,751,90.882
7827,3078,31/10/2018,05/11/2018,3,185,181,1,0,80,11,60610.0,0,1826,2,13,450,508.768
7828,3078,31/10/2018,05/11/2018,3,185,181,1,0,80,11,60610.0,0,853,1,7,1,9.912
7829,1270,26/04/2016,01/05/2016,3,118,73,1,0,435,3,92105.0,3,79,0,5,1368,63.936
7830,1270,26/04/2016,01/05/2016,3,118,73,1,0,435,3,92105.0,3,488,1,2,1153,59.52
7831,1270,26/04/2016,01/05/2016,3,118,73,1,0,435,3,92105.0,3,1800,2,13,1322,311.976
7832,1270,26/04/2016,01/05/2016,3,118,73,1,0,435,3,92105.0,3,694,1,3,698,50.352
7833,1854,09/05/2017,13/05/2017,3,485,537,0,0,207,41,77036.0,0,1729,2,13,889,19.136
7834,1146,24/01/2016,28/01/2016,3,169,186,2,0,512,8,33407.0,2,629,1,2,474,13.12
7835,867,13/04/2016,17/04/2016,2,252,272,0,0,265,3,90045.0,3,342,0,16,906,241.568
7836,867,13/04/2016,17/04/2016,2,252,272,0,0,265,3,90045.0,3,1725,2,13,1285,479.92
7837,1418,25/09/2016,30/09/2016,3,691,663,1,0,450,45,98103.0,3,122,0,5,766,307.136
7838,1418,25/09/2016,30/09/2016,3,691,663,1,0,450,45,98103.0,3,982,1,10,1257,12.6
7839,1418,25/09/2016,30/09/2016,3,691,663,1,0,450,45,98103.0,3,1534,2,0,1003,159.98
7840,4206,28/03/2015,02/04/2015,3,182,151,0,0,121,13,50315.0,0,860,1,7,1283,6.12
7841,4206,28/03/2015,02/04/2015,3,182,151,0,0,121,13,50315.0,0,360,0,16,835,1184.72
7842,1924,17/07/2017,22/07/2017,3,59,48,0,0,327,30,10024.0,1,437,1,1,302,45.96
7843,672,19/04/2015,23/04/2015,2,21,25,0,0,16,44,22204.0,2,778,1,3,686,58.05
7844,672,19/04/2015,23/04/2015,2,21,25,0,0,16,44,22204.0,2,1110,1,12,1829,71.28
7845,4749,21/07/2018,25/07/2018,3,305,298,0,0,371,41,78577.0,0,329,0,16,834,124.404
7846,1112,27/09/2016,02/10/2016,3,375,345,0,0,16,44,22204.0,2,1084,1,12,1778,154.9
7847,1112,27/09/2016,02/10/2016,3,375,345,0,0,16,44,22204.0,2,1771,2,13,439,1871.88
7848,2102,27/02/2017,02/03/2017,3,241,234,0,0,207,41,77070.0,0,287,0,9,491,16.192
7849,1730,02/05/2017,06/05/2017,3,52,5,0,0,214,41,75061.0,0,1298,1,14,129,18.936
7850,1730,02/05/2017,06/05/2017,3,52,5,0,0,214,41,75061.0,0,1380,1,14,1505,12.672
7851,1730,02/05/2017,06/05/2017,3,52,5,0,0,214,41,75061.0,0,956,1,10,212,5.04
7852,783,09/12/2015,15/12/2015,3,762,745,1,0,80,11,60653.0,0,1023,1,12,162,8.448
7853,783,09/12/2015,15/12/2015,3,762,745,1,0,80,11,60653.0,0,448,1,1,1575,20.388
7854,1369,25/12/2016,29/12/2016,3,700,686,2,0,265,3,90049.0,3,1107,1,12,1736,9.96
7855,3459,07/12/2018,12/12/2018,3,88,113,0,0,191,22,39401.0,2,466,1,1,610,320.64
7856,3459,07/12/2018,12/12/2018,3,88,113,0,0,191,22,39401.0,2,1489,2,0,1072,52.0
7857,49,30/05/2015,01/06/2015,0,478,453,1,0,327,30,10024.0,1,814,1,3,697,25.584
7858,49,30/05/2015,01/06/2015,0,478,453,1,0,327,30,10024.0,1,1809,2,13,731,464.0
7859,49,30/05/2015,01/06/2015,0,478,453,1,0,327,30,10024.0,1,395,1,1,860,235.95
7860,49,30/05/2015,01/06/2015,0,478,453,1,0,327,30,10024.0,1,1119,1,12,1735,39.96
7861,3783,02/03/2018,06/03/2018,3,339,396,0,0,108,33,44221.0,1,733,1,3,714,18.528
7862,1343,12/10/2016,17/10/2016,3,413,433,0,0,450,45,98103.0,3,1547,2,0,959,17.9
7863,1343,12/10/2016,17/10/2016,3,413,433,0,0,450,45,98103.0,3,1323,1,14,469,81.96
7864,1349,14/07/2016,19/07/2016,2,747,752,0,0,291,1,85204.0,3,1377,1,14,1363,272.736
7865,1349,14/07/2016,19/07/2016,2,747,752,0,0,291,1,85204.0,3,1134,1,12,1681,18.496
7866,1349,14/07/2016,19/07/2016,2,747,752,0,0,291,1,85204.0,3,121,0,5,1362,441.92
7867,1349,14/07/2016,19/07/2016,2,747,752,0,0,291,1,85204.0,3,10,0,4,843,127.764
7868,14,19/11/2015,24/11/2015,2,194,222,2,0,430,42,84106.0,3,1044,1,12,1669,166.44
7869,2228,27/05/2017,02/06/2017,3,475,481,0,0,265,3,90045.0,3,1060,1,12,1650,13.38
7870,4906,03/07/2018,09/07/2018,3,531,528,0,0,216,31,28540.0,2,1519,2,0,914,24.0
7871,3194,25/09/2018,29/09/2018,3,120,129,1,0,240,33,44107.0,1,895,1,7,1430,24.448
7872,1695,03/10/2017,07/10/2017,3,188,192,2,0,237,3,92630.0,3,974,1,10,1454,6.16
7873,1695,03/10/2017,07/10/2017,3,188,192,2,0,237,3,92630.0,3,118,0,5,742,915.136
7874,1695,03/10/2017,07/10/2017,3,188,192,2,0,237,3,92630.0,3,1273,1,12,1684,8.56
7875,1695,03/10/2017,07/10/2017,3,188,192,2,0,237,3,92630.0,3,1136,1,12,1673,97.82
7876,4096,09/09/2018,15/09/2018,3,210,187,1,0,387,35,97206.0,3,1150,1,12,1716,31.104
7877,4096,09/09/2018,15/09/2018,3,210,187,1,0,387,35,97206.0,3,446,1,1,297,11.176
7878,1413,12/03/2016,18/03/2016,3,253,276,0,0,74,31,28205.0,2,967,1,10,228,5.04
7879,2595,29/11/2017,04/12/2017,2,234,194,2,0,24,11,60505.0,0,273,0,9,1536,242.176
7880,2521,14/06/2017,21/06/2017,3,406,377,1,0,372,36,19140.0,1,353,0,16,734,337.176
7881,3107,03/12/2018,06/12/2018,2,450,456,0,0,479,4,80229.0,3,601,1,2,1152,13.344
7882,3107,03/12/2018,06/12/2018,2,450,456,0,0,479,4,80229.0,3,1514,2,0,1069,76.752
7883,3107,03/12/2018,06/12/2018,2,450,456,0,0,479,4,80229.0,3,1514,2,0,1069,102.336
7884,3107,03/12/2018,06/12/2018,2,450,456,0,0,479,4,80229.0,3,1160,1,12,1645,10.32
7885,3107,03/12/2018,06/12/2018,2,450,456,0,0,479,4,80229.0,3,1455,1,15,596,47.32
7886,3107,03/12/2018,06/12/2018,2,450,456,0,0,479,4,80229.0,3,297,0,9,1496,23.376
7887,3107,03/12/2018,06/12/2018,2,450,456,0,0,479,4,80229.0,3,295,0,9,576,16.72
7888,3107,03/12/2018,06/12/2018,2,450,456,0,0,479,4,80229.0,3,287,0,9,491,16.192
7889,1867,16/08/2017,22/08/2017,3,400,366,0,0,112,3,95616.0,3,1014,1,12,1717,32.4
7890,2405,25/12/2017,29/12/2017,3,768,774,0,0,150,2,72701.0,2,599,1,2,1133,19.89
7891,2405,25/12/2017,29/12/2017,3,768,774,0,0,150,2,72701.0,2,1507,2,0,1328,399.98
7892,2405,25/12/2017,29/12/2017,3,768,774,0,0,150,2,72701.0,2,261,0,9,879,343.85
7893,2405,25/12/2017,29/12/2017,3,768,774,0,0,150,2,72701.0,2,1212,1,12,1689,106.32
7894,3259,23/07/2018,30/07/2018,3,568,561,2,0,327,30,10011.0,1,735,1,3,1643,13.92
7895,3249,21/06/2018,25/06/2018,3,261,273,2,0,516,46,26003.0,1,752,1,3,903,82.4
7896,3249,21/06/2018,25/06/2018,3,261,273,2,0,516,46,26003.0,1,643,1,3,1841,6.24
7897,3249,21/06/2018,25/06/2018,3,261,273,2,0,516,46,26003.0,1,1144,1,12,1691,447.84
7898,3322,13/08/2018,18/08/2018,3,199,188,0,0,287,40,38109.0,2,409,1,1,310,272.048
7899,3322,13/08/2018,18/08/2018,3,199,188,0,0,287,40,38109.0,2,691,1,3,685,1614.582
7900,3322,13/08/2018,18/08/2018,3,199,188,0,0,287,40,38109.0,2,936,1,8,1498,24.32
7901,3322,13/08/2018,18/08/2018,3,199,188,0,0,287,40,38109.0,2,1567,2,0,1053,1.584
7902,3322,13/08/2018,18/08/2018,3,199,188,0,0,287,40,38109.0,2,252,0,9,583,31.984
7903,3322,13/08/2018,18/08/2018,3,199,188,0,0,287,40,38109.0,2,888,1,7,455,14.76
7904,3322,13/08/2018,18/08/2018,3,199,188,0,0,287,40,38109.0,2,82,0,5,849,423.648
7905,1119,07/11/2016,13/11/2016,3,228,241,0,0,207,41,77036.0,0,1099,1,12,1667,76.64
7906,4310,15/10/2016,22/10/2016,3,472,463,2,0,109,41,75217.0,0,857,1,7,1492,4.464
7907,4310,15/10/2016,22/10/2016,3,472,463,2,0,109,41,75217.0,0,749,1,3,266,3.96
7908,1857,30/07/2017,02/08/2017,0,661,640,1,0,436,3,94122.0,3,453,1,1,868,715.64
7909,2427,03/12/2017,07/12/2017,3,633,646,0,0,311,3,95037.0,3,362,0,16,829,268.704
7910,2427,03/12/2017,07/12/2017,3,633,646,0,0,311,3,95037.0,3,525,1,2,1352,21.92
7911,2427,03/12/2017,07/12/2017,3,633,646,0,0,311,3,95037.0,3,1348,1,14,71,48.72
7912,2427,03/12/2017,07/12/2017,3,633,646,0,0,311,3,95037.0,3,6,0,4,1187,205.666
7913,2715,28/04/2017,30/04/2017,2,624,636,0,0,422,11,60174.0,0,190,0,9,560,30.344
7914,4662,25/08/2018,27/08/2018,0,355,379,0,0,86,33,44105.0,1,1404,1,14,982,25.696
7915,4037,17/06/2018,21/06/2018,3,712,714,2,0,327,30,10024.0,1,1663,2,11,811,3404.5
7916,4037,17/06/2018,21/06/2018,3,712,714,2,0,327,30,10024.0,1,1600,2,0,961,101.34
7917,918,20/11/2016,24/11/2016,3,605,611,2,0,372,36,19140.0,1,97,0,5,753,344.372
7918,2771,04/09/2018,08/09/2018,2,382,406,2,0,163,41,75043.0,0,481,1,2,887,30.384
7919,1460,04/07/2016,08/07/2016,2,401,407,2,0,435,3,92024.0,3,744,1,3,263,22.848
7920,3533,15/09/2018,21/09/2018,3,244,214,2,0,504,5,6708.0,1,1324,1,14,582,38.62
7921,3533,15/09/2018,21/09/2018,3,244,214,2,0,504,5,6708.0,1,1484,2,0,1083,59.98
7922,2920,13/03/2018,17/03/2018,3,342,398,0,0,93,18,21044.0,1,721,1,3,233,174.3
7923,3429,24/09/2018,29/09/2018,3,606,595,2,0,202,8,33021.0,2,1696,2,13,1603,383.96
7924,3429,24/09/2018,29/09/2018,3,606,595,2,0,202,8,33021.0,2,801,1,3,1635,15.57
7925,2062,13/08/2017,16/08/2017,0,641,654,0,0,462,44,22153.0,2,732,1,3,247,22.32
7926,2062,13/08/2017,16/08/2017,0,641,654,0,0,462,44,22153.0,2,996,1,10,134,103.6
7927,3150,20/11/2018,24/11/2018,2,428,420,1,0,327,30,10035.0,1,1558,2,0,1050,2.97
7928,3150,20/11/2018,24/11/2018,2,428,420,1,0,327,30,10035.0,1,1719,2,13,157,569.99
7929,3150,20/11/2018,24/11/2018,2,428,420,1,0,327,30,10035.0,1,169,0,9,1559,50.97
7930,4075,25/07/2018,27/07/2018,0,273,278,2,0,109,41,75217.0,0,373,0,16,1378,298.116
7931,1978,25/03/2017,27/03/2017,2,210,187,1,0,327,30,10024.0,1,538,1,2,1124,59.52
7932,4631,15/07/2017,20/07/2017,3,487,493,1,0,387,35,97206.0,3,133,0,5,326,230.28
7933,4631,15/07/2017,20/07/2017,3,487,493,1,0,387,35,97206.0,3,1223,1,12,1692,105.52
7934,4046,17/08/2018,24/08/2018,3,660,634,1,0,49,3,94513.0,3,881,1,7,1492,23.36
7935,4046,17/08/2018,24/08/2018,3,660,634,1,0,49,3,94513.0,3,1776,2,13,1222,71.976
7936,4046,17/08/2018,24/08/2018,3,660,634,1,0,49,3,94513.0,3,1238,1,12,1750,8.56
7937,4046,17/08/2018,24/08/2018,3,660,634,1,0,49,3,94513.0,3,644,1,3,1625,13.92
7938,4046,17/08/2018,24/08/2018,3,660,634,1,0,49,3,94513.0,3,396,1,1,1416,2518.29
7939,4046,17/08/2018,24/08/2018,3,660,634,1,0,49,3,94513.0,3,1343,1,14,1489,540.57
7940,4046,17/08/2018,24/08/2018,3,660,634,1,0,49,3,94513.0,3,813,1,3,704,221.056
7941,2374,14/12/2017,17/12/2017,0,236,210,1,0,435,3,92037.0,3,65,0,5,767,81.424
7942,2374,14/12/2017,17/12/2017,0,236,210,1,0,435,3,92037.0,3,1350,1,14,1542,134.8
7943,3432,25/12/2018,01/01/2019,3,293,313,0,0,109,41,75081.0,0,784,1,3,1638,39.582
7944,3432,25/12/2018,01/01/2019,3,293,313,0,0,109,41,75081.0,0,1425,1,15,1495,44.688
7945,3432,25/12/2018,01/01/2019,3,293,313,0,0,109,41,75081.0,0,524,1,2,1147,31.744
7946,3432,25/12/2018,01/01/2019,3,293,313,0,0,109,41,75081.0,0,699,1,3,1637,40.98
7947,3432,25/12/2018,01/01/2019,3,293,313,0,0,109,41,75081.0,0,681,1,3,1621,3.168
7948,376,01/03/2015,05/03/2015,3,673,690,0,0,137,41,79907.0,0,939,1,8,1281,18.84
7949,376,01/03/2015,05/03/2015,3,673,690,0,0,137,41,79907.0,0,68,0,5,798,362.25
7950,376,01/03/2015,05/03/2015,3,673,690,0,0,137,41,79907.0,0,175,0,9,479,63.552
7951,376,01/03/2015,05/03/2015,3,673,690,0,0,137,41,79907.0,0,1340,1,14,632,129.552
7952,1379,19/11/2016,24/11/2016,3,423,421,0,0,327,30,10035.0,1,765,1,3,83,5.984
7953,1379,19/11/2016,24/11/2016,3,423,421,0,0,327,30,10035.0,1,1758,2,13,48,861.76
7954,455,01/04/2015,06/04/2015,3,428,420,1,0,403,19,2151.0,1,1309,1,14,1354,66.96
7955,455,01/04/2015,06/04/2015,3,428,420,1,0,403,19,2151.0,1,643,1,3,1841,6.24
7956,3383,05/10/2018,10/10/2018,3,297,308,1,0,81,3,95928.0,3,66,0,5,743,435.168
7957,3383,05/10/2018,10/10/2018,3,297,308,1,0,81,3,95928.0,3,925,1,8,1498,14.9
7958,3383,05/10/2018,10/10/2018,3,297,308,1,0,81,3,95928.0,3,459,1,1,867,15.8
7959,3383,05/10/2018,10/10/2018,3,297,308,1,0,81,3,95928.0,3,305,0,9,481,72.9
7960,3383,05/10/2018,10/10/2018,3,297,308,1,0,81,3,95928.0,3,361,0,16,941,206.352
7961,3383,05/10/2018,10/10/2018,3,297,308,1,0,81,3,95928.0,3,1703,2,13,1483,7.992
7962,2860,18/11/2018,23/11/2018,2,406,377,1,0,299,8,33023.0,2,1364,1,14,1549,81.36
7963,2860,18/11/2018,23/11/2018,2,406,377,1,0,299,8,33023.0,2,703,1,3,899,20.232
7964,2860,18/11/2018,23/11/2018,2,406,377,1,0,299,8,33023.0,2,433,1,1,54,389.056
7965,2860,18/11/2018,23/11/2018,2,406,377,1,0,299,8,33023.0,2,1272,1,12,1817,20.736
7966,2860,18/11/2018,23/11/2018,2,406,377,1,0,299,8,33023.0,2,1213,1,12,1806,41.472
7967,1282,23/03/2016,30/03/2016,3,99,72,1,0,265,3,90049.0,3,1045,1,12,1324,33.36
7968,2546,10/10/2017,12/10/2017,0,135,172,1,0,120,4,80219.0,3,8,0,4,388,90.882
7969,2546,10/10/2017,12/10/2017,0,135,172,1,0,120,4,80219.0,3,1777,2,13,1845,15.992
7970,2546,10/10/2017,12/10/2017,0,135,172,1,0,120,4,80219.0,3,130,0,5,762,120.784
7971,4329,16/08/2016,20/08/2016,3,709,722,1,0,372,36,19134.0,1,1812,2,13,434,519.792
7972,4329,16/08/2016,20/08/2016,3,709,722,1,0,372,36,19134.0,1,1577,2,0,1402,31.176
7973,4329,16/08/2016,20/08/2016,3,709,722,1,0,372,36,19134.0,1,1188,1,12,1823,10.368
7974,4329,16/08/2016,20/08/2016,3,709,722,1,0,372,36,19134.0,1,797,1,3,237,2.724
7975,4329,16/08/2016,20/08/2016,3,709,722,1,0,372,36,19134.0,1,186,0,9,1532,254.352
7976,4329,16/08/2016,20/08/2016,3,709,722,1,0,372,36,19134.0,1,791,1,3,240,3.762
7977,4329,16/08/2016,20/08/2016,3,709,722,1,0,372,36,19134.0,1,1021,1,12,1780,10.272
7978,743,31/05/2015,05/06/2015,3,378,373,0,0,215,22,39212.0,2,1783,2,13,1389,659.97
7979,743,31/05/2015,05/06/2015,3,378,373,0,0,215,22,39212.0,2,1772,2,13,776,113.73
7980,958,27/08/2016,31/08/2016,3,128,138,2,0,265,3,90045.0,3,687,1,3,248,5.104
7981,56,03/01/2015,07/01/2015,3,229,198,0,0,207,41,77095.0,0,1026,1,12,1080,16.448
7982,167,10/09/2015,13/09/2015,0,684,669,0,0,87,28,7011.0,1,465,1,1,945,81.92
7983,167,10/09/2015,13/09/2015,0,684,669,0,0,87,28,7011.0,1,207,0,9,502,254.9
7984,3788,22/01/2018,25/01/2018,2,257,249,1,0,80,11,60623.0,0,927,1,8,1498,15.12
7985,3788,22/01/2018,25/01/2018,2,257,249,1,0,80,11,60623.0,0,583,1,2,1156,7.872
7986,2450,21/04/2017,24/04/2017,0,226,244,0,0,450,45,98115.0,3,843,1,3,1356,8.32
7987,2244,20/07/2017,23/07/2017,2,595,599,0,0,261,30,11561.0,1,1813,2,13,1847,89.95
7988,4481,23/08/2017,29/08/2017,3,482,502,2,0,451,47,53081.0,0,982,1,10,1257,25.2
7989,4481,23/08/2017,29/08/2017,3,482,502,2,0,451,47,53081.0,0,991,1,10,225,37.59
7990,4481,23/08/2017,29/08/2017,3,482,502,2,0,451,47,53081.0,0,1368,1,14,1263,14.97
7991,4481,23/08/2017,29/08/2017,3,482,502,2,0,451,47,53081.0,0,1558,2,0,1050,1.98
7992,2184,14/06/2017,17/06/2017,0,781,786,0,0,42,8,33433.0,2,725,1,3,712,39.936
7993,2184,14/06/2017,17/06/2017,0,781,786,0,0,42,8,33433.0,2,1471,2,0,1599,18.464
7994,4416,20/11/2016,23/11/2016,2,526,535,0,0,24,4,80013.0,3,717,1,3,1626,4.896
7995,4416,20/11/2016,23/11/2016,2,526,535,0,0,24,4,80013.0,3,19,0,4,1419,145.764
7996,4416,20/11/2016,23/11/2016,2,526,535,0,0,24,4,80013.0,3,710,1,3,1622,9.612
7997,4664,03/11/2018,05/11/2018,0,166,170,2,0,435,3,92037.0,3,1581,2,0,1088,199.75
7998,4664,03/11/2018,05/11/2018,0,166,170,2,0,435,3,92037.0,3,325,0,16,428,1673.184
7999,4228,04/05/2015,07/05/2015,0,104,90,1,0,450,45,98105.0,3,196,0,9,585,12.18
8000,4228,04/05/2015,07/05/2015,0,104,90,1,0,450,45,98105.0,3,390,1,1,818,57.68
8001,4380,08/11/2016,12/11/2016,3,631,637,0,0,127,13,52001.0,0,1821,2,13,440,263.96
8002,916,12/12/2016,15/12/2016,0,422,416,0,0,265,3,90032.0,3,1542,2,0,1016,299.94
8003,916,12/12/2016,15/12/2016,0,422,416,0,0,265,3,90032.0,3,1430,1,15,1495,25.76
8004,515,01/12/2015,03/12/2015,0,3,42,0,0,268,19,1852.0,1,1839,2,13,435,271.9
8005,515,01/12/2015,03/12/2015,0,3,42,0,0,268,19,1852.0,1,277,0,9,989,45.84
8006,515,01/12/2015,03/12/2015,0,3,42,0,0,268,19,1852.0,1,218,0,9,1586,9.82
8007,2268,07/10/2017,11/10/2017,3,493,538,0,0,282,45,98270.0,3,920,1,8,133,93.36
8008,915,17/11/2016,24/11/2016,3,3,42,0,0,343,34,73120.0,0,1378,1,14,1557,541.24
8009,915,17/11/2016,24/11/2016,3,3,42,0,0,343,34,73120.0,0,1048,1,12,537,106.32
8010,915,17/11/2016,24/11/2016,3,3,42,0,0,343,34,73120.0,0,82,0,5,849,1323.9
8011,336,17/03/2015,20/03/2015,2,615,615,1,0,372,36,19134.0,1,1223,1,12,1692,126.624
8012,4346,20/06/2016,23/06/2016,0,395,411,0,0,24,4,80013.0,3,1750,2,13,782,125.944
8013,3146,25/05/2018,25/05/2018,1,740,772,0,0,327,30,10009.0,1,826,1,3,681,663.92
8014,3146,25/05/2018,25/05/2018,1,740,772,0,0,327,30,10009.0,1,1519,2,0,914,120.0
8015,3146,25/05/2018,25/05/2018,1,740,772,0,0,327,30,10009.0,1,912,1,8,65,3.29
8016,3146,25/05/2018,25/05/2018,1,740,772,0,0,327,30,10009.0,1,163,0,9,546,18.84
8017,4191,09/09/2015,11/09/2015,0,562,571,2,0,241,33,43130.0,1,225,0,9,1175,60.672
8018,4191,09/09/2015,11/09/2015,0,562,571,2,0,241,33,43130.0,1,490,1,2,1126,30.816
8019,3040,17/10/2018,19/10/2018,2,80,67,1,0,305,3,95351.0,3,1736,2,13,1240,52.792
8020,4071,02/11/2018,05/11/2018,0,571,576,0,0,424,23,63116.0,0,414,1,1,338,83.9
8021,4071,02/11/2018,05/11/2018,0,571,576,0,0,424,23,63116.0,0,1133,1,12,108,11.76
8022,355,21/07/2015,25/07/2015,3,328,322,1,0,109,41,75217.0,0,378,1,1,50,4.992
8023,355,21/07/2015,25/07/2015,3,328,322,1,0,109,41,75217.0,0,886,1,7,925,87.92
8024,355,21/07/2015,25/07/2015,3,328,322,1,0,109,41,75217.0,0,135,0,5,841,657.93
8025,355,21/07/2015,25/07/2015,3,328,322,1,0,109,41,75217.0,0,656,1,3,59,1.044
8026,1201,11/09/2016,15/09/2016,2,225,233,1,0,327,30,10035.0,1,148,0,9,510,210.68
8027,1201,11/09/2016,15/09/2016,2,225,233,1,0,327,30,10035.0,1,1396,1,14,1476,78.8
8028,1201,11/09/2016,15/09/2016,2,225,233,1,0,327,30,10035.0,1,1512,2,0,1022,19.99
8029,1201,11/09/2016,15/09/2016,2,225,233,1,0,327,30,10035.0,1,1355,1,14,656,772.68
8030,2698,21/10/2017,25/10/2017,3,363,369,0,0,432,41,78207.0,0,1523,2,0,1403,106.08
8031,2568,07/01/2017,11/01/2017,3,569,566,0,0,8,41,79109.0,0,295,0,9,617,23.076
8032,2568,07/01/2017,11/01/2017,3,569,566,0,0,8,41,79109.0,0,1274,1,12,1807,25.92
8033,1029,25/06/2016,28/06/2016,0,544,497,0,0,207,41,77041.0,0,1082,1,12,1665,47.952
8034,1029,25/06/2016,28/06/2016,0,544,497,0,0,207,41,77041.0,0,645,1,3,271,0.984
8035,1029,25/06/2016,28/06/2016,0,544,497,0,0,207,41,77041.0,0,301,0,9,729,75.384
8036,1029,25/06/2016,28/06/2016,0,544,497,0,0,207,41,77041.0,0,966,1,10,242,4.608
8037,1479,20/09/2016,22/09/2016,0,18,17,0,0,247,19,1841.0,1,690,1,3,708,37.68
8038,4105,10/07/2018,14/07/2018,3,84,84,1,0,94,9,31907.0,2,446,1,1,297,41.91
8039,2956,30/06/2018,02/07/2018,2,346,383,0,0,265,3,90032.0,3,38,0,4,1424,435.999
8040,3172,21/08/2018,25/08/2018,2,154,120,1,0,450,45,98115.0,3,128,0,5,1225,388.704
8041,3172,21/08/2018,25/08/2018,2,154,120,1,0,450,45,98115.0,3,1289,1,14,657,572.58
8042,3172,21/08/2018,25/08/2018,2,154,120,1,0,450,45,98115.0,3,1473,2,0,952,33.18
8043,4791,11/03/2018,15/03/2018,3,612,597,2,0,63,19,2138.0,1,1506,2,0,1073,63.88
8044,4791,11/03/2018,15/03/2018,3,612,597,2,0,63,19,2138.0,1,180,0,9,623,26.72
8045,4032,15/09/2018,17/09/2018,2,228,241,0,0,430,42,84106.0,3,747,1,3,270,295.056
8046,2358,20/09/2017,24/09/2017,3,316,325,0,0,327,30,10035.0,1,395,1,1,860,393.25
8047,1877,15/12/2017,17/12/2017,2,692,691,0,0,108,33,44221.0,1,645,1,3,271,2.214
8048,3364,03/11/2018,06/11/2018,2,395,411,0,0,519,31,28403.0,2,1227,1,12,1515,16.272
8049,2725,03/07/2017,07/07/2017,3,215,213,1,0,327,30,10035.0,1,394,1,1,170,706.86
8050,530,26/09/2015,30/09/2015,3,163,179,1,0,372,36,19140.0,1,766,1,3,241,5.97
8051,530,26/09/2015,30/09/2015,3,163,179,1,0,372,36,19140.0,1,175,0,9,479,21.184
8052,530,26/09/2015,30/09/2015,3,163,179,1,0,372,36,19140.0,1,408,1,1,78,41.376
8053,127,14/07/2015,17/07/2015,2,78,64,1,0,327,30,10009.0,1,635,1,2,1120,17.94
8054,3781,28/09/2018,05/10/2018,3,686,729,1,0,372,36,19134.0,1,804,1,3,707,2.655
8055,1054,28/08/2016,04/09/2016,3,125,133,0,0,265,3,90049.0,3,1342,1,14,871,892.35
8056,1054,28/08/2016,04/09/2016,3,125,133,0,0,265,3,90049.0,3,46,0,4,1179,307.666
8057,1054,28/08/2016,04/09/2016,3,125,133,0,0,265,3,90049.0,3,1315,1,14,417,728.82
8058,1054,28/08/2016,04/09/2016,3,125,133,0,0,265,3,90049.0,3,700,1,3,720,41.36
8059,1054,28/08/2016,04/09/2016,3,125,133,0,0,265,3,90049.0,3,1813,2,13,1847,43.176
8060,1054,28/08/2016,04/09/2016,3,125,133,0,0,265,3,90049.0,3,282,0,9,590,4.16
8061,1511,20/09/2016,26/09/2016,3,741,730,1,0,261,30,11561.0,1,1144,1,12,1662,61.4
8062,1511,20/09/2016,26/09/2016,3,741,730,1,0,261,30,11561.0,1,739,1,3,1335,24.448
8063,2169,07/11/2017,09/11/2017,0,481,479,0,0,408,30,14609.0,1,1700,2,13,45,263.96
8064,2169,07/11/2017,09/11/2017,0,481,479,0,0,408,30,14609.0,1,1819,2,13,934,359.97
8065,2169,07/11/2017,09/11/2017,0,481,479,0,0,408,30,14609.0,1,1287,1,12,1826,12.96
8066,2169,07/11/2017,09/11/2017,0,481,479,0,0,408,30,14609.0,1,1393,1,14,556,116.82
8067,2169,07/11/2017,09/11/2017,0,481,479,0,0,408,30,14609.0,1,817,1,3,893,276.784
8068,4398,20/10/2016,24/10/2016,3,576,574,1,0,436,3,94109.0,3,1534,2,0,1003,239.97
8069,4398,20/10/2016,24/10/2016,3,576,574,1,0,436,3,94109.0,3,193,0,9,103,16.02
8070,3771,01/01/2018,05/01/2018,3,389,348,0,0,209,41,77340.0,0,1377,1,14,1363,454.56
8071,3771,01/01/2018,05/01/2018,3,389,348,0,0,209,41,77340.0,0,213,0,9,1535,141.42
8072,3771,01/01/2018,05/01/2018,3,389,348,0,0,209,41,77340.0,0,101,0,5,1202,310.744
8073,3771,01/01/2018,05/01/2018,3,389,348,0,0,209,41,77340.0,0,570,1,2,674,12.736
8074,3771,01/01/2018,05/01/2018,3,389,348,0,0,209,41,77340.0,0,649,1,3,690,6.47
8075,3771,01/01/2018,05/01/2018,3,389,348,0,0,209,41,77340.0,0,653,1,3,1304,13.748
8076,3771,01/01/2018,05/01/2018,3,389,348,0,0,209,41,77340.0,0,468,1,1,661,15.224
8077,864,23/06/2016,29/06/2016,3,639,621,1,0,131,9,30344.0,2,168,0,9,589,27.42
8078,864,23/06/2016,29/06/2016,3,639,621,1,0,131,9,30344.0,2,826,1,3,681,165.98
8079,864,23/06/2016,29/06/2016,3,639,621,1,0,131,9,30344.0,2,1501,2,0,517,75.0
8080,4624,22/11/2017,27/11/2017,3,121,135,2,0,327,30,10009.0,1,694,1,3,698,134.272
8081,1444,26/10/2016,01/11/2016,3,432,444,1,0,462,35,97477.0,3,964,1,10,183,146.544
8082,1444,26/10/2016,01/11/2016,3,432,444,1,0,462,35,97477.0,3,1105,1,12,1698,131.904
8083,1444,26/10/2016,01/11/2016,3,432,444,1,0,462,35,97477.0,3,448,1,1,1575,203.88
8084,1444,26/10/2016,01/11/2016,3,432,444,1,0,462,35,97477.0,3,760,1,3,268,14.301
8085,1444,26/10/2016,01/11/2016,3,432,444,1,0,462,35,97477.0,3,1353,1,14,646,718.64
8086,1751,20/10/2017,26/10/2017,3,453,462,2,0,16,44,22204.0,2,146,0,9,135,61.1
8087,3155,28/04/2018,02/05/2018,3,383,340,0,0,519,31,28403.0,2,382,1,1,800,28.08
8088,1767,29/09/2017,01/10/2017,2,222,195,1,0,528,1,85364.0,3,551,1,2,1160,10.496
8089,872,10/07/2016,14/07/2016,3,545,544,0,0,433,3,92404.0,3,790,1,3,972,39.92
8090,4309,07/08/2016,09/08/2016,0,576,574,1,0,28,18,21215.0,1,408,1,1,78,77.58
8091,19,07/12/2015,13/12/2015,3,57,41,2,0,450,45,98103.0,3,1303,1,14,124,269.36
8092,1131,10/12/2016,14/12/2016,3,542,519,0,0,436,3,94110.0,3,966,1,10,242,5.76
8093,3614,08/11/2018,13/11/2018,2,711,693,2,0,327,30,10035.0,1,561,1,2,1228,109.9
8094,3408,27/07/2018,01/08/2018,2,216,223,0,0,450,45,98115.0,3,204,0,9,1496,23.88
8095,3408,27/07/2018,01/08/2018,2,216,223,0,0,450,45,98115.0,3,1236,1,12,1078,26.2
8096,3408,27/07/2018,01/08/2018,2,216,223,0,0,450,45,98115.0,3,1188,1,12,1823,12.96
8097,3408,27/07/2018,01/08/2018,2,216,223,0,0,450,45,98115.0,3,1482,2,0,1464,234.95
8098,3212,28/12/2018,01/01/2019,3,723,727,0,0,3,29,87105.0,3,1382,1,14,579,118.25
8099,3212,28/12/2018,01/01/2019,3,723,727,0,0,3,29,87105.0,3,1254,1,12,1741,4.28
8100,2740,10/03/2017,13/03/2017,0,643,632,2,0,265,3,90045.0,3,1547,2,0,959,26.85
8101,2740,10/03/2017,13/03/2017,0,643,632,2,0,265,3,90045.0,3,1626,2,11,1218,3357.6
8102,1434,22/05/2016,26/05/2016,3,665,677,0,0,265,3,90045.0,3,1006,1,10,182,8.26
8103,1434,22/05/2016,26/05/2016,3,665,677,0,0,265,3,90045.0,3,1666,2,11,1838,2973.32
8104,1434,22/05/2016,26/05/2016,3,665,677,0,0,265,3,90045.0,3,1368,1,14,1263,104.79
8105,1434,22/05/2016,26/05/2016,3,665,677,0,0,265,3,90045.0,3,1815,2,13,47,775.728
8106,3915,17/02/2018,19/02/2018,0,169,186,2,0,207,41,77041.0,0,9,0,4,1429,89.0664
8107,3915,17/02/2018,19/02/2018,0,169,186,2,0,207,41,77041.0,0,499,1,2,529,175.44
8108,3915,17/02/2018,19/02/2018,0,169,186,2,0,207,41,77041.0,0,1679,2,13,937,438.336
8109,4912,08/12/2018,15/12/2018,3,256,258,0,0,372,36,19140.0,1,105,0,5,746,215.544
8110,3935,18/11/2018,23/11/2018,3,636,660,0,0,80,11,60623.0,0,870,1,7,1248,55.584
8111,3935,18/11/2018,23/11/2018,3,636,660,0,0,80,11,60623.0,0,54,0,5,754,127.386
8112,2130,01/12/2017,03/12/2017,2,394,389,0,0,431,41,76903.0,0,93,0,5,1449,248.43
8113,2130,01/12/2017,03/12/2017,2,394,389,0,0,431,41,76903.0,0,470,1,1,52,11.648
8114,2130,01/12/2017,03/12/2017,2,394,389,0,0,431,41,76903.0,0,123,0,5,763,85.246
8115,3638,03/10/2018,07/10/2018,2,478,453,1,0,362,41,77506.0,0,631,1,2,458,20.64
8116,2776,29/08/2018,04/09/2018,3,660,634,1,0,265,3,90049.0,3,255,0,9,593,148.02
8117,2878,24/11/2018,24/11/2018,1,86,112,1,0,162,14,67846.0,0,1383,1,14,635,33.29
8118,4702,30/06/2018,05/07/2018,3,770,746,0,0,265,3,90045.0,3,1066,1,12,1703,204.95
8119,4667,22/07/2018,27/07/2018,3,250,260,0,0,80,11,60653.0,0,135,0,5,841,526.344
8120,1925,11/11/2017,16/11/2017,3,467,470,0,0,436,3,94110.0,3,202,0,9,1039,41.96
8121,1925,11/11/2017,16/11/2017,3,467,470,0,0,436,3,94110.0,3,135,0,5,841,451.152
8122,1925,11/11/2017,16/11/2017,3,467,470,0,0,436,3,94110.0,3,714,1,3,262,31.504
8123,449,09/12/2015,15/12/2015,3,290,286,0,0,372,36,19134.0,1,868,1,7,772,30.672
8124,449,09/12/2015,15/12/2015,3,290,286,0,0,372,36,19134.0,1,1605,2,6,403,1079.976
8125,4853,07/09/2018,12/09/2018,3,339,396,0,0,305,3,95351.0,3,131,0,5,761,161.568
8126,1264,06/02/2016,13/02/2016,3,768,774,0,0,207,41,77070.0,0,722,1,3,1587,2.934
8127,1264,06/02/2016,13/02/2016,3,768,774,0,0,207,41,77070.0,0,1561,2,0,1077,18.528
8128,1264,06/02/2016,13/02/2016,3,768,774,0,0,207,41,77070.0,0,1392,1,14,1556,670.752
8129,3877,26/08/2018,01/09/2018,3,229,198,0,0,80,11,60610.0,0,145,0,9,1442,64.96
8130,337,20/07/2015,23/07/2015,0,349,391,1,0,407,3,92503.0,3,1457,2,0,1055,41.94
8131,337,20/07/2015,23/07/2015,0,349,391,1,0,407,3,92503.0,3,1242,1,12,1753,11.96
8132,337,20/07/2015,23/07/2015,0,349,391,1,0,407,3,92503.0,3,583,1,2,1156,13.12
8133,337,20/07/2015,23/07/2015,0,349,391,1,0,407,3,92503.0,3,1342,1,14,871,535.41
8134,1186,08/10/2016,13/10/2016,3,300,297,1,0,109,41,75081.0,0,267,0,9,1545,72.78
8135,1063,16/02/2016,21/02/2016,3,631,637,0,0,265,3,90008.0,3,1144,1,12,1662,36.84
8136,1063,16/02/2016,21/02/2016,3,631,637,0,0,265,3,90008.0,3,980,1,10,192,87.71
8137,1945,12/08/2017,16/08/2017,3,179,164,1,0,238,8,33801.0,2,343,0,16,281,562.2925
8138,42,09/11/2015,13/11/2015,3,83,80,2,0,327,30,10035.0,1,290,0,9,547,56.52
8139,1709,18/07/2017,22/07/2017,3,566,564,2,0,372,36,19140.0,1,521,1,2,1132,11.264
8140,1709,18/07/2017,22/07/2017,3,566,564,2,0,372,36,19140.0,1,1341,1,14,1503,284.08
8141,1709,18/07/2017,22/07/2017,3,566,564,2,0,372,36,19140.0,1,1286,1,12,1748,18.496
8142,1679,05/02/2017,10/02/2017,3,63,49,0,0,435,3,92037.0,3,987,1,10,217,14.73
8143,1679,05/02/2017,10/02/2017,3,63,49,0,0,435,3,92037.0,3,1410,1,14,644,186.54
8144,1679,05/02/2017,10/02/2017,3,63,49,0,0,435,3,92037.0,3,325,0,16,428,557.728
8145,1679,05/02/2017,10/02/2017,3,63,49,0,0,435,3,92037.0,3,1722,2,13,150,159.968
8146,4151,20/06/2015,27/06/2015,3,186,174,0,0,248,34,73505.0,0,395,1,1,860,471.9
8147,4151,20/06/2015,27/06/2015,3,186,174,0,0,248,34,73505.0,0,580,1,2,1165,3.52
8148,4836,09/06/2018,14/06/2018,3,24,44,0,0,428,44,24153.0,2,1034,1,12,537,49.12
8149,4509,27/12/2017,31/12/2017,3,272,274,2,0,444,3,92704.0,3,966,1,10,242,20.16
8150,765,26/01/2015,29/01/2015,0,120,129,1,0,394,39,57701.0,0,710,1,3,1622,10.68
8151,765,26/01/2015,29/01/2015,0,120,129,1,0,394,39,57701.0,0,43,0,4,1383,141.96
8152,3538,23/03/2018,25/03/2018,0,621,622,0,0,450,45,98115.0,3,1348,1,14,71,32.48
8153,3538,23/03/2018,25/03/2018,0,621,622,0,0,450,45,98115.0,3,1195,1,12,1680,20.04
8154,3538,23/03/2018,25/03/2018,0,621,622,0,0,450,45,98115.0,3,1613,2,6,404,13999.96
8155,4829,20/03/2018,24/03/2018,3,633,646,0,0,294,5,6457.0,1,1540,2,0,1605,238.0
8156,4829,20/03/2018,24/03/2018,3,633,646,0,0,294,5,6457.0,1,1084,1,12,1778,61.96
8157,2147,04/10/2017,09/10/2017,3,540,520,0,0,28,18,21215.0,1,345,0,16,379,239.372
8158,1720,18/11/2017,22/11/2017,3,591,586,0,0,435,3,92105.0,3,1540,2,0,1605,595.0
8159,3469,26/12/2018,01/01/2019,3,414,414,1,0,342,41,79762.0,0,1258,1,12,1747,16.032
8160,1987,09/03/2017,13/03/2017,3,623,629,2,0,296,5,6460.0,1,1581,2,0,1088,199.75
8161,2187,16/02/2017,20/02/2017,3,348,384,0,0,35,28,7109.0,1,71,0,5,836,227.96
8162,1050,28/09/2016,03/10/2016,2,373,361,0,0,327,30,10035.0,1,430,1,1,652,293.52
8163,1050,28/09/2016,03/10/2016,2,373,361,0,0,327,30,10035.0,1,1795,2,13,1167,307.98
8164,1644,02/11/2016,06/11/2016,3,477,472,0,0,435,3,92105.0,3,313,0,9,468,96.96
8165,1644,02/11/2016,06/11/2016,3,477,472,0,0,435,3,92105.0,3,694,1,3,698,117.488
8166,1644,02/11/2016,06/11/2016,3,477,472,0,0,435,3,92105.0,3,771,1,3,410,11.952
8167,1644,02/11/2016,06/11/2016,3,477,472,0,0,435,3,92105.0,3,41,0,4,1188,512.499
8168,2331,31/07/2017,05/08/2017,3,34,45,1,0,436,3,94122.0,3,347,0,16,971,863.128
8169,2908,06/11/2018,13/11/2018,3,5,3,2,0,450,45,98105.0,3,370,0,16,833,2036.86
8170,2908,06/11/2018,13/11/2018,3,5,3,2,0,450,45,98105.0,3,103,0,5,824,449.568
8171,2908,06/11/2018,13/11/2018,3,5,3,2,0,450,45,98105.0,3,1496,2,0,1400,108.96
8172,2369,14/02/2017,19/02/2017,3,288,290,0,0,215,22,39212.0,2,546,1,2,1227,264.18
8173,175,09/07/2015,13/07/2015,3,298,292,2,0,265,3,90049.0,3,1009,1,10,197,2.88
8174,175,09/07/2015,13/07/2015,3,298,292,2,0,265,3,90049.0,3,767,1,3,1636,41.904
8175,175,09/07/2015,13/07/2015,3,298,292,2,0,265,3,90049.0,3,1344,1,14,1255,23.92
8176,1902,30/01/2017,04/02/2017,3,319,318,1,0,80,11,60623.0,0,1237,1,12,1730,156.512
8177,2210,22/09/2017,25/09/2017,0,729,667,2,0,327,30,10035.0,1,1367,1,14,1465,128.34
8178,3734,22/12/2018,24/12/2018,0,156,139,0,0,265,3,90008.0,3,1469,2,0,951,474.95
8179,2700,02/09/2017,08/09/2017,3,747,752,0,0,121,45,98198.0,3,1607,2,6,803,999.98
8180,956,02/08/2016,06/08/2016,3,212,197,0,0,462,35,97477.0,3,354,0,16,286,277.5
8181,1031,21/11/2016,25/11/2016,3,714,692,0,0,372,36,19120.0,1,350,0,16,320,1252.704
8182,1031,21/11/2016,25/11/2016,3,714,692,0,0,372,36,19120.0,1,1794,2,13,993,110.97
8183,3846,18/05/2018,22/05/2018,3,91,104,1,0,80,11,60653.0,0,317,0,9,671,22.608
8184,3846,18/05/2018,22/05/2018,3,91,104,1,0,80,11,60653.0,0,201,0,9,391,1.892
8185,4643,23/07/2018,27/07/2018,3,548,490,1,0,80,11,60623.0,0,1223,1,12,1692,63.312
8186,1260,13/09/2016,17/09/2016,2,26,59,0,0,80,11,60623.0,0,872,1,7,1492,7.824
8187,1260,13/09/2016,17/09/2016,2,26,59,0,0,80,11,60623.0,0,111,0,5,770,170.072
8188,2080,10/12/2017,16/12/2017,3,118,73,1,0,327,30,10024.0,1,1064,1,12,106,62.82
8189,1306,02/10/2016,05/10/2016,2,688,696,0,0,412,18,20852.0,1,1135,1,12,1796,19.44
8190,1306,02/10/2016,05/10/2016,2,688,696,0,0,412,18,20852.0,1,652,1,3,694,7.38
8191,4871,17/11/2018,21/11/2018,3,131,156,0,0,327,30,10011.0,1,1279,1,12,1688,38.88
8192,4871,17/11/2018,21/11/2018,3,131,156,0,0,327,30,10011.0,1,290,0,9,877,187.76
8193,1318,30/11/2016,03/12/2016,0,469,459,0,0,128,31,27707.0,2,658,1,3,236,6.048
8194,1318,30/11/2016,03/12/2016,0,469,459,0,0,128,31,27707.0,2,402,1,1,298,98.352
8195,1318,30/11/2016,03/12/2016,0,469,459,0,0,128,31,27707.0,2,158,0,9,1035,335.744
8196,1259,06/12/2016,11/12/2016,2,191,206,1,0,445,3,93101.0,3,1269,1,12,1481,8.96
8197,2815,05/09/2018,09/09/2018,3,468,471,0,0,228,40,37918.0,2,1584,2,0,1060,89.568
8198,2815,05/09/2018,09/09/2018,3,468,471,0,0,228,40,37918.0,2,532,1,2,1094,71.96
8199,2815,05/09/2018,09/09/2018,3,468,471,0,0,228,40,37918.0,2,1127,1,12,1816,15.552
8200,3257,24/04/2018,30/04/2018,3,16,57,0,0,80,11,60610.0,0,701,1,3,58,10.43
8201,3257,24/04/2018,30/04/2018,3,16,57,0,0,80,11,60610.0,0,1405,1,14,1381,72.784
8202,978,08/11/2016,08/11/2016,1,424,431,1,0,327,30,10024.0,1,1321,1,14,640,67.15
8203,978,08/11/2016,08/11/2016,1,424,431,1,0,327,30,10024.0,1,1833,2,13,1092,549.98
8204,978,08/11/2016,08/11/2016,1,424,431,1,0,327,30,10024.0,1,216,0,9,1174,11.82
8205,978,08/11/2016,08/11/2016,1,424,431,1,0,327,30,10024.0,1,1616,2,11,1839,4643.8
8206,978,08/11/2016,08/11/2016,1,424,431,1,0,327,30,10024.0,1,108,0,5,831,577.764
8207,1070,26/04/2016,30/04/2016,3,663,720,0,0,113,8,32114.0,2,319,0,16,366,191.5155
8208,1070,26/04/2016,30/04/2016,3,663,720,0,0,113,8,32114.0,2,629,1,2,474,2.624
8209,1319,20/09/2016,24/09/2016,3,85,68,0,0,321,40,37211.0,2,657,1,3,687,1369.764
8210,1319,20/09/2016,24/09/2016,3,85,68,0,0,321,40,37211.0,2,1346,1,14,774,294.368
8211,3330,07/09/2018,12/09/2018,3,222,195,1,0,321,40,37211.0,2,401,1,1,609,81.568
8212,1916,07/11/2017,12/11/2017,3,492,521,0,0,109,41,75220.0,0,208,0,9,621,44.46
8213,1916,07/11/2017,12/11/2017,3,492,521,0,0,109,41,75220.0,0,1332,1,14,1090,314.088
8214,1047,25/09/2016,02/10/2016,3,519,491,1,0,315,40,37130.0,2,681,1,3,1621,6.336
8215,1047,25/09/2016,02/10/2016,3,519,491,1,0,315,40,37130.0,2,1275,1,12,118,10.48
8216,1047,25/09/2016,02/10/2016,3,519,491,1,0,315,40,37130.0,2,825,1,3,1642,2.469
8217,1047,25/09/2016,02/10/2016,3,519,491,1,0,315,40,37130.0,2,717,1,3,1626,3.264
8218,242,03/10/2015,07/10/2015,3,636,660,0,0,109,41,75217.0,0,922,1,8,456,4.344
8219,242,03/10/2015,07/10/2015,3,636,660,0,0,109,41,75217.0,0,166,0,9,488,31.776
8220,242,03/10/2015,07/10/2015,3,636,660,0,0,109,41,75217.0,0,974,1,10,1454,4.928
8221,242,03/10/2015,07/10/2015,3,636,660,0,0,109,41,75217.0,0,743,1,3,255,1.788
8222,242,03/10/2015,07/10/2015,3,636,660,0,0,109,41,75217.0,0,903,1,8,1506,15.072
8223,611,18/02/2015,24/02/2015,3,4,0,0,0,16,41,76017.0,0,1298,1,14,129,12.624
8224,1731,12/06/2017,16/06/2017,3,245,267,1,0,362,3,91104.0,3,1032,1,12,891,185.88
8225,1731,12/06/2017,16/06/2017,3,245,267,1,0,362,3,91104.0,3,1280,1,12,1824,12.96
8226,2846,01/11/2018,04/11/2018,2,684,669,0,0,146,19,2149.0,1,1255,1,12,1725,189.7
8227,2846,01/11/2018,04/11/2018,2,684,669,0,0,146,19,2149.0,1,1083,1,12,1675,40.99
8228,2015,04/04/2017,08/04/2017,2,66,74,2,0,486,30,12180.0,1,162,0,9,513,82.64
8229,2015,04/04/2017,08/04/2017,2,66,74,2,0,486,30,12180.0,1,1391,1,14,1540,31.02
8230,2015,04/04/2017,08/04/2017,2,66,74,2,0,486,30,12180.0,1,1486,2,0,1011,89.97
8231,2632,30/06/2017,02/07/2017,2,589,609,0,0,442,9,30328.0,2,617,1,2,375,35.97
8232,2632,30/06/2017,02/07/2017,2,589,609,0,0,442,9,30328.0,2,46,0,4,1179,1266.86
8233,666,22/09/2015,28/09/2015,3,683,672,0,0,438,3,95123.0,3,1312,1,14,664,169.45
8234,666,22/09/2015,28/09/2015,3,683,672,0,0,438,3,95123.0,3,1364,1,14,1549,40.68
8235,2802,01/05/2018,06/05/2018,3,146,132,0,0,216,8,32216.0,2,1428,1,15,963,3.328
8236,2802,01/05/2018,06/05/2018,3,146,132,0,0,216,8,32216.0,2,336,0,16,376,933.262
8237,2802,01/05/2018,06/05/2018,3,146,132,0,0,216,8,32216.0,2,80,0,5,785,2803.92
8238,2825,20/10/2018,20/10/2018,1,611,604,0,0,216,8,32216.0,2,1308,1,14,1657,4.768
8239,2825,20/10/2018,20/10/2018,1,611,604,0,0,216,8,32216.0,2,1045,1,12,1324,6.672
8240,2825,20/10/2018,20/10/2018,1,611,604,0,0,216,8,32216.0,2,575,1,2,1296,4.448
8241,2825,20/10/2018,20/10/2018,1,611,604,0,0,216,8,32216.0,2,141,0,9,494,43.936
8242,124,01/09/2015,05/09/2015,3,461,458,0,0,327,30,10009.0,1,834,1,3,1631,23.744
8243,124,01/09/2015,05/09/2015,3,461,458,0,0,327,30,10009.0,1,1540,2,0,1605,357.0
8244,126,12/08/2015,16/08/2015,3,119,79,0,0,436,3,94122.0,3,1817,2,13,342,806.336
8245,126,12/08/2015,16/08/2015,3,119,79,0,0,436,3,94122.0,3,238,0,9,1440,85.44
8246,4218,19/08/2015,23/08/2015,3,104,90,1,0,94,9,31907.0,2,1325,1,14,1475,344.91
8247,1151,10/05/2016,10/05/2016,1,232,224,2,0,24,11,60505.0,0,424,1,1,1574,70.97
8248,1151,10/05/2016,10/05/2016,1,232,224,2,0,24,11,60505.0,0,623,1,2,361,36.784
8249,2183,10/05/2017,13/05/2017,2,177,158,2,0,372,36,19134.0,1,1739,2,13,449,743.988
8250,1305,05/03/2016,09/03/2016,2,536,489,0,0,80,11,60653.0,0,753,1,3,1253,11.212
8251,1305,05/03/2016,09/03/2016,2,536,489,0,0,80,11,60653.0,0,137,0,9,590,4.712
8252,1305,05/03/2016,09/03/2016,2,536,489,0,0,80,11,60653.0,0,392,1,1,171,180.98
8253,1305,05/03/2016,09/03/2016,2,536,489,0,0,80,11,60653.0,0,1317,1,14,461,60.416
8254,3785,12/08/2018,19/08/2018,3,211,191,0,0,450,45,98103.0,3,1601,2,6,802,299.99
8255,3785,12/08/2018,19/08/2018,3,211,191,0,0,450,45,98103.0,3,1205,1,12,1723,192.16
8256,3785,12/08/2018,19/08/2018,3,211,191,0,0,450,45,98103.0,3,1772,2,13,776,242.624
8257,3785,12/08/2018,19/08/2018,3,211,191,0,0,450,45,98103.0,3,1331,1,14,1259,46.74
8258,3785,12/08/2018,19/08/2018,3,211,191,0,0,450,45,98103.0,3,1467,2,0,1254,174.95
8259,3785,12/08/2018,19/08/2018,3,211,191,0,0,450,45,98103.0,3,816,1,3,257,100.704
8260,1946,26/06/2017,26/06/2017,1,703,702,2,0,416,20,48066.0,0,1044,1,12,1616,368.91
8261,1946,26/06/2017,26/06/2017,1,703,702,2,0,416,20,48066.0,0,664,1,3,924,8.02
8262,1946,26/06/2017,26/06/2017,1,703,702,2,0,416,20,48066.0,0,1354,1,14,1367,171.04
8263,1672,15/12/2017,19/12/2017,3,744,762,2,0,150,2,72701.0,2,1173,1,12,1746,19.44
8264,1284,13/09/2016,17/09/2016,3,41,46,0,0,216,31,28540.0,2,636,1,3,801,13.092
8265,384,30/12/2015,04/01/2016,3,39,63,0,0,327,30,10035.0,1,460,1,1,947,122.94
8266,384,30/12/2015,04/01/2016,3,39,63,0,0,327,30,10035.0,1,773,1,3,408,35.448
8267,221,29/04/2015,04/05/2015,3,429,422,0,0,124,6,19901.0,1,1691,2,13,1482,19.98
8268,3181,30/01/2018,06/02/2018,3,468,471,0,0,24,11,60505.0,0,354,0,16,286,69.375
8269,3181,30/01/2018,06/02/2018,3,468,471,0,0,24,11,60505.0,0,1447,1,15,100,31.68
8270,3181,30/01/2018,06/02/2018,3,468,471,0,0,24,11,60505.0,0,1778,2,13,1391,2003.168
8271,3181,30/01/2018,06/02/2018,3,468,471,0,0,24,11,60505.0,0,588,1,2,1318,9.344
8272,2741,25/12/2017,31/12/2017,3,355,379,0,0,327,30,10009.0,1,88,0,5,832,2563.056
8273,2265,20/10/2017,25/10/2017,3,549,551,1,0,136,3,92020.0,3,75,0,5,840,387.136
8274,838,13/06/2016,15/06/2016,2,280,281,2,0,462,33,45503.0,1,490,1,2,1126,3.424
8275,4021,30/06/2018,04/07/2018,3,559,562,1,0,314,30,10550.0,1,1376,1,14,535,1085.42
8276,1354,26/06/2016,30/06/2016,3,194,222,2,0,240,33,44107.0,1,1246,1,12,1588,43.056
8277,4534,21/02/2017,25/02/2017,3,453,462,2,0,471,8,33614.0,2,791,1,3,240,3.762
8278,4534,21/02/2017,25/02/2017,3,453,462,2,0,471,8,33614.0,2,721,1,3,233,34.86
8279,4534,21/02/2017,25/02/2017,3,453,462,2,0,471,8,33614.0,2,1343,1,14,1489,432.456
8280,3672,22/04/2018,26/04/2018,3,73,114,0,0,94,9,31907.0,2,1399,1,14,1550,675.06
8281,3444,09/05/2018,10/05/2018,0,490,505,1,0,216,31,28540.0,2,869,1,7,1580,65.232
8282,3444,09/05/2018,10/05/2018,0,490,505,1,0,216,31,28540.0,2,68,0,5,798,207.0
8283,1486,21/12/2016,26/12/2016,2,729,667,2,0,422,11,60174.0,0,1670,2,11,1501,600.53
8284,1486,21/12/2016,26/12/2016,2,729,667,2,0,422,11,60174.0,0,519,1,2,1412,59.904
8285,1486,21/12/2016,26/12/2016,2,729,667,2,0,422,11,60174.0,0,1553,2,0,598,637.44
8286,1486,21/12/2016,26/12/2016,2,729,667,2,0,422,11,60174.0,0,245,0,9,873,51.756
8287,645,12/08/2015,16/08/2015,3,206,243,2,0,293,8,33180.0,2,1036,1,12,1825,31.104
8288,645,12/08/2015,16/08/2015,3,206,243,2,0,293,8,33180.0,2,617,1,2,375,47.96
8289,645,12/08/2015,16/08/2015,3,206,243,2,0,293,8,33180.0,2,1531,2,0,1052,158.928
8290,645,12/08/2015,16/08/2015,3,206,243,2,0,293,8,33180.0,2,423,1,1,79,211.248
8291,645,12/08/2015,16/08/2015,3,206,243,2,0,293,8,33180.0,2,1422,1,15,77,5.552
8292,645,12/08/2015,16/08/2015,3,206,243,2,0,293,8,33180.0,2,952,1,10,211,2.952
8293,869,11/12/2016,15/12/2016,3,451,457,0,0,486,33,45373.0,1,764,1,3,695,10.332
8294,4917,03/11/2018,07/11/2018,3,396,341,1,0,450,45,98103.0,3,734,1,3,329,18.368
8295,4838,13/03/2018,17/03/2018,3,542,519,0,0,327,30,10011.0,1,1740,2,13,1236,299.9
8296,2699,30/05/2017,03/06/2017,3,247,248,1,0,16,44,22204.0,2,871,1,7,1339,26.55
8297,2699,30/05/2017,03/06/2017,3,247,248,1,0,16,44,22204.0,2,1459,2,0,1462,111.98
8298,4393,05/07/2016,11/07/2016,3,658,649,1,0,74,31,28205.0,2,274,0,9,1485,4.928
8299,4393,05/07/2016,11/07/2016,3,658,649,1,0,74,31,28205.0,2,987,1,10,217,11.784
8300,4128,11/03/2015,15/03/2015,3,622,627,0,0,416,3,95661.0,3,529,1,2,541,7.98
8301,888,20/04/2016,24/04/2016,3,580,580,0,0,123,20,48234.0,0,884,1,7,1582,180.96
8302,4910,26/07/2018,01/08/2018,3,315,301,1,0,265,3,90036.0,3,1569,2,0,1027,1649.95
8303,4910,26/07/2018,01/08/2018,3,315,301,1,0,265,3,90036.0,3,59,0,5,735,362.352
8304,4172,31/10/2015,02/11/2015,2,567,552,2,0,436,3,94110.0,3,1797,2,13,1100,73.584
8305,3458,03/11/2018,09/11/2018,3,87,115,0,0,27,3,93309.0,3,324,0,16,1369,486.368
8306,2101,11/08/2017,16/08/2017,3,543,536,2,0,488,34,74133.0,0,1135,1,12,1796,32.4
8307,2101,11/08/2017,16/08/2017,3,543,536,2,0,488,34,74133.0,0,768,1,3,246,41.86
8308,2101,11/08/2017,16/08/2017,3,543,536,2,0,488,34,74133.0,0,761,1,3,1302,77.56
8309,2418,25/07/2017,25/07/2017,1,66,74,2,0,436,3,94122.0,3,516,1,2,1131,37.17
8310,769,01/03/2015,07/03/2015,3,313,305,0,0,207,41,77036.0,0,1398,1,14,1337,137.352
8311,769,01/03/2015,07/03/2015,3,313,305,0,0,207,41,77036.0,0,335,0,16,323,376.509
8312,4663,26/01/2018,31/01/2018,3,68,99,0,0,94,9,31907.0,2,214,0,9,160,62.72
8313,4663,26/01/2018,31/01/2018,3,68,99,0,0,94,9,31907.0,2,1723,2,13,1387,2939.93
8314,698,12/07/2015,16/07/2015,3,612,597,2,0,250,41,77573.0,0,84,0,5,837,512.358
8315,698,12/07/2015,16/07/2015,3,612,597,2,0,250,41,77573.0,0,917,1,8,1509,3.488
8316,698,12/07/2015,16/07/2015,3,612,597,2,0,250,41,77573.0,0,570,1,2,674,22.288
8317,698,12/07/2015,16/07/2015,3,612,597,2,0,250,41,77573.0,0,1129,1,12,1737,16.032
8318,3366,11/04/2018,16/04/2018,3,329,330,0,0,60,31,27217.0,2,484,1,2,1251,1.752
8319,3366,11/04/2018,16/04/2018,3,329,330,0,0,60,31,27217.0,2,475,1,2,1127,20.992
8320,3422,13/11/2018,18/11/2018,3,270,269,0,0,327,30,10009.0,1,1413,1,14,1261,11.21
8321,1341,05/12/2016,06/12/2016,0,684,669,0,0,109,41,75220.0,0,587,1,2,358,45.04
8322,4568,26/09/2017,01/10/2017,3,673,690,0,0,207,41,77095.0,0,721,1,3,902,15.624
8323,2138,19/11/2017,25/11/2017,3,558,556,0,0,261,30,11561.0,1,388,1,1,525,8.74
8324,2138,19/11/2017,25/11/2017,3,558,556,0,0,261,30,11561.0,1,1106,1,12,1330,44.75
8325,3625,08/09/2018,09/09/2018,0,280,281,2,0,197,8,33012.0,2,1334,1,14,508,61.68
8326,3625,08/09/2018,09/09/2018,0,280,281,2,0,197,8,33012.0,2,1737,2,13,1396,158.376
8327,2832,21/07/2018,24/07/2018,2,433,435,1,0,24,11,60505.0,0,714,1,3,262,2.864
8328,2832,21/07/2018,24/07/2018,2,433,435,1,0,24,11,60505.0,0,812,1,3,421,94.192
8329,3119,06/10/2018,11/10/2018,3,788,788,0,0,35,28,7109.0,1,1099,1,12,1667,143.7
8330,3119,06/10/2018,11/10/2018,3,788,788,0,0,35,28,7109.0,1,1281,1,12,1812,6.48
8331,3026,07/11/2018,11/11/2018,3,290,286,0,0,327,30,10024.0,1,1527,2,0,1057,7.88
8332,2480,09/03/2017,12/03/2017,0,608,582,0,0,10,19,1810.0,1,1413,1,14,1261,11.21
8333,2480,09/03/2017,12/03/2017,0,608,582,0,0,10,19,1810.0,1,93,0,5,1449,354.9
8334,2480,09/03/2017,12/03/2017,0,608,582,0,0,10,19,1810.0,1,1128,1,12,1715,17.94
8335,2480,09/03/2017,12/03/2017,0,608,582,0,0,10,19,1810.0,1,831,1,3,677,51.8
8336,3967,13/05/2018,18/05/2018,2,184,125,2,0,328,6,19711.0,1,725,1,3,712,299.52
8337,1689,02/07/2017,08/07/2017,3,429,422,0,0,16,44,22204.0,2,606,1,2,253,7.7
8338,612,27/12/2015,03/01/2016,3,741,730,1,0,116,0,35601.0,2,1090,1,12,1773,23.92
8339,612,27/12/2015,03/01/2016,3,741,730,1,0,116,0,35601.0,2,1553,2,0,598,498.0
8340,3452,13/04/2018,17/04/2018,3,790,789,1,0,196,3,92345.0,3,110,0,5,771,436.704
8341,699,14/11/2015,20/11/2015,3,130,146,0,0,77,44,23320.0,2,1164,1,12,1704,32.4
8342,3564,11/06/2018,14/06/2018,0,792,792,0,0,265,3,90036.0,3,465,1,1,945,61.44
8343,2163,25/11/2017,30/11/2017,3,377,356,0,0,209,0,35810.0,2,1335,1,14,1504,73.36
8344,4244,21/03/2015,25/03/2015,3,303,294,0,0,228,40,37918.0,2,1007,1,10,214,59.2
8345,4244,21/03/2015,25/03/2015,3,303,294,0,0,228,40,37918.0,2,183,0,9,493,32.952
8346,4244,21/03/2015,25/03/2015,3,303,294,0,0,228,40,37918.0,2,54,0,5,754,218.376
8347,4306,30/04/2016,04/05/2016,3,410,346,1,0,247,19,1841.0,1,242,0,9,548,31.4
8348,4306,30/04/2016,04/05/2016,3,410,346,1,0,247,19,1841.0,1,223,0,9,490,9.48
8349,4306,30/04/2016,04/05/2016,3,410,346,1,0,247,19,1841.0,1,1716,2,13,1844,209.5
8350,4306,30/04/2016,04/05/2016,3,410,346,1,0,247,19,1841.0,1,171,0,9,578,24.3
8351,4306,30/04/2016,04/05/2016,3,410,346,1,0,247,19,1841.0,1,1181,1,12,1612,6.48
8352,3389,03/05/2018,08/05/2018,3,96,89,1,0,372,36,19134.0,1,294,0,9,415,32.448
8353,3389,03/05/2018,08/05/2018,3,96,89,1,0,372,36,19134.0,1,784,1,3,1638,26.388
8354,3389,03/05/2018,08/05/2018,3,96,89,1,0,372,36,19134.0,1,358,0,16,317,373.47
8355,3389,03/05/2018,08/05/2018,3,96,89,1,0,372,36,19134.0,1,727,1,3,1629,64.2
8356,3389,03/05/2018,08/05/2018,3,96,89,1,0,372,36,19134.0,1,921,1,8,121,8.0
8357,2645,26/08/2017,30/08/2017,3,788,788,0,0,20,9,30605.0,2,151,0,9,514,186.54
8358,139,11/04/2015,18/04/2015,3,526,535,0,0,175,24,59405.0,3,1319,1,14,587,87.08
8359,139,11/04/2015,18/04/2015,3,526,535,0,0,175,24,59405.0,3,1700,2,13,45,105.584
8360,139,11/04/2015,18/04/2015,3,526,535,0,0,175,24,59405.0,3,1557,2,0,1076,217.44
8361,3687,02/01/2018,04/01/2018,2,768,774,0,0,137,41,79907.0,0,538,1,2,1124,31.744
8362,3687,02/01/2018,04/01/2018,2,768,774,0,0,137,41,79907.0,0,376,1,1,864,5.432
8363,3687,02/01/2018,04/01/2018,2,768,774,0,0,137,41,79907.0,0,350,0,16,320,913.43
8364,3687,02/01/2018,04/01/2018,2,768,774,0,0,137,41,79907.0,0,1376,1,14,535,372.144
8365,3502,28/04/2018,02/05/2018,3,385,347,0,0,227,8,34741.0,2,1780,2,13,1393,751.984
8366,3876,30/01/2018,02/02/2018,0,729,667,2,0,450,45,98105.0,3,1760,2,13,1091,604.768
8367,128,07/09/2015,12/09/2015,2,470,467,1,0,446,3,95051.0,3,1449,1,15,86,27.36
8368,128,07/09/2015,12/09/2015,2,470,467,1,0,446,3,95051.0,3,1026,1,12,1080,20.56
8369,128,07/09/2015,12/09/2015,2,470,467,1,0,446,3,95051.0,3,816,1,3,257,83.92
8370,1957,11/06/2017,16/06/2017,3,720,689,0,0,265,3,90049.0,3,355,0,16,368,902.712
8371,2659,17/10/2017,21/10/2017,3,506,524,2,0,159,3,93727.0,3,36,0,4,1384,120.666
8372,735,27/12/2015,30/12/2015,0,555,559,0,0,154,41,76106.0,0,704,1,3,710,4.984
8373,1881,24/11/2017,01/12/2017,3,676,710,2,0,450,45,98105.0,3,260,0,9,883,82.26
8374,2475,10/11/2017,13/11/2017,0,651,650,0,0,436,3,94110.0,3,1300,1,14,69,29.74
8375,1549,05/01/2016,10/01/2016,3,384,343,2,0,436,3,94110.0,3,470,1,1,52,87.36
8376,1549,05/01/2016,10/01/2016,3,384,343,2,0,436,3,94110.0,3,689,1,3,637,56.16
8377,3859,21/03/2018,27/03/2018,3,613,600,1,0,382,8,33068.0,2,400,1,1,34,64.384
8378,1591,12/11/2016,18/11/2016,3,501,548,1,0,207,41,77095.0,0,1365,1,14,416,64.784
8379,1591,12/11/2016,18/11/2016,3,501,548,1,0,207,41,77095.0,0,1214,1,12,1745,15.552
8380,1591,12/11/2016,18/11/2016,3,501,548,1,0,207,41,77095.0,0,878,1,7,345,223.888
8381,51,09/09/2015,14/09/2015,2,130,146,0,0,80,11,60653.0,0,1114,1,12,144,10.896
8382,2198,17/03/2017,19/03/2017,2,14,43,0,0,436,3,94109.0,3,1818,2,13,1842,84.784
8383,2642,08/02/2017,15/02/2017,3,510,494,1,0,207,41,77036.0,0,68,0,5,798,241.5
8384,2348,26/11/2017,28/11/2017,0,141,184,2,0,452,5,6484.0,1,1560,2,0,1084,59.97
8385,2348,26/11/2017,28/11/2017,0,141,184,2,0,452,5,6484.0,1,1258,1,12,1747,13.36
8386,3499,04/09/2018,08/09/2018,3,183,185,1,0,340,3,94601.0,3,709,1,3,1307,11.808
8387,1426,28/05/2016,03/06/2016,3,740,772,0,0,273,5,6040.0,1,1348,1,14,71,16.24
8388,1426,28/05/2016,03/06/2016,3,740,772,0,0,273,5,6040.0,1,1336,1,14,1260,77.55
8389,467,01/11/2015,05/11/2015,3,204,218,1,0,348,28,7050.0,1,468,1,1,661,76.12
8390,1710,27/12/2017,30/12/2017,0,634,652,2,0,2,33,44312.0,1,908,1,8,1196,17.184
8391,3806,04/12/2018,06/12/2018,0,175,148,1,0,265,3,90032.0,3,1133,1,12,108,11.76
8392,2973,23/12/2018,30/12/2018,3,343,401,2,0,110,5,6810.0,1,183,0,9,493,27.46
8393,2312,01/12/2017,06/12/2017,2,264,275,0,0,156,19,2038.0,1,1685,2,13,938,137.94
8394,2312,01/12/2017,06/12/2017,2,264,275,0,0,156,19,2038.0,1,209,0,9,619,111.15
8395,2312,01/12/2017,06/12/2017,2,264,275,0,0,156,19,2038.0,1,439,1,1,858,901.95
8396,2312,01/12/2017,06/12/2017,2,264,275,0,0,156,19,2038.0,1,325,0,16,428,366.009
8397,602,30/06/2015,30/06/2015,1,71,107,0,0,519,31,28403.0,2,1085,1,12,1697,310.688
8398,4171,03/09/2015,04/09/2015,0,535,501,2,0,207,41,77095.0,0,805,1,3,717,7.68
8399,3145,02/11/2018,07/11/2018,2,711,693,2,0,462,33,45503.0,1,78,0,5,1212,155.372
8400,1220,13/04/2016,18/04/2016,3,749,738,0,0,168,1,85301.0,3,1299,1,14,1108,10.744
8401,914,05/12/2016,09/12/2016,2,72,108,0,0,327,30,10009.0,1,721,1,3,233,232.4
8402,914,05/12/2016,09/12/2016,2,72,108,0,0,327,30,10009.0,1,106,0,5,736,164.646
8403,914,05/12/2016,09/12/2016,2,72,108,0,0,327,30,10009.0,1,1253,1,12,1660,22.68
8404,2492,01/02/2017,07/02/2017,3,702,728,1,0,265,3,90036.0,3,1162,1,12,1664,105.52
8405,3543,08/07/2018,12/07/2018,3,319,318,1,0,328,6,19711.0,1,251,0,9,18,83.92
8406,3543,08/07/2018,12/07/2018,3,319,318,1,0,328,6,19711.0,1,1531,2,0,1052,141.9
8407,3543,08/07/2018,12/07/2018,3,319,318,1,0,328,6,19711.0,1,173,0,9,1561,39.98
8408,3543,08/07/2018,12/07/2018,3,319,318,1,0,328,6,19711.0,1,516,1,2,1131,28.91
8409,3543,08/07/2018,12/07/2018,3,319,318,1,0,328,6,19711.0,1,607,1,2,886,174.95
8410,1223,11/12/2016,17/12/2016,3,379,374,2,0,433,3,92404.0,3,813,1,3,704,110.528
8411,2140,15/11/2017,15/11/2017,1,579,579,1,0,60,31,27217.0,2,332,0,16,853,630.024
8412,2585,09/05/2017,12/05/2017,2,749,738,0,0,428,44,24153.0,2,585,1,2,28,27.86
8413,3393,10/03/2018,14/03/2018,3,495,488,0,0,109,41,75217.0,0,340,0,16,327,933.408
8414,2386,17/12/2017,21/12/2017,3,28,4,1,0,16,41,76017.0,0,1145,1,12,1809,51.84
8415,2386,17/12/2017,21/12/2017,3,28,4,1,0,16,41,76017.0,0,1543,2,0,1604,165.6
8416,2910,06/04/2018,12/04/2018,3,521,515,2,0,280,13,52302.0,0,1048,1,12,537,106.32
8417,3110,09/05/2018,11/05/2018,0,449,451,2,0,450,45,98105.0,3,818,1,3,718,147.92
8418,3110,09/05/2018,11/05/2018,0,449,451,2,0,450,45,98105.0,3,1306,1,14,823,104.28
8419,3110,09/05/2018,11/05/2018,0,449,451,2,0,450,45,98105.0,3,364,0,16,1348,286.85
8420,3110,09/05/2018,11/05/2018,0,449,451,2,0,450,45,98105.0,3,1309,1,14,1354,66.96
8421,3110,09/05/2018,11/05/2018,0,449,451,2,0,450,45,98105.0,3,1575,2,0,1326,199.98
8422,3742,12/10/2018,16/10/2018,3,571,576,0,0,240,28,8701.0,1,1519,2,0,914,45.0
8423,3742,12/10/2018,16/10/2018,3,571,576,0,0,240,28,8701.0,1,908,1,8,1196,17.9
8424,3742,12/10/2018,16/10/2018,3,571,576,0,0,240,28,8701.0,1,287,0,9,491,40.48
8425,3742,12/10/2018,16/10/2018,3,571,576,0,0,240,28,8701.0,1,29,0,4,733,2154.9
8426,2238,28/08/2017,30/08/2017,0,247,248,1,0,83,33,45231.0,1,805,1,3,717,18.432
8427,1143,02/10/2016,07/10/2016,3,653,624,0,0,479,4,80229.0,3,1449,1,15,86,10.944
8428,4066,23/11/2018,25/11/2018,0,199,188,0,0,416,20,48066.0,0,1433,1,15,1495,4.36
8429,4785,12/11/2018,16/11/2018,3,208,232,1,0,474,1,85281.0,3,1577,2,0,1402,62.352
8430,1947,19/12/2017,21/12/2017,2,152,169,0,0,395,36,19601.0,1,312,0,9,544,303.92
8431,4153,30/03/2015,05/04/2015,3,554,554,0,0,14,21,55124.0,0,1345,1,14,1474,129.3
8432,3845,08/11/2018,13/11/2018,3,440,428,1,0,28,18,21215.0,1,260,0,9,883,274.2
8433,4184,14/09/2015,18/09/2015,2,671,682,1,0,103,41,78415.0,0,900,1,8,1345,6.048
8434,4184,14/09/2015,18/09/2015,2,671,682,1,0,103,41,78415.0,0,1273,1,12,1684,6.848
8435,4184,14/09/2015,18/09/2015,2,671,682,1,0,103,41,78415.0,0,157,0,9,1487,9.96
8436,4184,14/09/2015,18/09/2015,2,671,682,1,0,103,41,78415.0,0,708,1,3,1572,8.552
8437,1451,20/09/2016,26/09/2016,3,41,46,0,0,245,26,89115.0,3,803,1,3,1634,45.584
8438,957,10/12/2016,16/12/2016,3,619,661,0,0,86,33,44105.0,1,1532,2,0,1054,25.488
8439,114,28/05/2015,01/06/2015,3,524,482,0,0,450,45,98105.0,3,793,1,3,780,136.96
8440,3034,14/03/2018,17/03/2018,2,94,97,1,0,80,11,60623.0,0,1686,2,13,1431,49.616
8441,2558,08/12/2017,12/12/2017,2,343,401,2,0,94,33,43229.0,1,1178,1,12,142,10.584
8442,3663,06/05/2018,10/05/2018,3,197,239,0,0,487,1,85705.0,3,1162,1,12,1664,84.416
8443,4587,06/03/2017,10/03/2017,3,343,401,2,0,372,36,19120.0,1,1845,2,13,1644,431.94
8444,4587,06/03/2017,10/03/2017,3,343,401,2,0,372,36,19120.0,1,760,1,3,268,2.043
8445,4587,06/03/2017,10/03/2017,3,343,401,2,0,372,36,19120.0,1,1772,2,13,776,68.238
8446,3262,23/10/2018,24/10/2018,0,28,4,1,0,107,37,2920.0,1,323,0,16,941,240.744
8447,3262,23/10/2018,24/10/2018,0,28,4,1,0,107,37,2920.0,1,316,0,9,551,35.0
8448,3262,23/10/2018,24/10/2018,0,28,4,1,0,107,37,2920.0,1,148,0,9,510,210.68
8449,3262,23/10/2018,24/10/2018,0,28,4,1,0,107,37,2920.0,1,374,0,16,1199,637.896
8450,3262,23/10/2018,24/10/2018,0,28,4,1,0,107,37,2920.0,1,1228,1,12,1646,43.44
8451,3262,23/10/2018,24/10/2018,0,28,4,1,0,107,37,2920.0,1,438,1,1,866,2.22
8452,380,28/04/2015,30/04/2015,0,35,56,0,0,436,3,94122.0,3,1723,2,13,1387,1679.96
8453,2052,18/04/2017,23/04/2017,3,750,739,1,0,207,41,77070.0,0,97,0,5,753,344.372
8454,2052,18/04/2017,23/04/2017,3,750,739,1,0,207,41,77070.0,0,1352,1,14,1547,1554.936
8455,2052,18/04/2017,23/04/2017,3,750,739,1,0,207,41,77070.0,0,308,0,9,882,127.88
8456,2493,22/05/2017,29/05/2017,3,354,372,1,0,265,3,90049.0,3,1745,2,13,1166,222.384
8457,4727,28/05/2018,02/06/2018,2,751,747,1,0,80,11,60653.0,0,65,0,5,767,106.869
8458,4727,28/05/2018,02/06/2018,2,751,747,1,0,80,11,60653.0,0,820,1,3,1510,3.564
8459,310,25/08/2015,29/08/2015,3,355,379,0,0,207,41,77070.0,0,727,1,3,1629,25.68
8460,310,25/08/2015,29/08/2015,3,355,379,0,0,207,41,77070.0,0,731,1,3,1484,12.384
8461,540,30/08/2015,04/09/2015,3,59,48,0,0,51,5,6010.0,1,738,1,3,1639,25.3
8462,540,30/08/2015,04/09/2015,3,59,48,0,0,51,5,6010.0,1,1304,1,14,634,95.94
8463,1659,03/09/2016,07/09/2016,2,369,386,0,0,201,20,49423.0,0,970,1,10,1453,7.5
8464,11,28/03/2015,01/04/2015,3,234,194,2,0,3,29,87105.0,3,1803,2,13,46,302.376
8465,1356,10/05/2016,15/05/2016,3,8,10,0,0,266,4,80027.0,3,1538,2,0,313,46.688
8466,997,09/04/2016,14/04/2016,3,493,538,0,0,327,30,10024.0,1,1344,1,14,1255,17.94
8467,800,09/04/2016,14/04/2016,3,335,337,0,0,338,5,6360.0,1,380,1,1,859,370.14
8468,2726,19/09/2017,23/09/2017,3,283,283,1,0,436,3,94122.0,3,732,1,3,247,8.928
8469,4621,11/11/2017,17/11/2017,3,56,18,1,0,331,12,46060.0,0,338,0,16,285,2678.94
8470,4782,23/04/2018,27/04/2018,3,601,583,2,0,85,40,37042.0,2,15,0,4,1182,387.136
8471,4782,23/04/2018,27/04/2018,3,601,583,2,0,85,40,37042.0,2,1531,2,0,1052,45.408
8472,4782,23/04/2018,27/04/2018,3,601,583,2,0,85,40,37042.0,2,142,0,9,1538,77.952
8473,4782,23/04/2018,27/04/2018,3,601,583,2,0,85,40,37042.0,2,943,1,10,204,3.0
8474,1663,22/10/2016,26/10/2016,2,305,298,0,0,202,8,33021.0,2,1319,1,14,587,9.952
8475,4111,09/04/2018,14/04/2018,3,557,573,1,0,526,36,17403.0,1,824,1,3,1576,37.896
8476,4111,09/04/2018,14/04/2018,3,557,573,1,0,526,36,17403.0,1,1083,1,12,1675,65.584
8477,3447,27/10/2018,01/11/2018,3,773,733,2,0,291,1,85204.0,3,1245,1,12,1663,44.784
8478,1378,30/10/2016,30/10/2016,1,80,67,1,0,327,30,10024.0,1,1674,2,11,1500,1035.8
8479,3906,18/12/2018,24/12/2018,3,772,761,2,0,436,3,94110.0,3,555,1,2,1142,5.76
8480,4484,12/03/2017,16/03/2017,3,724,681,0,0,265,3,90036.0,3,1244,1,12,793,19.98
8481,125,21/07/2015,27/07/2015,3,591,586,0,0,346,25,68104.0,0,1831,2,13,781,35.98
8482,2251,24/05/2017,28/05/2017,3,232,224,2,0,372,36,19120.0,1,530,1,2,278,16.656
8483,4726,11/02/2018,15/02/2018,3,208,232,1,0,327,30,10024.0,1,961,1,10,179,20.7
8484,2070,20/09/2017,24/09/2017,3,274,250,0,0,173,20,49505.0,0,840,1,3,696,83.7
8485,3584,24/09/2018,24/09/2018,1,584,608,0,0,450,45,98115.0,3,235,0,9,11,199.8
8486,3248,27/03/2018,31/03/2018,3,69,103,2,0,159,3,93727.0,3,1070,1,12,1772,45.68
8487,3248,27/03/2018,31/03/2018,3,69,103,2,0,159,3,93727.0,3,1085,1,12,1697,110.96
8488,3248,27/03/2018,31/03/2018,3,69,103,2,0,159,3,93727.0,3,1077,1,12,1591,11.94
8489,2570,02/02/2017,04/02/2017,2,683,672,0,0,16,44,22204.0,2,1630,2,11,786,8749.95
8490,2570,02/02/2017,04/02/2017,2,683,672,0,0,16,44,22204.0,2,741,1,3,1308,36.4
8491,2570,02/02/2017,04/02/2017,2,683,672,0,0,16,44,22204.0,2,193,0,9,103,18.69
8492,2899,07/07/2018,11/07/2018,3,59,48,0,0,265,3,90049.0,3,914,1,8,370,5.94
8493,889,23/10/2016,28/10/2016,3,137,177,0,0,269,41,79424.0,0,1019,1,12,1523,60.736
8494,889,23/10/2016,28/10/2016,3,137,177,0,0,269,41,79424.0,0,1606,2,6,399,479.976
8495,889,23/10/2016,28/10/2016,3,137,177,0,0,269,41,79424.0,0,672,1,3,898,6.08
8496,2318,02/12/2017,08/12/2017,3,54,14,1,0,262,4,80501.0,3,1543,2,0,1604,165.6
8497,778,05/03/2015,08/03/2015,2,7,9,0,0,525,30,10701.0,1,488,1,2,1153,59.52
8498,778,05/03/2015,08/03/2015,2,7,9,0,0,525,30,10701.0,1,1513,2,0,1013,479.97
8499,778,05/03/2015,08/03/2015,2,7,9,0,0,525,30,10701.0,1,1421,1,15,89,18.62
8500,778,05/03/2015,08/03/2015,2,7,9,0,0,525,30,10701.0,1,700,1,3,720,49.632
8501,778,05/03/2015,08/03/2015,2,7,9,0,0,525,30,10701.0,1,1136,1,12,1673,97.82
8502,814,01/03/2016,03/03/2016,2,205,203,1,0,265,3,90045.0,3,1691,2,13,1482,15.984
8503,814,01/03/2016,03/03/2016,2,205,203,1,0,265,3,90045.0,3,105,0,5,746,184.752
8504,730,20/02/2015,24/02/2015,3,712,714,2,0,265,3,90049.0,3,1215,1,12,1798,12.96
8505,1804,02/05/2017,06/05/2017,3,574,568,0,0,8,41,79109.0,0,102,0,5,1204,366.744
8506,2131,08/03/2017,12/03/2017,3,694,673,2,0,109,41,75217.0,0,709,1,3,1307,8.856
8507,2131,08/03/2017,12/03/2017,3,694,673,2,0,109,41,75217.0,0,1587,2,0,1598,27.96
8508,2131,08/03/2017,12/03/2017,3,694,673,2,0,109,41,75217.0,0,859,1,7,1581,146.352
8509,1250,11/12/2016,14/12/2016,0,124,183,0,0,123,20,48205.0,0,1591,2,0,1051,175.23
8510,1250,11/12/2016,14/12/2016,0,124,183,0,0,123,20,48205.0,0,1817,2,13,342,125.99
8511,1250,11/12/2016,14/12/2016,0,124,183,0,0,123,20,48205.0,0,842,1,3,892,23.0
8512,1719,22/12/2017,26/12/2017,3,451,457,0,0,327,30,10035.0,1,814,1,3,697,25.584
8513,2339,02/02/2017,08/02/2017,3,576,574,1,0,207,41,77041.0,0,263,0,9,515,73.784
8514,3566,05/06/2018,09/06/2018,3,576,574,1,0,351,8,32839.0,2,1188,1,12,1823,20.736
8515,1067,21/08/2016,26/08/2016,3,322,329,1,0,151,15,41042.0,2,588,1,2,1318,17.52
8516,1067,21/08/2016,26/08/2016,3,322,329,1,0,151,15,41042.0,2,542,1,2,1303,35.76
8517,2167,07/04/2017,11/04/2017,3,685,678,0,0,327,30,10009.0,1,562,1,2,1128,3.64
8518,3736,04/06/2018,07/06/2018,2,270,269,0,0,160,41,75034.0,0,225,0,9,1175,30.336
8519,3106,04/12/2018,10/12/2018,3,228,241,0,0,365,28,7501.0,1,227,0,9,1558,12.99
8520,3106,04/12/2018,10/12/2018,3,228,241,0,0,365,28,7501.0,1,111,0,5,770,182.22
8521,3106,04/12/2018,10/12/2018,3,228,241,0,0,365,28,7501.0,1,131,0,5,761,302.94
8522,2303,11/01/2017,15/01/2017,3,532,496,2,0,94,33,43229.0,1,218,0,9,1586,54.992
8523,4606,01/04/2017,07/04/2017,3,549,551,1,0,297,47,53209.0,0,1682,2,13,478,12.99
8524,3410,21/09/2018,25/09/2018,3,197,239,0,0,436,3,94109.0,3,1249,1,12,109,55.86
8525,3957,16/03/2018,16/03/2018,1,710,726,0,0,94,33,43229.0,1,1837,2,13,1223,44.376
8526,3957,16/03/2018,16/03/2018,1,710,726,0,0,94,33,43229.0,1,257,0,9,1178,51.264
8527,3957,16/03/2018,16/03/2018,1,710,726,0,0,94,33,43229.0,1,832,1,3,235,5.193
8528,3957,16/03/2018,16/03/2018,1,710,726,0,0,94,33,43229.0,1,1585,2,0,1004,159.984
8529,3957,16/03/2018,16/03/2018,1,710,726,0,0,94,33,43229.0,1,1312,1,14,664,54.224
8530,3501,10/11/2018,17/11/2018,3,497,486,2,0,265,3,90008.0,3,73,0,5,756,241.424
8531,2532,30/11/2017,06/12/2017,3,108,116,0,0,123,20,48227.0,0,1045,1,12,1324,33.36
8532,2532,30/11/2017,06/12/2017,3,108,116,0,0,123,20,48227.0,0,1183,1,12,105,13.76
8533,2532,30/11/2017,06/12/2017,3,108,116,0,0,123,20,48227.0,0,1337,1,14,1436,496.86
8534,2532,30/11/2017,06/12/2017,3,108,116,0,0,123,20,48227.0,0,56,0,5,813,389.97
8535,1662,13/01/2016,15/01/2016,2,442,418,1,0,94,9,31907.0,2,987,1,10,217,9.82
8536,4265,16/05/2015,20/05/2015,3,133,163,0,0,436,3,94122.0,3,1520,2,0,915,56.4
8537,1535,07/06/2016,11/06/2016,3,318,317,2,0,372,36,19143.0,1,786,1,3,136,18.312
8538,1535,07/06/2016,11/06/2016,3,318,317,2,0,372,36,19143.0,1,1057,1,12,1793,25.92
8539,1535,07/06/2016,11/06/2016,3,318,317,2,0,372,36,19143.0,1,572,1,2,244,8.016
8540,3692,09/03/2018,13/03/2018,3,415,419,0,0,265,3,90008.0,3,1601,2,6,802,479.984
8541,3692,09/03/2018,13/03/2018,3,415,419,0,0,265,3,90008.0,3,794,1,3,499,30.84
8542,1533,22/12/2016,23/12/2016,0,332,320,1,0,372,36,19140.0,1,1330,1,14,1553,33.568
8543,1533,22/12/2016,23/12/2016,0,332,320,1,0,372,36,19140.0,1,68,0,5,798,422.625
8544,443,06/08/2015,11/08/2015,3,740,772,0,0,327,30,10035.0,1,1585,2,0,1004,199.98
8545,1965,27/03/2017,31/03/2017,3,236,210,1,0,94,9,31907.0,2,287,0,9,491,20.24
8546,1965,27/03/2017,31/03/2017,3,236,210,1,0,94,9,31907.0,2,269,0,9,571,39.92
8547,1965,27/03/2017,31/03/2017,3,236,210,1,0,94,9,31907.0,2,671,1,3,61,32.54
8548,1424,05/12/2016,10/12/2016,3,294,300,1,0,265,3,90049.0,3,1489,2,0,1072,39.0
8549,1424,05/12/2016,10/12/2016,3,294,300,1,0,265,3,90049.0,3,953,1,10,195,12.6
8550,1114,11/09/2016,12/09/2016,0,294,300,1,0,24,4,80013.0,3,138,0,9,509,24.64
8551,1053,17/07/2016,24/07/2016,3,775,780,1,0,207,41,77041.0,0,976,1,10,185,6.264
8552,1053,17/07/2016,24/07/2016,3,775,780,1,0,207,41,77041.0,0,938,1,8,127,14.432
8553,481,30/05/2015,03/06/2015,3,487,493,1,0,80,11,60623.0,0,1612,2,6,371,719.976
8554,4650,13/11/2018,20/11/2018,3,125,133,0,0,116,0,35601.0,2,1480,2,0,153,239.92
8555,1703,09/12/2017,11/12/2017,0,599,594,0,0,462,44,22153.0,2,342,0,16,906,1056.86
8556,1009,22/03/2016,22/03/2016,1,200,217,0,0,378,8,33317.0,2,1534,2,0,1003,447.944
8557,1009,22/03/2016,22/03/2016,1,200,217,0,0,378,8,33317.0,2,1358,1,14,926,150.408
8558,2166,23/12/2017,26/12/2017,2,447,450,1,0,207,41,77041.0,0,1844,2,13,1656,453.576
8559,2166,23/12/2017,26/12/2017,2,447,450,1,0,207,41,77041.0,0,982,1,10,1257,45.36
8560,2166,23/12/2017,26/12/2017,2,447,450,1,0,207,41,77041.0,0,1836,2,13,437,287.88
8561,2166,23/12/2017,26/12/2017,2,447,450,1,0,207,41,77041.0,0,1856,2,13,438,131.88
8562,2166,23/12/2017,26/12/2017,2,447,450,1,0,207,41,77041.0,0,143,0,9,728,2.328
8563,2025,02/04/2017,06/04/2017,2,207,226,1,0,297,47,53209.0,0,62,0,5,750,1454.9
8564,4680,30/04/2018,04/05/2018,3,515,539,2,0,443,8,32771.0,2,666,1,3,68,4.842
8565,4680,30/04/2018,04/05/2018,3,515,539,2,0,443,8,32771.0,2,164,0,9,1534,220.704
8566,2186,17/11/2017,18/11/2017,0,85,68,0,0,477,41,75056.0,0,1763,2,13,154,67.176
8567,2186,17/11/2017,18/11/2017,0,85,68,0,0,477,41,75056.0,0,1068,1,12,1526,15.232
8568,4529,10/11/2017,12/11/2017,0,720,689,0,0,486,33,45373.0,1,1188,1,12,1823,31.104
8569,2634,06/12/2017,12/12/2017,3,230,205,1,0,193,30,11550.0,1,817,1,3,893,968.744
8570,2634,06/12/2017,12/12/2017,3,230,205,1,0,193,30,11550.0,1,708,1,3,1572,222.352
8571,2634,06/12/2017,12/12/2017,3,230,205,1,0,193,30,11550.0,1,1612,2,6,371,479.984
8572,2628,03/04/2017,03/04/2017,1,712,714,2,0,109,41,75081.0,0,1238,1,12,1750,10.272
8573,250,28/11/2015,02/12/2015,3,115,111,0,0,207,41,77041.0,0,1676,2,11,1502,998.85
8574,1612,20/10/2016,22/10/2016,0,539,516,0,0,327,30,10035.0,1,1034,1,12,537,24.56
8575,687,19/09/2015,19/09/2015,1,379,374,2,0,436,3,94110.0,3,900,1,8,1345,5.67
8576,2783,27/08/2018,30/08/2018,2,718,700,0,0,385,8,34952.0,2,391,1,1,865,14.336
8577,2897,03/07/2018,04/07/2018,0,766,764,0,0,96,27,3301.0,1,293,0,9,1034,102.3
8578,3670,22/12/2018,26/12/2018,3,158,144,0,0,408,21,55901.0,0,374,0,16,1199,607.52
8579,3670,22/12/2018,26/12/2018,3,158,144,0,0,408,21,55901.0,0,1331,1,14,1259,31.16
8580,1839,27/12/2017,02/01/2018,3,411,395,0,0,266,15,40214.0,2,976,1,10,185,2.61
8581,369,20/05/2015,22/05/2015,2,489,504,1,0,440,41,78666.0,0,259,0,9,467,10.332
8582,369,20/05/2015,22/05/2015,2,489,504,1,0,440,41,78666.0,0,1035,1,12,1808,10.368
8583,369,20/05/2015,22/05/2015,2,489,504,1,0,440,41,78666.0,0,1577,2,0,1402,20.784
8584,369,20/05/2015,22/05/2015,2,489,504,1,0,440,41,78666.0,0,1309,1,14,1354,66.96
8585,70,04/02/2015,08/02/2015,2,510,494,1,0,143,3,92025.0,3,783,1,3,709,17.248
8586,4790,09/12/2018,15/12/2018,3,633,646,0,0,372,36,19134.0,1,681,1,3,1621,11.088
8587,3977,11/07/2018,18/07/2018,3,414,414,1,0,265,3,90049.0,3,1568,2,0,1024,1287.45
8588,3977,11/07/2018,18/07/2018,3,414,414,1,0,265,3,90049.0,3,441,1,1,629,168.1
8589,1286,15/05/2016,22/05/2016,3,281,287,1,0,372,36,19140.0,1,1375,1,14,645,51.968
8590,3653,29/01/2018,01/02/2018,0,74,117,0,0,372,36,19120.0,1,542,1,2,1303,4.768
8591,3285,29/09/2018,01/10/2018,0,285,289,1,0,193,30,11550.0,1,898,1,7,981,7.98
8592,2792,23/04/2018,26/04/2018,0,705,687,0,0,176,4,80634.0,3,881,1,7,1492,18.688
8593,2792,23/04/2018,26/04/2018,0,705,687,0,0,176,4,80634.0,3,171,0,9,578,11.664
8594,3926,09/11/2018,13/11/2018,3,600,607,2,0,216,8,32216.0,2,1534,2,0,1003,191.976
8595,3926,09/11/2018,13/11/2018,3,600,607,2,0,216,8,32216.0,2,1830,2,13,1099,499.168
8596,154,05/05/2015,07/05/2015,0,296,304,1,0,16,44,22204.0,2,820,1,3,1510,11.88
8597,154,05/05/2015,07/05/2015,0,296,304,1,0,16,44,22204.0,2,1048,1,12,537,35.44
8598,4479,27/10/2017,31/10/2017,3,581,602,2,0,436,3,94122.0,3,816,1,3,257,67.136
8599,490,26/11/2015,01/12/2015,3,473,478,1,0,159,3,93727.0,3,720,1,3,1628,4.32
8600,490,26/11/2015,01/12/2015,3,473,478,1,0,159,3,93727.0,3,1176,1,12,1759,14.94
8601,490,26/11/2015,01/12/2015,3,473,478,1,0,159,3,93727.0,3,389,1,1,643,40.54
8602,490,26/11/2015,01/12/2015,3,473,478,1,0,159,3,93727.0,3,697,1,3,1480,7.312
8603,4195,31/12/2015,31/12/2015,1,384,343,2,0,401,26,89502.0,3,1855,2,13,1239,475.944
8604,4474,03/01/2017,08/01/2017,3,123,152,1,0,432,41,78207.0,0,1520,2,0,915,30.08
8605,4474,03/01/2017,08/01/2017,3,123,152,1,0,432,41,78207.0,0,1543,2,0,1604,165.6
8606,4474,03/01/2017,08/01/2017,3,123,152,1,0,432,41,78207.0,0,1792,2,13,39,180.96
8607,3993,18/08/2018,22/08/2018,3,157,142,0,0,323,19,2740.0,1,1564,2,0,1596,23.18
8608,596,04/06/2015,09/06/2015,3,112,95,0,0,327,30,10035.0,1,238,0,9,1440,56.96
8609,596,04/06/2015,09/06/2015,3,112,95,0,0,327,30,10035.0,1,411,1,1,459,15.56
8610,596,04/06/2015,09/06/2015,3,112,95,0,0,327,30,10035.0,1,28,0,4,1189,353.568
8611,596,04/06/2015,09/06/2015,3,112,95,0,0,327,30,10035.0,1,215,0,9,675,13.96
8612,3229,13/11/2018,17/11/2018,2,683,672,0,0,356,3,93030.0,3,1473,2,0,952,82.95
8613,2376,28/01/2017,01/02/2017,2,322,329,1,0,265,3,90036.0,3,488,1,2,1153,39.68
8614,2247,09/11/2017,14/11/2017,3,589,609,0,0,340,3,94601.0,3,1513,2,0,1013,479.97
8615,2691,10/09/2017,14/09/2017,3,74,117,0,0,135,45,98026.0,3,994,1,10,194,7.38
8616,2691,10/09/2017,14/09/2017,3,74,117,0,0,135,45,98026.0,3,820,1,3,1510,14.256
8617,2691,10/09/2017,14/09/2017,3,74,117,0,0,135,45,98026.0,3,1020,1,12,1732,81.98
8618,2691,10/09/2017,14/09/2017,3,74,117,0,0,135,45,98026.0,3,839,1,3,930,39.624
8619,3093,03/03/2018,08/03/2018,3,111,92,1,0,265,3,90004.0,3,327,0,16,977,399.672
8620,3398,08/09/2018,13/09/2018,2,271,271,1,0,327,30,10024.0,1,1326,1,14,113,65.12
8621,4731,06/11/2018,09/11/2018,2,454,468,0,0,109,41,75217.0,0,277,0,9,989,30.56
8622,2848,13/05/2018,18/05/2018,3,283,283,1,0,156,40,37064.0,2,385,1,1,636,20.768
8623,4466,27/11/2017,01/12/2017,3,159,147,0,0,373,1,85023.0,3,1319,1,14,587,39.808
8624,1252,13/11/2016,18/11/2016,3,288,290,0,0,293,8,33178.0,2,812,1,3,421,121.104
8625,1252,13/11/2016,18/11/2016,3,288,290,0,0,293,8,33178.0,2,1584,2,0,1060,111.96
8626,1513,08/12/2016,12/12/2016,3,322,329,1,0,92,4,80906.0,3,1055,1,12,1472,15.696
8627,1605,07/09/2016,12/09/2016,3,23,34,1,0,327,30,10011.0,1,1395,1,14,1093,70.26
8628,1605,07/09/2016,12/09/2016,3,23,34,1,0,327,30,10011.0,1,1522,2,0,956,90.0
8629,1605,07/09/2016,12/09/2016,3,23,34,1,0,327,30,10011.0,1,660,1,3,75,6.096
8630,1605,07/09/2016,12/09/2016,3,23,34,1,0,327,30,10011.0,1,356,0,16,367,481.176
8631,1605,07/09/2016,12/09/2016,3,23,34,1,0,327,30,10011.0,1,931,1,8,161,7.24
8632,1779,28/07/2017,29/07/2017,0,580,580,0,0,38,36,18018.0,1,43,0,4,1383,177.45
8633,1779,28/07/2017,29/07/2017,0,580,580,0,0,38,36,18018.0,1,657,1,3,687,1369.764
8634,1779,28/07/2017,29/07/2017,0,580,580,0,0,38,36,18018.0,1,459,1,1,867,9.48
8635,3928,25/08/2018,29/08/2018,3,720,689,0,0,372,36,19140.0,1,12,0,4,386,130.98
8636,689,30/04/2015,02/05/2015,0,395,411,0,0,266,15,40214.0,2,607,1,2,886,174.95
8637,689,30/04/2015,02/05/2015,0,395,411,0,0,266,15,40214.0,2,1305,1,14,543,826.0
8638,3766,27/04/2018,02/05/2018,3,329,330,0,0,450,45,98105.0,3,153,0,9,1033,139.58
8639,3112,23/07/2018,24/07/2018,0,604,610,2,0,224,47,53142.0,0,1475,2,0,1002,399.95
8640,358,13/12/2015,15/12/2015,2,421,443,1,0,194,15,42420.0,2,844,1,3,32,12.39
8641,4847,12/01/2018,16/01/2018,3,191,206,1,0,109,41,75217.0,0,657,1,3,687,760.98
8642,3702,02/12/2018,02/12/2018,1,723,727,0,0,369,1,85345.0,3,705,1,3,1601,67.86
8643,881,08/11/2016,15/11/2016,3,576,574,1,0,216,31,28540.0,2,909,1,8,1193,31.504
8644,881,08/11/2016,15/11/2016,3,576,574,1,0,216,31,28540.0,2,982,1,10,1257,5.04
8645,881,08/11/2016,15/11/2016,3,576,574,1,0,216,31,28540.0,2,651,1,3,1282,39.879
8646,881,08/11/2016,15/11/2016,3,576,574,1,0,216,31,28540.0,2,137,0,9,590,4.712
8647,1872,25/11/2017,29/11/2017,3,511,495,0,0,265,3,90032.0,3,128,0,5,1225,194.352
8648,4340,05/12/2016,08/12/2016,0,656,633,1,0,321,40,37211.0,2,123,0,5,763,97.424
8649,2669,29/07/2017,03/08/2017,3,644,635,0,0,74,31,28205.0,2,1402,1,14,642,704.76
8650,2669,29/07/2017,03/08/2017,3,644,635,0,0,74,31,28205.0,2,737,1,3,1300,27.396
8651,509,13/09/2015,13/09/2015,1,653,624,0,0,450,45,98103.0,3,911,1,8,1198,5.7
8652,509,13/09/2015,13/09/2015,1,653,624,0,0,450,45,98103.0,3,201,0,9,391,14.19
8653,509,13/09/2015,13/09/2015,1,653,624,0,0,450,45,98103.0,3,1431,1,15,102,7.3
8654,509,13/09/2015,13/09/2015,1,653,624,0,0,450,45,98103.0,3,1502,2,0,1017,199.98
8655,509,13/09/2015,13/09/2015,1,653,624,0,0,450,45,98103.0,3,1557,2,0,1076,144.96
8656,509,13/09/2015,13/09/2015,1,653,624,0,0,450,45,98103.0,3,1477,2,0,1606,118.0
8657,509,13/09/2015,13/09/2015,1,653,624,0,0,450,45,98103.0,3,1191,1,12,1729,48.94
8658,509,13/09/2015,13/09/2015,1,653,624,0,0,450,45,98103.0,3,469,1,1,820,22.66
8659,2723,21/06/2017,25/06/2017,3,418,438,1,0,80,11,60623.0,0,791,1,3,240,0.836
8660,2479,03/09/2017,08/09/2017,3,512,506,1,0,83,33,45231.0,1,1160,1,12,1645,30.96
8661,3250,25/11/2018,30/11/2018,3,334,328,0,0,153,8,33311.0,2,37,0,4,1190,723.92
8662,1193,12/05/2016,17/05/2016,3,365,342,0,0,207,41,77041.0,0,141,0,9,494,21.968
8663,1193,12/05/2016,17/05/2016,3,365,342,0,0,207,41,77041.0,0,1718,2,13,524,619.152
8664,1193,12/05/2016,17/05/2016,3,365,342,0,0,207,41,77041.0,0,1143,1,12,1752,127.904
8665,3283,30/03/2018,01/04/2018,2,8,10,0,0,240,3,90712.0,3,317,0,9,671,94.2
8666,1952,17/11/2017,18/11/2017,0,325,323,2,0,436,3,94122.0,3,1447,1,15,100,49.5
8667,2658,30/12/2017,02/01/2018,0,145,123,1,0,372,36,19140.0,1,615,1,2,1114,16.52
8668,2431,22/12/2017,24/12/2017,2,255,257,2,0,450,45,98115.0,3,801,1,3,1635,55.36
8669,2431,22/12/2017,24/12/2017,2,255,257,2,0,450,45,98115.0,3,1622,2,11,1562,11.56
8670,1551,20/12/2016,25/12/2016,2,35,56,0,0,265,3,90036.0,3,1283,1,12,537,17.12
8671,4258,27/12/2015,01/01/2016,2,415,419,0,0,86,33,44105.0,1,312,0,9,544,182.352
8672,4258,27/12/2015,01/01/2016,2,415,419,0,0,86,33,44105.0,1,1379,1,14,1379,118.16
8673,4004,16/02/2018,21/02/2018,3,409,400,0,0,116,11,62521.0,0,941,1,8,1600,18.368
8674,4004,16/02/2018,21/02/2018,3,409,400,0,0,116,11,62521.0,0,118,0,5,742,600.558
8675,4004,16/02/2018,21/02/2018,3,409,400,0,0,116,11,62521.0,0,1310,1,14,1552,50.352
8676,4004,16/02/2018,21/02/2018,3,409,400,0,0,116,11,62521.0,0,612,1,2,1117,28.032
8677,4004,16/02/2018,21/02/2018,3,409,400,0,0,116,11,62521.0,0,295,0,9,617,7.692
8678,3568,24/10/2018,26/10/2018,0,602,588,0,0,275,41,76063.0,0,371,0,16,826,517.405
8679,1861,02/09/2017,07/09/2017,2,634,652,2,0,207,41,77070.0,0,683,1,3,67,8.608
8680,1861,02/09/2017,07/09/2017,2,634,652,2,0,207,41,77070.0,0,1504,2,0,1023,159.56
8681,2326,01/12/2017,03/12/2017,2,349,391,1,0,405,44,23223.0,2,439,1,1,858,2104.55
8682,2326,01/12/2017,03/12/2017,2,349,391,1,0,405,44,23223.0,2,1452,1,15,98,40.7
8683,409,05/11/2015,10/11/2015,3,712,714,2,0,16,44,22204.0,2,1532,2,0,1054,47.79
8684,2791,25/11/2018,01/12/2018,3,774,769,0,0,436,3,94122.0,3,550,1,2,495,5.16
8685,2512,16/12/2017,23/12/2017,3,755,734,2,0,435,3,92024.0,3,1495,2,0,919,21.21
8686,3488,14/11/2018,18/11/2018,2,613,600,1,0,506,30,13601.0,1,1404,1,14,982,96.36
8687,2329,26/06/2017,26/06/2017,1,28,4,1,0,265,3,90036.0,3,1443,1,15,1299,231.72
8688,2329,26/06/2017,26/06/2017,1,28,4,1,0,265,3,90036.0,3,909,1,8,1193,17.9
8689,2329,26/06/2017,26/06/2017,1,28,4,1,0,265,3,90036.0,3,1189,1,12,143,12.48
8690,20,26/12/2015,30/12/2015,3,62,36,1,0,372,36,19140.0,1,548,1,2,588,8.016
8691,2225,14/08/2017,18/08/2017,3,708,708,1,0,2,33,44312.0,1,1812,2,13,434,259.896
8692,2225,14/08/2017,18/08/2017,3,708,708,1,0,2,33,44312.0,1,1727,2,13,1278,247.188
8693,2225,14/08/2017,18/08/2017,3,708,708,1,0,2,33,44312.0,1,1468,2,0,1001,279.96
8694,1950,24/10/2017,28/10/2017,3,255,257,2,0,436,3,94110.0,3,1478,2,0,1106,450.0
8695,4148,23/08/2015,28/08/2015,2,167,173,2,0,173,20,49505.0,0,1138,1,12,1784,19.44
8696,3294,15/09/2018,17/09/2018,2,177,158,2,0,436,3,94109.0,3,355,0,16,368,300.904
8697,3132,15/06/2018,20/06/2018,3,762,745,1,0,321,40,37211.0,2,1709,2,13,791,239.976
8698,3132,15/06/2018,20/06/2018,3,762,745,1,0,321,40,37211.0,2,297,0,9,1496,31.168
8699,3132,15/06/2018,20/06/2018,3,762,745,1,0,321,40,37211.0,2,363,0,16,288,120.96
8700,3132,15/06/2018,20/06/2018,3,762,745,1,0,321,40,37211.0,2,1697,2,13,1390,2239.936
8701,3132,15/06/2018,20/06/2018,3,762,745,1,0,321,40,37211.0,2,462,1,1,1493,76.608
8702,3132,15/06/2018,20/06/2018,3,762,745,1,0,321,40,37211.0,2,1342,1,14,871,142.776
8703,3132,15/06/2018,20/06/2018,3,762,745,1,0,321,40,37211.0,2,1040,1,12,1743,91.36
8704,1216,01/03/2016,05/03/2016,3,653,624,0,0,372,36,19120.0,1,438,1,1,866,3.552
8705,1835,23/07/2017,26/07/2017,0,336,338,0,0,207,41,77041.0,0,1831,2,13,781,115.136
8706,4193,01/10/2015,05/10/2015,3,561,563,2,0,401,26,89502.0,3,903,1,8,1506,4.71
8707,546,08/09/2015,13/09/2015,3,606,595,2,0,327,30,10009.0,1,122,0,5,766,172.764
8708,546,08/09/2015,13/09/2015,3,606,595,2,0,327,30,10009.0,1,580,1,2,1165,3.52
8709,226,16/11/2015,18/11/2015,0,352,408,1,0,265,3,90008.0,3,1834,2,13,1220,79.968
8710,226,16/11/2015,18/11/2015,0,352,408,1,0,265,3,90008.0,3,39,0,4,378,305.9745
8711,226,16/11/2015,18/11/2015,0,352,408,1,0,265,3,90008.0,3,1325,1,14,1475,344.91
8712,79,03/03/2015,07/03/2015,3,264,275,0,0,435,3,92037.0,3,350,0,16,320,626.352
8713,4368,03/12/2016,07/12/2016,3,614,614,0,0,436,3,94110.0,3,18,0,4,1427,359.499
8714,3478,11/07/2018,16/07/2018,3,765,760,1,0,435,3,92105.0,3,1677,2,13,314,71.952
8715,3478,11/07/2018,16/07/2018,3,765,760,1,0,435,3,92105.0,3,787,1,3,62,29.8
8716,3178,16/11/2018,20/11/2018,2,92,109,1,0,140,33,44035.0,1,757,1,3,1309,1.824
8717,1988,12/06/2017,16/06/2017,2,61,61,2,0,207,41,77070.0,0,400,1,1,34,64.384
8718,1988,12/06/2017,16/06/2017,2,61,61,2,0,207,41,77070.0,0,181,0,9,506,6.984
8719,1988,12/06/2017,16/06/2017,2,61,61,2,0,207,41,77070.0,0,580,1,2,1165,11.264
8720,1988,12/06/2017,16/06/2017,2,61,61,2,0,207,41,77070.0,0,1031,1,12,1764,15.552
8721,1988,12/06/2017,16/06/2017,2,61,61,2,0,207,41,77070.0,0,52,0,5,747,379.372
8722,1988,12/06/2017,16/06/2017,2,61,61,2,0,207,41,77070.0,0,1373,1,14,1494,67.536
8723,1988,12/06/2017,16/06/2017,2,61,61,2,0,207,41,77070.0,0,695,1,3,73,1.524
8724,4526,29/12/2017,31/12/2017,2,509,484,2,0,293,8,33178.0,2,1195,1,12,1680,37.408
8725,4526,29/12/2017,31/12/2017,2,509,484,2,0,293,8,33178.0,2,1023,1,12,162,25.344
8726,3709,18/03/2018,23/03/2018,3,725,683,0,0,450,45,98115.0,3,595,1,2,518,46.2
8727,832,27/12/2016,31/12/2016,3,709,722,1,0,315,40,37130.0,2,1527,2,0,1057,4.728
8728,832,27/12/2016,31/12/2016,3,709,722,1,0,315,40,37130.0,2,208,0,9,621,53.352
8729,832,27/12/2016,31/12/2016,3,709,722,1,0,315,40,37130.0,2,24,0,4,1183,131.104
8730,832,27/12/2016,31/12/2016,3,709,722,1,0,315,40,37130.0,2,1373,1,14,1494,22.512
8731,832,27/12/2016,31/12/2016,3,709,722,1,0,315,40,37130.0,2,1577,2,0,1402,72.744
8732,920,31/07/2016,06/08/2016,3,677,711,1,0,424,23,63116.0,0,1440,1,15,84,52.59
8733,3073,27/06/2018,29/06/2018,2,613,600,1,0,450,45,98105.0,3,1235,1,12,1788,19.44
8734,3073,27/06/2018,29/06/2018,2,613,600,1,0,450,45,98105.0,3,179,0,9,625,126.3
8735,3073,27/06/2018,29/06/2018,2,613,600,1,0,450,45,98105.0,3,1568,2,0,1024,1287.45
8736,4279,07/02/2015,10/02/2015,2,175,148,1,0,327,30,10024.0,1,1348,1,14,71,64.96
8737,2728,04/09/2017,09/09/2017,3,654,655,1,0,521,21,55125.0,0,1342,1,14,871,535.41
8738,3966,06/04/2018,10/04/2018,3,174,143,1,0,76,40,37421.0,2,782,1,3,23,8.1
8739,4781,08/12/2018,11/12/2018,0,516,514,0,0,372,36,19140.0,1,618,1,2,276,13.248
8740,4781,08/12/2018,11/12/2018,0,516,514,0,0,372,36,19140.0,1,1746,2,13,1843,83.988
8741,1708,24/07/2017,25/07/2017,0,365,342,0,0,233,16,70506.0,2,619,1,2,1231,73.2
8742,965,09/11/2016,09/11/2016,1,25,50,2,0,247,12,46226.0,0,714,1,3,262,10.74
8743,4366,02/10/2016,04/10/2016,0,147,145,0,0,200,35,97123.0,3,159,0,9,31,11.032
8744,4366,02/10/2016,04/10/2016,0,147,145,0,0,200,35,97123.0,3,1523,2,0,1403,53.04
8745,1582,22/11/2016,25/11/2016,2,318,317,2,0,63,19,2138.0,1,567,1,2,1149,17.12
8746,1582,22/11/2016,25/11/2016,2,318,317,2,0,63,19,2138.0,1,1037,1,12,1722,59.94
8747,3316,02/02/2018,07/02/2018,3,96,89,1,0,435,3,92105.0,3,149,0,9,555,210.58
8748,3316,02/02/2018,07/02/2018,3,96,89,1,0,435,3,92105.0,3,778,1,3,686,30.96
8749,3316,02/02/2018,07/02/2018,3,96,89,1,0,435,3,92105.0,3,1638,2,11,789,239.984
8750,4407,16/06/2016,19/06/2016,0,451,457,0,0,327,30,10009.0,1,776,1,3,649,3050.376
8751,4407,16/06/2016,19/06/2016,0,451,457,0,0,327,30,10009.0,1,1857,2,13,1323,133.98
8752,1748,05/05/2017,09/05/2017,3,623,629,2,0,469,8,32303.0,2,1081,1,12,1456,93.248
8753,1748,05/05/2017,09/05/2017,3,623,629,2,0,469,8,32303.0,2,1713,2,13,172,177.48
8754,3780,09/09/2018,10/09/2018,0,350,399,0,0,483,33,43615.0,1,952,1,10,211,17.712
8755,3780,09/09/2018,10/09/2018,0,350,399,0,0,483,33,43615.0,1,782,1,3,23,4.86
8756,3780,09/09/2018,10/09/2018,0,350,399,0,0,483,33,43615.0,1,701,1,3,58,6.258
8757,1891,22/07/2017,26/07/2017,3,500,509,1,0,93,18,21044.0,1,422,1,1,305,37.68
8758,1891,22/07/2017,26/07/2017,3,500,509,1,0,93,18,21044.0,1,1251,1,12,1811,51.84
8759,1891,22/07/2017,26/07/2017,3,500,509,1,0,93,18,21044.0,1,168,0,9,589,27.42
8760,1891,22/07/2017,26/07/2017,3,500,509,1,0,93,18,21044.0,1,720,1,3,1628,5.4
8761,2586,31/01/2017,06/02/2017,3,82,77,2,0,21,9,30318.0,2,776,1,3,649,1270.99
8762,2586,31/01/2017,06/02/2017,3,82,77,2,0,21,9,30318.0,2,896,1,7,3,125.36
8763,1856,29/12/2017,02/01/2018,3,289,285,0,0,420,3,95823.0,3,1400,1,14,1311,14.03
8764,1856,29/12/2017,02/01/2018,3,289,285,0,0,420,3,95823.0,3,1439,1,15,670,27.96
8765,873,21/11/2016,27/11/2016,3,65,102,1,0,154,41,76106.0,0,548,1,2,588,5.344
8766,873,21/11/2016,27/11/2016,3,65,102,1,0,154,41,76106.0,0,663,1,3,1511,1.696
8767,873,21/11/2016,27/11/2016,3,65,102,1,0,154,41,76106.0,0,460,1,1,947,24.588
8768,873,21/11/2016,27/11/2016,3,65,102,1,0,154,41,76106.0,0,729,1,3,409,7.98
8769,1456,05/10/2016,09/10/2016,3,336,338,0,0,94,33,43229.0,1,1478,2,0,1106,288.0
8770,2445,12/09/2017,13/09/2017,1,604,610,2,0,266,4,80027.0,3,1744,2,13,1031,146.952
8771,2445,12/09/2017,13/09/2017,1,604,610,2,0,266,4,80027.0,3,85,0,5,765,83.136
8772,3055,14/09/2018,17/09/2018,0,196,235,1,0,392,31,27604.0,2,429,1,1,17,942.784
8773,3055,14/09/2018,17/09/2018,0,196,235,1,0,392,31,27604.0,2,1084,1,12,1778,74.352
8774,1198,23/02/2016,28/02/2016,3,453,462,2,0,327,30,10024.0,1,391,1,1,865,26.88
8775,1198,23/02/2016,28/02/2016,3,453,462,2,0,327,30,10024.0,1,760,1,3,268,10.896
8776,2653,05/12/2017,09/12/2017,2,534,543,2,0,80,11,60623.0,0,522,1,2,1116,3.536
8777,1712,02/07/2017,03/07/2017,0,245,267,1,0,209,41,77340.0,0,59,0,5,735,528.43
8778,1712,02/07/2017,03/07/2017,0,245,267,1,0,209,41,77340.0,0,1053,1,12,1795,41.472
8779,3457,13/12/2018,18/12/2018,3,99,72,1,0,327,30,10024.0,1,39,0,4,378,287.976
8780,1624,20/03/2016,22/03/2016,2,93,118,0,0,428,35,97301.0,3,1408,1,14,1291,29.304
8781,1218,01/03/2016,04/03/2016,0,163,179,1,0,207,41,77070.0,0,591,1,2,1229,55.328
8782,1218,01/03/2016,04/03/2016,0,163,179,1,0,207,41,77070.0,0,13,0,4,169,1227.9984
8783,1929,15/09/2017,20/09/2017,3,352,408,1,0,490,10,83301.0,3,687,1,3,248,20.416
8784,1929,15/09/2017,20/09/2017,3,352,408,1,0,490,10,83301.0,3,355,0,16,368,1128.39
8785,4773,17/03/2018,23/03/2018,3,57,41,2,0,228,40,37918.0,2,986,1,10,180,4.608
8786,3661,28/05/2018,02/06/2018,3,154,120,1,0,373,1,85023.0,3,1717,2,13,1237,195.96
8787,3661,28/05/2018,02/06/2018,3,154,120,1,0,373,1,85023.0,3,1108,1,12,1827,15.552
8788,3661,28/05/2018,02/06/2018,3,154,120,1,0,373,1,85023.0,3,1476,2,0,1020,271.968
8789,3290,15/06/2018,19/06/2018,3,355,379,0,0,306,31,28110.0,2,62,0,5,750,698.352
8790,3290,15/06/2018,19/06/2018,3,355,379,0,0,306,31,28110.0,2,3,0,4,1180,77.728
8791,1660,06/09/2016,12/09/2016,3,23,34,1,0,405,44,23223.0,2,748,1,3,1450,46.62
8792,3979,18/03/2018,24/03/2018,3,770,746,0,0,207,41,77041.0,0,1730,2,13,1313,537.544
8793,706,19/12/2015,21/12/2015,0,99,72,1,0,265,3,90008.0,3,969,1,10,226,14.62
8794,706,19/12/2015,21/12/2015,0,99,72,1,0,265,3,90008.0,3,938,1,8,127,22.55
8795,706,19/12/2015,21/12/2015,0,99,72,1,0,265,3,90008.0,3,1747,2,13,1619,583.8
8796,706,19/12/2015,21/12/2015,0,99,72,1,0,265,3,90008.0,3,1752,2,13,446,211.168
8797,1763,07/07/2017,13/07/2017,3,516,514,0,0,349,42,84057.0,3,1218,1,12,1822,12.96
8798,1763,07/07/2017,13/07/2017,3,516,514,0,0,349,42,84057.0,3,623,1,2,361,45.98
8799,4570,06/04/2017,10/04/2017,3,780,776,2,0,60,43,55273.322402696904,1,1774,2,13,1168,1294.75
8800,203,08/05/2015,10/05/2015,0,444,430,0,0,372,36,19134.0,1,1603,2,6,804,1799.97
8801,3724,23/11/2018,27/11/2018,3,175,148,1,0,80,11,60623.0,0,1258,1,12,1747,10.688
8802,2294,10/11/2017,12/11/2017,0,4,0,0,0,343,34,73120.0,0,1698,2,13,1386,221.98
8803,2294,10/11/2017,12/11/2017,0,4,0,0,0,343,34,73120.0,0,38,0,4,1424,341.96
8804,659,31/12/2015,01/01/2016,0,27,1,1,0,327,30,10035.0,1,1564,2,0,1596,34.77
8805,659,31/12/2015,01/01/2016,0,27,1,1,0,327,30,10035.0,1,985,1,10,219,18.9
8806,4638,19/08/2018,23/08/2018,3,227,227,0,0,430,42,84106.0,3,727,1,3,1629,102.72
8807,1865,12/09/2017,16/09/2017,3,489,504,1,0,493,30,13501.0,1,236,0,9,482,40.48
8808,4691,26/10/2018,31/10/2018,3,358,344,0,0,372,36,19134.0,1,818,1,3,718,33.282
8809,4691,26/10/2018,31/10/2018,3,358,344,0,0,372,36,19134.0,1,1786,2,13,1096,118.65
8810,4691,26/10/2018,31/10/2018,3,358,344,0,0,372,36,19134.0,1,963,1,10,227,14.76
8811,3151,30/05/2018,04/06/2018,3,702,728,1,0,265,3,90004.0,3,1282,1,12,1340,37.52
8812,4539,08/03/2017,13/03/2017,3,708,708,1,0,215,20,49201.0,0,461,1,1,856,207.144
8813,4539,08/03/2017,13/03/2017,3,708,708,1,0,215,20,49201.0,0,559,1,2,1296,13.9
8814,1135,26/07/2016,31/07/2016,3,150,182,1,0,168,1,85301.0,3,101,0,5,1202,266.352
8815,1361,23/11/2016,25/11/2016,2,614,614,0,0,519,6,19805.0,1,1795,2,13,1167,307.98
8816,1361,23/11/2016,25/11/2016,2,614,614,0,0,519,6,19805.0,1,1111,1,12,9,44.1
8817,1361,23/11/2016,25/11/2016,2,614,614,0,0,519,6,19805.0,1,535,1,2,1407,13.12
8818,1361,23/11/2016,25/11/2016,2,614,614,0,0,519,6,19805.0,1,883,1,7,1492,16.56
8819,1361,23/11/2016,25/11/2016,2,614,614,0,0,519,6,19805.0,1,1218,1,12,1822,38.88
8820,1340,28/11/2016,02/12/2016,3,253,276,0,0,25,41,78745.0,0,1216,1,12,1728,335.52
8821,2767,03/11/2018,07/11/2018,3,213,204,0,0,351,8,32839.0,2,1609,2,6,397,959.984
8822,2767,03/11/2018,07/11/2018,3,213,204,0,0,351,8,32839.0,2,760,1,3,268,4.086
8823,2767,03/11/2018,07/11/2018,3,213,204,0,0,351,8,32839.0,2,607,1,2,886,55.984
8824,2767,03/11/2018,07/11/2018,3,213,204,0,0,351,8,32839.0,2,1192,1,12,1708,10.688
8825,3080,21/03/2018,23/03/2018,2,731,735,0,0,395,36,19601.0,1,888,1,7,455,8.856
8826,983,19/12/2016,22/12/2016,0,26,59,0,0,372,36,19134.0,1,986,1,10,180,6.912
8827,4253,02/04/2015,06/04/2015,2,667,666,0,0,207,41,77095.0,0,1195,1,12,1680,26.72
8828,4253,02/04/2015,06/04/2015,2,667,666,0,0,207,41,77095.0,0,1112,1,12,1734,33.488
8829,981,05/06/2016,09/06/2016,3,65,102,1,0,422,23,63301.0,0,1054,1,12,1771,10.56
8830,123,06/10/2015,09/10/2015,0,783,781,1,0,211,12,46203.0,0,1355,1,14,656,386.34
8831,2718,21/08/2017,24/08/2017,2,652,616,1,0,450,45,98115.0,3,791,1,3,240,33.44
8832,1372,15/11/2016,19/11/2016,3,206,243,2,0,190,44,22801.0,2,235,0,9,11,39.96
8833,1473,22/06/2016,27/06/2016,3,727,695,0,0,408,30,14609.0,1,657,1,3,687,1217.568
8834,4789,24/09/2018,28/09/2018,3,427,417,2,0,442,9,30328.0,2,1417,1,14,1541,15.51
8835,4789,24/09/2018,28/09/2018,3,427,417,2,0,442,9,30328.0,2,1799,2,13,1271,89.9
8836,4789,24/09/2018,28/09/2018,3,427,417,2,0,442,9,30328.0,2,489,1,2,287,14.28
8837,4789,24/09/2018,28/09/2018,3,427,417,2,0,442,9,30328.0,2,473,1,2,275,12.72
8838,4789,24/09/2018,28/09/2018,3,427,417,2,0,442,9,30328.0,2,995,1,10,1434,15.75
8839,616,06/04/2015,10/04/2015,2,283,283,1,0,265,3,90004.0,3,527,1,2,360,70.95
8840,616,06/04/2015,10/04/2015,2,283,283,1,0,265,3,90004.0,3,747,1,3,270,65.568
8841,616,06/04/2015,10/04/2015,2,283,283,1,0,265,3,90004.0,3,1575,2,0,1326,299.97
8842,4457,09/02/2017,13/02/2017,3,404,412,1,0,436,3,94110.0,3,1565,2,0,992,89.97
8843,4457,09/02/2017,13/02/2017,3,404,412,1,0,436,3,94110.0,3,1591,2,0,1051,31.86
8844,492,18/11/2015,20/11/2015,2,347,405,1,0,298,21,55407.0,0,1321,1,14,640,67.15
8845,3864,18/12/2018,23/12/2018,3,103,85,0,0,94,33,43229.0,1,811,1,3,662,7.236
8846,3864,18/12/2018,23/12/2018,3,103,85,0,0,94,33,43229.0,1,929,1,8,907,4.824
8847,3864,18/12/2018,23/12/2018,3,103,85,0,0,94,33,43229.0,1,1157,1,12,1832,91.36
8848,3864,18/12/2018,23/12/2018,3,103,85,0,0,94,33,43229.0,1,464,1,1,944,130.112
8849,1309,02/07/2016,04/07/2016,0,279,280,1,0,392,31,27604.0,2,1809,2,13,731,74.24
8850,1309,02/07/2016,04/07/2016,0,279,280,1,0,392,31,27604.0,2,139,0,9,15,159.84
8851,1309,02/07/2016,04/07/2016,0,279,280,1,0,392,31,27604.0,2,835,1,3,1641,2.892
8852,1309,02/07/2016,04/07/2016,0,279,280,1,0,392,31,27604.0,2,1161,1,12,1564,9.392
8853,232,08/10/2015,13/10/2015,2,226,244,0,0,327,30,10011.0,1,1233,1,12,1758,123.92
8854,4307,22/09/2016,25/09/2016,0,289,285,0,0,372,36,19143.0,1,1424,1,15,91,55.6
8855,4307,22/09/2016,25/09/2016,0,289,285,0,0,372,36,19143.0,1,1568,2,0,1024,617.976
8856,4010,24/12/2018,30/12/2018,3,230,205,1,0,290,10,83642.0,3,706,1,3,689,21.312
8857,3464,13/10/2018,20/10/2018,3,410,346,1,0,420,3,95823.0,3,1525,2,0,1009,209.94
8858,3464,13/10/2018,20/10/2018,3,410,346,1,0,420,3,95823.0,3,1801,2,13,151,31.984
8859,3464,13/10/2018,20/10/2018,3,410,346,1,0,420,3,95823.0,3,776,1,3,649,5083.96
8860,4706,20/08/2018,26/08/2018,3,772,761,2,0,74,31,28205.0,2,1799,2,13,1271,35.96
8861,1111,11/09/2016,18/09/2016,3,703,702,2,0,365,28,7501.0,1,951,1,10,213,31.05
8862,1111,11/09/2016,18/09/2016,3,703,702,2,0,365,28,7501.0,1,211,0,9,580,8.92
8863,1111,11/09/2016,18/09/2016,3,703,702,2,0,365,28,7501.0,1,829,1,3,897,209.6
8864,1111,11/09/2016,18/09/2016,3,703,702,2,0,365,28,7501.0,1,454,1,1,630,111.04
8865,1111,11/09/2016,18/09/2016,3,703,702,2,0,365,28,7501.0,1,1058,1,12,1802,38.88
8866,1541,20/12/2016,26/12/2016,3,394,389,0,0,16,44,22204.0,2,447,1,1,53,36.27
8867,236,20/09/2015,23/09/2015,0,665,677,0,0,80,11,60653.0,0,40,0,4,383,493.43
8868,236,20/09/2015,23/09/2015,0,665,677,0,0,80,11,60653.0,0,1757,2,13,1315,11.12
8869,2557,04/11/2017,08/11/2017,3,133,163,0,0,435,3,92037.0,3,1652,2,11,1213,686.4
8870,2796,01/12/2018,06/12/2018,3,691,663,1,0,450,45,98105.0,3,719,1,3,900,15.92
8871,2796,01/12/2018,06/12/2018,3,691,663,1,0,450,45,98105.0,3,137,0,9,590,70.68
8872,2796,01/12/2018,06/12/2018,3,691,663,1,0,450,45,98105.0,3,1378,1,14,1557,541.24
8873,4131,10/10/2015,10/10/2015,1,622,627,0,0,94,33,43229.0,1,1643,2,11,810,101.994
8874,4131,10/10/2015,10/10/2015,1,622,627,0,0,94,33,43229.0,1,737,1,3,1300,18.264
8875,3586,14/11/2018,16/11/2018,2,743,751,0,0,207,41,77095.0,0,784,1,3,1638,21.99
8876,4541,13/08/2017,19/08/2017,3,181,131,0,0,214,41,75061.0,0,1443,1,15,1299,185.376
8877,4541,13/08/2017,19/08/2017,3,181,131,0,0,214,41,75061.0,0,429,1,1,17,58.924
8878,3291,17/09/2018,23/09/2018,3,314,296,0,0,312,28,7960.0,1,1675,2,11,983,480.0
8879,3291,17/09/2018,23/09/2018,3,314,296,0,0,312,28,7960.0,1,1307,1,14,1448,34.05
8880,4294,23/03/2016,25/03/2016,0,40,23,1,0,265,3,90008.0,3,1064,1,12,1524,192.72
8881,4294,23/03/2016,25/03/2016,0,40,23,1,0,265,3,90008.0,3,1475,2,0,1002,239.97
8882,2207,30/06/2017,03/07/2017,2,29,7,2,0,24,11,60505.0,0,1547,2,0,959,50.12
8883,4708,20/10/2018,25/10/2018,3,549,551,1,0,128,31,27707.0,2,1827,2,13,1246,15.984
8884,4708,20/10/2018,25/10/2018,3,549,551,1,0,128,31,27707.0,2,1117,1,12,778,14.352
8885,97,25/08/2015,30/08/2015,3,106,105,1,0,94,33,43229.0,1,717,1,3,1626,6.528
8886,97,25/08/2015,30/08/2015,3,106,105,1,0,94,33,43229.0,1,808,1,3,923,2.862
8887,97,25/08/2015,30/08/2015,3,106,105,1,0,94,33,43229.0,1,726,1,3,413,20.856
8888,782,27/07/2015,30/07/2015,2,64,65,1,0,265,3,90036.0,3,1374,1,14,1365,276.28
8889,2839,01/12/2018,07/12/2018,3,521,515,2,0,464,3,95207.0,3,256,0,9,1531,629.64
8890,2389,17/10/2017,21/10/2017,2,280,281,2,0,93,23,65203.0,0,1796,2,13,1242,449.97
8891,2389,17/10/2017,21/10/2017,2,280,281,2,0,93,23,65203.0,0,442,1,1,857,1927.59
8892,2626,16/09/2017,18/09/2017,0,167,173,2,0,94,9,31907.0,2,65,0,5,769,121.78
8893,921,01/12/2016,06/12/2016,3,453,462,2,0,435,3,92037.0,3,116,0,5,784,2676.672
8894,291,05/08/2015,12/08/2015,3,314,296,0,0,476,41,77590.0,0,326,0,16,1370,489.23
8895,2709,15/08/2017,22/08/2017,3,67,87,0,0,265,3,90004.0,3,288,0,9,1036,312.03
8896,2709,15/08/2017,22/08/2017,3,67,87,0,0,265,3,90004.0,3,1344,1,14,1255,17.94
8897,2709,15/08/2017,22/08/2017,3,67,87,0,0,265,3,90004.0,3,1846,2,13,40,165.6
8898,2709,15/08/2017,22/08/2017,3,67,87,0,0,265,3,90004.0,3,1282,1,12,1340,37.52
8899,1596,07/08/2016,09/08/2016,2,271,271,1,0,462,44,22153.0,2,1814,2,13,163,494.97
8900,1596,07/08/2016,09/08/2016,2,271,271,1,0,462,44,22153.0,2,1008,1,10,209,25.06
8901,2439,31/05/2017,04/06/2017,3,103,85,0,0,116,11,62521.0,0,180,0,9,623,32.064
8902,2439,31/05/2017,04/06/2017,3,103,85,0,0,116,11,62521.0,0,1134,1,12,1681,18.496
8903,2439,31/05/2017,04/06/2017,3,103,85,0,0,116,11,62521.0,0,54,0,5,754,191.079
8904,2439,31/05/2017,04/06/2017,3,103,85,0,0,116,11,62521.0,0,1274,1,12,1807,10.368
8905,4496,01/07/2017,01/07/2017,1,719,709,2,0,327,30,10009.0,1,964,1,10,183,30.53
8906,4496,01/07/2017,01/07/2017,1,719,709,2,0,327,30,10009.0,1,1503,2,0,957,30.84
8907,4496,01/07/2017,01/07/2017,1,719,709,2,0,327,30,10009.0,1,1141,1,12,1468,75.06
8908,2271,18/12/2017,20/12/2017,0,62,36,1,0,436,3,94110.0,3,1729,2,13,889,66.976
8909,896,26/01/2016,01/02/2016,3,268,253,1,0,310,3,92553.0,3,1231,1,12,1782,182.72
8910,3942,28/10/2018,01/11/2018,3,663,720,0,0,146,19,2149.0,1,979,1,10,229,21.93
8911,2812,04/11/2018,08/11/2018,3,122,149,0,0,76,40,37421.0,2,1464,2,0,1008,95.976
8912,2812,04/11/2018,08/11/2018,3,122,149,0,0,76,40,37421.0,2,1680,2,13,1846,143.928
8913,2812,04/11/2018,08/11/2018,3,122,149,0,0,76,40,37421.0,2,820,1,3,1510,3.564
8914,2812,04/11/2018,08/11/2018,3,122,149,0,0,76,40,37421.0,2,973,1,10,188,4.928
8915,4549,09/05/2017,13/05/2017,3,183,185,1,0,25,41,78745.0,0,1342,1,14,871,856.656
8916,4549,09/05/2017,13/05/2017,3,183,185,1,0,25,41,78745.0,0,752,1,3,903,13.184
8917,4549,09/05/2017,13/05/2017,3,183,185,1,0,25,41,78745.0,0,386,1,1,612,48.784
8918,4549,09/05/2017,13/05/2017,3,183,185,1,0,25,41,78745.0,0,1259,1,12,1695,76.64
8919,4549,09/05/2017,13/05/2017,3,183,185,1,0,25,41,78745.0,0,733,1,3,714,18.528
8920,692,02/04/2015,08/04/2015,3,34,45,1,0,498,44,23464.0,2,249,0,9,1032,177.68
8921,399,28/04/2015,03/05/2015,3,236,210,1,0,217,30,14701.0,1,1475,2,0,1002,159.98
8922,2360,04/10/2017,08/10/2017,3,34,45,1,0,101,8,33134.0,2,1798,2,13,1394,52.68
8923,2360,04/10/2017,08/10/2017,3,34,45,1,0,101,8,33134.0,2,239,0,9,1038,11.568
8924,3428,11/06/2018,17/06/2018,3,791,791,0,0,198,31,28601.0,2,695,1,3,73,4.572
8925,2719,30/01/2017,03/02/2017,3,203,207,0,0,411,11,61107.0,0,1835,2,13,1162,1439.968
8926,2719,30/01/2017,03/02/2017,3,203,207,0,0,411,11,61107.0,0,658,1,3,236,1.728
8927,2719,30/01/2017,03/02/2017,3,203,207,0,0,411,11,61107.0,0,366,0,16,369,626.1
8928,1353,27/09/2016,29/09/2016,2,713,674,1,0,450,45,98103.0,3,543,1,2,1141,99.2
8929,4419,13/04/2016,17/04/2016,3,290,286,0,0,209,41,77340.0,0,321,0,16,426,609.98
8930,4419,13/04/2016,17/04/2016,3,290,286,0,0,209,41,77340.0,0,342,0,16,906,211.372
8931,4419,13/04/2016,17/04/2016,3,290,286,0,0,209,41,77340.0,0,1710,2,13,156,239.976
8932,3603,18/12/2018,24/12/2018,3,319,318,1,0,297,47,53209.0,0,173,0,9,1561,99.95
8933,3603,18/12/2018,24/12/2018,3,319,318,1,0,297,47,53209.0,0,1524,2,0,1056,29.34
8934,1705,14/03/2017,19/03/2017,3,706,701,1,0,177,47,54302.0,0,268,0,9,1609,16.74
8935,3349,27/08/2018,27/08/2018,1,101,78,1,0,372,36,19120.0,1,1054,1,12,1771,12.672
8936,3349,27/08/2018,27/08/2018,1,101,78,1,0,372,36,19120.0,1,1509,2,0,1015,1119.888
8937,1224,17/12/2016,19/12/2016,2,592,591,0,0,265,3,90008.0,3,604,1,2,1405,204.85
8938,1224,17/12/2016,19/12/2016,2,592,591,0,0,265,3,90008.0,3,1855,2,13,1239,135.984
8939,1224,17/12/2016,19/12/2016,2,592,591,0,0,265,3,90008.0,3,535,1,2,1407,16.4
8940,1224,17/12/2016,19/12/2016,2,592,591,0,0,265,3,90008.0,3,721,1,3,233,92.96
8941,373,22/08/2015,24/08/2015,2,400,366,0,0,337,8,33161.0,2,1445,1,15,97,7.632
8942,2575,03/11/2017,05/11/2017,0,577,558,0,0,387,35,97206.0,3,749,1,3,266,4.158
8943,2575,03/11/2017,05/11/2017,0,577,558,0,0,387,35,97206.0,3,1657,2,11,1214,179.991
8944,2992,10/10/2018,16/10/2018,3,724,681,0,0,24,11,60505.0,0,71,0,5,836,239.358
8945,626,07/12/2015,08/12/2015,0,260,265,2,0,436,3,94109.0,3,1018,1,12,779,164.88
8946,347,15/11/2015,17/11/2015,2,671,682,1,0,436,3,94110.0,3,1431,1,15,102,10.95
8947,3713,24/12/2018,28/12/2018,3,556,567,1,0,323,19,2740.0,1,1145,1,12,1809,19.44
8948,3713,24/12/2018,28/12/2018,3,556,567,1,0,323,19,2740.0,1,645,1,3,271,12.3
8949,397,24/12/2015,26/12/2015,0,52,5,0,0,435,3,92037.0,3,446,1,1,297,13.97
8950,3754,22/12/2018,28/12/2018,3,383,340,0,0,215,40,38301.0,2,349,0,16,322,934.956
8951,3754,22/12/2018,28/12/2018,3,383,340,0,0,215,40,38301.0,2,1483,2,0,994,46.864
8952,3754,22/12/2018,28/12/2018,3,383,340,0,0,215,40,38301.0,2,1322,1,14,472,26.16
8953,3754,22/12/2018,28/12/2018,3,383,340,0,0,215,40,38301.0,2,516,1,2,1131,23.128
8954,3754,22/12/2018,28/12/2018,3,383,340,0,0,215,40,38301.0,2,445,1,1,819,59.24
8955,653,08/08/2015,10/08/2015,2,778,783,0,0,216,8,32216.0,2,3,0,4,1180,155.456
8956,315,20/09/2015,24/09/2015,3,322,329,1,0,435,3,92024.0,3,1273,1,12,1684,8.56
8957,2879,25/12/2018,28/12/2018,0,368,360,0,0,197,8,33012.0,2,316,0,9,551,21.0
8958,2879,25/12/2018,28/12/2018,0,368,360,0,0,197,8,33012.0,2,1675,2,11,983,120.0
8959,3744,25/11/2018,30/11/2018,3,651,650,0,0,207,41,77070.0,0,1806,2,13,344,299.96
8960,3744,25/11/2018,30/11/2018,3,651,650,0,0,207,41,77070.0,0,436,1,1,639,67.84
8961,3744,25/11/2018,30/11/2018,3,651,650,0,0,207,41,77070.0,0,84,0,5,837,853.93
8962,3744,25/11/2018,30/11/2018,3,651,650,0,0,207,41,77070.0,0,528,1,2,254,18.688
8963,2540,05/11/2017,07/11/2017,0,480,473,0,0,498,44,23464.0,2,304,0,9,25,273.96
8964,2540,05/11/2017,07/11/2017,0,480,473,0,0,498,44,23464.0,2,1458,2,0,1086,89.97
8965,2540,05/11/2017,07/11/2017,0,480,473,0,0,498,44,23464.0,2,273,0,9,1536,756.8
8966,2896,06/11/2018,12/11/2018,3,131,156,0,0,207,41,77070.0,0,643,1,3,1841,1.248
8967,2188,03/11/2017,07/11/2017,3,401,407,2,0,372,36,19120.0,1,1478,2,0,1106,72.0
8968,2188,03/11/2017,07/11/2017,3,401,407,2,0,372,36,19120.0,1,133,0,5,326,470.155
8969,750,30/12/2015,01/01/2016,0,201,236,0,0,287,40,38109.0,2,1372,1,14,1551,39.128
8970,3881,02/12/2018,07/12/2018,3,278,270,1,0,240,33,44107.0,1,525,1,2,1352,19.728
8971,3881,02/12/2018,07/12/2018,3,278,270,1,0,240,33,44107.0,1,1842,2,13,41,151.188
8972,3199,24/03/2018,28/03/2018,3,544,497,0,0,327,30,10011.0,1,59,0,5,735,271.764
8973,4230,19/11/2015,21/11/2015,0,635,658,0,0,372,36,19120.0,1,1544,2,0,996,47.496
8974,3917,25/04/2018,27/04/2018,2,647,639,0,0,265,3,90008.0,3,47,0,4,390,344.981
8975,3863,23/11/2018,26/11/2018,0,399,362,1,0,109,41,75220.0,0,1049,1,12,1815,36.288
8976,3863,23/11/2018,26/11/2018,0,399,362,1,0,109,41,75220.0,0,1191,1,12,1729,78.304
8977,3863,23/11/2018,26/11/2018,0,399,362,1,0,109,41,75220.0,0,351,0,16,976,127.785
8978,3863,23/11/2018,26/11/2018,0,399,362,1,0,109,41,75220.0,0,786,1,3,136,6.104
8979,231,03/11/2015,05/11/2015,2,224,221,1,0,348,28,7050.0,1,658,1,3,236,5.76
8980,1440,19/10/2016,24/10/2016,2,171,122,0,0,109,41,75220.0,0,654,1,3,264,1.72
8981,109,06/02/2015,10/02/2015,2,219,219,0,0,415,11,60441.0,0,686,1,3,243,8.952
8982,1827,06/03/2017,12/03/2017,3,450,456,0,0,80,11,60623.0,0,411,1,1,459,2.334
8983,1827,06/03/2017,12/03/2017,3,450,456,0,0,80,11,60623.0,0,833,1,3,1249,1.728
8984,1827,06/03/2017,12/03/2017,3,450,456,0,0,80,11,60623.0,0,270,0,9,558,159.04
8985,1827,06/03/2017,12/03/2017,3,450,456,0,0,80,11,60623.0,0,322,0,16,321,145.98
8986,1077,03/12/2016,07/12/2016,3,364,339,0,0,216,31,28540.0,2,145,0,9,1442,77.952
8987,1077,03/12/2016,07/12/2016,3,364,339,0,0,216,31,28540.0,2,707,1,3,683,95.97
8988,1077,03/12/2016,07/12/2016,3,364,339,0,0,216,31,28540.0,2,1736,2,13,1240,105.584
8989,1077,03/12/2016,07/12/2016,3,364,339,0,0,216,31,28540.0,2,612,1,2,1117,9.344
8990,4333,24/12/2016,30/12/2016,3,328,322,1,0,462,23,65807.0,0,244,0,9,584,9.68
8991,4333,24/12/2016,30/12/2016,3,328,322,1,0,462,23,65807.0,0,1610,2,6,400,4899.93
8992,4812,01/10/2018,06/10/2018,3,755,734,2,0,436,3,94110.0,3,1590,2,0,1459,104.75
8993,3912,16/10/2018,21/10/2018,3,783,781,1,0,93,40,38401.0,2,1561,2,0,1077,18.528
8994,3912,16/10/2018,21/10/2018,3,783,781,1,0,93,40,38401.0,2,338,0,16,285,1875.258
8995,116,15/08/2015,17/08/2015,0,176,155,0,0,202,8,33021.0,2,1040,1,12,1743,91.36
8996,116,15/08/2015,17/08/2015,0,176,155,0,0,202,8,33021.0,2,468,1,1,661,152.24
8997,4712,11/11/2018,13/11/2018,0,591,586,0,0,109,41,75081.0,0,1842,2,13,1221,35.184
8998,3210,20/03/2018,20/03/2018,1,321,321,0,0,207,41,77041.0,0,1048,1,12,537,56.704
8999,3210,20/03/2018,20/03/2018,1,321,321,0,0,207,41,77041.0,0,1168,1,12,1700,274.064
9000,3503,13/05/2018,17/05/2018,3,515,539,2,0,372,36,19140.0,1,70,0,5,1207,458.43
9001,405,22/06/2015,22/06/2015,1,735,750,0,0,373,1,85023.0,3,697,1,3,1480,8.226
9002,57,02/12/2015,09/12/2015,3,268,253,1,0,442,9,30328.0,2,1462,2,0,962,5.95
9003,57,02/12/2015,09/12/2015,3,268,253,1,0,442,9,30328.0,2,1156,1,12,1325,15.24
9004,821,05/04/2016,06/04/2016,1,361,359,0,0,460,45,99207.0,3,1505,2,0,1404,239.94
9005,821,05/04/2016,06/04/2016,1,361,359,0,0,460,45,99207.0,3,554,1,2,532,23.84
9006,2925,18/11/2018,18/11/2018,1,553,575,1,0,297,47,53209.0,0,1334,1,14,508,92.52
9007,2925,18/11/2018,18/11/2018,1,553,575,1,0,297,47,53209.0,0,1317,1,14,461,37.76
9008,2925,18/11/2018,18/11/2018,1,553,575,1,0,297,47,53209.0,0,994,1,10,194,7.38
9009,2925,18/11/2018,18/11/2018,1,553,575,1,0,297,47,53209.0,0,143,0,9,728,5.82
9010,2889,12/07/2018,18/07/2018,3,171,122,0,0,147,33,45014.0,1,1073,1,12,1649,3.816
9011,3312,19/05/2018,23/05/2018,3,559,562,1,0,209,0,35810.0,2,713,1,3,1630,26.16
9012,1265,20/12/2016,21/12/2016,0,255,257,2,0,207,41,77036.0,0,1578,2,0,888,100.8
9013,1997,21/02/2017,22/02/2017,0,245,267,1,0,327,30,10011.0,1,197,0,9,673,135.8
9014,3598,18/03/2018,22/03/2018,3,98,69,1,0,265,3,90008.0,3,559,1,2,1296,13.9
9015,3598,18/03/2018,22/03/2018,3,98,69,1,0,265,3,90008.0,3,880,1,7,1247,19.4
9016,2151,17/12/2017,23/12/2017,3,576,574,1,0,65,29,88220.0,3,703,1,3,899,13.488
9017,2151,17/12/2017,23/12/2017,3,576,574,1,0,65,29,88220.0,3,670,1,3,691,11.416
9018,2611,26/03/2017,28/03/2017,2,544,497,0,0,380,10,83201.0,3,1133,1,12,108,17.64
9019,2611,26/03/2017,28/03/2017,2,544,497,0,0,380,10,83201.0,3,730,1,3,1632,17.04
9020,7,16/12/2015,18/12/2015,2,458,452,0,0,462,44,22153.0,2,1492,2,0,420,99.98
9021,7,16/12/2015,18/12/2015,2,458,452,0,0,462,44,22153.0,2,218,0,9,1586,29.46
9022,1155,15/11/2016,20/11/2016,3,783,781,1,0,483,33,43615.0,1,727,1,3,1629,166.92
9023,4543,22/08/2017,23/08/2017,0,744,762,2,0,152,4,80525.0,3,206,0,9,503,98.328
9024,1623,29/06/2016,02/07/2016,0,688,696,0,0,327,30,10024.0,1,70,0,5,1207,117.882
9025,1704,26/06/2017,02/07/2017,3,783,781,1,0,327,30,10035.0,1,1515,2,0,137,20.97
9026,1704,26/06/2017,02/07/2017,3,783,781,1,0,327,30,10035.0,1,1467,2,0,1254,139.96
9027,1704,26/06/2017,02/07/2017,3,783,781,1,0,327,30,10035.0,1,281,0,9,486,37.74
9028,4580,17/09/2017,22/09/2017,3,603,589,0,0,281,19,1752.0,1,231,0,9,393,14.82
9029,4580,17/09/2017,22/09/2017,3,603,589,0,0,281,19,1752.0,1,311,0,9,881,191.82
9030,451,18/07/2015,23/07/2015,3,383,340,0,0,326,30,10801.0,1,726,1,3,413,13.904
9031,3315,01/09/2018,01/09/2018,1,660,634,1,0,450,45,98103.0,3,395,1,1,860,314.6
9032,3315,01/09/2018,01/09/2018,1,660,634,1,0,450,45,98103.0,3,344,0,16,942,283.56
9033,2882,22/06/2018,26/06/2018,3,623,629,2,0,123,20,48227.0,0,55,0,5,838,487.96
9034,603,02/09/2015,07/09/2015,3,669,671,0,0,150,2,72701.0,2,691,1,3,685,1793.98
9035,1416,01/10/2016,05/10/2016,3,269,262,0,0,391,11,62301.0,0,765,1,3,83,2.992
9036,1416,01/10/2016,05/10/2016,3,269,262,0,0,391,11,62301.0,0,1566,2,0,975,108.768
9037,1629,07/04/2016,10/04/2016,0,653,624,0,0,327,30,10035.0,1,1164,1,12,1704,25.92
9038,1629,07/04/2016,10/04/2016,0,653,624,0,0,327,30,10035.0,1,1360,1,14,1658,22.58
9039,3879,21/11/2018,21/11/2018,1,334,328,0,0,207,41,77095.0,0,1811,2,13,1098,55.176
9040,1932,17/12/2017,21/12/2017,3,6,6,0,0,123,20,48205.0,0,657,1,3,687,9892.74
9041,450,19/09/2015,24/09/2015,3,559,562,1,0,72,1,85224.0,3,371,0,16,826,73.915
9042,180,28/09/2015,03/10/2015,3,788,788,0,0,202,8,33021.0,2,148,0,9,510,337.088
9043,1652,22/09/2016,26/09/2016,2,527,550,1,0,265,3,90049.0,3,465,1,1,945,61.44
9044,2729,07/11/2017,13/11/2017,3,519,491,1,0,436,3,94122.0,3,1570,2,0,1105,479.97
9045,3495,16/12/2018,20/12/2018,2,435,413,1,0,467,3,94086.0,3,765,1,3,83,5.984
9046,3495,16/12/2018,20/12/2018,2,435,413,1,0,467,3,94086.0,3,1465,2,0,917,189.95
9047,3495,16/12/2018,20/12/2018,2,435,413,1,0,467,3,94086.0,3,1458,2,0,1086,149.95
9048,3495,16/12/2018,20/12/2018,2,435,413,1,0,467,3,94086.0,3,541,1,2,374,29.95
9049,3495,16/12/2018,20/12/2018,2,435,413,1,0,467,3,94086.0,3,989,1,10,181,44.4
9050,285,21/09/2015,25/09/2015,3,698,675,2,0,327,30,10011.0,1,564,1,2,352,66.03
9051,1621,18/05/2016,22/05/2016,3,36,51,1,0,265,3,90004.0,3,1228,1,12,1646,10.86
9052,502,26/03/2015,31/03/2015,2,210,187,1,0,436,3,94122.0,3,616,1,2,1112,3.36
9053,502,26/03/2015,31/03/2015,2,210,187,1,0,436,3,94122.0,3,767,1,3,1636,27.936
9054,502,26/03/2015,31/03/2015,2,210,187,1,0,436,3,94122.0,3,1831,2,13,781,28.784
9055,3074,22/09/2018,28/09/2018,3,89,83,0,0,444,3,92704.0,3,1429,1,15,669,21.96
9056,1147,12/09/2016,17/09/2016,2,136,176,0,0,450,45,98103.0,3,1576,2,0,1067,21.98
9057,1561,02/11/2016,04/11/2016,0,255,257,2,0,327,30,10011.0,1,82,0,5,849,2621.322
9058,1419,20/10/2016,24/10/2016,3,721,717,0,0,265,3,90045.0,3,257,0,9,1178,74.76
9059,1419,20/10/2016,24/10/2016,3,721,717,0,0,265,3,90045.0,3,324,0,16,1369,364.776
9060,2160,14/06/2017,18/06/2017,3,50,54,1,0,450,45,98103.0,3,372,0,16,848,1115.17
9061,1256,20/11/2016,21/11/2016,0,175,148,1,0,435,3,92024.0,3,753,1,3,1253,89.696
9062,1256,20/11/2016,21/11/2016,0,175,148,1,0,435,3,92024.0,3,980,1,10,192,50.12
9063,1692,28/02/2017,06/03/2017,3,656,633,1,0,327,30,10035.0,1,936,1,8,1498,36.48
9064,4237,14/10/2015,20/10/2015,3,68,99,0,0,80,11,60653.0,0,1175,1,12,1739,322.192
9065,4237,14/10/2015,20/10/2015,3,68,99,0,0,80,11,60653.0,0,653,1,3,1304,2.946
9066,4237,14/10/2015,20/10/2015,3,68,99,0,0,80,11,60653.0,0,1087,1,12,1687,19.136
9067,3802,26/05/2018,30/05/2018,3,93,118,0,0,190,44,22801.0,2,1471,2,0,1599,23.08
9068,2436,04/02/2017,10/02/2017,3,536,489,0,0,412,18,20852.0,1,1792,2,13,39,90.48
9069,1759,02/09/2017,05/09/2017,2,90,75,0,0,121,45,98198.0,3,100,0,5,759,215.976
9070,1759,02/09/2017,05/09/2017,2,90,75,0,0,121,45,98198.0,3,886,1,7,925,65.94
9071,3697,04/12/2018,05/12/2018,0,426,426,1,0,372,36,19134.0,1,201,0,9,391,11.352
9072,1251,12/06/2016,16/06/2016,3,729,667,2,0,94,12,47201.0,0,1369,1,14,1332,24.56
9073,2310,04/09/2017,08/09/2017,3,485,537,0,0,462,23,65807.0,0,883,1,7,1492,16.56
9074,2310,04/09/2017,08/09/2017,3,485,537,0,0,462,23,65807.0,0,1459,2,0,1462,279.95
9075,434,21/04/2015,26/04/2015,3,196,235,1,0,194,15,42420.0,2,1374,1,14,1365,828.84
9076,4345,05/11/2016,08/11/2016,0,126,159,0,0,240,33,44107.0,1,664,1,3,924,7.218
9077,4345,05/11/2016,08/11/2016,0,126,159,0,0,240,33,44107.0,1,1451,1,15,101,27.2
9078,4180,03/11/2015,07/11/2015,3,708,708,1,0,346,25,68104.0,0,1555,2,0,303,89.97
9079,1782,16/02/2017,23/02/2017,3,313,305,0,0,194,15,42420.0,2,270,0,9,558,318.08
9080,1782,16/02/2017,23/02/2017,3,313,305,0,0,194,15,42420.0,2,735,1,3,1643,5.8
9081,4061,11/09/2018,13/09/2018,2,431,440,1,0,444,3,92704.0,3,1776,2,13,1222,143.952
9082,4061,11/09/2018,13/09/2018,2,431,440,1,0,444,3,92704.0,3,1164,1,12,1704,19.44
9083,4104,02/11/2018,06/11/2018,3,85,68,0,0,462,44,22153.0,2,477,1,2,1123,5.56
9084,836,06/02/2016,08/02/2016,0,466,476,1,0,465,44,23434.0,2,1372,1,14,1551,146.73
9085,836,06/02/2016,08/02/2016,0,466,476,1,0,465,44,23434.0,2,1186,1,12,1705,29.9
9086,2066,10/09/2017,12/09/2017,2,238,229,0,0,265,3,90049.0,3,817,1,3,893,276.784
9087,2320,26/09/2017,30/09/2017,3,470,467,1,0,207,41,77041.0,0,410,1,1,862,93.032
9088,2320,26/09/2017,30/09/2017,3,470,467,1,0,207,41,77041.0,0,56,0,5,813,454.965
9089,1439,15/12/2016,20/12/2016,3,656,633,1,0,68,31,27511.0,2,1721,2,13,443,246.168
9090,2144,17/09/2017,20/09/2017,2,767,771,0,0,462,33,45503.0,1,1379,1,14,1379,295.4
9091,4849,13/10/2018,15/10/2018,0,31,13,0,0,266,15,40214.0,2,1381,1,14,1571,348.56
9092,1590,28/06/2016,03/07/2016,2,242,237,1,0,486,33,45373.0,1,1207,1,12,1790,15.552
9093,1590,28/06/2016,03/07/2016,2,242,237,1,0,486,33,45373.0,1,14,0,4,1426,482.94
9094,4341,01/06/2016,05/06/2016,3,38,62,0,0,123,20,48227.0,0,1715,2,13,1284,299.98
9095,4341,01/06/2016,05/06/2016,3,38,62,0,0,123,20,48227.0,0,812,1,3,421,403.68
9096,4341,01/06/2016,05/06/2016,3,38,62,0,0,123,20,48227.0,0,1716,2,13,1844,41.9
9097,4341,01/06/2016,05/06/2016,3,38,62,0,0,123,20,48227.0,0,1001,1,10,199,28.91
9098,4255,12/04/2015,17/04/2015,3,721,717,0,0,41,12,47401.0,0,1035,1,12,1808,32.4
9099,3800,12/10/2018,16/10/2018,3,502,508,2,0,109,41,75081.0,0,1752,2,13,446,369.544
9100,3800,12/10/2018,16/10/2018,3,502,508,2,0,109,41,75081.0,0,1138,1,12,1784,10.368
9101,3800,12/10/2018,16/10/2018,3,502,508,2,0,109,41,75081.0,0,1546,2,0,1268,791.88
9102,1595,07/11/2016,12/11/2016,3,6,6,0,0,207,41,77041.0,0,526,1,2,1030,23.64
9103,1595,07/11/2016,12/11/2016,3,6,6,0,0,207,41,77041.0,0,1351,1,14,775,84.784
9104,1595,07/11/2016,12/11/2016,3,6,6,0,0,207,41,77041.0,0,142,0,9,1538,64.96
9105,1595,07/11/2016,12/11/2016,3,6,6,0,0,207,41,77041.0,0,655,1,3,265,32.06
9106,1595,07/11/2016,12/11/2016,3,6,6,0,0,207,41,77041.0,0,1295,1,14,654,177.648
9107,1595,07/11/2016,12/11/2016,3,6,6,0,0,207,41,77041.0,0,1627,2,11,402,287.91
9108,1209,25/05/2016,28/05/2016,0,527,550,1,0,186,41,76117.0,0,1439,1,15,670,22.368
9109,1209,25/05/2016,28/05/2016,0,527,550,1,0,186,41,76117.0,0,1155,1,12,1767,32.368
9110,1209,25/05/2016,28/05/2016,0,527,550,1,0,186,41,76117.0,0,1549,2,0,999,207.984
9111,388,13/10/2015,15/10/2015,0,483,531,2,0,405,44,23223.0,2,882,1,7,1245,36.4
9112,388,13/10/2015,15/10/2015,0,483,531,2,0,405,44,23223.0,2,1498,2,0,1397,22.96
9113,388,13/10/2015,15/10/2015,0,483,531,2,0,405,44,23223.0,2,1396,1,14,1476,315.2
9114,388,13/10/2015,15/10/2015,0,483,531,2,0,405,44,23223.0,2,738,1,3,1639,15.18
9115,2206,07/02/2017,10/02/2017,2,251,263,1,0,265,3,90049.0,3,1830,2,13,1099,623.96
9116,3804,19/01/2018,24/01/2018,2,575,565,0,0,372,36,19140.0,1,1741,2,13,1620,429.6
9117,3804,19/01/2018,24/01/2018,2,575,565,0,0,372,36,19140.0,1,235,0,9,11,31.968
9118,3804,19/01/2018,24/01/2018,2,575,565,0,0,372,36,19140.0,1,53,0,5,738,887.271
9119,3804,19/01/2018,24/01/2018,2,575,565,0,0,372,36,19140.0,1,1227,1,12,1515,21.696
9120,4591,06/06/2017,12/06/2017,3,627,651,2,0,265,3,90036.0,3,953,1,10,195,22.05
9121,4591,06/06/2017,12/06/2017,3,627,651,2,0,265,3,90036.0,3,1028,1,12,1831,99.9
9122,3188,18/03/2018,20/03/2018,2,376,353,1,0,265,3,90032.0,3,385,1,1,636,90.86
9123,3982,24/11/2018,24/11/2018,1,607,590,0,0,436,3,94109.0,3,1154,1,12,1467,7.78
9124,4599,26/11/2017,28/11/2017,2,258,261,0,0,372,36,19120.0,1,772,1,3,330,78.759
9125,2107,18/08/2017,20/08/2017,2,482,502,2,0,207,41,77070.0,0,204,0,9,1496,9.552
9126,2107,18/08/2017,20/08/2017,2,482,502,2,0,207,41,77070.0,0,152,0,9,1197,5.344
9127,1529,28/11/2016,03/12/2016,3,483,531,2,0,244,29,88001.0,3,618,1,2,276,8.28
9128,3002,25/05/2018,01/06/2018,3,386,365,0,0,207,41,77070.0,0,1358,1,14,926,50.136
9129,4840,04/09/2018,05/09/2018,0,51,2,1,0,398,35,97756.0,3,756,1,3,269,88.074
9130,2141,24/03/2017,26/03/2017,2,199,188,0,0,86,33,44105.0,1,41,0,4,1188,301.47
9131,2141,24/03/2017,26/03/2017,2,199,188,0,0,86,33,44105.0,1,486,1,2,885,18.656
9132,2749,28/05/2018,01/06/2018,3,496,522,1,0,246,18,20707.0,1,183,0,9,493,27.46
9133,2749,28/05/2018,01/06/2018,3,496,522,1,0,246,18,20707.0,1,407,1,1,628,125.13
9134,1538,31/08/2016,04/09/2016,3,643,632,2,0,435,3,92037.0,3,1840,2,13,1569,555.96
9135,2037,12/04/2017,17/04/2017,3,732,743,1,0,520,31,27893.0,2,1340,1,14,632,129.552
9136,2037,12/04/2017,17/04/2017,3,732,743,1,0,520,31,27893.0,2,1292,1,14,633,51.984
9137,2037,12/04/2017,17/04/2017,3,732,743,1,0,520,31,27893.0,2,1075,1,12,1522,10.272
9138,273,02/02/2015,09/02/2015,3,250,260,0,0,427,8,33710.0,2,662,1,3,1520,18.336
9139,273,02/02/2015,09/02/2015,3,250,260,0,0,427,8,33710.0,2,1792,2,13,39,180.96
9140,93,02/09/2015,08/09/2015,3,93,118,0,0,57,11,60089.0,0,1476,2,0,1020,475.944
9141,3218,30/09/2018,02/10/2018,2,114,101,2,0,265,3,90049.0,3,1530,2,0,1327,159.98
9142,2264,05/09/2017,07/09/2017,0,291,291,1,0,327,30,10011.0,1,1824,2,13,966,43.6
9143,4909,20/05/2018,26/05/2018,3,630,630,0,0,245,26,89115.0,3,803,1,3,1634,8.288
9144,4909,20/05/2018,26/05/2018,3,630,630,0,0,245,26,89115.0,3,1830,2,13,1099,1123.128
9145,4909,20/05/2018,26/05/2018,3,630,630,0,0,245,26,89115.0,3,385,1,1,636,64.9
9146,1123,20/09/2016,24/09/2016,3,756,740,0,0,319,11,60540.0,0,642,1,3,82,2.808
9147,4626,23/01/2017,27/01/2017,3,127,167,1,0,60,43,55273.322402696904,1,1542,2,0,1016,99.98
9148,4626,23/01/2017,27/01/2017,3,127,167,1,0,60,43,55273.322402696904,1,581,1,2,27,8.04
9149,4626,23/01/2017,27/01/2017,3,127,167,1,0,60,43,55273.322402696904,1,1347,1,14,904,1564.29
9150,4250,01/06/2015,06/06/2015,3,615,615,1,0,123,20,48234.0,0,712,1,3,1633,138.56
9151,4250,01/06/2015,06/06/2015,3,615,615,1,0,123,20,48234.0,0,470,1,1,52,65.52
9152,4292,24/09/2016,29/09/2016,2,438,446,0,0,26,1,85323.0,3,571,1,2,528,14.576
9153,4292,24/09/2016,29/09/2016,2,438,446,0,0,26,1,85323.0,3,1526,2,0,790,23.2
9154,4292,24/09/2016,29/09/2016,2,438,446,0,0,26,1,85323.0,3,513,1,2,1122,16.464
9155,2168,01/08/2017,03/08/2017,2,437,442,0,0,372,36,19140.0,1,311,0,9,552,19.312
9156,33,23/01/2015,28/01/2015,3,337,335,0,0,245,26,89115.0,3,1129,1,12,1737,40.08
9157,418,04/08/2015,08/08/2015,3,519,491,1,0,29,17,4401.0,1,401,1,1,609,101.96
9158,418,04/08/2015,08/08/2015,3,519,491,1,0,29,17,4401.0,1,1260,1,12,1471,259.74
9159,418,04/08/2015,08/08/2015,3,519,491,1,0,29,17,4401.0,1,1531,2,0,1052,255.42
9160,1961,09/08/2017,14/08/2017,3,298,292,2,0,195,40,37075.0,2,769,1,3,1577,4.338
9161,1961,09/08/2017,14/08/2017,3,298,292,2,0,195,40,37075.0,2,823,1,3,239,11.88
9162,2590,08/12/2017,12/12/2017,3,26,59,0,0,132,47,54703.0,0,32,0,4,387,405.86
9163,2590,08/12/2017,12/12/2017,3,26,59,0,0,132,47,54703.0,0,89,0,5,842,680.01
9164,1604,08/06/2016,12/06/2016,3,504,511,0,0,80,11,60610.0,0,1558,2,0,1050,2.376
9165,1604,08/06/2016,12/06/2016,3,504,511,0,0,80,11,60610.0,0,453,1,1,868,143.128
9166,1671,24/06/2017,26/06/2017,2,516,514,0,0,435,3,92037.0,3,1626,2,11,1218,4476.8
9167,1671,24/06/2017,26/06/2017,2,516,514,0,0,435,3,92037.0,3,1046,1,12,1671,104.85
9168,1671,24/06/2017,26/06/2017,2,516,514,0,0,435,3,92037.0,3,400,1,1,34,241.44
9169,2287,15/03/2017,19/03/2017,3,694,673,2,0,215,22,39212.0,2,1143,1,12,1752,319.76
9170,2287,15/03/2017,19/03/2017,3,694,673,2,0,215,22,39212.0,2,1143,1,12,1752,45.68
9171,4590,01/12/2017,01/12/2017,1,449,451,2,0,356,3,93030.0,3,155,0,9,1537,31.96
9172,4590,01/12/2017,01/12/2017,1,449,451,2,0,356,3,93030.0,3,1099,1,12,1667,47.9
9173,4590,01/12/2017,01/12/2017,1,449,451,2,0,356,3,93030.0,3,1363,1,14,1425,1112.94
9174,4590,01/12/2017,01/12/2017,1,449,451,2,0,356,3,93030.0,3,855,1,7,5,22.92
9175,3135,12/06/2018,14/06/2018,2,665,677,0,0,225,45,98031.0,3,1776,2,13,1222,71.976
9176,3135,12/06/2018,14/06/2018,2,665,677,0,0,225,45,98031.0,3,1115,1,12,1797,19.44
9177,1948,19/03/2017,24/03/2017,3,135,172,1,0,321,40,37211.0,2,684,1,3,901,31.086
9178,2703,14/11/2017,18/11/2017,3,229,198,0,0,327,30,10035.0,1,1804,2,13,1451,13.98
9179,2703,14/11/2017,18/11/2017,3,229,198,0,0,327,30,10035.0,1,527,1,2,360,23.65
9180,3867,07/08/2018,11/08/2018,3,386,365,0,0,515,3,92683.0,3,1767,2,13,1290,707.88
9181,3867,07/08/2018,11/08/2018,3,386,365,0,0,515,3,92683.0,3,771,1,3,410,11.952
9182,3867,07/08/2018,11/08/2018,3,386,365,0,0,515,3,92683.0,3,646,1,3,1062,31.128
9183,3867,07/08/2018,11/08/2018,3,386,365,0,0,515,3,92683.0,3,1592,2,0,1463,55.76
9184,3867,07/08/2018,11/08/2018,3,386,365,0,0,515,3,92683.0,3,1144,1,12,1662,24.56
9185,3867,07/08/2018,11/08/2018,3,386,365,0,0,515,3,92683.0,3,310,0,9,880,51.75
9186,3867,07/08/2018,11/08/2018,3,386,365,0,0,515,3,92683.0,3,86,0,5,748,207.184
9187,3867,07/08/2018,11/08/2018,3,386,365,0,0,515,3,92683.0,3,429,1,1,17,1473.1
9188,4337,21/08/2016,25/08/2016,3,700,686,2,0,6,36,18103.0,1,1433,1,15,1495,3.488
9189,4337,21/08/2016,25/08/2016,3,700,686,2,0,6,36,18103.0,1,1463,2,0,1374,21.728
9190,4337,21/08/2016,25/08/2016,3,700,686,2,0,6,36,18103.0,1,1374,1,14,1365,663.072
9191,4337,21/08/2016,25/08/2016,3,700,686,2,0,6,36,18103.0,1,826,1,3,681,99.588
9192,4337,21/08/2016,25/08/2016,3,700,686,2,0,6,36,18103.0,1,1222,1,12,1768,49.568
9193,1323,02/11/2016,07/11/2016,3,64,65,1,0,432,41,78207.0,0,694,1,3,698,29.372
9194,1323,02/11/2016,07/11/2016,3,64,65,1,0,432,41,78207.0,0,1758,2,13,48,344.704
9195,547,30/11/2015,06/12/2015,3,584,608,0,0,26,1,85323.0,3,1432,1,15,94,47.992
9196,547,30/11/2015,06/12/2015,3,584,608,0,0,26,1,85323.0,3,1532,2,0,1066,102.24
9197,43,10/05/2015,15/05/2015,3,306,310,0,0,438,3,95123.0,3,1260,1,12,1471,39.96
9198,43,10/05/2015,15/05/2015,3,306,310,0,0,438,3,95123.0,3,1741,2,13,1620,1432.0
9199,43,10/05/2015,15/05/2015,3,306,310,0,0,438,3,95123.0,3,1453,1,15,87,41.04
9200,43,10/05/2015,15/05/2015,3,306,310,0,0,438,3,95123.0,3,87,0,5,851,256.784
9201,2470,17/10/2017,20/10/2017,0,574,568,0,0,370,28,8861.0,1,6,0,4,1187,120.98
9202,2470,17/10/2017,20/10/2017,0,574,568,0,0,370,28,8861.0,1,828,1,3,701,315.98
9203,2488,30/10/2017,03/11/2017,3,257,249,1,0,327,30,10011.0,1,838,1,3,693,28.752
9204,2488,30/10/2017,03/11/2017,3,257,249,1,0,327,30,10011.0,1,623,1,2,361,114.95
9205,1732,01/12/2017,05/12/2017,3,285,289,1,0,265,3,90004.0,3,506,1,2,1406,23.04
9206,2375,21/04/2017,21/04/2017,1,115,111,0,0,296,5,6460.0,1,631,1,2,458,15.48
9207,2375,21/04/2017,21/04/2017,1,115,111,0,0,296,5,6460.0,1,1232,1,12,1803,51.84
9208,3552,03/08/2018,07/08/2018,3,6,6,0,0,41,11,61701.0,0,1473,2,0,952,39.816
9209,3571,03/08/2018,08/08/2018,2,670,680,1,0,450,45,98105.0,3,1404,1,14,982,16.06
9210,3591,11/12/2018,14/12/2018,2,659,656,2,0,60,13,52601.0,0,882,1,7,1245,7.28
9211,3591,11/12/2018,14/12/2018,2,659,656,2,0,60,13,52601.0,0,720,1,3,1628,5.4
9212,1639,14/03/2016,19/03/2016,3,35,56,0,0,416,3,95661.0,3,1151,1,12,1819,19.44
9213,524,08/12/2015,15/12/2015,3,207,226,1,0,436,3,94110.0,3,153,0,9,1033,39.88
9214,524,08/12/2015,15/12/2015,3,207,226,1,0,436,3,94110.0,3,166,0,9,488,79.44
9215,4741,30/09/2018,02/10/2018,0,78,64,1,0,372,36,19120.0,1,1010,1,10,1433,20.664
9216,2469,21/11/2017,26/11/2017,3,751,747,1,0,265,3,90049.0,3,1266,1,12,1818,32.4
9217,2837,24/11/2018,30/11/2018,3,366,352,1,0,342,41,79762.0,0,421,1,1,821,13.762
9218,4725,14/11/2018,17/11/2018,0,61,61,2,0,298,21,55407.0,0,895,1,7,1430,15.28
9219,4409,16/08/2016,20/08/2016,3,411,395,0,0,372,36,19120.0,1,1366,1,14,927,44.688
9220,4409,16/08/2016,20/08/2016,3,411,395,0,0,372,36,19120.0,1,5,0,4,1191,301.47
9221,2827,13/10/2018,14/10/2018,0,514,533,0,0,233,16,70506.0,2,947,1,10,230,11.07
9222,2827,13/10/2018,14/10/2018,0,514,533,0,0,233,16,70506.0,2,355,0,16,368,1504.52
9223,2827,13/10/2018,14/10/2018,0,514,533,0,0,233,16,70506.0,2,1261,1,12,1828,25.92
9224,3162,04/11/2018,04/11/2018,1,287,284,2,0,55,41,77803.0,0,690,1,3,708,7.536
9225,3162,04/11/2018,04/11/2018,1,287,284,2,0,55,41,77803.0,0,763,1,3,1435,1.408
9226,3162,04/11/2018,04/11/2018,1,287,284,2,0,55,41,77803.0,0,803,1,3,1634,4.144
9227,3162,04/11/2018,04/11/2018,1,287,284,2,0,55,41,77803.0,0,1370,1,14,1351,52.752
9228,3546,19/03/2018,24/03/2018,3,315,301,1,0,265,3,90008.0,3,399,1,1,293,381.36
9229,615,03/11/2015,03/11/2015,1,745,766,2,0,265,3,90049.0,3,531,1,2,1297,6.72
9230,3425,23/07/2018,26/07/2018,0,738,765,0,0,265,3,90045.0,3,773,1,3,408,15.192
9231,3425,23/07/2018,26/07/2018,0,738,765,0,0,265,3,90045.0,3,1181,1,12,1612,58.32
9232,560,27/12/2015,31/12/2015,3,653,624,0,0,373,1,85023.0,3,779,1,3,680,946.764
9233,2074,02/09/2017,06/09/2017,3,469,459,0,0,265,3,90036.0,3,200,0,9,1585,94.68
9234,2074,02/09/2017,06/09/2017,3,469,459,0,0,265,3,90036.0,3,1298,1,14,129,23.67
9235,2074,02/09/2017,06/09/2017,3,469,459,0,0,265,3,90036.0,3,1727,2,13,445,1091.168
9236,2074,02/09/2017,06/09/2017,3,469,459,0,0,265,3,90036.0,3,628,1,2,343,18.69
9237,2074,02/09/2017,06/09/2017,3,469,459,0,0,265,3,90036.0,3,328,0,16,427,568.728
9238,2074,02/09/2017,06/09/2017,3,469,459,0,0,265,3,90036.0,3,697,1,3,1480,7.312
9239,3506,11/02/2018,14/02/2018,0,524,482,0,0,94,33,43229.0,1,263,0,9,515,147.568
9240,2967,27/10/2018,02/11/2018,3,553,575,1,0,469,8,32303.0,2,1118,1,12,537,56.784
9241,2967,27/10/2018,02/11/2018,3,553,575,1,0,469,8,32303.0,2,678,1,3,256,5.607
9242,2967,27/10/2018,02/11/2018,3,553,575,1,0,469,8,32303.0,2,525,1,2,1352,6.576
9243,164,09/07/2015,14/07/2015,3,235,200,2,0,436,3,94122.0,3,743,1,3,255,14.304
9244,164,09/07/2015,14/07/2015,3,235,200,2,0,436,3,94122.0,3,40,0,4,383,119.833
9245,164,09/07/2015,14/07/2015,3,235,200,2,0,436,3,94122.0,3,575,1,2,1296,5.56
9246,164,09/07/2015,14/07/2015,3,235,200,2,0,436,3,94122.0,3,1167,1,12,1755,32.4
9247,3351,22/05/2018,26/05/2018,3,777,778,2,0,436,3,94109.0,3,590,1,2,1159,9.84
9248,3351,22/05/2018,26/05/2018,3,777,778,2,0,436,3,94109.0,3,594,1,2,1140,2.78
9249,2090,10/11/2017,14/11/2017,3,725,683,0,0,327,30,10009.0,1,741,1,3,1308,3.64
9250,2090,10/11/2017,14/11/2017,3,725,683,0,0,327,30,10009.0,1,1817,2,13,342,881.93
9251,1743,02/12/2017,06/12/2017,3,613,600,1,0,280,13,52302.0,0,680,1,3,719,115.84
9252,3849,02/03/2018,08/03/2018,3,425,439,1,0,265,3,90008.0,3,812,1,3,421,107.648
9253,2805,23/09/2018,25/09/2018,2,228,241,0,0,375,2,71603.0,2,1487,2,0,1089,199.95
9254,2805,23/09/2018,25/09/2018,2,228,241,0,0,375,2,71603.0,2,1149,1,12,1821,12.96
9255,770,11/02/2015,15/02/2015,2,293,313,0,0,93,23,65203.0,0,65,0,5,769,60.89
9256,770,11/02/2015,15/02/2015,2,293,313,0,0,93,23,65203.0,0,1012,1,10,190,14.94
9257,770,11/02/2015,15/02/2015,2,293,313,0,0,93,23,65203.0,0,835,1,3,1641,9.64
9258,770,11/02/2015,15/02/2015,2,293,313,0,0,93,23,65203.0,0,219,0,9,1359,332.94
9259,770,11/02/2015,15/02/2015,2,293,313,0,0,93,23,65203.0,0,832,1,3,1594,51.9
9260,770,11/02/2015,15/02/2015,2,293,313,0,0,93,23,65203.0,0,1375,1,14,645,64.96
9261,4086,11/11/2018,14/11/2018,2,386,365,0,0,0,39,57401.0,0,1451,1,15,101,25.5
9262,2986,02/09/2018,02/09/2018,1,719,709,2,0,450,45,98103.0,3,100,0,5,759,215.976
9263,1093,09/10/2016,13/10/2016,3,288,290,0,0,123,20,48227.0,0,56,0,5,813,389.97
9264,1093,09/10/2016,13/10/2016,3,288,290,0,0,123,20,48227.0,0,417,1,1,299,269.91
9265,4767,24/11/2018,01/12/2018,3,548,490,1,0,287,40,38109.0,2,646,1,3,1062,11.673
9266,4767,24/11/2018,01/12/2018,3,548,490,1,0,287,40,38109.0,2,885,1,7,1248,64.848
9267,305,08/02/2015,09/02/2015,0,568,561,2,0,336,26,89031.0,3,212,0,9,1047,14.56
9268,1459,25/09/2016,25/09/2016,1,172,128,0,0,157,30,11520.0,1,71,0,5,836,102.582
9269,1459,25/09/2016,25/09/2016,1,172,128,0,0,157,30,11520.0,1,1192,1,12,1708,20.04
9270,4646,21/08/2018,28/08/2018,3,597,603,0,0,327,30,10035.0,1,775,1,3,258,32.088
9271,4646,21/08/2018,28/08/2018,3,597,603,0,0,327,30,10035.0,1,691,1,3,685,4305.552
9272,1674,12/05/2017,17/05/2017,3,328,322,1,0,327,30,10024.0,1,152,0,9,1197,10.02
9273,1674,12/05/2017,17/05/2017,3,328,322,1,0,327,30,10024.0,1,1743,2,13,936,631.96
9274,3683,02/09/2018,06/09/2018,3,31,13,0,0,194,15,42420.0,2,779,1,3,680,1577.94
9275,4196,10/10/2015,10/10/2015,1,281,287,1,0,3,29,87105.0,3,499,1,2,529,255.85
9276,1869,26/05/2017,29/05/2017,2,164,137,1,0,118,8,33445.0,2,1303,1,14,124,184.704
9277,1869,26/05/2017,29/05/2017,2,164,137,1,0,118,8,33445.0,2,1490,2,0,912,47.92
9278,3203,01/12/2018,05/12/2018,3,672,685,0,0,372,36,19140.0,1,1012,1,10,190,15.936
9279,3203,01/12/2018,05/12/2018,3,672,685,0,0,372,36,19140.0,1,711,1,3,72,8.001
9280,3203,01/12/2018,05/12/2018,3,672,685,0,0,372,36,19140.0,1,104,0,5,740,398.972
9281,2706,20/09/2017,24/09/2017,3,325,323,2,0,450,45,98105.0,3,24,0,4,1183,163.88
9282,4863,11/09/2018,15/09/2018,3,125,133,0,0,405,44,23223.0,2,376,1,1,864,67.9
9283,2599,30/12/2017,04/01/2018,3,262,277,0,0,512,8,33407.0,2,1169,1,12,597,72.224
9284,2803,02/09/2018,04/09/2018,2,481,479,0,0,152,4,80525.0,3,979,1,10,229,11.696
9285,696,18/11/2015,23/11/2015,3,517,525,1,0,156,47,53132.0,0,70,0,5,1207,392.94
9286,818,21/11/2016,24/11/2016,0,369,386,0,0,306,31,28110.0,2,140,0,9,622,18.176
9287,3812,19/06/2018,26/06/2018,3,193,216,2,0,109,41,75081.0,0,764,1,3,695,6.888
9288,3812,19/06/2018,26/06/2018,3,193,216,2,0,109,41,75081.0,0,321,0,16,426,457.485
9289,4903,30/11/2018,03/12/2018,0,740,772,0,0,372,36,19134.0,1,117,0,5,741,1079.316
9290,151,23/04/2015,26/04/2015,2,568,561,2,0,436,3,94109.0,3,1136,1,12,1673,48.91
9291,717,23/09/2015,25/09/2015,0,770,746,0,0,124,6,19901.0,1,551,1,2,1160,9.84
9292,717,23/09/2015,25/09/2015,0,770,746,0,0,124,6,19901.0,1,842,1,3,892,34.5
9293,3238,02/03/2018,02/03/2018,1,658,649,1,0,500,41,76706.0,0,802,1,3,81,0.556
9294,4713,17/11/2018,21/11/2018,2,740,772,0,0,185,18,21740.0,1,638,1,3,146,43.8
9295,3960,28/05/2018,01/06/2018,3,40,23,1,0,86,33,44105.0,1,1170,1,12,788,13.872
9296,3960,28/05/2018,01/06/2018,3,40,23,1,0,86,33,44105.0,1,47,0,4,390,115.96
9297,4404,18/04/2016,22/04/2016,2,533,529,1,0,283,41,78501.0,0,1562,2,0,1527,41.424
9298,4404,18/04/2016,22/04/2016,2,533,529,1,0,283,41,78501.0,0,1805,2,13,777,244.768
9299,4404,18/04/2016,22/04/2016,2,533,529,1,0,283,41,78501.0,0,577,1,2,363,74.352
9300,4404,18/04/2016,22/04/2016,2,533,529,1,0,283,41,78501.0,0,783,1,3,709,4.312
9301,4404,18/04/2016,22/04/2016,2,533,529,1,0,283,41,78501.0,0,51,0,5,752,56.686
9302,4404,18/04/2016,22/04/2016,2,533,529,1,0,283,41,78501.0,0,1744,2,13,1031,97.968
9303,4404,18/04/2016,22/04/2016,2,533,529,1,0,283,41,78501.0,0,583,1,2,1156,7.872
9304,4404,18/04/2016,22/04/2016,2,533,529,1,0,283,41,78501.0,0,1240,1,12,1785,15.552
9305,4404,18/04/2016,22/04/2016,2,533,529,1,0,283,41,78501.0,0,652,1,3,694,1.476
9306,1273,19/09/2016,24/09/2016,3,509,484,2,0,447,29,87505.0,3,540,1,2,1129,8.4
9307,344,25/03/2015,30/03/2015,3,122,149,0,0,436,3,94110.0,3,600,1,2,1158,6.56
9308,344,25/03/2015,30/03/2015,3,122,149,0,0,436,3,94110.0,3,576,1,2,539,14.88
9309,344,25/03/2015,30/03/2015,3,122,149,0,0,436,3,94110.0,3,1533,2,0,918,45.48
9310,344,25/03/2015,30/03/2015,3,122,149,0,0,436,3,94110.0,3,473,1,2,275,25.44
9311,4432,26/08/2017,31/08/2017,3,425,439,1,0,327,30,10024.0,1,693,1,3,519,146.688
9312,3718,06/03/2018,12/03/2018,3,241,234,0,0,109,41,75220.0,0,945,1,10,221,4.928
9313,3718,06/03/2018,12/03/2018,3,241,234,0,0,109,41,75220.0,0,488,1,2,1153,63.488
9314,940,11/11/2016,11/11/2016,1,22,32,1,0,123,20,48234.0,0,1386,1,14,115,418.32
9315,940,11/11/2016,11/11/2016,1,22,32,1,0,123,20,48234.0,0,421,1,1,821,123.858
9316,2621,05/04/2017,09/04/2017,3,372,410,0,0,372,36,19140.0,1,1681,2,13,452,118.782
9317,2621,05/04/2017,09/04/2017,3,372,410,0,0,372,36,19140.0,1,1423,1,15,1298,769.184
9318,3253,21/02/2018,26/02/2018,3,213,204,0,0,67,41,75007.0,0,1517,2,0,1087,47.904
9319,4681,20/07/2018,25/07/2018,3,50,54,1,0,327,30,10009.0,1,1071,1,12,1766,13.36
9320,4681,20/07/2018,25/07/2018,3,50,54,1,0,327,30,10009.0,1,96,0,5,1210,163.764
9321,4681,20/07/2018,25/07/2018,3,50,54,1,0,327,30,10009.0,1,164,0,9,1534,183.92
9322,4456,04/11/2017,08/11/2017,3,699,665,0,0,207,41,77041.0,0,223,0,9,490,11.376
9323,4456,04/11/2017,08/11/2017,3,699,665,0,0,207,41,77041.0,0,162,0,9,513,66.112
9324,3185,23/09/2018,29/09/2018,3,198,242,0,0,265,3,90036.0,3,1223,1,12,1692,211.04
9325,3185,23/09/2018,29/09/2018,3,198,242,0,0,265,3,90036.0,3,116,0,5,784,594.816
9326,3185,23/09/2018,29/09/2018,3,198,242,0,0,265,3,90036.0,3,672,1,3,898,72.96
9327,4777,07/09/2018,10/09/2018,0,590,613,0,0,135,45,98026.0,3,287,0,9,491,80.96
9328,4777,07/09/2018,10/09/2018,0,590,613,0,0,135,45,98026.0,3,1749,2,13,964,455.712
9329,4777,07/09/2018,10/09/2018,0,590,613,0,0,135,45,98026.0,3,614,1,2,354,25.98
9330,1609,28/11/2016,30/11/2016,0,38,62,0,0,436,3,94110.0,3,467,1,1,822,45.28
9331,4382,12/11/2016,18/11/2016,3,252,272,0,0,327,30,10035.0,1,863,1,7,1492,15.56
9332,1781,29/09/2017,03/10/2017,3,278,270,1,0,462,35,97477.0,3,1741,2,13,1620,859.2
9333,3310,11/09/2018,13/09/2018,2,714,692,0,0,165,15,40324.0,2,430,1,1,652,195.68
9334,3310,11/09/2018,13/09/2018,2,714,692,0,0,165,15,40324.0,2,913,1,8,56,14.2
9335,2965,01/05/2018,02/05/2018,0,26,59,0,0,102,8,33065.0,2,12,0,4,386,314.352
9336,2965,01/05/2018,02/05/2018,0,26,59,0,0,102,8,33065.0,2,1004,1,10,200,4.608
9337,3361,16/09/2018,20/09/2018,3,185,181,1,0,436,3,94110.0,3,908,1,8,1196,17.9
9338,636,19/10/2015,22/10/2015,2,652,616,1,0,436,3,94110.0,3,765,1,3,83,2.992
9339,636,19/10/2015,22/10/2015,2,652,616,1,0,436,3,94110.0,3,791,1,3,240,20.064
9340,636,19/10/2015,22/10/2015,2,652,616,1,0,436,3,94110.0,3,1209,1,12,1701,146.73
9341,636,19/10/2015,22/10/2015,2,652,616,1,0,436,3,94110.0,3,981,1,10,187,18.75
9342,636,19/10/2015,22/10/2015,2,652,616,1,0,436,3,94110.0,3,1717,2,13,1237,117.576
9343,1966,13/03/2017,18/03/2017,3,194,222,2,0,407,3,92503.0,3,674,1,3,407,51.184
9344,2952,17/02/2018,20/02/2018,0,148,153,2,0,486,33,45373.0,1,324,0,16,1369,455.97
9345,2952,17/02/2018,20/02/2018,0,148,153,2,0,486,33,45373.0,1,695,1,3,73,5.715
9346,2952,17/02/2018,20/02/2018,0,148,153,2,0,486,33,45373.0,1,1696,2,13,1603,57.594
9347,2952,17/02/2018,20/02/2018,0,148,153,2,0,486,33,45373.0,1,317,0,9,671,30.144
9348,2952,17/02/2018,20/02/2018,0,148,153,2,0,486,33,45373.0,1,117,0,5,741,899.43
9349,1899,22/12/2017,28/12/2017,3,226,244,0,0,310,3,92553.0,3,148,0,9,510,842.72
9350,1899,22/12/2017,28/12/2017,3,226,244,0,0,310,3,92553.0,3,202,0,9,1039,41.96
9351,2573,23/09/2017,27/09/2017,3,230,205,1,0,450,45,98115.0,3,844,1,3,32,13.216
9352,2573,23/09/2017,27/09/2017,3,230,205,1,0,450,45,98115.0,3,105,0,5,746,184.752
9353,3715,24/09/2018,26/09/2018,0,651,650,0,0,80,11,60623.0,0,116,0,5,784,520.464
9354,3715,24/09/2018,26/09/2018,0,651,650,0,0,80,11,60623.0,0,1152,1,12,1655,11.424
9355,906,01/12/2016,05/12/2016,3,482,502,2,0,215,20,49201.0,0,1131,1,12,1801,19.44
9356,906,01/12/2016,05/12/2016,3,482,502,2,0,215,20,49201.0,0,496,1,2,1111,3.64
9357,906,01/12/2016,05/12/2016,3,482,502,2,0,215,20,49201.0,0,1125,1,12,1651,18.54
9358,2720,25/01/2017,28/01/2017,2,349,391,1,0,327,30,10024.0,1,783,1,3,709,43.12
9359,2720,25/01/2017,28/01/2017,2,349,391,1,0,327,30,10024.0,1,325,0,16,428,313.722
9360,2720,25/01/2017,28/01/2017,2,349,391,1,0,327,30,10024.0,1,164,0,9,1534,45.98
9361,2720,25/01/2017,28/01/2017,2,349,391,1,0,327,30,10024.0,1,1409,1,14,1364,428.68
9362,2989,21/03/2018,25/03/2018,3,609,596,2,0,450,45,98105.0,3,822,1,3,394,30.576
9363,2989,21/03/2018,25/03/2018,3,609,596,2,0,450,45,98105.0,3,940,1,8,1518,13.02
9364,2989,21/03/2018,25/03/2018,3,609,596,2,0,450,45,98105.0,3,220,0,9,569,22.14
9365,2989,21/03/2018,25/03/2018,3,609,596,2,0,450,45,98105.0,3,1353,1,14,646,359.32
9366,4274,22/08/2015,25/08/2015,0,361,359,0,0,422,23,63301.0,0,1134,1,12,1681,11.56
9367,108,08/06/2015,13/06/2015,3,630,630,0,0,261,30,11561.0,1,793,1,3,780,68.48
9368,108,08/06/2015,13/06/2015,3,630,630,0,0,261,30,11561.0,1,1392,1,14,1556,1676.88
9369,2504,07/04/2017,09/04/2017,0,278,270,1,0,240,28,8701.0,1,1255,1,12,1725,37.94
9370,3021,07/11/2018,09/11/2018,2,439,424,1,0,88,18,20735.0,1,54,0,5,754,272.97
9371,930,29/05/2016,31/05/2016,0,783,781,1,0,94,33,43229.0,1,227,0,9,1558,41.568
9372,930,29/05/2016,31/05/2016,0,783,781,1,0,94,33,43229.0,1,63,0,5,1172,317.058
9373,930,29/05/2016,31/05/2016,0,783,781,1,0,94,33,43229.0,1,929,1,8,907,8.04
9374,2818,07/05/2018,11/05/2018,3,172,128,0,0,362,3,91104.0,3,1806,2,13,344,419.944
9375,2425,05/06/2017,09/06/2017,3,418,438,1,0,450,45,98105.0,3,1438,1,15,85,61.38
9376,1115,14/12/2016,19/12/2016,2,38,62,0,0,265,3,90045.0,3,1548,2,0,1082,50.0
9377,2947,25/12/2018,29/12/2018,3,603,589,0,0,130,28,7017.0,1,1554,2,0,1071,31.8
9378,3840,17/12/2018,21/12/2018,3,230,205,1,0,132,47,54703.0,0,1326,1,14,113,32.56
9379,1938,10/05/2017,15/05/2017,3,305,298,0,0,80,11,60610.0,0,862,1,7,783,7.072
9380,623,23/12/2015,27/12/2015,2,136,176,0,0,471,8,33614.0,2,1097,1,12,464,45.528
9381,623,23/12/2015,27/12/2015,2,136,176,0,0,471,8,33614.0,2,128,0,5,1225,64.784
9382,623,23/12/2015,27/12/2015,2,136,176,0,0,471,8,33614.0,2,1293,1,14,1548,424.272
9383,623,23/12/2015,27/12/2015,2,136,176,0,0,471,8,33614.0,2,531,1,2,1297,1.344
9384,623,23/12/2015,27/12/2015,2,136,176,0,0,471,8,33614.0,2,1417,1,14,70,83.92
9385,2762,11/08/2018,16/08/2018,3,694,673,2,0,327,30,10009.0,1,1218,1,12,1822,25.92
9386,3998,27/08/2018,31/08/2018,3,685,678,0,0,291,1,85204.0,3,317,0,9,671,120.576
9387,4764,19/01/2018,23/01/2018,3,648,623,0,0,60,43,55273.322402696904,1,1024,1,12,1693,79.92
9388,4764,19/01/2018,23/01/2018,3,648,623,0,0,60,43,55273.322402696904,1,1144,1,12,1662,12.28
9389,4764,19/01/2018,23/01/2018,3,648,623,0,0,60,43,55273.322402696904,1,392,1,1,171,542.94
9390,4764,19/01/2018,23/01/2018,3,648,623,0,0,60,43,55273.322402696904,1,860,1,7,1283,2.04
9391,1599,19/06/2016,24/06/2016,3,436,423,2,0,207,41,77070.0,0,1398,1,14,1337,228.92
9392,3983,13/03/2018,16/03/2018,0,283,283,1,0,24,11,60505.0,0,1848,2,13,1294,7.992
9393,1177,25/10/2016,25/10/2016,1,204,218,1,0,120,4,80219.0,3,54,0,5,754,582.336
9394,307,20/09/2015,23/09/2015,0,546,546,0,0,327,30,10011.0,1,1808,2,13,1219,629.95
9395,307,20/09/2015,23/09/2015,0,546,546,0,0,327,30,10011.0,1,69,0,5,757,631.782
9396,307,20/09/2015,23/09/2015,0,546,546,0,0,327,30,10011.0,1,18,0,4,498,801.568
9397,307,20/09/2015,23/09/2015,0,546,546,0,0,327,30,10011.0,1,980,1,10,192,75.18
9398,307,20/09/2015,23/09/2015,0,546,546,0,0,327,30,10011.0,1,452,1,1,613,30.98
9399,307,20/09/2015,23/09/2015,0,546,546,0,0,327,30,10011.0,1,1796,2,13,1242,1349.91
9400,1717,11/11/2017,15/11/2017,3,681,721,0,0,17,11,60004.0,0,578,1,2,1139,14.112
9401,1640,16/09/2016,21/09/2016,3,68,99,0,0,329,44,23602.0,2,863,1,7,1492,31.12
9402,685,24/06/2015,28/06/2015,3,467,470,0,0,487,1,85705.0,3,193,0,9,103,4.272
9403,1744,12/08/2017,17/08/2017,2,573,578,0,0,327,30,10024.0,1,325,0,16,428,209.148
9404,1744,12/08/2017,17/08/2017,2,573,578,0,0,327,30,10024.0,1,1293,1,14,1548,1591.02
9405,3567,13/04/2018,17/04/2018,3,230,205,1,0,372,36,19134.0,1,937,1,8,1570,7.92
9406,609,14/03/2015,17/03/2015,0,623,629,2,0,80,11,60653.0,0,1662,2,11,808,574.91
9407,609,14/03/2015,17/03/2015,0,623,629,2,0,80,11,60653.0,0,1089,1,12,1751,8.448
9408,3990,22/09/2018,24/09/2018,2,455,474,0,0,327,30,10035.0,1,1540,2,0,1605,1071.0
9409,3990,22/09/2018,24/09/2018,2,455,474,0,0,327,30,10035.0,1,311,0,9,552,12.07
9410,4688,10/12/2018,13/12/2018,0,787,787,0,0,372,36,19143.0,1,636,1,3,801,3.273
9411,4688,10/12/2018,13/12/2018,0,787,787,0,0,372,36,19143.0,1,184,0,9,470,87.92
9412,1798,10/03/2017,14/03/2017,2,513,517,1,0,168,1,85301.0,3,1332,1,14,1090,104.696
9413,1613,27/01/2016,29/01/2016,0,672,685,0,0,265,3,90036.0,3,80,0,5,785,2803.92
9414,2156,26/09/2017,27/09/2017,0,512,506,1,0,207,41,77041.0,0,800,1,3,706,6.816
9415,1136,18/10/2016,22/10/2016,3,346,383,0,0,450,45,98115.0,3,1830,2,13,1099,249.584
9416,1136,18/10/2016,22/10/2016,3,346,383,0,0,450,45,98115.0,3,1087,1,12,1687,17.94
9417,1136,18/10/2016,22/10/2016,3,346,383,0,0,450,45,98115.0,3,226,0,9,545,10.11
9418,558,27/10/2015,01/11/2015,3,634,652,2,0,150,31,28314.0,2,1086,1,12,1791,10.368
9419,558,27/10/2015,01/11/2015,3,634,652,2,0,150,31,28314.0,2,1042,1,12,537,11.952
9420,3799,02/10/2018,04/10/2018,2,677,711,1,0,207,41,77041.0,0,468,1,1,661,15.224
9421,3799,02/10/2018,04/10/2018,2,677,711,1,0,207,41,77041.0,0,413,1,1,51,21.984
9422,532,23/07/2015,27/07/2015,3,556,567,1,0,436,3,94122.0,3,1693,2,13,1593,604.752
9423,532,23/07/2015,27/07/2015,3,556,567,1,0,436,3,94122.0,3,1452,1,15,98,40.7
9424,532,23/07/2015,27/07/2015,3,556,567,1,0,436,3,94122.0,3,1842,2,13,41,302.376
9425,532,23/07/2015,27/07/2015,3,556,567,1,0,436,3,94122.0,3,1519,2,0,914,45.0
9426,200,12/09/2015,17/09/2015,2,481,479,0,0,327,30,10035.0,1,80,0,5,785,3785.292
9427,2598,15/09/2017,20/09/2017,3,33,38,0,0,450,45,98105.0,3,553,1,2,1372,35.4
9428,761,27/11/2015,01/12/2015,3,396,341,1,0,56,30,14215.0,1,252,0,9,583,199.9
9429,600,11/05/2015,16/05/2015,3,786,782,1,0,209,41,77340.0,0,49,0,5,847,1212.96
9430,1626,28/08/2016,01/09/2016,3,101,78,1,0,109,41,75081.0,0,1833,2,13,1092,1099.96
9431,1626,28/08/2016,01/09/2016,3,101,78,1,0,109,41,75081.0,0,371,0,16,826,103.481
9432,939,19/06/2016,19/06/2016,1,606,595,2,0,372,36,19134.0,1,1010,1,10,1433,5.904
9433,1027,17/08/2016,23/08/2016,3,678,713,0,0,369,1,85345.0,3,1520,2,0,915,30.08
9434,1027,17/08/2016,23/08/2016,3,678,713,0,0,369,1,85345.0,3,1139,1,12,1804,36.288
9435,1027,17/08/2016,23/08/2016,3,678,713,0,0,369,1,85345.0,3,476,1,2,1143,10.272
9436,1027,17/08/2016,23/08/2016,3,678,713,0,0,369,1,85345.0,3,1488,2,0,665,252.8
9437,1564,25/09/2016,25/09/2016,1,93,118,0,0,372,36,19143.0,1,788,1,3,74,2.946
9438,2927,26/05/2018,31/05/2018,3,138,126,0,0,341,3,92054.0,3,1053,1,12,1795,12.96
9439,3274,31/07/2018,05/08/2018,3,306,310,0,0,372,36,19134.0,1,1711,2,13,1287,285.576
9440,4241,12/10/2015,17/10/2015,3,98,69,1,0,80,11,60623.0,0,1424,1,15,91,22.24
9441,5,25/05/2015,29/05/2015,3,117,70,0,0,327,30,10035.0,1,1104,1,12,1514,14.62
9442,737,29/12/2015,31/12/2015,2,637,625,0,0,225,33,44240.0,1,447,1,1,53,48.36
9443,4045,07/04/2018,11/04/2018,3,331,316,2,0,216,8,32216.0,2,569,1,2,29,16.256
9444,4045,07/04/2018,11/04/2018,3,331,316,2,0,216,8,32216.0,2,1699,2,13,37,219.184
9445,837,01/03/2016,02/03/2016,0,758,768,1,0,100,41,75019.0,0,1802,2,13,935,95.84
9446,1645,29/05/2016,03/06/2016,3,415,419,0,0,211,12,46203.0,0,1006,1,10,182,12.39
9447,2565,22/09/2017,28/09/2017,3,14,43,0,0,247,12,46226.0,0,1159,1,12,1677,35.88
9448,3483,27/05/2018,03/06/2018,3,226,244,0,0,488,34,74133.0,0,265,0,9,592,477.3
9449,4567,17/09/2017,23/09/2017,3,132,160,2,0,398,45,98052.0,3,973,1,10,188,12.32
9450,475,08/09/2015,13/09/2015,3,763,754,0,0,436,3,94109.0,3,666,1,3,68,8.608
9451,3656,03/06/2018,07/06/2018,3,530,518,2,0,460,45,99207.0,3,1418,1,14,574,136.26
9452,1157,28/09/2016,05/10/2016,3,654,655,1,0,265,3,90032.0,3,427,1,1,80,186.15
9453,1157,28/09/2016,05/10/2016,3,654,655,1,0,265,3,90032.0,3,800,1,3,706,81.792
9454,1157,28/09/2016,05/10/2016,3,654,655,1,0,265,3,90032.0,3,1456,1,15,90,47.19
9455,1157,28/09/2016,05/10/2016,3,654,655,1,0,265,3,90032.0,3,1811,2,13,1098,36.784
9456,2295,16/06/2017,19/06/2017,2,384,343,2,0,76,40,37421.0,2,1660,2,11,1252,91.475
9457,3773,27/05/2018,03/06/2018,3,118,73,1,0,178,31,27405.0,2,1528,2,0,1461,27.192
9458,3773,27/05/2018,03/06/2018,3,118,73,1,0,178,31,27405.0,2,811,1,3,662,12.06
9459,452,09/10/2015,14/10/2015,3,696,698,0,0,436,3,94122.0,3,544,1,2,359,144.6
9460,452,09/10/2015,14/10/2015,3,696,698,0,0,436,3,94122.0,3,1777,2,13,1845,15.992
9461,26,17/11/2015,22/11/2015,2,282,282,2,0,327,30,10024.0,1,1221,1,12,1466,34.44
9462,10,19/10/2015,24/10/2015,3,261,273,2,0,240,3,90712.0,3,1857,2,13,1323,321.552
9463,4687,25/11/2018,30/11/2018,2,106,105,1,0,266,15,40214.0,2,76,0,5,1209,701.96
9464,649,27/02/2015,03/03/2015,0,409,400,0,0,94,33,43229.0,1,586,1,2,1840,19.456
9465,117,21/12/2015,25/12/2015,3,346,383,0,0,328,6,19711.0,1,1004,1,10,200,17.28
9466,2077,19/11/2017,23/11/2017,3,390,349,1,0,450,45,98115.0,3,155,0,9,1537,31.96
9467,2820,05/11/2018,10/11/2018,2,140,150,0,0,327,30,10024.0,1,745,1,3,700,164.688
9468,2820,05/11/2018,10/11/2018,2,140,150,0,0,327,30,10024.0,1,354,0,16,286,166.5
9469,2820,05/11/2018,10/11/2018,2,140,150,0,0,327,30,10024.0,1,1135,1,12,1796,12.96
9470,2820,05/11/2018,10/11/2018,2,140,150,0,0,327,30,10024.0,1,1248,1,12,538,110.96
9471,2820,05/11/2018,10/11/2018,2,140,150,0,0,327,30,10024.0,1,1722,2,13,150,99.98
9472,2820,05/11/2018,10/11/2018,2,140,150,0,0,327,30,10024.0,1,744,1,3,263,11.424
9473,2820,05/11/2018,10/11/2018,2,140,150,0,0,327,30,10024.0,1,132,0,5,797,128.124
9474,2820,05/11/2018,10/11/2018,2,140,150,0,0,327,30,10024.0,1,294,0,9,415,101.4
9475,798,31/05/2016,05/06/2016,2,390,349,1,0,80,11,60653.0,0,952,1,10,211,5.904
9476,798,31/05/2016,05/06/2016,2,390,349,1,0,80,11,60653.0,0,1084,1,12,1778,173.488
9477,798,31/05/2016,05/06/2016,2,390,349,1,0,80,11,60653.0,0,234,0,9,1544,51.56
9478,798,31/05/2016,05/06/2016,2,390,349,1,0,80,11,60653.0,0,820,1,3,1510,3.564
9479,309,07/09/2015,14/09/2015,3,714,692,0,0,353,11,60543.0,0,912,1,8,65,13.16
9480,309,07/09/2015,14/09/2015,3,714,692,0,0,353,11,60543.0,0,687,1,3,248,3.828
9481,309,07/09/2015,14/09/2015,3,714,692,0,0,353,11,60543.0,0,831,1,3,895,304.99
9482,3748,06/11/2018,12/11/2018,3,321,321,0,0,109,41,75220.0,0,1307,1,14,1448,18.16
9483,1543,20/06/2016,24/06/2016,2,66,74,2,0,372,36,19134.0,1,1507,2,0,1328,319.984
9484,260,22/07/2015,28/07/2015,3,9,16,2,0,265,3,90008.0,3,629,1,2,474,19.68
9485,2673,02/12/2017,04/12/2017,2,549,551,1,0,207,41,77036.0,0,35,0,4,1422,781.864
9486,2673,02/12/2017,04/12/2017,2,549,551,1,0,207,41,77036.0,0,1238,1,12,1750,30.816
9487,3358,12/10/2018,12/10/2018,1,560,557,0,0,516,46,26003.0,1,337,0,16,423,673.344
9488,4756,11/12/2018,13/12/2018,0,553,575,1,0,365,28,7501.0,1,917,1,8,1509,6.54
9489,1523,01/10/2016,04/10/2016,0,269,262,0,0,387,35,97206.0,3,1741,2,13,1620,572.8
9490,4433,05/08/2017,11/08/2017,3,500,509,1,0,209,0,35810.0,2,487,1,2,362,197.05
9491,2993,03/01/2018,07/01/2018,3,160,157,0,0,436,3,94110.0,3,828,1,3,701,2022.272
9492,2993,03/01/2018,07/01/2018,3,160,157,0,0,436,3,94110.0,3,495,1,2,1040,9.12
9493,4002,07/11/2018,07/11/2018,1,254,268,0,0,343,34,73120.0,0,663,1,3,1511,38.16
9494,1737,03/01/2017,08/01/2017,3,96,89,1,0,52,34,74012.0,0,320,0,16,852,1592.85
9495,1737,03/01/2017,08/01/2017,3,96,89,1,0,52,34,74012.0,0,820,1,3,1510,11.88
9496,4492,12/05/2017,16/05/2017,3,781,786,0,0,301,3,92691.0,3,1583,2,0,1074,120.0
9497,4492,12/05/2017,16/05/2017,3,781,786,0,0,301,3,92691.0,3,419,1,1,1493,8.67
9498,3111,05/11/2018,07/11/2018,0,5,3,2,0,180,12,46142.0,0,1178,1,12,142,4.41
9499,3111,05/11/2018,07/11/2018,0,5,3,2,0,180,12,46142.0,0,1059,1,12,537,167.94
9500,3111,05/11/2018,07/11/2018,0,5,3,2,0,180,12,46142.0,0,1227,1,12,1515,67.8
9501,2415,26/05/2017,30/05/2017,3,159,147,0,0,297,47,53209.0,0,210,0,9,1176,26.94
9502,4392,20/11/2016,24/11/2016,3,446,436,0,0,436,3,94109.0,3,187,0,9,504,32.04
9503,1683,22/04/2017,29/04/2017,3,525,526,0,0,414,30,13440.0,1,489,1,2,287,32.13
9504,1683,22/04/2017,29/04/2017,3,525,526,0,0,414,30,13440.0,1,573,1,2,1125,2.88
9505,1878,14/10/2017,18/10/2017,3,613,600,1,0,327,30,10009.0,1,1830,2,13,1099,1091.93
9506,1878,14/10/2017,18/10/2017,3,613,600,1,0,327,30,10009.0,1,1144,1,12,1691,111.96
9507,571,05/04/2015,07/04/2015,2,635,658,0,0,115,20,48127.0,0,563,1,2,1491,26.7
9508,571,05/04/2015,07/04/2015,2,635,658,0,0,115,20,48127.0,0,811,1,3,662,40.2
9509,571,05/04/2015,07/04/2015,2,635,658,0,0,115,20,48127.0,0,625,1,2,331,13.89
9510,571,05/04/2015,07/04/2015,2,635,658,0,0,115,20,48127.0,0,1325,1,14,1475,689.82
9511,1739,06/08/2017,11/08/2017,3,465,469,0,0,327,30,10024.0,1,552,1,2,527,38.34
9512,367,14/12/2015,16/12/2015,0,170,121,1,0,80,11,60623.0,0,733,1,3,714,9.264
9513,3585,30/05/2018,03/06/2018,2,444,430,0,0,109,41,75217.0,0,13,0,4,169,204.6664
9514,2056,14/10/2017,19/10/2017,3,76,93,0,0,15,47,54915.0,0,1546,2,0,1268,1649.75
9515,2,14/03/2015,18/03/2015,3,561,563,2,0,216,8,32216.0,2,1027,1,12,1668,91.056
9516,624,17/02/2015,24/02/2015,3,219,219,0,0,80,11,60653.0,0,589,1,2,1499,54.208
9517,1087,24/08/2016,26/08/2016,2,538,512,0,0,46,33,43402.0,1,1707,2,13,312,26.982
9518,1087,24/08/2016,26/08/2016,2,538,512,0,0,46,33,43402.0,1,986,1,10,180,6.912
9519,1087,24/08/2016,26/08/2016,2,538,512,0,0,46,33,43402.0,1,1384,1,14,112,435.504
9520,4657,08/05/2018,12/05/2018,2,526,535,0,0,436,3,94110.0,3,389,1,1,643,81.08
9521,1682,04/02/2017,09/02/2017,3,340,358,1,0,265,3,90049.0,3,1406,1,14,1376,93.02
9522,780,19/12/2015,25/12/2015,3,689,705,0,0,80,11,60623.0,0,1787,2,13,1321,323.976
9523,780,19/12/2015,25/12/2015,3,689,705,0,0,80,11,60623.0,0,1036,1,12,1825,15.552
9524,780,19/12/2015,25/12/2015,3,689,705,0,0,80,11,60623.0,0,1301,1,14,1353,32.592
9525,3871,05/12/2018,06/12/2018,0,582,585,2,0,450,45,98115.0,3,694,1,3,698,83.92
9526,3871,05/12/2018,06/12/2018,0,582,585,2,0,450,45,98115.0,3,252,0,9,583,199.9
9527,3871,05/12/2018,06/12/2018,0,582,585,2,0,450,45,98115.0,3,1682,2,13,478,31.176
9528,3871,05/12/2018,06/12/2018,0,582,585,2,0,450,45,98115.0,3,696,1,3,716,172.752
9529,3871,05/12/2018,06/12/2018,0,582,585,2,0,450,45,98115.0,3,723,1,3,638,9.296
9530,2790,24/03/2018,25/03/2018,1,13,40,1,0,33,41,77705.0,0,1366,1,14,927,12.768
9531,2994,08/07/2018,12/07/2018,3,535,501,2,0,450,45,98103.0,3,1203,1,12,537,52.76
9532,2814,26/10/2018,31/10/2018,3,83,80,2,0,109,41,75217.0,0,1302,1,14,1102,55.616
9533,1923,27/10/2017,31/10/2017,3,119,79,0,0,327,30,10011.0,1,57,0,5,1081,427.644
9534,1923,27/10/2017,31/10/2017,3,119,79,0,0,327,30,10011.0,1,902,1,8,123,40.67
9535,1923,27/10/2017,31/10/2017,3,119,79,0,0,327,30,10011.0,1,1309,1,14,1354,33.48
9536,1923,27/10/2017,31/10/2017,3,119,79,0,0,327,30,10011.0,1,757,1,3,1309,9.728
9537,3239,12/06/2018,14/06/2018,2,767,771,0,0,80,11,60610.0,0,220,0,9,569,8.856
9538,2408,25/09/2017,27/09/2017,0,51,2,1,0,436,3,94110.0,3,22,0,4,168,477.666
9539,4919,07/09/2018,09/09/2018,0,1,24,0,0,388,37,2908.0,1,1179,1,12,273,16.9
9540,4919,07/09/2018,09/09/2018,0,1,24,0,0,388,37,2908.0,1,1024,1,12,1693,39.96
9541,1249,11/05/2016,16/05/2016,2,609,596,2,0,373,1,85023.0,3,125,0,5,737,191.968
9542,1237,06/08/2016,10/08/2016,3,652,616,1,0,207,41,77095.0,0,1007,1,10,214,35.52
9543,1237,06/08/2016,10/08/2016,3,652,616,1,0,207,41,77095.0,0,678,1,3,256,6.23
9544,1237,06/08/2016,10/08/2016,3,652,616,1,0,207,41,77095.0,0,1212,1,12,1689,56.704
9545,1237,06/08/2016,10/08/2016,3,652,616,1,0,207,41,77095.0,0,37,0,4,1190,369.1992
9546,748,29/10/2015,02/11/2015,3,557,573,1,0,94,12,47201.0,0,1558,2,0,1050,1.98
9547,748,29/10/2015,02/11/2015,3,557,573,1,0,94,12,47201.0,0,1050,1,12,1455,75.88
9548,2153,18/06/2017,20/06/2017,2,679,716,1,0,372,36,19134.0,1,1273,1,12,1684,6.848
9549,2153,18/06/2017,20/06/2017,2,679,716,1,0,372,36,19134.0,1,794,1,3,499,4.626
9550,2153,18/06/2017,20/06/2017,2,679,716,1,0,372,36,19134.0,1,406,1,1,799,453.6
9551,1566,03/05/2016,06/05/2016,0,562,571,2,0,438,3,95123.0,3,832,1,3,235,13.848
9552,1400,10/11/2016,14/11/2016,3,667,666,0,0,372,36,19140.0,1,1347,1,14,904,577.584
9553,1602,30/05/2016,03/06/2016,3,69,103,2,0,462,44,22153.0,2,1465,2,0,917,151.96
9554,2059,22/09/2017,27/09/2017,3,702,728,1,0,53,4,80020.0,3,146,0,9,135,68.432
9555,935,28/11/2016,02/12/2016,3,252,272,0,0,94,33,43229.0,1,272,0,9,1439,71.12
9556,935,28/11/2016,02/12/2016,3,252,272,0,0,94,33,43229.0,1,930,1,8,1498,3.008
9557,1527,03/12/2016,05/12/2016,2,330,319,2,0,96,27,3301.0,1,1225,1,12,1721,184.66
9558,39,17/10/2015,19/10/2015,2,253,276,0,0,207,41,77095.0,0,300,0,9,676,5.312
9559,2113,03/05/2017,05/05/2017,0,701,725,0,0,328,33,43055.0,1,1568,2,0,910,132.52
9560,2113,03/05/2017,05/05/2017,0,701,725,0,0,328,33,43055.0,1,1372,1,14,1551,195.64
9561,2113,03/05/2017,05/05/2017,0,701,725,0,0,328,33,43055.0,1,199,0,9,465,51.968
9562,2113,03/05/2017,05/05/2017,0,701,725,0,0,328,33,43055.0,1,1536,2,0,1025,431.976
9563,2113,03/05/2017,05/05/2017,0,701,725,0,0,328,33,43055.0,1,1661,2,11,429,224.937
9564,2113,03/05/2017,05/05/2017,0,701,725,0,0,328,33,43055.0,1,943,1,10,204,6.0
9565,1568,01/06/2016,08/06/2016,3,142,134,2,0,265,3,90045.0,3,1133,1,12,108,11.76
9566,365,31/03/2015,31/03/2015,1,748,773,0,0,471,8,33614.0,2,99,0,5,758,1125.488
9567,365,31/03/2015,31/03/2015,1,748,773,0,0,471,8,33614.0,2,703,1,3,899,12.645
9568,365,31/03/2015,31/03/2015,1,748,773,0,0,471,8,33614.0,2,609,1,2,334,4.032
9569,2850,05/07/2018,07/07/2018,0,210,187,1,0,158,25,68025.0,0,1761,2,13,149,79.96
9570,960,24/09/2016,24/09/2016,1,484,485,0,0,94,33,43229.0,1,765,1,3,83,6.732
9571,960,24/09/2016,24/09/2016,1,484,485,0,0,94,33,43229.0,1,1330,1,14,1553,33.568
9572,960,24/09/2016,24/09/2016,1,484,485,0,0,94,33,43229.0,1,879,1,7,7,15.84
9573,960,24/09/2016,24/09/2016,1,484,485,0,0,94,33,43229.0,1,990,1,10,178,24.424
9574,960,24/09/2016,24/09/2016,1,484,485,0,0,94,33,43229.0,1,584,1,2,1155,17.12
9575,1410,13/08/2016,13/08/2016,1,684,669,0,0,381,3,91767.0,3,200,0,9,1585,31.56
9576,1347,26/05/2016,28/05/2016,2,608,582,0,0,432,41,78207.0,0,63,0,5,1172,105.686
9577,1347,26/05/2016,28/05/2016,2,608,582,0,0,432,41,78207.0,0,1676,2,11,1502,399.54
9578,1347,26/05/2016,28/05/2016,2,608,582,0,0,432,41,78207.0,0,129,0,5,764,104.93
9579,3803,14/09/2018,16/09/2018,0,626,645,2,0,327,30,10035.0,1,1845,2,13,1644,1079.85
9580,3803,14/09/2018,16/09/2018,0,626,645,2,0,327,30,10035.0,1,1337,1,14,1436,70.98
9581,3803,14/09/2018,16/09/2018,0,626,645,2,0,327,30,10035.0,1,541,1,2,374,29.95
9582,3803,14/09/2018,16/09/2018,0,626,645,2,0,327,30,10035.0,1,102,0,5,1204,589.41
9583,1777,07/06/2017,11/06/2017,3,659,656,2,0,372,36,19120.0,1,929,1,8,907,9.648
9584,3059,25/06/2018,27/06/2018,2,665,677,0,0,327,30,10024.0,1,18,0,4,498,400.784
9585,3400,26/08/2018,27/08/2018,0,325,323,2,0,123,20,48234.0,0,1299,1,14,1108,53.72
9586,2602,26/08/2017,28/08/2017,0,722,719,1,0,293,8,33142.0,2,1165,1,12,1731,31.008
9587,1792,18/11/2017,18/11/2017,1,76,93,0,0,96,3,94521.0,3,739,1,3,1335,61.12
9588,4772,17/04/2018,22/04/2018,3,91,104,1,0,80,11,60653.0,0,1339,1,14,418,195.136
9589,2979,23/07/2018,28/07/2018,3,63,49,0,0,516,11,60090.0,0,481,1,2,887,121.536
9590,228,11/05/2015,15/05/2015,3,318,317,2,0,80,11,60610.0,0,1199,1,12,340,17.472
9591,228,11/05/2015,15/05/2015,3,318,317,2,0,80,11,60610.0,0,721,1,3,233,104.58
9592,4438,28/07/2017,01/08/2017,3,79,66,2,0,362,41,77506.0,0,266,0,9,577,24.7
9593,4438,28/07/2017,01/08/2017,3,79,66,2,0,362,41,77506.0,0,273,0,9,1536,302.72
9594,2951,14/09/2018,19/09/2018,3,334,328,0,0,327,30,10024.0,1,1184,1,12,1770,8.56
9595,2951,14/09/2018,19/09/2018,3,334,328,0,0,327,30,10024.0,1,1234,1,12,1777,11.56
9596,2852,24/01/2018,29/01/2018,3,424,431,1,0,438,3,95123.0,3,408,1,1,78,25.86
9597,2852,24/01/2018,29/01/2018,3,424,431,1,0,438,3,95123.0,3,817,1,3,893,276.784
9598,2852,24/01/2018,29/01/2018,3,424,431,1,0,438,3,95123.0,3,1685,2,13,938,110.352
9599,1423,19/09/2016,23/09/2016,3,280,281,2,0,420,3,95823.0,3,258,0,9,1443,60.84
9600,1001,14/04/2016,18/04/2016,3,756,740,0,0,462,35,97477.0,3,423,1,1,79,35.208
9601,2924,08/05/2018,11/05/2018,2,246,245,1,0,275,41,76063.0,0,1235,1,12,1788,41.472
9602,1937,04/09/2017,09/09/2017,3,400,366,0,0,220,2,72401.0,2,1099,1,12,1667,239.5
9603,362,19/05/2015,22/05/2015,0,746,731,0,0,498,44,23464.0,2,1453,1,15,87,34.2
9604,2120,17/06/2017,23/06/2017,3,224,221,1,0,408,30,14609.0,1,357,0,16,825,376.866
9605,1288,02/11/2016,05/11/2016,0,256,258,0,0,77,44,23320.0,2,443,1,1,605,197.72
9606,4744,04/11/2018,09/11/2018,3,322,329,1,0,241,33,43130.0,1,1523,2,0,1403,70.72
9607,4744,04/11/2018,09/11/2018,3,322,329,1,0,241,33,43130.0,1,1365,1,14,416,194.352
9608,3079,05/12/2018,08/12/2018,2,81,71,0,0,327,30,10024.0,1,1013,1,12,1528,21.6
9609,3079,05/12/2018,08/12/2018,2,81,71,0,0,327,30,10024.0,1,947,1,10,230,11.07
9610,2136,16/05/2017,19/05/2017,2,669,671,0,0,265,3,90045.0,3,213,0,9,1535,282.84
9611,2136,16/05/2017,19/05/2017,2,669,671,0,0,265,3,90045.0,3,973,1,10,188,27.72
9612,3624,24/10/2018,30/10/2018,3,172,128,0,0,215,22,39212.0,2,910,1,8,1498,11.68
9613,1820,18/09/2017,22/09/2017,3,67,87,0,0,522,3,95695.0,3,1715,2,13,1284,239.984
9614,345,11/11/2015,13/11/2015,0,551,499,1,0,450,45,98115.0,3,437,1,1,302,22.98
9615,345,11/11/2015,13/11/2015,0,551,499,1,0,450,45,98115.0,3,1538,2,0,313,102.13
9616,345,11/11/2015,13/11/2015,0,551,499,1,0,450,45,98115.0,3,776,1,3,649,2033.584
9617,2280,22/08/2017,29/08/2017,3,613,600,1,0,265,3,90049.0,3,547,1,2,1154,5.76
9618,3941,16/11/2018,21/11/2018,3,105,91,1,0,46,33,43402.0,1,1607,2,6,803,899.982
9619,3941,16/11/2018,21/11/2018,3,105,91,1,0,46,33,43402.0,1,608,1,2,1230,86.352
9620,3941,16/11/2018,21/11/2018,3,105,91,1,0,46,33,43402.0,1,1525,2,0,1009,139.96
9621,188,26/09/2015,30/09/2015,3,187,228,2,0,241,33,43130.0,1,412,1,1,861,16.704
9622,188,26/09/2015,30/09/2015,3,187,228,2,0,241,33,43130.0,1,1527,2,0,1057,3.152
9623,188,26/09/2015,30/09/2015,3,187,228,2,0,241,33,43130.0,1,1026,1,12,1080,32.896
9624,3493,29/06/2018,30/06/2018,0,498,513,0,0,109,41,75220.0,0,381,1,1,304,21.392
9625,3493,29/06/2018,30/06/2018,0,498,513,0,0,109,41,75220.0,0,348,0,16,324,307.314
9626,3493,29/06/2018,30/06/2018,0,498,513,0,0,109,41,75220.0,0,5,0,4,1191,409.9992
9627,2835,23/09/2018,25/09/2018,0,513,517,1,0,269,41,79424.0,0,1134,1,12,1681,9.248
9628,466,23/11/2015,27/11/2015,3,112,95,0,0,123,20,48227.0,0,722,1,3,1587,14.67
9629,219,13/01/2015,18/01/2015,3,525,526,0,0,328,33,43055.0,1,1192,1,12,1708,37.408
9630,219,13/01/2015,18/01/2015,3,525,526,0,0,328,33,43055.0,1,775,1,3,258,3.438
9631,2730,31/05/2017,06/06/2017,3,569,566,0,0,327,30,10011.0,1,743,1,3,255,7.152
9632,2730,31/05/2017,06/06/2017,3,569,566,0,0,327,30,10011.0,1,1802,2,13,935,179.7
9633,3829,13/02/2018,17/02/2018,3,511,495,0,0,298,21,55407.0,0,469,1,1,820,90.64
9634,590,14/10/2015,17/10/2015,0,743,751,0,0,146,19,2149.0,1,1477,2,0,1606,177.0
9635,590,14/10/2015,17/10/2015,0,743,751,0,0,146,19,2149.0,1,1307,1,14,1448,79.45
9636,590,14/10/2015,17/10/2015,0,743,751,0,0,146,19,2149.0,1,60,0,5,1205,1628.82
9637,289,18/11/2015,25/11/2015,3,513,517,1,0,450,45,98105.0,3,261,0,9,879,137.54
9638,289,18/11/2015,25/11/2015,3,513,517,1,0,450,45,98105.0,3,351,0,16,976,730.2
9639,4759,12/11/2018,15/11/2018,2,275,259,0,0,265,3,90032.0,3,1134,1,12,1681,11.56
9640,998,28/01/2016,31/01/2016,2,371,397,0,0,96,31,28027.0,2,318,0,16,425,4297.644
9641,66,07/03/2015,12/03/2015,3,163,179,1,0,450,45,98103.0,3,482,1,2,1161,20.65
9642,66,07/03/2015,12/03/2015,3,163,179,1,0,450,45,98103.0,3,1323,1,14,469,204.9
9643,66,07/03/2015,12/03/2015,3,163,179,1,0,450,45,98103.0,3,96,0,5,1210,436.704
9644,66,07/03/2015,12/03/2015,3,163,179,1,0,450,45,98103.0,3,124,0,5,760,481.568
9645,4676,08/06/2018,13/06/2018,3,289,285,0,0,168,1,85301.0,3,1514,2,0,1069,89.544
9646,4676,08/06/2018,13/06/2018,3,289,285,0,0,168,1,85301.0,3,1370,1,14,1351,35.168
9647,4676,08/06/2018,13/06/2018,3,289,285,0,0,168,1,85301.0,3,665,1,3,715,72.588
9648,583,19/11/2015,24/11/2015,3,546,546,0,0,99,21,55433.0,0,1320,1,14,1338,221.16
9649,583,19/11/2015,24/11/2015,3,546,546,0,0,99,21,55433.0,0,1753,2,13,932,281.97
9650,1772,26/11/2017,30/11/2017,3,536,489,0,0,265,3,90045.0,3,18,0,4,498,3406.664
9651,1772,26/11/2017,30/11/2017,3,536,489,0,0,265,3,90045.0,3,615,1,2,1114,37.17
9652,1772,26/11/2017,30/11/2017,3,536,489,0,0,265,3,90045.0,3,377,1,1,307,64.96
9653,1772,26/11/2017,30/11/2017,3,536,489,0,0,265,3,90045.0,3,241,0,9,726,595.38
9654,3973,23/01/2018,27/01/2018,3,330,319,2,0,487,1,85705.0,3,1508,2,0,1012,95.984
9655,3973,23/01/2018,27/01/2018,3,330,319,2,0,487,1,85705.0,3,825,1,3,1642,4.938
9656,644,22/09/2015,29/09/2015,3,52,5,0,0,327,30,10035.0,1,199,0,9,465,97.44
9657,644,22/09/2015,29/09/2015,3,52,5,0,0,327,30,10035.0,1,771,1,3,410,3.984
9658,644,22/09/2015,29/09/2015,3,52,5,0,0,327,30,10035.0,1,602,1,2,252,13.04
9659,644,22/09/2015,29/09/2015,3,52,5,0,0,327,30,10035.0,1,134,0,5,1208,579.528
9660,9,26/03/2015,30/03/2015,2,180,165,0,0,381,3,91767.0,3,970,1,10,1453,18.75
9661,2603,06/06/2017,11/06/2017,3,497,486,2,0,445,3,93101.0,3,1723,2,13,1387,3023.928
9662,2603,06/06/2017,11/06/2017,3,497,486,2,0,445,3,93101.0,3,1518,2,0,1355,26.96
9663,2603,06/06/2017,11/06/2017,3,497,486,2,0,445,3,93101.0,3,1738,2,13,347,477.6
9664,3401,31/08/2018,05/09/2018,3,539,516,0,0,436,3,94109.0,3,1345,1,14,1474,193.95
9665,4318,07/12/2016,07/12/2016,1,432,444,1,0,407,3,92503.0,3,1241,1,12,1813,12.96
9666,3880,16/11/2018,20/11/2018,3,451,457,0,0,265,3,90049.0,3,252,0,9,583,119.94
9667,3880,16/11/2018,20/11/2018,3,451,457,0,0,265,3,90049.0,3,195,0,9,575,12.42
9668,2069,23/04/2017,27/04/2017,3,16,57,0,0,434,3,92672.0,3,746,1,3,1336,18.088
9669,2069,23/04/2017,27/04/2017,3,16,57,0,0,434,3,92672.0,3,894,1,7,1334,71.97
9670,3651,02/04/2018,06/04/2018,3,32,30,0,0,116,0,35601.0,2,965,1,10,207,14.94
9671,1213,13/08/2016,15/08/2016,0,302,306,1,0,178,31,27405.0,2,518,1,2,1113,64.68
9672,4817,13/11/2018,19/11/2018,3,434,441,0,0,126,3,94568.0,3,1807,2,13,1395,22.0
9673,1900,23/12/2017,28/12/2017,3,287,284,2,0,372,36,19143.0,1,1049,1,12,1740,7.968
9674,1900,23/12/2017,28/12/2017,3,287,284,2,0,372,36,19143.0,1,1781,2,13,969,1499.97
9675,4268,22/07/2015,24/07/2015,2,388,388,0,0,207,41,77095.0,0,1383,1,14,635,26.632
9676,2237,06/05/2017,10/05/2017,3,305,298,0,0,27,3,93309.0,3,191,0,9,624,41.6
9677,4170,28/11/2015,03/12/2015,3,491,507,1,0,405,12,47374.0,0,889,1,7,973,64.02
9678,2342,18/04/2017,23/04/2017,3,179,164,1,0,327,30,10009.0,1,523,1,2,138,6.99
9679,2342,18/04/2017,23/04/2017,3,179,164,1,0,327,30,10009.0,1,1449,1,15,86,6.84
9680,1164,27/12/2016,31/12/2016,3,27,1,1,0,436,3,94122.0,3,1291,1,14,660,323.1
9681,1164,27/12/2016,31/12/2016,3,27,1,1,0,436,3,94122.0,3,1809,2,13,731,668.16
9682,3211,13/12/2018,18/12/2018,3,275,259,0,0,436,3,94122.0,3,1009,1,10,197,8.64
9683,3211,13/12/2018,18/12/2018,3,275,259,0,0,436,3,94122.0,3,1206,1,12,1787,38.88
9684,3211,13/12/2018,18/12/2018,3,275,259,0,0,436,3,94122.0,3,183,0,9,563,201.04
9685,3211,13/12/2018,18/12/2018,3,275,259,0,0,436,3,94122.0,3,1031,1,12,1764,12.96
9686,3121,02/01/2018,04/01/2018,2,291,291,1,0,265,3,90032.0,3,1473,2,0,952,16.59
9687,3064,30/05/2018,03/06/2018,3,413,433,0,0,435,3,92037.0,3,579,1,2,526,35.1
9688,4776,30/09/2018,06/10/2018,3,668,668,2,0,16,41,76017.0,0,649,1,3,690,11.646
9689,4802,20/06/2018,27/06/2018,3,592,591,0,0,405,44,23223.0,2,1108,1,12,1827,32.4
9690,4802,20/06/2018,27/06/2018,3,592,591,0,0,405,44,23223.0,2,1817,2,13,342,503.96
9691,3547,04/04/2018,05/04/2018,0,730,757,2,0,327,30,10035.0,1,521,1,2,1132,7.04
9692,1165,13/11/2016,17/11/2016,3,602,588,0,0,207,41,77041.0,0,13,0,4,169,613.9992
9693,878,28/08/2016,02/09/2016,3,702,728,1,0,147,5,6824.0,1,1354,1,14,1367,470.36
9694,3353,24/09/2018,28/09/2018,2,566,564,2,0,436,3,94110.0,3,1056,1,12,158,31.08
9695,3353,24/09/2018,28/09/2018,2,566,564,2,0,436,3,94110.0,3,1431,1,15,102,7.3
9696,4575,11/12/2017,14/12/2017,0,677,711,1,0,462,33,45503.0,1,437,1,1,302,73.536
9697,525,10/06/2015,15/06/2015,2,326,324,1,0,123,20,48234.0,0,997,1,10,534,491.55
9698,2010,11/03/2017,11/03/2017,1,113,98,2,0,372,36,19140.0,1,172,0,9,480,30.336
9699,3818,15/12/2018,19/12/2018,3,437,442,0,0,212,3,90301.0,3,1271,1,12,1652,22.83
9700,3818,15/12/2018,19/12/2018,3,437,442,0,0,212,3,90301.0,3,376,1,1,864,54.32
9701,3818,15/12/2018,19/12/2018,3,437,442,0,0,212,3,90301.0,3,1702,2,13,1238,196.776
9702,1742,30/10/2017,04/11/2017,3,710,726,0,0,439,3,93405.0,3,931,1,8,161,3.62
9703,3684,31/07/2018,04/08/2018,3,449,451,2,0,519,6,19805.0,1,1210,1,12,261,11.54
9704,3684,31/07/2018,04/08/2018,3,449,451,2,0,519,6,19805.0,1,781,1,3,647,849.95
9705,3684,31/07/2018,04/08/2018,3,449,451,2,0,519,6,19805.0,1,755,1,3,339,11.01
9706,3269,19/10/2018,23/10/2018,3,409,400,0,0,436,3,94122.0,3,839,1,3,930,39.624
9707,2618,21/10/2017,27/10/2017,3,172,128,0,0,265,3,90045.0,3,126,0,5,1211,242.136
9708,2618,21/10/2017,27/10/2017,3,172,128,0,0,265,3,90045.0,3,482,1,2,1161,12.39
9709,2618,21/10/2017,27/10/2017,3,172,128,0,0,265,3,90045.0,3,269,0,9,571,19.96
9710,2618,21/10/2017,27/10/2017,3,172,128,0,0,265,3,90045.0,3,1377,1,14,1363,340.92
9711,177,05/11/2015,10/11/2015,3,495,488,0,0,372,36,19143.0,1,182,0,9,1533,273.568
9712,177,05/11/2015,10/11/2015,3,495,488,0,0,372,36,19143.0,1,784,1,3,1638,13.194
9713,177,05/11/2015,10/11/2015,3,495,488,0,0,372,36,19143.0,1,1399,1,14,1550,1080.096
9714,177,05/11/2015,10/11/2015,3,495,488,0,0,372,36,19143.0,1,1485,2,0,1458,51.56
9715,177,05/11/2015,10/11/2015,3,495,488,0,0,372,36,19143.0,1,1596,2,0,1070,58.416
9716,1918,07/11/2017,12/11/2017,3,457,465,0,0,436,3,94122.0,3,696,1,3,716,57.584
9717,4553,12/08/2017,14/08/2017,2,193,216,2,0,372,36,19134.0,1,498,1,2,351,37.312
9718,1784,30/05/2017,31/05/2017,1,59,48,0,0,207,41,77041.0,0,1761,2,13,149,79.96
9719,1784,30/05/2017,31/05/2017,1,59,48,0,0,207,41,77041.0,0,1459,2,0,1462,223.96
9720,4058,12/11/2018,14/11/2018,2,216,223,0,0,241,36,17602.0,1,1374,1,14,1365,221.024
9721,1971,22/09/2017,26/09/2017,3,175,148,1,0,177,47,54302.0,0,223,0,9,490,18.96
9722,1753,16/02/2017,20/02/2017,3,363,369,0,0,327,30,10024.0,1,75,0,5,840,326.646
9723,1753,16/02/2017,20/02/2017,3,363,369,0,0,327,30,10024.0,1,1565,2,0,992,89.97
9724,18,22/12/2015,26/12/2015,3,773,733,2,0,327,30,10011.0,1,799,1,3,991,296.712
9725,1010,05/12/2016,11/12/2016,3,734,748,0,0,41,11,61701.0,0,895,1,7,1430,12.224
9726,3581,17/09/2018,20/09/2018,0,673,690,0,0,43,10,83704.0,3,1486,2,0,1011,89.97
9727,4073,02/12/2018,04/12/2018,0,438,446,0,0,268,19,1852.0,1,402,1,1,298,286.86
9728,4073,02/12/2018,04/12/2018,0,438,446,0,0,268,19,1852.0,1,1860,2,13,724,979.95
9729,4073,02/12/2018,04/12/2018,0,438,446,0,0,268,19,1852.0,1,1433,1,15,1495,4.36
9730,155,29/09/2015,04/10/2015,3,253,276,0,0,450,45,98115.0,3,690,1,3,708,10.048
9731,155,29/09/2015,04/10/2015,3,253,276,0,0,450,45,98115.0,3,1291,1,14,660,807.75
9732,3241,14/11/2018,19/11/2018,3,355,379,0,0,265,3,90049.0,3,584,1,2,1155,34.24
9733,179,20/08/2015,25/08/2015,3,556,567,1,0,188,44,23666.0,2,74,0,5,1375,500.24
9734,179,20/08/2015,25/08/2015,3,556,567,1,0,188,44,23666.0,2,1033,1,12,1347,20.12
9735,179,20/08/2015,25/08/2015,3,556,567,1,0,188,44,23666.0,2,691,1,3,685,896.99
9736,341,19/11/2015,22/11/2015,2,15,11,2,0,372,36,19134.0,1,1111,1,12,9,5.88
9737,4281,29/06/2016,03/07/2016,3,561,563,2,0,346,25,68104.0,0,1847,2,13,430,269.98
9738,3338,16/03/2018,21/03/2018,3,425,439,1,0,265,3,90032.0,3,1376,1,14,535,310.12
9739,3338,16/03/2018,21/03/2018,3,425,439,1,0,265,3,90032.0,3,815,1,3,1835,70.464
9740,3338,16/03/2018,21/03/2018,3,425,439,1,0,265,3,90032.0,3,709,1,3,1307,19.68
9741,3338,16/03/2018,21/03/2018,3,425,439,1,0,265,3,90032.0,3,398,1,1,337,140.67
9742,1003,08/11/2016,12/11/2016,3,615,615,1,0,60,43,55273.322402696904,1,48,0,4,1350,4404.9
9743,3375,28/11/2018,02/12/2018,3,275,259,0,0,435,3,92037.0,3,958,1,10,1357,62.65
9744,2231,16/06/2017,22/06/2017,3,373,361,0,0,328,6,19711.0,1,967,1,10,228,9.45
9745,3572,21/01/2018,25/01/2018,3,76,93,0,0,24,11,60505.0,0,866,1,7,128,268.576
9746,3498,24/11/2018,24/11/2018,1,103,85,0,0,265,3,90008.0,3,320,0,16,852,364.08
9747,3498,24/11/2018,24/11/2018,1,103,85,0,0,265,3,90008.0,3,329,0,16,834,71.088
9748,4214,11/11/2015,15/11/2015,3,88,113,0,0,80,11,60653.0,0,141,0,9,494,10.984
9749,4214,11/11/2015,15/11/2015,3,88,113,0,0,80,11,60653.0,0,104,0,5,740,797.944
9750,2559,04/03/2017,08/03/2017,3,267,252,1,0,124,27,3820.0,1,1534,2,0,1003,159.98
9751,1873,11/10/2017,15/10/2017,3,275,259,0,0,80,11,60610.0,0,572,1,2,244,5.344
9752,1873,11/10/2017,15/10/2017,3,275,259,0,0,80,11,60610.0,0,518,1,2,1113,27.72
9753,4601,01/07/2017,02/07/2017,0,578,569,2,0,450,45,98115.0,3,643,1,3,1841,2.496
9754,3028,27/03/2018,29/03/2018,2,450,456,0,0,405,44,23223.0,2,954,1,10,176,8.26
9755,3028,27/03/2018,29/03/2018,2,450,456,0,0,405,44,23223.0,2,706,1,3,689,17.76
9756,3028,27/03/2018,29/03/2018,2,450,456,0,0,405,44,23223.0,2,1329,1,14,419,332.94
9757,3028,27/03/2018,29/03/2018,2,450,456,0,0,405,44,23223.0,2,343,0,16,281,292.1
9758,3028,27/03/2018,29/03/2018,2,450,456,0,0,405,44,23223.0,2,1825,2,13,1232,206.1
9759,3028,27/03/2018,29/03/2018,2,450,456,0,0,405,44,23223.0,2,1178,1,12,142,17.64
9760,2382,31/10/2017,05/11/2017,3,686,729,1,0,436,3,94109.0,3,76,0,5,1209,1403.92
9761,3914,04/11/2018,08/11/2018,3,436,423,2,0,461,2,72762.0,2,491,1,2,333,4.3
9762,253,14/02/2015,18/02/2015,3,519,491,1,0,450,45,98103.0,3,1475,2,0,1002,239.97
9763,253,14/02/2015,18/02/2015,3,519,491,1,0,450,45,98103.0,3,402,1,1,298,81.96
9764,253,14/02/2015,18/02/2015,3,519,491,1,0,450,45,98103.0,3,1420,1,15,460,238.62
9765,276,18/06/2015,23/06/2015,3,493,538,0,0,265,3,90036.0,3,1687,2,13,1270,139.8
9766,2798,28/02/2018,06/03/2018,3,198,242,0,0,294,5,6457.0,1,709,1,3,1307,9.84
9767,2798,28/02/2018,06/03/2018,3,198,242,0,0,294,5,6457.0,1,1154,1,12,1467,7.78
9768,2813,09/12/2018,15/12/2018,3,481,479,0,0,173,20,49505.0,0,640,1,3,688,54.9
9769,3582,07/12/2018,14/12/2018,3,745,766,2,0,436,3,94122.0,3,1045,1,12,1324,50.04
9770,2024,24/11/2017,30/11/2017,3,668,668,2,0,197,8,33012.0,2,11,0,4,1185,339.92
9771,2024,24/11/2017,30/11/2017,3,668,668,2,0,197,8,33012.0,2,1113,1,12,1568,10.528
9772,2024,24/11/2017,30/11/2017,3,668,668,2,0,197,8,33012.0,2,435,1,1,631,42.384
9773,1734,03/07/2017,03/07/2017,1,286,279,1,0,372,36,19143.0,1,1025,1,12,1710,123.92
9774,2594,26/06/2017,03/07/2017,3,590,613,0,0,21,9,30318.0,2,1839,2,13,435,135.95
9775,776,26/07/2015,30/07/2015,3,459,477,0,0,432,41,78207.0,0,845,1,3,682,2177.584
9776,776,26/07/2015,30/07/2015,3,459,477,0,0,432,41,78207.0,0,305,0,9,481,17.496
9777,776,26/07/2015,30/07/2015,3,459,477,0,0,432,41,78207.0,0,694,1,3,698,16.784
9778,776,26/07/2015,30/07/2015,3,459,477,0,0,432,41,78207.0,0,1517,2,0,1087,431.136
9779,776,26/07/2015,30/07/2015,3,459,477,0,0,432,41,78207.0,0,706,1,3,689,8.88
9780,776,26/07/2015,30/07/2015,3,459,477,0,0,432,41,78207.0,0,447,1,1,53,4.836
9781,2478,14/09/2017,18/09/2017,3,152,169,0,0,261,30,11561.0,1,1747,2,13,1619,437.85
9782,2478,14/09/2017,18/09/2017,3,152,169,0,0,261,30,11561.0,1,821,1,3,679,673.568
9783,1432,31/05/2016,02/06/2016,2,268,253,1,0,365,28,7501.0,1,1153,1,12,1670,274.8
9784,1432,31/05/2016,02/06/2016,2,268,253,1,0,365,28,7501.0,1,1410,1,14,644,62.18
9785,1432,31/05/2016,02/06/2016,2,268,253,1,0,365,28,7501.0,1,195,0,9,575,8.28
9786,1509,09/05/2016,13/05/2016,3,498,513,0,0,266,15,40214.0,2,671,1,3,61,48.81
9787,4155,05/11/2015,05/11/2015,1,85,68,0,0,188,44,23666.0,2,129,0,5,764,149.9
9788,3628,27/03/2018,01/04/2018,3,146,132,0,0,207,41,77070.0,0,13,0,4,169,1023.332
9789,3628,27/03/2018,01/04/2018,3,146,132,0,0,207,41,77070.0,0,118,0,5,742,600.558
9790,3628,27/03/2018,01/04/2018,3,146,132,0,0,207,41,77070.0,0,1598,2,0,954,39.992
9791,3628,27/03/2018,01/04/2018,3,146,132,0,0,207,41,77070.0,0,73,0,5,756,211.246
9792,325,21/05/2015,23/05/2015,2,429,422,0,0,207,41,77070.0,0,881,1,7,1492,56.064
9793,325,21/05/2015,23/05/2015,2,429,422,0,0,207,41,77070.0,0,105,0,5,746,107.772
9794,325,21/05/2015,23/05/2015,2,429,422,0,0,207,41,77070.0,0,1109,1,12,110,4.832
9795,325,21/05/2015,23/05/2015,2,429,422,0,0,207,41,77070.0,0,672,1,3,898,18.24
9796,2064,21/05/2017,28/05/2017,3,691,663,1,0,80,11,60610.0,0,773,1,3,408,3.798
9797,1144,12/01/2016,17/01/2016,3,179,164,1,0,483,33,43615.0,1,515,1,2,277,10.368
9798,1144,12/01/2016,17/01/2016,3,179,164,1,0,483,33,43615.0,1,1860,2,13,724,235.188
9799,1144,12/01/2016,17/01/2016,3,179,164,1,0,483,33,43615.0,1,1706,2,13,148,26.376
9800,1144,12/01/2016,17/01/2016,3,179,164,1,0,483,33,43615.0,1,1470,2,0,1399,10.384
