Order Date,Ship Date,Ship Mode,Customer Name,Segment,Country,City,State,Postal Code,Region,Product ID,Category,Sub-Category,Product Name,Prediction
736552,736644,0,0,0,0,0,0,42420.0,0,0,0,0,0,1015.0327159999999
736552,736644,0,0,0,0,0,0,42420.0,0,0,0,0,0,1015.0327159999999
736669,0,0,0,0,0,0,0,90036.0,0,0,0,0,0,1015.7364009999998
736278,0,0,0,0,0,0,0,33311.0,0,0,0,0,0,1093.25944
736278,0,0,0,0,0,0,0,33311.0,0,0,0,0,0,1093.25944
735847,0,0,0,0,0,0,0,90032.0,0,0,0,0,0,1057.7058969999998
735847,0,0,0,0,0,0,0,90032.0,0,0,0,0,0,1057.7058969999998
735847,0,0,0,0,0,0,0,90032.0,0,0,0,0,0,1057.7058969999998
735847,0,0,0,0,0,0,0,90032.0,0,0,0,0,0,1057.7058969999998
735847,0,0,0,0,0,0,0,90032.0,0,0,0,0,0,1057.7058969999998
735847,0,0,0,0,0,0,0,90032.0,0,0,0,0,0,1057.7058969999998
735847,0,0,0,0,0,0,0,90032.0,0,0,0,0,0,1057.7058969999998
0,0,0,0,0,0,0,0,28027.0,0,0,0,0,0,1253.799104
736461,736614,0,0,0,0,0,0,98103.0,0,0,0,0,0,1053.2545429999998
0,0,0,0,0,0,0,0,76106.0,0,0,0,0,0,1100.3046960000001
0,0,0,0,0,0,0,0,76106.0,0,0,0,0,0,1100.3046960000001
735913,0,0,0,0,0,0,0,53711.0,0,0,0,0,0,1112.9050280000001
0,0,0,0,0,0,0,0,84084.0,0,0,0,0,0,1013.919368
0,735607,0,0,0,0,0,0,94109.0,0,0,0,0,0,1087.030883
0,735607,0,0,0,0,0,0,94109.0,0,0,0,0,0,1087.030883
0,735607,0,0,0,0,0,0,94109.0,0,0,0,0,0,1087.030883
736584,0,0,0,0,0,0,0,68025.0,0,0,0,0,0,1061.7147320000001
736584,0,0,0,0,0,0,0,68025.0,0,0,0,0,0,1061.7147320000001
0,0,0,0,0,0,0,0,19140.0,0,0,0,0,0,1365.6374599999995
0,0,0,0,0,0,0,0,84057.0,0,0,0,0,0,1013.919368
0,0,0,0,0,0,0,0,90049.0,0,0,0,0,0,1021.7960989999998
0,0,0,0,0,0,0,0,90049.0,0,0,0,0,0,1021.7960989999998
0,0,0,0,0,0,0,0,19140.0,0,0,0,0,0,1365.6374599999995
0,0,0,0,0,0,0,0,19140.0,0,0,0,0,0,1365.6374599999995
0,0,0,0,0,0,0,0,19140.0,0,0,0,0,0,1365.6374599999995
0,0,0,0,0,0,0,0,19140.0,0,0,0,0,0,1365.6374599999995
0,0,0,0,0,0,0,0,19140.0,0,0,0,0,0,1365.6374599999995
0,0,0,0,0,0,0,0,19140.0,0,0,0,0,0,1365.6374599999995
0,0,0,0,0,0,0,0,19140.0,0,0,0,0,0,1365.6374599999995
0,0,0,0,0,0,0,0,77095.0,0,0,0,0,0,1049.1600080000003
736553,736614,0,0,0,0,0,0,75080.0,0,0,0,0,0,1110.127114
736553,736614,0,0,0,0,0,0,75080.0,0,0,0,0,0,1110.127114
0,0,0,0,0,0,0,0,77041.0,0,0,0,0,0,1074.552944
0,0,0,0,0,0,0,0,77041.0,0,0,0,0,0,1074.552944
0,0,0,0,0,0,0,0,77041.0,0,0,0,0,0,1074.552944
0,0,0,0,0,0,0,0,77041.0,0,0,0,0,0,1074.552944
736976,0,0,0,0,0,0,0,60540.0,0,0,0,0,0,1063.619912
0,0,0,0,0,0,0,0,90049.0,0,0,0,0,0,1021.7960989999998
0,0,0,0,0,0,0,0,32935.0,0,0,0,0,0,1194.7120960000002
736636,0,0,0,0,0,0,0,55122.0,0,0,0,0,0,1116.617248
736636,0,0,0,0,0,0,0,55122.0,0,0,0,0,0,1116.617248
0,0,0,0,0,0,0,0,48185.0,0,0,0,0,0,1131.1612920000002
0,0,0,0,0,0,0,0,19901.0,0,0,0,0,0,1365.6374599999995
0,0,0,0,0,0,0,0,19901.0,0,0,0,0,0,1365.6374599999995
0,0,0,0,0,0,0,0,47150.0,0,0,0,0,0,1115.7379360000004
0,0,0,0,0,0,0,0,47150.0,0,0,0,0,0,1115.7379360000004
0,0,0,0,0,0,0,0,47150.0,0,0,0,0,0,1115.7379360000004
0,0,0,0,0,0,0,0,47150.0,0,0,0,0,0,1115.7379360000004
736645,0,0,0,0,0,0,0,10024.0,0,0,0,0,0,1580.6874499999997
736645,0,0,0,0,0,0,0,10024.0,0,0,0,0,0,1580.6874499999997
0,0,0,0,0,0,0,0,12180.0,0,0,0,0,0,1739.0681099999993
0,0,0,0,0,0,0,0,12180.0,0,0,0,0,0,1739.0681099999993
0,0,0,0,0,0,0,0,12180.0,0,0,0,0,0,1739.0681099999993
0,0,0,0,0,0,0,0,12180.0,0,0,0,0,0,1739.0681099999993
0,0,0,0,0,0,0,0,12180.0,0,0,0,0,0,1739.0681099999993
0,0,0,0,0,0,0,0,12180.0,0,0,0,0,0,1739.0681099999993
0,0,0,0,0,0,0,0,12180.0,0,0,0,0,0,1739.0681099999993
0,0,0,0,0,0,0,0,90004.0,0,0,0,0,0,1030.255799
0,0,0,0,0,0,0,0,90004.0,0,0,0,0,0,1030.255799
0,0,0,0,0,0,0,0,90004.0,0,0,0,0,0,1030.255799
0,0,0,0,0,0,0,0,90004.0,0,0,0,0,0,1030.255799
0,736089,0,0,0,0,0,0,60610.0,0,0,0,0,0,1164.22648
735730,735883,0,0,0,0,0,0,85234.0,0,0,0,0,0,1056.3143279999997
735730,735883,0,0,0,0,0,0,85234.0,0,0,0,0,0,1056.3143279999997
736425,736486,0,0,0,0,0,0,22153.0,0,0,0,0,0,1190.555046
0,0,0,0,0,0,0,0,10009.0,0,0,0,0,0,1742.9310379999993
0,0,0,0,0,0,0,0,49201.0,0,0,0,0,0,1127.0040120000003
0,735999,0,0,0,0,0,0,38109.0,0,0,0,0,0,1176.6825580000002
0,735999,0,0,0,0,0,0,38109.0,0,0,0,0,0,1176.6825580000002
0,735999,0,0,0,0,0,0,38109.0,0,0,0,0,0,1176.6825580000002
736949,737010,0,0,0,0,0,0,77041.0,0,0,0,0,0,1063.2395439999998
736949,737010,0,0,0,0,0,0,77041.0,0,0,0,0,0,1063.2395439999998
736949,737010,0,0,0,0,0,0,77041.0,0,0,0,0,0,1063.2395439999998
0,735610,0,0,0,0,0,0,77070.0,0,0,0,0,0,1121.78501
736669,0,0,0,0,0,0,0,35601.0,0,0,0,0,0,1088.7299400000002
736669,0,0,0,0,0,0,0,35601.0,0,0,0,0,0,1088.7299400000002
735942,0,0,0,0,0,0,0,94122.0,0,0,0,0,0,1074.139041
735942,0,0,0,0,0,0,0,94122.0,0,0,0,0,0,1074.139041
736032,736185,0,0,0,0,0,0,27707.0,0,0,0,0,0,1130.7546499999999
0,0,0,0,0,0,0,0,60623.0,0,0,0,0,0,1100.3046960000001
0,0,0,0,0,0,0,0,29203.0,0,0,0,0,0,1216.254424
0,736736,0,0,0,0,0,0,55901.0,0,0,0,0,0,1133.411718
0,736736,0,0,0,0,0,0,55901.0,0,0,0,0,0,1133.411718
736453,736606,0,0,0,0,0,0,77095.0,0,0,0,0,0,1054.6984499999996
0,0,0,0,0,0,0,0,90036.0,0,0,0,0,0,1034.961929
0,0,0,0,0,0,0,0,90036.0,0,0,0,0,0,1034.961929
0,0,0,0,0,0,0,0,90036.0,0,0,0,0,0,1034.961929
0,736086,0,0,0,0,0,0,55407.0,0,0,0,0,0,1316.1775559999996
0,736086,0,0,0,0,0,0,55407.0,0,0,0,0,0,1316.1775559999996
0,736086,0,0,0,0,0,0,55407.0,0,0,0,0,0,1316.1775559999996
736856,737039,0,0,0,0,0,0,97206.0,0,0,0,0,0,1077.2283909999996
736948,737009,0,0,0,0,0,0,10009.0,0,0,0,0,0,1456.2841159999998
0,0,0,0,0,0,0,0,94122.0,0,0,0,0,0,1048.9307489999999
736489,736642,0,0,0,0,0,0,55106.0,0,0,0,0,0,1086.972274
0,736369,0,0,0,0,0,0,60610.0,0,0,0,0,0,1145.900442
0,736369,0,0,0,0,0,0,60610.0,0,0,0,0,0,1145.900442
0,736369,0,0,0,0,0,0,60610.0,0,0,0,0,0,1145.900442
736341,736431,0,0,0,0,0,0,55901.0,0,0,0,0,0,1142.1381979999999
0,0,0,0,0,0,0,0,80013.0,0,0,0,0,0,1014.861718
0,0,0,0,0,0,0,0,80013.0,0,0,0,0,0,1014.861718
0,0,0,0,0,0,0,0,80013.0,0,0,0,0,0,1014.861718
0,0,0,0,0,0,0,0,28205.0,0,0,0,0,0,1216.254424
0,0,0,0,0,0,0,0,28205.0,0,0,0,0,0,1216.254424
0,0,0,0,0,0,0,0,28205.0,0,0,0,0,0,1216.254424
0,0,0,0,0,0,0,0,60462.0,0,0,0,0,0,1100.3046960000001
0,0,0,0,0,0,0,0,10035.0,0,0,0,0,0,1720.0015379999995
736399,736613,0,0,0,0,0,0,50322.0,0,0,0,0,0,1034.8155679999998
736399,736613,0,0,0,0,0,0,50322.0,0,0,0,0,0,1034.8155679999998
0,0,0,0,0,0,0,0,43229.0,0,0,0,0,0,1118.4940360000003
0,0,0,0,0,0,0,0,43229.0,0,0,0,0,0,1118.4940360000003
0,0,0,0,0,0,0,0,43229.0,0,0,0,0,0,1118.4940360000003
0,0,0,0,0,0,0,0,43229.0,0,0,0,0,0,1118.4940360000003
735997,736118,0,0,0,0,0,0,98103.0,0,0,0,0,0,1115.8306349999996
736088,736241,0,0,0,0,0,0,37620.0,0,0,0,0,0,1065.1610999999998
736669,0,0,0,0,0,0,0,19805.0,0,0,0,0,0,1255.384284
736669,0,0,0,0,0,0,0,19805.0,0,0,0,0,0,1255.384284
736669,0,0,0,0,0,0,0,19805.0,0,0,0,0,0,1255.384284
736669,0,0,0,0,0,0,0,19805.0,0,0,0,0,0,1255.384284
736669,0,0,0,0,0,0,0,19805.0,0,0,0,0,0,1255.384284
0,0,0,0,0,0,0,0,77041.0,0,0,0,0,0,1074.552944
0,0,0,0,0,0,0,0,61701.0,0,0,0,0,0,1100.3046960000001
736825,737039,0,0,0,0,0,0,85023.0,0,0,0,0,0,1048.8800119999996
736825,737039,0,0,0,0,0,0,85023.0,0,0,0,0,0,1048.8800119999996
736491,736613,0,0,0,0,0,0,90004.0,0,0,0,0,0,1049.4313209999996
736491,736613,0,0,0,0,0,0,90004.0,0,0,0,0,0,1049.4313209999996
736727,736816,0,0,0,0,0,0,43229.0,0,0,0,0,0,1016.3059599999999
736727,736816,0,0,0,0,0,0,43229.0,0,0,0,0,0,1016.3059599999999
736727,736816,0,0,0,0,0,0,43229.0,0,0,0,0,0,1016.3059599999999
0,0,0,0,0,0,0,0,95661.0,0,0,0,0,0,1048.076349
0,0,0,0,0,0,0,0,95661.0,0,0,0,0,0,1048.076349
0,0,0,0,0,0,0,0,95661.0,0,0,0,0,0,1048.076349
0,0,0,0,0,0,0,0,95661.0,0,0,0,0,0,1048.076349
0,0,0,0,0,0,0,0,95661.0,0,0,0,0,0,1048.076349
0,0,0,0,0,0,0,0,95661.0,0,0,0,0,0,1048.076349
0,0,0,0,0,0,0,0,95661.0,0,0,0,0,0,1048.076349
736458,736519,0,0,0,0,0,0,19140.0,0,0,0,0,0,1244.0379639999999
0,0,0,0,0,0,0,0,94122.0,0,0,0,0,0,1048.9307489999999
0,0,0,0,0,0,0,0,94122.0,0,0,0,0,0,1048.9307489999999
0,0,0,0,0,0,0,0,94122.0,0,0,0,0,0,1048.9307489999999
0,0,0,0,0,0,0,0,64055.0,0,0,0,0,0,1100.3046960000001
736154,736307,0,0,0,0,0,0,91104.0,0,0,0,0,0,1038.8395249999996
0,0,0,0,0,0,0,0,43055.0,0,0,0,0,0,1118.4940360000003
736461,736584,0,0,0,0,0,0,53132.0,0,0,0,0,0,1060.6449679999998
736461,736584,0,0,0,0,0,0,53132.0,0,0,0,0,0,1060.6449679999998
736461,736584,0,0,0,0,0,0,53132.0,0,0,0,0,0,1060.6449679999998
736461,736584,0,0,0,0,0,0,53132.0,0,0,0,0,0,1060.6449679999998
0,0,0,0,0,0,0,0,85254.0,0,0,0,0,0,1006.5456479999999
0,0,0,0,0,0,0,0,85254.0,0,0,0,0,0,1006.5456479999999
0,736000,0,0,0,0,0,0,95123.0,0,0,0,0,0,1103.5353069999999
0,736000,0,0,0,0,0,0,95123.0,0,0,0,0,0,1103.5353069999999
0,736000,0,0,0,0,0,0,95123.0,0,0,0,0,0,1103.5353069999999
0,736029,0,0,0,0,0,0,98105.0,0,0,0,0,0,1111.5910669999998
735601,735752,0,0,0,0,0,0,98115.0,0,0,0,0,0,1098.9716949999997
0,0,0,0,0,0,0,0,73034.0,0,0,0,0,0,1100.3046960000001
0,0,0,0,0,0,0,0,73034.0,0,0,0,0,0,1100.3046960000001
736638,736668,0,0,0,0,0,0,90045.0,0,0,0,0,0,1032.4856929999996
0,0,0,0,0,0,0,0,19134.0,0,0,0,0,0,1404.99292
0,0,0,0,0,0,0,0,88220.0,0,0,0,0,0,1029.9250639999998
736521,736644,0,0,0,0,0,0,98115.0,0,0,0,0,0,1029.3416969999996
735819,735941,0,0,0,0,0,0,78207.0,0,0,0,0,0,1068.6285239999997
735819,735941,0,0,0,0,0,0,78207.0,0,0,0,0,0,1068.6285239999997
735819,735941,0,0,0,0,0,0,78207.0,0,0,0,0,0,1068.6285239999997
735819,735941,0,0,0,0,0,0,78207.0,0,0,0,0,0,1068.6285239999997
735819,735941,0,0,0,0,0,0,78207.0,0,0,0,0,0,1068.6285239999997
735819,735941,0,0,0,0,0,0,78207.0,0,0,0,0,0,1068.6285239999997
735819,735941,0,0,0,0,0,0,78207.0,0,0,0,0,0,1068.6285239999997
735726,735849,0,0,0,0,0,0,90004.0,0,0,0,0,0,1083.2728049999996
735726,735849,0,0,0,0,0,0,90004.0,0,0,0,0,0,1083.2728049999996
735726,735849,0,0,0,0,0,0,90004.0,0,0,0,0,0,1083.2728049999996
0,0,0,0,0,0,0,0,60623.0,0,0,0,0,0,1100.3046960000001
0,0,0,0,0,0,0,0,60623.0,0,0,0,0,0,1100.3046960000001
0,0,0,0,0,0,0,0,77036.0,0,0,0,0,0,1108.4913520000002
0,0,0,0,0,0,0,0,43055.0,0,0,0,0,0,1118.4940360000003
0,0,0,0,0,0,0,0,43055.0,0,0,0,0,0,1118.4940360000003
0,0,0,0,0,0,0,0,10009.0,0,0,0,0,0,1742.9310379999993
735730,735853,0,0,0,0,0,0,62521.0,0,0,0,0,0,1130.023984
735730,735853,0,0,0,0,0,0,62521.0,0,0,0,0,0,1130.023984
0,0,0,0,0,0,0,0,71203.0,0,0,0,0,0,1100.3046960000001
0,0,0,0,0,0,0,0,71203.0,0,0,0,0,0,1100.3046960000001
0,0,0,0,0,0,0,0,71203.0,0,0,0,0,0,1100.3046960000001
0,736372,0,0,0,0,0,0,6824.0,0,0,0,0,0,1632.0874339999996
0,0,0,0,0,0,0,0,90032.0,0,0,0,0,0,1034.961929
0,0,0,0,0,0,0,0,75051.0,0,0,0,0,0,1100.3046960000001
0,0,0,0,0,0,0,0,75051.0,0,0,0,0,0,1100.3046960000001
736308,0,0,0,0,0,0,0,10035.0,0,0,0,0,0,1582.9076899999993
736308,0,0,0,0,0,0,0,10035.0,0,0,0,0,0,1582.9076899999993
736308,0,0,0,0,0,0,0,10035.0,0,0,0,0,0,1582.9076899999993
736308,0,0,0,0,0,0,0,10035.0,0,0,0,0,0,1582.9076899999993
736308,0,0,0,0,0,0,0,10035.0,0,0,0,0,0,1582.9076899999993
0,736126,0,0,0,0,0,0,92374.0,0,0,0,0,0,1096.4258189999998
0,0,0,0,0,0,0,0,45011.0,0,0,0,0,0,1130.9557560000003
0,0,0,0,0,0,0,0,45011.0,0,0,0,0,0,1130.9557560000003
736856,0,0,0,0,0,0,0,7090.0,0,0,0,0,0,1571.4303199999997
736852,0,0,0,0,0,0,0,19120.0,0,0,0,0,0,1280.0149739999997
736852,0,0,0,0,0,0,0,19120.0,0,0,0,0,0,1280.0149739999997
0,0,0,0,0,0,0,0,44312.0,0,0,0,0,0,1130.9557560000003
735665,735726,0,0,0,0,0,0,80219.0,0,0,0,0,0,1056.4776579999996
735665,735726,0,0,0,0,0,0,80219.0,0,0,0,0,0,1056.4776579999996
0,0,0,0,0,0,0,0,75220.0,0,0,0,0,0,1100.3046960000001
736759,736881,0,0,0,0,0,0,37064.0,0,0,0,0,0,1036.971916
736949,0,0,0,0,0,0,0,90604.0,0,0,0,0,0,1007.4853309999997
736706,736887,0,0,0,0,0,0,48601.0,0,0,0,0,0,1054.673668
736706,736887,0,0,0,0,0,0,48601.0,0,0,0,0,0,1054.673668
736706,736887,0,0,0,0,0,0,48601.0,0,0,0,0,0,1054.673668
736706,736887,0,0,0,0,0,0,48601.0,0,0,0,0,0,1054.673668
736706,736887,0,0,0,0,0,0,48601.0,0,0,0,0,0,1054.673668
736209,0,0,0,0,0,0,0,75220.0,0,0,0,0,0,1061.7147320000001
735995,736208,0,0,0,0,0,0,44256.0,0,0,0,0,0,1115.4930699999998
735995,736208,0,0,0,0,0,0,44256.0,0,0,0,0,0,1115.4930699999998
735995,736208,0,0,0,0,0,0,44256.0,0,0,0,0,0,1115.4930699999998
735995,736208,0,0,0,0,0,0,44256.0,0,0,0,0,0,1115.4930699999998
735995,736208,0,0,0,0,0,0,44256.0,0,0,0,0,0,1115.4930699999998
0,736340,0,0,0,0,0,0,90032.0,0,0,0,0,0,1092.6996909999998
0,736340,0,0,0,0,0,0,90032.0,0,0,0,0,0,1092.6996909999998
0,0,0,0,0,0,0,0,43017.0,0,0,0,0,0,1118.4940360000003
0,0,0,0,0,0,0,0,43017.0,0,0,0,0,0,1118.4940360000003
0,0,0,0,0,0,0,0,43017.0,0,0,0,0,0,1118.4940360000003
0,0,0,0,0,0,0,0,43017.0,0,0,0,0,0,1118.4940360000003
0,0,0,0,0,0,0,0,43017.0,0,0,0,0,0,1118.4940360000003
0,0,0,0,0,0,0,0,43017.0,0,0,0,0,0,1118.4940360000003
736215,0,0,0,0,0,0,0,48227.0,0,0,0,0,0,1069.168232
736215,0,0,0,0,0,0,0,48227.0,0,0,0,0,0,1069.168232
736215,0,0,0,0,0,0,0,48227.0,0,0,0,0,0,1069.168232
0,736057,0,0,0,0,0,0,38401.0,0,0,0,0,0,1176.6825580000002
0,736057,0,0,0,0,0,0,38401.0,0,0,0,0,0,1176.6825580000002
0,0,0,0,0,0,0,0,28205.0,0,0,0,0,0,1216.254424
736879,737032,0,0,0,0,0,0,33614.0,0,0,0,0,0,1087.135364
736879,737032,0,0,0,0,0,0,33614.0,0,0,0,0,0,1087.135364
736879,737032,0,0,0,0,0,0,33614.0,0,0,0,0,0,1087.135364
736879,737032,0,0,0,0,0,0,33614.0,0,0,0,0,0,1087.135364
736879,737032,0,0,0,0,0,0,33614.0,0,0,0,0,0,1087.135364
737039,0,0,0,0,0,0,0,95051.0,0,0,0,0,0,1236.1990329999999
736425,736578,0,0,0,0,0,0,60610.0,0,0,0,0,0,1087.301438
736425,736578,0,0,0,0,0,0,60610.0,0,0,0,0,0,1087.301438
736425,736578,0,0,0,0,0,0,60610.0,0,0,0,0,0,1087.301438
736425,736578,0,0,0,0,0,0,60610.0,0,0,0,0,0,1087.301438
736425,736578,0,0,0,0,0,0,60610.0,0,0,0,0,0,1087.301438
736425,736578,0,0,0,0,0,0,60610.0,0,0,0,0,0,1087.301438
736425,736578,0,0,0,0,0,0,60610.0,0,0,0,0,0,1087.301438
735604,735755,0,0,0,0,0,0,55044.0,0,0,0,0,0,1216.21228
735604,735755,0,0,0,0,0,0,55044.0,0,0,0,0,0,1216.21228
735604,735755,0,0,0,0,0,0,55044.0,0,0,0,0,0,1216.21228
735604,735755,0,0,0,0,0,0,55044.0,0,0,0,0,0,1216.21228
735604,735755,0,0,0,0,0,0,55044.0,0,0,0,0,0,1216.21228
736614,0,0,0,0,0,0,0,94109.0,0,0,0,0,0,1021.9896509999995
736642,0,0,0,0,0,0,0,92037.0,0,0,0,0,0,1001.5896709999996
736642,0,0,0,0,0,0,0,92037.0,0,0,0,0,0,1001.5896709999996
736614,0,0,0,0,0,0,0,10024.0,0,0,0,0,0,1580.6874499999997
736614,0,0,0,0,0,0,0,10024.0,0,0,0,0,0,1580.6874499999997
0,736066,0,0,0,0,0,0,60623.0,0,0,0,0,0,1167.0854239999999
0,736066,0,0,0,0,0,0,60623.0,0,0,0,0,0,1167.0854239999999
0,736066,0,0,0,0,0,0,60623.0,0,0,0,0,0,1167.0854239999999
0,736066,0,0,0,0,0,0,60623.0,0,0,0,0,0,1167.0854239999999
736706,736765,0,0,0,0,0,0,10009.0,0,0,0,0,0,1430.2341099999999
736706,736765,0,0,0,0,0,0,10009.0,0,0,0,0,0,1430.2341099999999
736706,736765,0,0,0,0,0,0,10009.0,0,0,0,0,0,1430.2341099999999
736912,737034,0,0,0,0,0,0,77506.0,0,0,0,0,0,1062.4802039999997
0,0,0,0,0,0,0,0,77036.0,0,0,0,0,0,1108.4913520000002
0,0,0,0,0,0,0,0,77036.0,0,0,0,0,0,1108.4913520000002
736486,0,0,0,0,0,0,0,60610.0,0,0,0,0,0,1059.751452
736248,0,0,0,0,0,0,0,94513.0,0,0,0,0,0,1032.7413009999996
0,0,0,0,0,0,0,0,27514.0,0,0,0,0,0,1253.799104
0,0,0,0,0,0,0,0,7960.0,0,0,0,0,0,1742.9310379999993
736949,0,0,0,0,0,0,0,45231.0,0,0,0,0,0,1068.269336
736949,0,0,0,0,0,0,0,45231.0,0,0,0,0,0,1068.269336
0,737091,0,0,0,0,0,0,94110.0,0,0,0,0,0,1040.151733
0,0,0,0,0,0,0,0,94109.0,0,0,0,0,0,1038.179099
0,0,0,0,0,0,0,0,94109.0,0,0,0,0,0,1038.179099
0,0,0,0,0,0,0,0,94109.0,0,0,0,0,0,1038.179099
0,0,0,0,0,0,0,0,90301.0,0,0,0,0,0,1021.7960989999998
0,0,0,0,0,0,0,0,90301.0,0,0,0,0,0,1021.7960989999998
0,0,0,0,0,0,0,0,19140.0,0,0,0,0,0,1365.6374599999995
0,0,0,0,0,0,0,0,19140.0,0,0,0,0,0,1365.6374599999995
0,0,0,0,0,0,0,0,19140.0,0,0,0,0,0,1365.6374599999995
0,0,0,0,0,0,0,0,19140.0,0,0,0,0,0,1365.6374599999995
0,0,0,0,0,0,0,0,77070.0,0,0,0,0,0,1070.2188320000002
0,0,0,0,0,0,0,0,77070.0,0,0,0,0,0,1070.2188320000002
736005,736126,0,0,0,0,0,0,90004.0,0,0,0,0,0,1113.2186849999996
0,736004,0,0,0,0,0,0,97206.0,0,0,0,0,0,1103.5353069999999
0,736004,0,0,0,0,0,0,97206.0,0,0,0,0,0,1103.5353069999999
0,736004,0,0,0,0,0,0,97206.0,0,0,0,0,0,1103.5353069999999
0,0,0,0,0,0,0,0,33319.0,0,0,0,0,0,1194.7120960000002
0,0,0,0,0,0,0,0,33319.0,0,0,0,0,0,1194.7120960000002
0,0,0,0,0,0,0,0,33319.0,0,0,0,0,0,1194.7120960000002
0,0,0,0,0,0,0,0,43229.0,0,0,0,0,0,1118.4940360000003
0,0,0,0,0,0,0,0,43229.0,0,0,0,0,0,1118.4940360000003
0,0,0,0,0,0,0,0,43229.0,0,0,0,0,0,1118.4940360000003
0,0,0,0,0,0,0,0,43229.0,0,0,0,0,0,1118.4940360000003
0,0,0,0,0,0,0,0,80906.0,0,0,0,0,0,1014.447608
0,0,0,0,0,0,0,0,80906.0,0,0,0,0,0,1014.447608
0,0,0,0,0,0,0,0,80906.0,0,0,0,0,0,1014.447608
0,0,0,0,0,0,0,0,80906.0,0,0,0,0,0,1014.447608
0,0,0,0,0,0,0,0,80906.0,0,0,0,0,0,1014.447608
0,736399,0,0,0,0,0,0,7109.0,0,0,0,0,0,1624.7218739999994
0,736399,0,0,0,0,0,0,7109.0,0,0,0,0,0,1624.7218739999994
0,736399,0,0,0,0,0,0,7109.0,0,0,0,0,0,1624.7218739999994
0,736399,0,0,0,0,0,0,7109.0,0,0,0,0,0,1624.7218739999994
0,736399,0,0,0,0,0,0,7109.0,0,0,0,0,0,1624.7218739999994
0,0,0,0,0,0,0,0,60623.0,0,0,0,0,0,1100.3046960000001
736059,736212,0,0,0,0,0,0,10024.0,0,0,0,0,0,1495.3767699999996
0,736055,0,0,0,0,0,0,48180.0,0,0,0,0,0,1158.271934
735604,735755,0,0,0,0,0,0,8701.0,0,0,0,0,0,1664.5277139999994
735604,735755,0,0,0,0,0,0,8701.0,0,0,0,0,0,1664.5277139999994
0,0,0,0,0,0,0,0,22204.0,0,0,0,0,0,1302.1393939999998
736672,0,0,0,0,0,0,0,80004.0,0,0,0,0,0,995.6361899999997
736672,0,0,0,0,0,0,0,80004.0,0,0,0,0,0,995.6361899999997
736672,0,0,0,0,0,0,0,80004.0,0,0,0,0,0,995.6361899999997
736672,0,0,0,0,0,0,0,80004.0,0,0,0,0,0,995.6361899999997
0,735667,0,0,0,0,0,0,7601.0,0,0,0,0,0,1737.9934579999995
735849,0,0,0,0,0,0,0,33710.0,0,0,0,0,0,1191.8279800000003
735849,0,0,0,0,0,0,0,33710.0,0,0,0,0,0,1191.8279800000003
0,0,0,0,0,0,0,0,19143.0,0,0,0,0,0,1365.6374599999995
735699,735852,0,0,0,0,0,0,10024.0,0,0,0,0,0,1617.6521939999993
735699,735852,0,0,0,0,0,0,10024.0,0,0,0,0,0,1617.6521939999993
735699,735852,0,0,0,0,0,0,10024.0,0,0,0,0,0,1617.6521939999993
735699,735852,0,0,0,0,0,0,10024.0,0,0,0,0,0,1617.6521939999993
735699,735852,0,0,0,0,0,0,10024.0,0,0,0,0,0,1617.6521939999993
0,0,0,0,0,0,0,0,90805.0,0,0,0,0,0,1021.7960989999998
0,0,0,0,0,0,0,0,92345.0,0,0,0,0,0,1027.027459
0,0,0,0,0,0,0,0,92345.0,0,0,0,0,0,1027.027459
736764,736825,0,0,0,0,0,0,37130.0,0,0,0,0,0,1019.2179799999999
0,736338,0,0,0,0,0,0,19143.0,0,0,0,0,0,1342.0374399999998
0,736338,0,0,0,0,0,0,19143.0,0,0,0,0,0,1342.0374399999998
0,736338,0,0,0,0,0,0,19143.0,0,0,0,0,0,1342.0374399999998
0,736338,0,0,0,0,0,0,19143.0,0,0,0,0,0,1342.0374399999998
0,736338,0,0,0,0,0,0,19143.0,0,0,0,0,0,1342.0374399999998
0,0,0,0,0,0,0,0,19134.0,0,0,0,0,0,1404.99292
0,0,0,0,0,0,0,0,19134.0,0,0,0,0,0,1404.99292
0,0,0,0,0,0,0,0,19134.0,0,0,0,0,0,1404.99292
735972,736063,0,0,0,0,0,0,90045.0,0,0,0,0,0,1108.8788289999995
735972,736063,0,0,0,0,0,0,90045.0,0,0,0,0,0,1108.8788289999995
735972,736063,0,0,0,0,0,0,90045.0,0,0,0,0,0,1108.8788289999995
735939,0,0,0,0,0,0,0,94122.0,0,0,0,0,0,1054.4847209999998
735939,0,0,0,0,0,0,0,94122.0,0,0,0,0,0,1054.4847209999998
0,0,0,0,0,0,0,0,84041.0,0,0,0,0,0,1013.919368
0,0,0,0,0,0,0,0,19140.0,0,0,0,0,0,1365.6374599999995
0,0,0,0,0,0,0,0,19140.0,0,0,0,0,0,1365.6374599999995
0,0,0,0,0,0,0,0,19140.0,0,0,0,0,0,1365.6374599999995
0,0,0,0,0,0,0,0,19140.0,0,0,0,0,0,1365.6374599999995
0,0,0,0,0,0,0,0,78745.0,0,0,0,0,0,1016.702718
0,0,0,0,0,0,0,0,94122.0,0,0,0,0,0,1048.9307489999999
736913,737035,0,0,0,0,0,0,1852.0,0,0,0,0,0,1410.2872859999998
736913,737035,0,0,0,0,0,0,1852.0,0,0,0,0,0,1410.2872859999998
736913,737035,0,0,0,0,0,0,1852.0,0,0,0,0,0,1410.2872859999998
736338,736397,0,0,0,0,0,0,10009.0,0,0,0,0,0,1475.1767259999997
736338,736397,0,0,0,0,0,0,10009.0,0,0,0,0,0,1475.1767259999997
736338,736397,0,0,0,0,0,0,10009.0,0,0,0,0,0,1475.1767259999997
736338,736397,0,0,0,0,0,0,10009.0,0,0,0,0,0,1475.1767259999997
736338,736397,0,0,0,0,0,0,10009.0,0,0,0,0,0,1475.1767259999997
736545,0,0,0,0,0,0,0,10035.0,0,0,0,0,0,1571.1600499999995
736545,0,0,0,0,0,0,0,10035.0,0,0,0,0,0,1571.1600499999995
736545,0,0,0,0,0,0,0,10035.0,0,0,0,0,0,1571.1600499999995
736545,0,0,0,0,0,0,0,10035.0,0,0,0,0,0,1571.1600499999995
0,0,0,0,0,0,0,0,28205.0,0,0,0,0,0,1216.254424
736909,737001,0,0,0,0,0,0,31907.0,0,0,0,0,0,1055.1741639999998
736909,737001,0,0,0,0,0,0,31907.0,0,0,0,0,0,1055.1741639999998
0,736704,0,0,0,0,0,0,10009.0,0,0,0,0,0,1576.8716939999995
0,736704,0,0,0,0,0,0,10009.0,0,0,0,0,0,1576.8716939999995
0,736704,0,0,0,0,0,0,10009.0,0,0,0,0,0,1576.8716939999995
0,736704,0,0,0,0,0,0,10009.0,0,0,0,0,0,1576.8716939999995
0,0,0,0,0,0,0,0,94109.0,0,0,0,0,0,1038.179099
0,0,0,0,0,0,0,0,6040.0,0,0,0,0,0,1750.9024779999995
0,0,0,0,0,0,0,0,6040.0,0,0,0,0,0,1750.9024779999995
0,0,0,0,0,0,0,0,6040.0,0,0,0,0,0,1750.9024779999995
0,0,0,0,0,0,0,0,6040.0,0,0,0,0,0,1750.9024779999995
0,736790,0,0,0,0,0,0,78550.0,0,0,0,0,0,1019.3654840000002
0,736790,0,0,0,0,0,0,78550.0,0,0,0,0,0,1019.3654840000002
0,0,0,0,0,0,0,0,85705.0,0,0,0,0,0,1026.954284
0,0,0,0,0,0,0,0,85705.0,0,0,0,0,0,1026.954284
0,0,0,0,0,0,0,0,85705.0,0,0,0,0,0,1026.954284
0,0,0,0,0,0,0,0,85705.0,0,0,0,0,0,1026.954284
0,736339,0,0,0,0,0,0,62301.0,0,0,0,0,0,1145.900442
0,736703,0,0,0,0,0,0,2038.0,0,0,0,0,0,1583.6745339999998
0,736089,0,0,0,0,0,0,77095.0,0,0,0,0,0,1115.152302
0,736089,0,0,0,0,0,0,77095.0,0,0,0,0,0,1115.152302
0,736089,0,0,0,0,0,0,77095.0,0,0,0,0,0,1115.152302
0,0,0,0,0,0,0,0,94109.0,0,0,0,0,0,1038.179099
0,0,0,0,0,0,0,0,94109.0,0,0,0,0,0,1038.179099
0,0,0,0,0,0,0,0,48180.0,0,0,0,0,0,1131.1612920000002
0,736006,0,0,0,0,0,0,33024.0,0,0,0,0,0,1204.682358
0,736006,0,0,0,0,0,0,33024.0,0,0,0,0,0,1204.682358
736035,736157,0,0,0,0,0,0,19140.0,0,0,0,0,0,1291.4055639999997
736035,736157,0,0,0,0,0,0,19140.0,0,0,0,0,0,1291.4055639999997
0,0,0,0,0,0,0,0,45231.0,0,0,0,0,0,1121.2394960000001
737010,0,0,0,0,0,0,0,10009.0,0,0,0,0,0,1701.0217999999993
737010,0,0,0,0,0,0,0,10009.0,0,0,0,0,0,1701.0217999999993
0,0,0,0,0,0,0,0,98198.0,0,0,0,0,0,1056.132109
0,0,0,0,0,0,0,0,98198.0,0,0,0,0,0,1056.132109
735785,735877,0,0,0,0,0,0,61604.0,0,0,0,0,0,1130.023984
0,736821,0,0,0,0,0,0,89115.0,0,0,0,0,0,1041.190186
0,0,0,0,0,0,0,0,2886.0,0,0,0,0,0,1749.7338779999993
0,0,0,0,0,0,0,0,2886.0,0,0,0,0,0,1749.7338779999993
0,736065,0,0,0,0,0,0,49201.0,0,0,0,0,0,1154.7092300000002
736550,736611,0,0,0,0,0,0,77036.0,0,0,0,0,0,1104.773794
736550,736611,0,0,0,0,0,0,77036.0,0,0,0,0,0,1104.773794
736550,736611,0,0,0,0,0,0,77036.0,0,0,0,0,0,1104.773794
736550,736611,0,0,0,0,0,0,77036.0,0,0,0,0,0,1104.773794
0,0,0,0,0,0,0,0,33180.0,0,0,0,0,0,1194.7120960000002
0,0,0,0,0,0,0,0,28403.0,0,0,0,0,0,1216.254424
0,0,0,0,0,0,0,0,10024.0,0,0,0,0,0,1743.6276379999993
736918,737040,0,0,0,0,0,0,94110.0,0,0,0,0,0,1078.9362109999997
736918,737040,0,0,0,0,0,0,94110.0,0,0,0,0,0,1078.9362109999997
736918,737040,0,0,0,0,0,0,94110.0,0,0,0,0,0,1078.9362109999997
736918,737040,0,0,0,0,0,0,94110.0,0,0,0,0,0,1078.9362109999997
736918,737040,0,0,0,0,0,0,94110.0,0,0,0,0,0,1078.9362109999997
736918,737040,0,0,0,0,0,0,94110.0,0,0,0,0,0,1078.9362109999997
736918,737040,0,0,0,0,0,0,94110.0,0,0,0,0,0,1078.9362109999997
736918,737040,0,0,0,0,0,0,94110.0,0,0,0,0,0,1078.9362109999997
736918,737040,0,0,0,0,0,0,94110.0,0,0,0,0,0,1078.9362109999997
736764,736886,0,0,0,0,0,0,98105.0,0,0,0,0,0,1042.6684989999997
736764,736886,0,0,0,0,0,0,98105.0,0,0,0,0,0,1042.6684989999997
0,0,0,0,0,0,0,0,92646.0,0,0,0,0,0,1027.342234
0,0,0,0,0,0,0,0,90004.0,0,0,0,0,0,1030.255799
736856,736978,0,0,0,0,0,0,40475.0,0,0,0,0,0,1036.0529239999998
736787,736940,0,0,0,0,0,0,90045.0,0,0,0,0,0,1037.0230249999995
736787,736940,0,0,0,0,0,0,90045.0,0,0,0,0,0,1037.0230249999995
0,0,0,0,0,0,0,0,80027.0,0,0,0,0,0,1014.861718
0,0,0,0,0,0,0,0,1841.0,0,0,0,0,0,1749.7338779999993
0,0,0,0,0,0,0,0,1841.0,0,0,0,0,0,1749.7338779999993
0,0,0,0,0,0,0,0,39212.0,0,0,0,0,0,1157.8494960000003
0,0,0,0,0,0,0,0,48187.0,0,0,0,0,0,1131.1612920000002
0,0,0,0,0,0,0,0,48187.0,0,0,0,0,0,1131.1612920000002
735941,0,0,0,0,0,0,0,10801.0,0,0,0,0,0,1715.1802659999996
736704,736916,0,0,0,0,0,0,78207.0,0,0,0,0,0,1021.6237899999998
0,0,0,0,0,0,0,0,28052.0,0,0,0,0,0,1253.799104
0,0,0,0,0,0,0,0,28052.0,0,0,0,0,0,1253.799104
0,0,0,0,0,0,0,0,28052.0,0,0,0,0,0,1253.799104
0,0,0,0,0,0,0,0,28052.0,0,0,0,0,0,1253.799104
736486,736516,0,0,0,0,0,0,1852.0,0,0,0,0,0,1476.0653059999997
0,0,0,0,0,0,0,0,32216.0,0,0,0,0,0,1194.7120960000002
0,0,0,0,0,0,0,0,32216.0,0,0,0,0,0,1194.7120960000002
736669,0,0,0,0,0,0,0,60623.0,0,0,0,0,0,1062.172032
736669,0,0,0,0,0,0,0,60623.0,0,0,0,0,0,1062.172032
0,0,0,0,0,0,0,0,77070.0,0,0,0,0,0,1070.2188320000002
0,0,0,0,0,0,0,0,10024.0,0,0,0,0,0,1743.6276379999993
736458,736519,0,0,0,0,0,0,48227.0,0,0,0,0,0,1055.1883079999998
736458,736519,0,0,0,0,0,0,48227.0,0,0,0,0,0,1055.1883079999998
736458,736519,0,0,0,0,0,0,48227.0,0,0,0,0,0,1055.1883079999998
736458,736519,0,0,0,0,0,0,48227.0,0,0,0,0,0,1055.1883079999998
736458,736519,0,0,0,0,0,0,48227.0,0,0,0,0,0,1055.1883079999998
736458,736519,0,0,0,0,0,0,48227.0,0,0,0,0,0,1055.1883079999998
0,0,0,0,0,0,0,0,47201.0,0,0,0,0,0,1115.7379360000004
736333,736392,0,0,0,0,0,0,13021.0,0,0,0,0,0,1566.4652979999998
736333,736392,0,0,0,0,0,0,13021.0,0,0,0,0,0,1566.4652979999998
736333,736392,0,0,0,0,0,0,13021.0,0,0,0,0,0,1566.4652979999998
736333,736392,0,0,0,0,0,0,13021.0,0,0,0,0,0,1566.4652979999998
736333,736392,0,0,0,0,0,0,13021.0,0,0,0,0,0,1566.4652979999998
736333,736392,0,0,0,0,0,0,13021.0,0,0,0,0,0,1566.4652979999998
0,0,0,0,0,0,0,0,44312.0,0,0,0,0,0,1130.9557560000003
0,0,0,0,0,0,0,0,44312.0,0,0,0,0,0,1130.9557560000003
0,0,0,0,0,0,0,0,73071.0,0,0,0,0,0,1100.3046960000001
735934,0,0,0,0,0,0,0,94521.0,0,0,0,0,0,1054.4847209999998
0,736339,0,0,0,0,0,0,62521.0,0,0,0,0,0,1145.900442
0,736339,0,0,0,0,0,0,62521.0,0,0,0,0,0,1145.900442
0,0,0,0,0,0,0,0,98115.0,0,0,0,0,0,1056.132109
0,0,0,0,0,0,0,0,98115.0,0,0,0,0,0,1056.132109
0,0,0,0,0,0,0,0,98115.0,0,0,0,0,0,1056.132109
0,0,0,0,0,0,0,0,85023.0,0,0,0,0,0,1005.7666279999999
0,0,0,0,0,0,0,0,85023.0,0,0,0,0,0,1005.7666279999999
0,0,0,0,0,0,0,0,85023.0,0,0,0,0,0,1005.7666279999999
0,0,0,0,0,0,0,0,85023.0,0,0,0,0,0,1005.7666279999999
0,0,0,0,0,0,0,0,85023.0,0,0,0,0,0,1005.7666279999999
0,0,0,0,0,0,0,0,60068.0,0,0,0,0,0,1133.037544
0,736788,0,0,0,0,0,0,79109.0,0,0,0,0,0,1017.524484
0,0,0,0,0,0,0,0,60610.0,0,0,0,0,0,1100.3046960000001
0,0,0,0,0,0,0,0,11757.0,0,0,0,0,0,1724.4191099999994
735852,735913,0,0,0,0,0,0,94110.0,0,0,0,0,0,1086.2773449999995
735852,735913,0,0,0,0,0,0,94110.0,0,0,0,0,0,1086.2773449999995
735852,735913,0,0,0,0,0,0,94110.0,0,0,0,0,0,1086.2773449999995
735852,735913,0,0,0,0,0,0,94110.0,0,0,0,0,0,1086.2773449999995
735852,735913,0,0,0,0,0,0,94110.0,0,0,0,0,0,1086.2773449999995
735852,735913,0,0,0,0,0,0,94110.0,0,0,0,0,0,1086.2773449999995
736670,0,0,0,0,0,0,0,90008.0,0,0,0,0,0,1011.0302709999997
0,736371,0,0,0,0,0,0,12180.0,0,0,0,0,0,1649.2213459999996
0,736367,0,0,0,0,0,0,10024.0,0,0,0,0,0,1625.4184739999994
0,736367,0,0,0,0,0,0,10024.0,0,0,0,0,0,1625.4184739999994
735759,735881,0,0,0,0,0,0,92024.0,0,0,0,0,0,1076.2527849999997
0,0,0,0,0,0,0,0,10024.0,0,0,0,0,0,1743.6276379999993
0,0,0,0,0,0,0,0,10024.0,0,0,0,0,0,1743.6276379999993
736973,0,0,0,0,0,0,0,90045.0,0,0,0,0,0,1007.4853309999997
736973,0,0,0,0,0,0,0,90045.0,0,0,0,0,0,1007.4853309999997
736973,0,0,0,0,0,0,0,90045.0,0,0,0,0,0,1007.4853309999997
0,0,0,0,0,0,0,0,60610.0,0,0,0,0,0,1100.3046960000001
735847,0,0,0,0,0,0,0,77340.0,0,0,0,0,0,1072.188952
735847,0,0,0,0,0,0,0,77340.0,0,0,0,0,0,1072.188952
735847,0,0,0,0,0,0,0,77340.0,0,0,0,0,0,1072.188952
0,0,0,0,0,0,0,0,14609.0,0,0,0,0,0,2048.773129999999
0,0,0,0,0,0,0,0,14609.0,0,0,0,0,0,2048.773129999999
736577,0,0,0,0,0,0,0,98115.0,0,0,0,0,0,1039.9426609999996
0,0,0,0,0,0,0,0,38109.0,0,0,0,0,0,1159.0822960000003
0,0,0,0,0,0,0,0,72701.0,0,0,0,0,0,1100.3046960000001
0,0,0,0,0,0,0,0,92627.0,0,0,0,0,0,1027.342234
0,0,0,0,0,0,0,0,92627.0,0,0,0,0,0,1027.342234
0,0,0,0,0,0,0,0,92627.0,0,0,0,0,0,1027.342234
0,0,0,0,0,0,0,0,92627.0,0,0,0,0,0,1027.342234
0,736425,0,0,0,0,0,0,80134.0,0,0,0,0,0,1061.1984139999997
0,736425,0,0,0,0,0,0,80134.0,0,0,0,0,0,1061.1984139999997
0,736425,0,0,0,0,0,0,80134.0,0,0,0,0,0,1061.1984139999997
0,736425,0,0,0,0,0,0,80134.0,0,0,0,0,0,1061.1984139999997
0,736425,0,0,0,0,0,0,80134.0,0,0,0,0,0,1061.1984139999997
737039,0,0,0,0,0,0,0,10024.0,0,0,0,0,0,1764.8917599999993
0,0,0,0,0,0,0,0,30318.0,0,0,0,0,0,1216.254424
0,0,0,0,0,0,0,0,30318.0,0,0,0,0,0,1216.254424
0,0,0,0,0,0,0,0,30318.0,0,0,0,0,0,1216.254424
0,0,0,0,0,0,0,0,30318.0,0,0,0,0,0,1216.254424
0,0,0,0,0,0,0,0,64118.0,0,0,0,0,0,1100.3046960000001
0,0,0,0,0,0,0,0,64118.0,0,0,0,0,0,1100.3046960000001
0,0,0,0,0,0,0,0,43055.0,0,0,0,0,0,1118.4940360000003
0,0,0,0,0,0,0,0,90049.0,0,0,0,0,0,1021.7960989999998
0,0,0,0,0,0,0,0,90049.0,0,0,0,0,0,1021.7960989999998
0,0,0,0,0,0,0,0,59405.0,0,0,0,0,0,1133.037544
0,0,0,0,0,0,0,0,59405.0,0,0,0,0,0,1133.037544
0,0,0,0,0,0,0,0,59405.0,0,0,0,0,0,1133.037544
0,0,0,0,0,0,0,0,59405.0,0,0,0,0,0,1133.037544
0,0,0,0,0,0,0,0,77041.0,0,0,0,0,0,1074.552944
0,0,0,0,0,0,0,0,77041.0,0,0,0,0,0,1074.552944
0,0,0,0,0,0,0,0,77041.0,0,0,0,0,0,1074.552944
0,0,0,0,0,0,0,0,48234.0,0,0,0,0,0,1127.0040120000003
0,0,0,0,0,0,0,0,90032.0,0,0,0,0,0,1034.961929
0,0,0,0,0,0,0,0,90032.0,0,0,0,0,0,1034.961929
0,736361,0,0,0,0,0,0,1841.0,0,0,0,0,0,1631.5247139999994
0,0,0,0,0,0,0,0,33801.0,0,0,0,0,0,1194.7120960000002
0,0,0,0,0,0,0,0,33801.0,0,0,0,0,0,1194.7120960000002
736032,736154,0,0,0,0,0,0,19134.0,0,0,0,0,0,1330.7610239999997
736032,736154,0,0,0,0,0,0,19134.0,0,0,0,0,0,1330.7610239999997
736032,736154,0,0,0,0,0,0,19134.0,0,0,0,0,0,1330.7610239999997
736156,736218,0,0,0,0,0,0,90036.0,0,0,0,0,0,1059.2332129999995
736884,737007,0,0,0,0,0,0,90032.0,0,0,0,0,0,1045.4744199999996
0,736335,0,0,0,0,0,0,36116.0,0,0,0,0,0,1163.7221520000003
0,736335,0,0,0,0,0,0,36116.0,0,0,0,0,0,1163.7221520000003
736609,0,0,0,0,0,0,0,85204.0,0,0,0,0,0,984.1205199999997
736762,736915,0,0,0,0,0,0,60653.0,0,0,0,0,0,1079.622512
736035,736188,0,0,0,0,0,0,10009.0,0,0,0,0,0,1536.46879
736157,736280,0,0,0,0,0,0,42420.0,0,0,0,0,0,1065.9136159999998
736157,736280,0,0,0,0,0,0,42420.0,0,0,0,0,0,1065.9136159999998
735600,735659,0,0,0,0,0,0,54302.0,0,0,0,0,0,1193.4618600000001
0,0,0,0,0,0,0,0,85705.0,0,0,0,0,0,1026.954284
0,0,0,0,0,0,0,0,45503.0,0,0,0,0,0,1115.7379360000004
735907,0,0,0,0,0,0,0,76106.0,0,0,0,0,0,1088.743308
735907,0,0,0,0,0,0,0,76106.0,0,0,0,0,0,1088.743308
735907,0,0,0,0,0,0,0,76106.0,0,0,0,0,0,1088.743308
0,0,0,0,0,0,0,0,10035.0,0,0,0,0,0,1720.0015379999995
0,0,0,0,0,0,0,0,10035.0,0,0,0,0,0,1720.0015379999995
0,0,0,0,0,0,0,0,60653.0,0,0,0,0,0,1100.3046960000001
0,0,0,0,0,0,0,0,60653.0,0,0,0,0,0,1100.3046960000001
0,0,0,0,0,0,0,0,60653.0,0,0,0,0,0,1100.3046960000001
0,0,0,0,0,0,0,0,94110.0,0,0,0,0,0,1038.179099
737007,737037,0,0,0,0,0,0,32216.0,0,0,0,0,0,1211.7297079999996
0,0,0,0,0,0,0,0,77070.0,0,0,0,0,0,1070.2188320000002
0,736760,0,0,0,0,0,0,92804.0,0,0,0,0,0,1020.744503
735660,735782,0,0,0,0,0,0,28403.0,0,0,0,0,0,1184.5333219999998
736608,0,0,0,0,0,0,0,90045.0,0,0,0,0,0,1001.5896709999996
736608,0,0,0,0,0,0,0,90045.0,0,0,0,0,0,1001.5896709999996
736608,0,0,0,0,0,0,0,90045.0,0,0,0,0,0,1001.5896709999996
0,0,0,0,0,0,0,0,94110.0,0,0,0,0,0,1038.179099
0,0,0,0,0,0,0,0,94110.0,0,0,0,0,0,1038.179099
0,0,0,0,0,0,0,0,33614.0,0,0,0,0,0,1194.7120960000002
0,0,0,0,0,0,0,0,33614.0,0,0,0,0,0,1194.7120960000002
736157,736219,0,0,0,0,0,0,98105.0,0,0,0,0,0,1056.8939949999994
736157,736219,0,0,0,0,0,0,98105.0,0,0,0,0,0,1056.8939949999994
736887,736979,0,0,0,0,0,0,90008.0,0,0,0,0,0,1049.2245849999997
736704,736916,0,0,0,0,0,0,98105.0,0,0,0,0,0,1042.6684989999997
736704,736916,0,0,0,0,0,0,98105.0,0,0,0,0,0,1042.6684989999997
736704,736916,0,0,0,0,0,0,98105.0,0,0,0,0,0,1042.6684989999997
736704,736916,0,0,0,0,0,0,98105.0,0,0,0,0,0,1042.6684989999997
0,737150,0,0,0,0,0,0,10024.0,0,0,0,0,0,1572.2544879999994
0,737150,0,0,0,0,0,0,10024.0,0,0,0,0,0,1572.2544879999994
0,737150,0,0,0,0,0,0,10024.0,0,0,0,0,0,1572.2544879999994
0,737150,0,0,0,0,0,0,10024.0,0,0,0,0,0,1572.2544879999994
736399,736521,0,0,0,0,0,0,98270.0,0,0,0,0,0,1050.4428249999996
0,0,0,0,0,0,0,0,90805.0,0,0,0,0,0,1021.7960989999998
0,0,0,0,0,0,0,0,90805.0,0,0,0,0,0,1021.7960989999998
0,0,0,0,0,0,0,0,90805.0,0,0,0,0,0,1021.7960989999998
0,0,0,0,0,0,0,0,60610.0,0,0,0,0,0,1100.3046960000001
0,0,0,0,0,0,0,0,60610.0,0,0,0,0,0,1100.3046960000001
736246,0,0,0,0,0,0,0,90004.0,0,0,0,0,0,1008.6096909999998
736706,736826,0,0,0,0,0,0,80219.0,0,0,0,0,0,1007.7047299999997
736706,736826,0,0,0,0,0,0,80219.0,0,0,0,0,0,1007.7047299999997
736706,736826,0,0,0,0,0,0,80219.0,0,0,0,0,0,1007.7047299999997
736706,736826,0,0,0,0,0,0,80219.0,0,0,0,0,0,1007.7047299999997
736706,736826,0,0,0,0,0,0,80219.0,0,0,0,0,0,1007.7047299999997
736030,736214,0,0,0,0,0,0,40475.0,0,0,0,0,0,1063.9773699999998
736030,736214,0,0,0,0,0,0,40475.0,0,0,0,0,0,1063.9773699999998
0,0,0,0,0,0,0,0,97301.0,0,0,0,0,0,1048.076349
0,0,0,0,0,0,0,0,97301.0,0,0,0,0,0,1048.076349
0,0,0,0,0,0,0,0,97301.0,0,0,0,0,0,1048.076349
0,0,0,0,0,0,0,0,97301.0,0,0,0,0,0,1048.076349
735842,0,0,0,0,0,0,0,78041.0,0,0,0,0,0,1037.793896
735842,0,0,0,0,0,0,0,78041.0,0,0,0,0,0,1037.793896
735818,0,0,0,0,0,0,0,92024.0,0,0,0,0,0,1038.7232469999997
735818,0,0,0,0,0,0,0,92024.0,0,0,0,0,0,1038.7232469999997
735818,0,0,0,0,0,0,0,92024.0,0,0,0,0,0,1038.7232469999997
735818,0,0,0,0,0,0,0,92024.0,0,0,0,0,0,1038.7232469999997
0,0,0,0,0,0,0,0,19134.0,0,0,0,0,0,1404.99292
0,0,0,0,0,0,0,0,19120.0,0,0,0,0,0,1404.99292
0,0,0,0,0,0,0,0,19120.0,0,0,0,0,0,1404.99292
0,0,0,0,0,0,0,0,19120.0,0,0,0,0,0,1404.99292
0,0,0,0,0,0,0,0,33614.0,0,0,0,0,0,1194.7120960000002
0,0,0,0,0,0,0,0,33614.0,0,0,0,0,0,1194.7120960000002
0,0,0,0,0,0,0,0,33614.0,0,0,0,0,0,1194.7120960000002
0,0,0,0,0,0,0,0,33614.0,0,0,0,0,0,1194.7120960000002
0,0,0,0,0,0,0,0,33614.0,0,0,0,0,0,1194.7120960000002
0,0,0,0,0,0,0,0,19134.0,0,0,0,0,0,1404.99292
0,0,0,0,0,0,0,0,19134.0,0,0,0,0,0,1404.99292
0,0,0,0,0,0,0,0,19134.0,0,0,0,0,0,1404.99292
0,736334,0,0,0,0,0,0,75217.0,0,0,0,0,0,1145.064662
0,736334,0,0,0,0,0,0,75217.0,0,0,0,0,0,1145.064662
736642,0,0,0,0,0,0,0,19143.0,0,0,0,0,0,1253.6993839999998
736642,0,0,0,0,0,0,0,19143.0,0,0,0,0,0,1253.6993839999998
0,0,0,0,0,0,0,0,43123.0,0,0,0,0,0,1118.4940360000003
0,0,0,0,0,0,0,0,43123.0,0,0,0,0,0,1118.4940360000003
0,0,0,0,0,0,0,0,10011.0,0,0,0,0,0,1747.7220079999993
0,0,0,0,0,0,0,0,10011.0,0,0,0,0,0,1747.7220079999993
0,0,0,0,0,0,0,0,10011.0,0,0,0,0,0,1747.7220079999993
0,0,0,0,0,0,0,0,10011.0,0,0,0,0,0,1747.7220079999993
0,0,0,0,0,0,0,0,10011.0,0,0,0,0,0,1747.7220079999993
0,0,0,0,0,0,0,0,60610.0,0,0,0,0,0,1100.3046960000001
0,736035,0,0,0,0,0,0,48126.0,0,0,0,0,0,1158.271934
0,736035,0,0,0,0,0,0,48126.0,0,0,0,0,0,1158.271934
0,736035,0,0,0,0,0,0,48126.0,0,0,0,0,0,1158.271934
0,736035,0,0,0,0,0,0,48126.0,0,0,0,0,0,1158.271934
0,0,0,0,0,0,0,0,10009.0,0,0,0,0,0,1742.9310379999993
0,0,0,0,0,0,0,0,98115.0,0,0,0,0,0,1056.132109
0,0,0,0,0,0,0,0,94122.0,0,0,0,0,0,1048.9307489999999
0,0,0,0,0,0,0,0,94122.0,0,0,0,0,0,1048.9307489999999
736645,0,0,0,0,0,0,0,80013.0,0,0,0,0,0,993.2156099999997
736645,0,0,0,0,0,0,0,80013.0,0,0,0,0,0,993.2156099999997
736645,0,0,0,0,0,0,0,80013.0,0,0,0,0,0,993.2156099999997
0,0,0,0,0,0,0,0,33180.0,0,0,0,0,0,1194.7120960000002
0,0,0,0,0,0,0,0,33180.0,0,0,0,0,0,1194.7120960000002
736064,736217,0,0,0,0,0,0,31088.0,0,0,0,0,0,1093.2099699999997
0,0,0,0,0,0,0,0,80013.0,0,0,0,0,0,1014.861718
0,0,0,0,0,0,0,0,80013.0,0,0,0,0,0,1014.861718
0,0,0,0,0,0,0,0,94591.0,0,0,0,0,0,1048.9307489999999
0,0,0,0,0,0,0,0,94591.0,0,0,0,0,0,1048.9307489999999
0,0,0,0,0,0,0,0,55407.0,0,0,0,0,0,1259.116032
0,736761,0,0,0,0,0,0,92691.0,0,0,0,0,0,1020.744503
0,736761,0,0,0,0,0,0,92691.0,0,0,0,0,0,1020.744503
736973,0,0,0,0,0,0,0,48307.0,0,0,0,0,0,1070.582292
0,0,0,0,0,0,0,0,7060.0,0,0,0,0,0,1742.9310379999993
0,737180,0,0,0,0,0,0,47201.0,0,0,0,0,0,1092.553104
736333,736545,0,0,0,0,0,0,85635.0,0,0,0,0,0,1052.1065379999998
736333,736545,0,0,0,0,0,0,85635.0,0,0,0,0,0,1052.1065379999998
736645,0,0,0,0,0,0,0,98661.0,0,0,0,0,0,1039.9426609999996
736645,0,0,0,0,0,0,0,98661.0,0,0,0,0,0,1039.9426609999996
736645,0,0,0,0,0,0,0,98661.0,0,0,0,0,0,1039.9426609999996
0,0,0,0,0,0,0,0,10024.0,0,0,0,0,0,1743.6276379999993
0,0,0,0,0,0,0,0,10035.0,0,0,0,0,0,1720.0015379999995
0,0,0,0,0,0,0,0,10035.0,0,0,0,0,0,1720.0015379999995
0,0,0,0,0,0,0,0,43229.0,0,0,0,0,0,1118.4940360000003
0,0,0,0,0,0,0,0,43229.0,0,0,0,0,0,1118.4940360000003
0,0,0,0,0,0,0,0,43229.0,0,0,0,0,0,1118.4940360000003
0,0,0,0,0,0,0,0,60505.0,0,0,0,0,0,1100.3046960000001
0,0,0,0,0,0,0,0,60505.0,0,0,0,0,0,1100.3046960000001
0,0,0,0,0,0,0,0,76017.0,0,0,0,0,0,1100.3046960000001
0,0,0,0,0,0,0,0,76017.0,0,0,0,0,0,1100.3046960000001
0,0,0,0,0,0,0,0,76017.0,0,0,0,0,0,1100.3046960000001
0,0,0,0,0,0,0,0,76017.0,0,0,0,0,0,1100.3046960000001
0,0,0,0,0,0,0,0,10011.0,0,0,0,0,0,1747.7220079999993
736430,736430,0,0,0,0,0,0,40214.0,0,0,0,0,0,1049.844916
736912,736973,0,0,0,0,0,0,75081.0,0,0,0,0,0,1084.3207099999997
736912,736973,0,0,0,0,0,0,75081.0,0,0,0,0,0,1084.3207099999997
736912,736973,0,0,0,0,0,0,75081.0,0,0,0,0,0,1084.3207099999997
0,0,0,0,0,0,0,0,44105.0,0,0,0,0,0,1118.4940360000003
736943,0,0,0,0,0,0,0,60653.0,0,0,0,0,0,1063.619912
736943,0,0,0,0,0,0,0,60653.0,0,0,0,0,0,1063.619912
736943,0,0,0,0,0,0,0,60653.0,0,0,0,0,0,1063.619912
0,0,0,0,0,0,0,0,62301.0,0,0,0,0,0,1100.3046960000001
736826,736918,0,0,0,0,0,0,47201.0,0,0,0,0,0,1037.2757399999998
736826,736918,0,0,0,0,0,0,47201.0,0,0,0,0,0,1037.2757399999998
736826,736918,0,0,0,0,0,0,47201.0,0,0,0,0,0,1037.2757399999998
0,0,0,0,0,0,0,0,75701.0,0,0,0,0,0,1100.3046960000001
0,0,0,0,0,0,0,0,75701.0,0,0,0,0,0,1100.3046960000001
0,0,0,0,0,0,0,0,75701.0,0,0,0,0,0,1100.3046960000001
0,0,0,0,0,0,0,0,75701.0,0,0,0,0,0,1100.3046960000001
0,0,0,0,0,0,0,0,10024.0,0,0,0,0,0,1743.6276379999993
0,0,0,0,0,0,0,0,10024.0,0,0,0,0,0,1743.6276379999993
0,0,0,0,0,0,0,0,10024.0,0,0,0,0,0,1743.6276379999993
736795,736795,0,0,0,0,0,0,27217.0,0,0,0,0,0,1073.0385600000002
736795,736795,0,0,0,0,0,0,27217.0,0,0,0,0,0,1073.0385600000002
735725,735817,0,0,0,0,0,0,39212.0,0,0,0,0,0,1130.284714
735725,735817,0,0,0,0,0,0,39212.0,0,0,0,0,0,1130.284714
735725,735817,0,0,0,0,0,0,39212.0,0,0,0,0,0,1130.284714
0,0,0,0,0,0,0,0,10035.0,0,0,0,0,0,1720.0015379999995
0,0,0,0,0,0,0,0,22980.0,0,0,0,0,0,1302.1393939999998
0,0,0,0,0,0,0,0,22980.0,0,0,0,0,0,1302.1393939999998
0,0,0,0,0,0,0,0,22980.0,0,0,0,0,0,1302.1393939999998
0,735998,0,0,0,0,0,0,90036.0,0,0,0,0,0,1100.598307
0,735998,0,0,0,0,0,0,90036.0,0,0,0,0,0,1100.598307
0,0,0,0,0,0,0,0,19013.0,0,0,0,0,0,1434.3321199999998
0,0,0,0,0,0,0,0,19013.0,0,0,0,0,0,1434.3321199999998
0,0,0,0,0,0,0,0,19013.0,0,0,0,0,0,1434.3321199999998
0,0,0,0,0,0,0,0,19013.0,0,0,0,0,0,1434.3321199999998
0,0,0,0,0,0,0,0,19013.0,0,0,0,0,0,1434.3321199999998
0,0,0,0,0,0,0,0,19013.0,0,0,0,0,0,1434.3321199999998
0,0,0,0,0,0,0,0,19013.0,0,0,0,0,0,1434.3321199999998
736734,736915,0,0,0,0,0,0,44105.0,0,0,0,0,0,1034.0598959999998
736430,736552,0,0,0,0,0,0,98103.0,0,0,0,0,0,1046.7881549999997
736211,0,0,0,0,0,0,0,90805.0,0,0,0,0,0,1001.5896709999996
735941,0,0,0,0,0,0,0,27511.0,0,0,0,0,0,1255.197612
735941,0,0,0,0,0,0,0,27511.0,0,0,0,0,0,1255.197612
735941,0,0,0,0,0,0,0,27511.0,0,0,0,0,0,1255.197612
735641,735700,0,0,0,0,0,0,10035.0,0,0,0,0,0,1680.9437139999995
735641,735700,0,0,0,0,0,0,10035.0,0,0,0,0,0,1680.9437139999995
735641,735700,0,0,0,0,0,0,10035.0,0,0,0,0,0,1680.9437139999995
735722,735783,0,0,0,0,0,0,10035.0,0,0,0,0,0,1650.6651939999992
736762,736884,0,0,0,0,0,0,32137.0,0,0,0,0,0,1058.356036
0,0,0,0,0,0,0,0,10550.0,0,0,0,0,0,1720.0015379999995
0,0,0,0,0,0,0,0,10550.0,0,0,0,0,0,1720.0015379999995
0,0,0,0,0,0,0,0,10550.0,0,0,0,0,0,1720.0015379999995
735605,735756,0,0,0,0,0,0,98105.0,0,0,0,0,0,1098.9716949999997
735903,0,0,0,0,0,0,0,19901.0,0,0,0,0,0,1342.5873239999999
0,0,0,0,0,0,0,0,43055.0,0,0,0,0,0,1118.4940360000003
735635,735785,0,0,0,0,0,0,84057.0,0,0,0,0,0,1055.5353079999995
735635,735785,0,0,0,0,0,0,84057.0,0,0,0,0,0,1055.5353079999995
0,0,0,0,0,0,0,0,90045.0,0,0,0,0,0,1021.7960989999998
0,0,0,0,0,0,0,0,48205.0,0,0,0,0,0,1127.0040120000003
0,0,0,0,0,0,0,0,48205.0,0,0,0,0,0,1127.0040120000003
735789,0,0,0,0,0,0,0,19140.0,0,0,0,0,0,1355.4968439999998
736517,736670,0,0,0,0,0,0,33012.0,0,0,0,0,0,1035.7713959999999
0,0,0,0,0,0,0,0,78745.0,0,0,0,0,0,1016.702718
0,0,0,0,0,0,0,0,78745.0,0,0,0,0,0,1016.702718
736400,736492,0,0,0,0,0,0,11572.0,0,0,0,0,0,1496.9202379999997
736400,736492,0,0,0,0,0,0,11572.0,0,0,0,0,0,1496.9202379999997
736400,736492,0,0,0,0,0,0,11572.0,0,0,0,0,0,1496.9202379999997
736400,736492,0,0,0,0,0,0,11572.0,0,0,0,0,0,1496.9202379999997
736400,736492,0,0,0,0,0,0,11572.0,0,0,0,0,0,1496.9202379999997
0,0,0,0,0,0,0,0,98115.0,0,0,0,0,0,1056.132109
0,0,0,0,0,0,0,0,98115.0,0,0,0,0,0,1056.132109
0,0,0,0,0,0,0,0,98115.0,0,0,0,0,0,1056.132109
0,0,0,0,0,0,0,0,98115.0,0,0,0,0,0,1056.132109
0,0,0,0,0,0,0,0,98115.0,0,0,0,0,0,1056.132109
0,0,0,0,0,0,0,0,98115.0,0,0,0,0,0,1056.132109
735819,735941,0,0,0,0,0,0,94110.0,0,0,0,0,0,1090.0955009999996
735689,735811,0,0,0,0,0,0,60540.0,0,0,0,0,0,1130.023984
735689,735811,0,0,0,0,0,0,60540.0,0,0,0,0,0,1130.023984
735689,735811,0,0,0,0,0,0,60540.0,0,0,0,0,0,1130.023984
0,736338,0,0,0,0,0,0,75220.0,0,0,0,0,0,1145.064662
0,736338,0,0,0,0,0,0,75220.0,0,0,0,0,0,1145.064662
0,736338,0,0,0,0,0,0,75220.0,0,0,0,0,0,1145.064662
0,736338,0,0,0,0,0,0,75220.0,0,0,0,0,0,1145.064662
0,0,0,0,0,0,0,0,92105.0,0,0,0,0,0,1027.027459
0,0,0,0,0,0,0,0,92105.0,0,0,0,0,0,1027.027459
0,0,0,0,0,0,0,0,60201.0,0,0,0,0,0,1100.3046960000001
736735,736855,0,0,0,0,0,0,48183.0,0,0,0,0,0,1058.165092
736735,736855,0,0,0,0,0,0,48183.0,0,0,0,0,0,1058.165092
736735,736855,0,0,0,0,0,0,48183.0,0,0,0,0,0,1058.165092
736735,736855,0,0,0,0,0,0,48183.0,0,0,0,0,0,1058.165092
736514,736576,0,0,0,0,0,0,94110.0,0,0,0,0,0,1036.0365049999996
736157,736310,0,0,0,0,0,0,90036.0,0,0,0,0,0,1061.7926229999996
0,0,0,0,0,0,0,0,32216.0,0,0,0,0,0,1194.7120960000002
0,735995,0,0,0,0,0,0,55016.0,0,0,0,0,0,1200.0725240000002
0,735995,0,0,0,0,0,0,55016.0,0,0,0,0,0,1200.0725240000002
0,0,0,0,0,0,0,0,10009.0,0,0,0,0,0,1742.9310379999993
0,0,0,0,0,0,0,0,54302.0,0,0,0,0,0,1150.2444320000002
0,736093,0,0,0,0,0,0,90004.0,0,0,0,0,0,1103.7111189999998
736764,736886,0,0,0,0,0,0,30318.0,0,0,0,0,0,1058.356036
736178,0,0,0,0,0,0,0,43229.0,0,0,0,0,0,1103.28954
0,0,0,0,0,0,0,0,71111.0,0,0,0,0,0,1100.3046960000001
0,0,0,0,0,0,0,0,71111.0,0,0,0,0,0,1100.3046960000001
0,0,0,0,0,0,0,0,71111.0,0,0,0,0,0,1100.3046960000001
0,0,0,0,0,0,0,0,71111.0,0,0,0,0,0,1100.3046960000001
0,0,0,0,0,0,0,0,71111.0,0,0,0,0,0,1100.3046960000001
0,0,0,0,0,0,0,0,33710.0,0,0,0,0,0,1194.7120960000002
0,0,0,0,0,0,0,0,22204.0,0,0,0,0,0,1302.1393939999998
0,736816,0,0,0,0,0,0,50315.0,0,0,0,0,0,1111.8970560000002
0,736816,0,0,0,0,0,0,50315.0,0,0,0,0,0,1111.8970560000002
0,736816,0,0,0,0,0,0,50315.0,0,0,0,0,0,1111.8970560000002
0,736816,0,0,0,0,0,0,50315.0,0,0,0,0,0,1111.8970560000002
0,736816,0,0,0,0,0,0,50315.0,0,0,0,0,0,1111.8970560000002
0,736816,0,0,0,0,0,0,50315.0,0,0,0,0,0,1111.8970560000002
0,735756,0,0,0,0,0,0,45231.0,0,0,0,0,0,1127.2490200000002
0,0,0,0,0,0,0,0,94110.0,0,0,0,0,0,1038.179099
0,0,0,0,0,0,0,0,94110.0,0,0,0,0,0,1038.179099
0,0,0,0,0,0,0,0,94110.0,0,0,0,0,0,1038.179099
0,0,0,0,0,0,0,0,94110.0,0,0,0,0,0,1038.179099
736033,736125,0,0,0,0,0,0,43229.0,0,0,0,0,0,1082.3034079999998
736033,736125,0,0,0,0,0,0,43229.0,0,0,0,0,0,1082.3034079999998
736033,736125,0,0,0,0,0,0,43229.0,0,0,0,0,0,1082.3034079999998
736033,736125,0,0,0,0,0,0,43229.0,0,0,0,0,0,1082.3034079999998
0,0,0,0,0,0,0,0,29203.0,0,0,0,0,0,1216.254424
0,0,0,0,0,0,0,0,93534.0,0,0,0,0,0,1027.342234
736310,0,0,0,0,0,0,0,93534.0,0,0,0,0,0,1005.6961259999996
0,0,0,0,0,0,0,0,23223.0,0,0,0,0,0,1302.1393939999998
0,0,0,0,0,0,0,0,23223.0,0,0,0,0,0,1302.1393939999998
0,0,0,0,0,0,0,0,23223.0,0,0,0,0,0,1302.1393939999998
0,0,0,0,0,0,0,0,23223.0,0,0,0,0,0,1302.1393939999998
0,0,0,0,0,0,0,0,28806.0,0,0,0,0,0,1216.254424
0,0,0,0,0,0,0,0,94110.0,0,0,0,0,0,1038.179099
0,0,0,0,0,0,0,0,94110.0,0,0,0,0,0,1038.179099
0,0,0,0,0,0,0,0,55901.0,0,0,0,0,0,1152.327744
0,0,0,0,0,0,0,0,14609.0,0,0,0,0,0,2048.773129999999
0,0,0,0,0,0,0,0,14609.0,0,0,0,0,0,2048.773129999999
0,0,0,0,0,0,0,0,14609.0,0,0,0,0,0,2048.773129999999
0,736035,0,0,0,0,0,0,92530.0,0,0,0,0,0,1094.7841219999998
0,0,0,0,0,0,0,0,92105.0,0,0,0,0,0,1027.027459
0,0,0,0,0,0,0,0,92105.0,0,0,0,0,0,1027.027459
0,0,0,0,0,0,0,0,10024.0,0,0,0,0,0,1743.6276379999993
736666,0,0,0,0,0,0,0,71203.0,0,0,0,0,0,1064.135312
0,0,0,0,0,0,0,0,94122.0,0,0,0,0,0,1048.9307489999999
735609,735790,0,0,0,0,0,0,80219.0,0,0,0,0,0,1056.4776579999996
735609,735790,0,0,0,0,0,0,80219.0,0,0,0,0,0,1056.4776579999996
736025,736086,0,0,0,0,0,0,68104.0,0,0,0,0,0,1123.2114899999997
736025,736086,0,0,0,0,0,0,68104.0,0,0,0,0,0,1123.2114899999997
0,0,0,0,0,0,0,0,98026.0,0,0,0,0,0,1048.076349
0,0,0,0,0,0,0,0,98026.0,0,0,0,0,0,1048.076349
0,0,0,0,0,0,0,0,98026.0,0,0,0,0,0,1048.076349
0,0,0,0,0,0,0,0,98026.0,0,0,0,0,0,1048.076349
0,0,0,0,0,0,0,0,92704.0,0,0,0,0,0,1027.342234
0,0,0,0,0,0,0,0,92704.0,0,0,0,0,0,1027.342234
0,0,0,0,0,0,0,0,53209.0,0,0,0,0,0,1137.4537320000002
0,0,0,0,0,0,0,0,19140.0,0,0,0,0,0,1365.6374599999995
0,735636,0,0,0,0,0,0,19140.0,0,0,0,0,0,1378.7027839999996
0,735636,0,0,0,0,0,0,19140.0,0,0,0,0,0,1378.7027839999996
0,735636,0,0,0,0,0,0,19140.0,0,0,0,0,0,1378.7027839999996
0,735636,0,0,0,0,0,0,19140.0,0,0,0,0,0,1378.7027839999996
0,735636,0,0,0,0,0,0,19140.0,0,0,0,0,0,1378.7027839999996
0,0,0,0,0,0,0,0,7109.0,0,0,0,0,0,1742.9310379999993
0,0,0,0,0,0,0,0,7109.0,0,0,0,0,0,1742.9310379999993
735846,0,0,0,0,0,0,0,94110.0,0,0,0,0,0,1060.923067
735846,0,0,0,0,0,0,0,94110.0,0,0,0,0,0,1060.923067
0,0,0,0,0,0,0,0,55044.0,0,0,0,0,0,1158.372832
0,0,0,0,0,0,0,0,55044.0,0,0,0,0,0,1158.372832
0,0,0,0,0,0,0,0,55044.0,0,0,0,0,0,1158.372832
0,0,0,0,0,0,0,0,41042.0,0,0,0,0,0,1118.4940360000003
0,0,0,0,0,0,0,0,41042.0,0,0,0,0,0,1118.4940360000003
0,0,0,0,0,0,0,0,41042.0,0,0,0,0,0,1118.4940360000003
0,0,0,0,0,0,0,0,41042.0,0,0,0,0,0,1118.4940360000003
0,0,0,0,0,0,0,0,33614.0,0,0,0,0,0,1194.7120960000002
0,0,0,0,0,0,0,0,33614.0,0,0,0,0,0,1194.7120960000002
0,0,0,0,0,0,0,0,33614.0,0,0,0,0,0,1194.7120960000002
735819,0,0,0,0,0,0,0,75701.0,0,0,0,0,0,1101.0582520000003
736795,737009,0,0,0,0,0,0,38401.0,0,0,0,0,0,1039.3129239999998
736513,736666,0,0,0,0,0,0,76106.0,0,0,0,0,0,1064.14791
0,0,0,0,0,0,0,0,10035.0,0,0,0,0,0,1720.0015379999995
0,0,0,0,0,0,0,0,10035.0,0,0,0,0,0,1720.0015379999995
0,0,0,0,0,0,0,0,10035.0,0,0,0,0,0,1720.0015379999995
736521,736583,0,0,0,0,0,0,90036.0,0,0,0,0,0,1057.1145479999996
736521,736583,0,0,0,0,0,0,90036.0,0,0,0,0,0,1057.1145479999996
736521,736583,0,0,0,0,0,0,90036.0,0,0,0,0,0,1057.1145479999996
736521,736583,0,0,0,0,0,0,90036.0,0,0,0,0,0,1057.1145479999996
0,0,0,0,0,0,0,0,40214.0,0,0,0,0,0,1118.4940360000003
0,0,0,0,0,0,0,0,40214.0,0,0,0,0,0,1118.4940360000003
736695,736846,0,0,0,0,0,0,44052.0,0,0,0,0,0,1016.3059599999999
735781,735934,0,0,0,0,0,0,7036.0,0,0,0,0,0,1613.3355939999997
0,0,0,0,0,0,0,0,93905.0,0,0,0,0,0,1038.179099
0,0,0,0,0,0,0,0,93905.0,0,0,0,0,0,1038.179099
0,736425,0,0,0,0,0,0,39212.0,0,0,0,0,0,1154.8593520000002
0,0,0,0,0,0,0,0,10035.0,0,0,0,0,0,1720.0015379999995
0,0,0,0,0,0,0,0,10035.0,0,0,0,0,0,1720.0015379999995
735665,735818,0,0,0,0,0,0,10035.0,0,0,0,0,0,1645.2281939999996
735665,735818,0,0,0,0,0,0,10035.0,0,0,0,0,0,1645.2281939999996
735665,735818,0,0,0,0,0,0,10035.0,0,0,0,0,0,1645.2281939999996
736971,0,0,0,0,0,0,0,8901.0,0,0,0,0,0,1598.16232
736971,0,0,0,0,0,0,0,8901.0,0,0,0,0,0,1598.16232
735847,0,0,0,0,0,0,0,94122.0,0,0,0,0,0,1071.6747169999999
735847,0,0,0,0,0,0,0,94122.0,0,0,0,0,0,1071.6747169999999
736450,736511,0,0,0,0,0,0,32216.0,0,0,0,0,0,1067.125396
736450,736511,0,0,0,0,0,0,32216.0,0,0,0,0,0,1067.125396
736450,736511,0,0,0,0,0,0,32216.0,0,0,0,0,0,1067.125396
735872,0,0,0,0,0,0,0,22153.0,0,0,0,0,0,1327.9344779999997
735872,0,0,0,0,0,0,0,22153.0,0,0,0,0,0,1327.9344779999997
0,736370,0,0,0,0,0,0,19140.0,0,0,0,0,0,1342.0374399999998
735753,735875,0,0,0,0,0,0,17602.0,0,0,0,0,0,1381.1384079999998
736397,736458,0,0,0,0,0,0,19143.0,0,0,0,0,0,1244.0379639999999
736397,736458,0,0,0,0,0,0,19143.0,0,0,0,0,0,1244.0379639999999
0,0,0,0,0,0,0,0,3301.0,0,0,0,0,0,1749.7338779999993
735883,0,0,0,0,0,0,0,10009.0,0,0,0,0,0,1685.9904739999995
735883,0,0,0,0,0,0,0,10009.0,0,0,0,0,0,1685.9904739999995
0,0,0,0,0,0,0,0,28205.0,0,0,0,0,0,1216.254424
0,0,0,0,0,0,0,0,3301.0,0,0,0,0,0,1749.7338779999993
0,0,0,0,0,0,0,0,3301.0,0,0,0,0,0,1749.7338779999993
0,0,0,0,0,0,0,0,3301.0,0,0,0,0,0,1749.7338779999993
0,0,0,0,0,0,0,0,19120.0,0,0,0,0,0,1404.99292
0,736737,0,0,0,0,0,0,10024.0,0,0,0,0,0,1575.7527979999995
0,736737,0,0,0,0,0,0,10024.0,0,0,0,0,0,1575.7527979999995
736217,0,0,0,0,0,0,0,22153.0,0,0,0,0,0,1229.365938
0,0,0,0,0,0,0,0,94109.0,0,0,0,0,0,1038.179099
0,0,0,0,0,0,0,0,48227.0,0,0,0,0,0,1127.0040120000003
0,735693,0,0,0,0,0,0,14609.0,0,0,0,0,0,2034.2545699999991
0,0,0,0,0,0,0,0,90045.0,0,0,0,0,0,1021.7960989999998
0,736732,0,0,0,0,0,0,92105.0,0,0,0,0,0,1030.366685
0,0,0,0,0,0,0,0,21044.0,0,0,0,0,0,1362.1825639999995
735853,0,0,0,0,0,0,0,94122.0,0,0,0,0,0,1071.6747169999999
0,0,0,0,0,0,0,0,10801.0,0,0,0,0,0,1715.3671099999992
0,0,0,0,0,0,0,0,10801.0,0,0,0,0,0,1715.3671099999992
0,0,0,0,0,0,0,0,48227.0,0,0,0,0,0,1127.0040120000003
0,0,0,0,0,0,0,0,48227.0,0,0,0,0,0,1127.0040120000003
0,0,0,0,0,0,0,0,48227.0,0,0,0,0,0,1127.0040120000003
736613,736674,0,0,0,0,0,0,94122.0,0,0,0,0,0,1036.067355
736613,736674,0,0,0,0,0,0,94122.0,0,0,0,0,0,1036.067355
736398,736490,0,0,0,0,0,0,77095.0,0,0,0,0,0,1060.6751819999997
735850,0,0,0,0,0,0,0,48227.0,0,0,0,0,0,1124.4048720000003
0,0,0,0,0,0,0,0,13021.0,0,0,0,0,0,1782.0985099999994
736606,736667,0,0,0,0,0,0,45503.0,0,0,0,0,0,1003.8292319999997
737009,0,0,0,0,0,0,0,75043.0,0,0,0,0,0,1175.907532
737009,0,0,0,0,0,0,0,75043.0,0,0,0,0,0,1175.907532
0,0,0,0,0,0,0,0,60653.0,0,0,0,0,0,1100.3046960000001
736545,736667,0,0,0,0,0,0,90032.0,0,0,0,0,0,1026.5410799999997
736545,736667,0,0,0,0,0,0,90032.0,0,0,0,0,0,1026.5410799999997
736545,736667,0,0,0,0,0,0,90032.0,0,0,0,0,0,1026.5410799999997
0,737119,0,0,0,0,0,0,10009.0,0,0,0,0,0,1571.5578879999991
0,737119,0,0,0,0,0,0,10009.0,0,0,0,0,0,1571.5578879999991
0,737119,0,0,0,0,0,0,10009.0,0,0,0,0,0,1571.5578879999991
736734,736884,0,0,0,0,0,0,49201.0,0,0,0,0,0,1054.673668
736734,736884,0,0,0,0,0,0,49201.0,0,0,0,0,0,1054.673668
736734,736884,0,0,0,0,0,0,49201.0,0,0,0,0,0,1054.673668
0,736151,0,0,0,0,0,0,6360.0,0,0,0,0,0,1657.6945539999992
0,0,0,0,0,0,0,0,53209.0,0,0,0,0,0,1137.4537320000002
0,0,0,0,0,0,0,0,53209.0,0,0,0,0,0,1137.4537320000002
0,0,0,0,0,0,0,0,78207.0,0,0,0,0,0,1014.0066380000001
0,0,0,0,0,0,0,0,78207.0,0,0,0,0,0,1014.0066380000001
0,0,0,0,0,0,0,0,78207.0,0,0,0,0,0,1014.0066380000001
736452,736636,0,0,0,0,0,0,75220.0,0,0,0,0,0,1068.1635899999999
736452,736636,0,0,0,0,0,0,75220.0,0,0,0,0,0,1068.1635899999999
735730,735944,0,0,0,0,0,0,22304.0,0,0,0,0,0,1272.4610919999998
736272,0,0,0,0,0,0,0,10009.0,0,0,0,0,0,1591.7100499999997
736272,0,0,0,0,0,0,0,10009.0,0,0,0,0,0,1591.7100499999997
736272,0,0,0,0,0,0,0,10009.0,0,0,0,0,0,1591.7100499999997
0,0,0,0,0,0,0,0,10011.0,0,0,0,0,0,1747.7220079999993
0,0,0,0,0,0,0,0,19143.0,0,0,0,0,0,1365.6374599999995
0,0,0,0,0,0,0,0,19143.0,0,0,0,0,0,1365.6374599999995
736094,736217,0,0,0,0,0,0,22153.0,0,0,0,0,0,1209.4686459999998
736094,736217,0,0,0,0,0,0,22153.0,0,0,0,0,0,1209.4686459999998
0,0,0,0,0,0,0,0,43615.0,0,0,0,0,0,1118.4940360000003
0,0,0,0,0,0,0,0,43615.0,0,0,0,0,0,1118.4940360000003
0,0,0,0,0,0,0,0,43615.0,0,0,0,0,0,1118.4940360000003
736734,736854,0,0,0,0,0,0,19140.0,0,0,0,0,0,1221.6297379999999
0,0,0,0,0,0,0,0,19120.0,0,0,0,0,0,1404.99292
0,0,0,0,0,0,0,0,19120.0,0,0,0,0,0,1404.99292
0,0,0,0,0,0,0,0,19120.0,0,0,0,0,0,1404.99292
0,0,0,0,0,0,0,0,19120.0,0,0,0,0,0,1404.99292
736825,736856,0,0,0,0,0,0,87401.0,0,0,0,0,0,1048.5911219999996
0,0,0,0,0,0,0,0,92503.0,0,0,0,0,0,1027.027459
0,0,0,0,0,0,0,0,92503.0,0,0,0,0,0,1027.027459
0,0,0,0,0,0,0,0,94110.0,0,0,0,0,0,1038.179099
0,0,0,0,0,0,0,0,90503.0,0,0,0,0,0,1021.7960989999998
0,0,0,0,0,0,0,0,90503.0,0,0,0,0,0,1021.7960989999998
0,736029,0,0,0,0,0,0,98105.0,0,0,0,0,0,1111.5910669999998
0,736029,0,0,0,0,0,0,98105.0,0,0,0,0,0,1111.5910669999998
0,736029,0,0,0,0,0,0,98105.0,0,0,0,0,0,1111.5910669999998
0,0,0,0,0,0,0,0,85204.0,0,0,0,0,0,1005.7666279999999
0,736737,0,0,0,0,0,0,19120.0,0,0,0,0,0,1339.410844
0,736737,0,0,0,0,0,0,19120.0,0,0,0,0,0,1339.410844
0,736737,0,0,0,0,0,0,19120.0,0,0,0,0,0,1339.410844
0,736737,0,0,0,0,0,0,19120.0,0,0,0,0,0,1339.410844
0,736737,0,0,0,0,0,0,19120.0,0,0,0,0,0,1339.410844
736757,736879,0,0,0,0,0,0,19143.0,0,0,0,0,0,1190.9202379999997
0,737060,0,0,0,0,0,0,78664.0,0,0,0,0,0,1024.9242439999998
0,737060,0,0,0,0,0,0,78664.0,0,0,0,0,0,1024.9242439999998
0,736796,0,0,0,0,0,0,39212.0,0,0,0,0,0,1107.3926760000002
0,0,0,0,0,0,0,0,85023.0,0,0,0,0,0,1005.7666279999999
0,0,0,0,0,0,0,0,85023.0,0,0,0,0,0,1005.7666279999999
0,0,0,0,0,0,0,0,85023.0,0,0,0,0,0,1005.7666279999999
0,0,0,0,0,0,0,0,92054.0,0,0,0,0,0,1021.7960989999998
0,0,0,0,0,0,0,0,94110.0,0,0,0,0,0,1038.179099
0,735975,0,0,0,0,0,0,72701.0,0,0,0,0,0,1157.377268
736338,736428,0,0,0,0,0,0,94110.0,0,0,0,0,0,1032.6843449999997
0,0,0,0,0,0,0,0,33433.0,0,0,0,0,0,1194.7120960000002
736941,737002,0,0,0,0,0,0,10011.0,0,0,0,0,0,1456.2841159999998
736941,737002,0,0,0,0,0,0,10011.0,0,0,0,0,0,1456.2841159999998
736941,737002,0,0,0,0,0,0,10011.0,0,0,0,0,0,1456.2841159999998
736941,737002,0,0,0,0,0,0,10011.0,0,0,0,0,0,1456.2841159999998
736941,737002,0,0,0,0,0,0,10011.0,0,0,0,0,0,1456.2841159999998
736941,737002,0,0,0,0,0,0,10011.0,0,0,0,0,0,1456.2841159999998
0,0,0,0,0,0,0,0,19134.0,0,0,0,0,0,1404.99292
0,0,0,0,0,0,0,0,19134.0,0,0,0,0,0,1404.99292
0,0,0,0,0,0,0,0,19134.0,0,0,0,0,0,1404.99292
0,0,0,0,0,0,0,0,19134.0,0,0,0,0,0,1404.99292
736824,736916,0,0,0,0,0,0,10011.0,0,0,0,0,0,1423.8040759999997
736824,736916,0,0,0,0,0,0,10011.0,0,0,0,0,0,1423.8040759999997
736944,0,0,0,0,0,0,0,97206.0,0,0,0,0,0,1037.0369609999998
736876,736968,0,0,0,0,0,0,48205.0,0,0,0,0,0,1051.4917959999998
0,0,0,0,0,0,0,0,28403.0,0,0,0,0,0,1216.254424
736219,736310,0,0,0,0,0,0,47201.0,0,0,0,0,0,1046.376632
736398,736551,0,0,0,0,0,0,10035.0,0,0,0,0,0,1497.0907459999996
735913,0,0,0,0,0,0,0,80027.0,0,0,0,0,0,1016.2159419999998
735913,0,0,0,0,0,0,0,80027.0,0,0,0,0,0,1016.2159419999998
735913,0,0,0,0,0,0,0,80027.0,0,0,0,0,0,1016.2159419999998
0,736824,0,0,0,0,0,0,77506.0,0,0,0,0,0,1021.843128
0,736824,0,0,0,0,0,0,77506.0,0,0,0,0,0,1021.843128
0,736824,0,0,0,0,0,0,77506.0,0,0,0,0,0,1021.843128
736240,736240,0,0,0,0,0,0,77041.0,0,0,0,0,0,1073.2917719999998
0,0,0,0,0,0,0,0,13021.0,0,0,0,0,0,1782.0985099999994
0,0,0,0,0,0,0,0,13021.0,0,0,0,0,0,1782.0985099999994
0,0,0,0,0,0,0,0,32216.0,0,0,0,0,0,1194.7120960000002
736581,736642,0,0,0,0,0,0,10024.0,0,0,0,0,0,1425.8249259999993
0,0,0,0,0,0,0,0,95123.0,0,0,0,0,0,1048.076349
0,0,0,0,0,0,0,0,95123.0,0,0,0,0,0,1048.076349
0,0,0,0,0,0,0,0,23464.0,0,0,0,0,0,1302.1393939999998
0,0,0,0,0,0,0,0,23464.0,0,0,0,0,0,1302.1393939999998
0,736034,0,0,0,0,0,0,42420.0,0,0,0,0,0,1145.6046780000001
0,736034,0,0,0,0,0,0,42420.0,0,0,0,0,0,1145.6046780000001
0,736034,0,0,0,0,0,0,42420.0,0,0,0,0,0,1145.6046780000001
0,736034,0,0,0,0,0,0,42420.0,0,0,0,0,0,1145.6046780000001
0,0,0,0,0,0,0,0,98661.0,0,0,0,0,0,1056.132109
0,0,0,0,0,0,0,0,10024.0,0,0,0,0,0,1743.6276379999993
0,0,0,0,0,0,0,0,10024.0,0,0,0,0,0,1743.6276379999993
0,0,0,0,0,0,0,0,10024.0,0,0,0,0,0,1743.6276379999993
0,0,0,0,0,0,0,0,92563.0,0,0,0,0,0,1027.342234
0,0,0,0,0,0,0,0,28540.0,0,0,0,0,0,1216.254424
736126,736218,0,0,0,0,0,0,85254.0,0,0,0,0,0,1027.5686059999996
736126,736218,0,0,0,0,0,0,85254.0,0,0,0,0,0,1027.5686059999996
0,737060,0,0,0,0,0,0,52601.0,0,0,0,0,0,1096.458024
736702,736761,0,0,0,0,0,0,60653.0,0,0,0,0,0,1055.3554860000002
0,0,0,0,0,0,0,0,92037.0,0,0,0,0,0,1021.7960989999998
0,0,0,0,0,0,0,0,98502.0,0,0,0,0,0,1056.132109
0,0,0,0,0,0,0,0,98502.0,0,0,0,0,0,1056.132109
0,0,0,0,0,0,0,0,98103.0,0,0,0,0,0,1048.076349
0,0,0,0,0,0,0,0,98103.0,0,0,0,0,0,1048.076349
0,0,0,0,0,0,0,0,90036.0,0,0,0,0,0,1034.961929
736122,736244,0,0,0,0,0,0,10011.0,0,0,0,0,0,1493.4546759999998
736122,736244,0,0,0,0,0,0,10011.0,0,0,0,0,0,1493.4546759999998
736122,736244,0,0,0,0,0,0,10011.0,0,0,0,0,0,1493.4546759999998
736122,736244,0,0,0,0,0,0,10011.0,0,0,0,0,0,1493.4546759999998
0,736028,0,0,0,0,0,0,20016.0,0,0,0,0,0,1354.9161839999997
0,736028,0,0,0,0,0,0,20016.0,0,0,0,0,0,1354.9161839999997
0,736028,0,0,0,0,0,0,20016.0,0,0,0,0,0,1354.9161839999997
0,0,0,0,0,0,0,0,19134.0,0,0,0,0,0,1404.99292
0,0,0,0,0,0,0,0,90045.0,0,0,0,0,0,1021.7960989999998
736634,0,0,0,0,0,0,0,45503.0,0,0,0,0,0,1058.899316
736634,0,0,0,0,0,0,0,45503.0,0,0,0,0,0,1058.899316
736634,0,0,0,0,0,0,0,45503.0,0,0,0,0,0,1058.899316
735909,0,0,0,0,0,0,0,7601.0,0,0,0,0,0,1685.9904739999995
735909,0,0,0,0,0,0,0,7601.0,0,0,0,0,0,1685.9904739999995
735909,0,0,0,0,0,0,0,7601.0,0,0,0,0,0,1685.9904739999995
735909,0,0,0,0,0,0,0,7601.0,0,0,0,0,0,1685.9904739999995
735909,0,0,0,0,0,0,0,7601.0,0,0,0,0,0,1685.9904739999995
0,0,0,0,0,0,0,0,45231.0,0,0,0,0,0,1121.2394960000001
0,0,0,0,0,0,0,0,45231.0,0,0,0,0,0,1121.2394960000001
0,0,0,0,0,0,0,0,45231.0,0,0,0,0,0,1121.2394960000001
0,0,0,0,0,0,0,0,65109.0,0,0,0,0,0,1100.3046960000001
0,0,0,0,0,0,0,0,90004.0,0,0,0,0,0,1030.255799
0,0,0,0,0,0,0,0,27217.0,0,0,0,0,0,1253.799104
0,0,0,0,0,0,0,0,27217.0,0,0,0,0,0,1253.799104
0,0,0,0,0,0,0,0,63376.0,0,0,0,0,0,1100.3046960000001
736489,736581,0,0,0,0,0,0,10035.0,0,0,0,0,0,1497.0907459999996
736489,736581,0,0,0,0,0,0,10035.0,0,0,0,0,0,1497.0907459999996
736944,737035,0,0,0,0,0,0,60610.0,0,0,0,0,0,1098.5757019999999
736944,737035,0,0,0,0,0,0,60610.0,0,0,0,0,0,1098.5757019999999
737038,0,0,0,0,0,0,0,61107.0,0,0,0,0,0,1269.4191879999996
736544,0,0,0,0,0,0,0,33142.0,0,0,0,0,0,1086.2809200000002
736544,0,0,0,0,0,0,0,33142.0,0,0,0,0,0,1086.2809200000002
0,735604,0,0,0,0,0,0,94109.0,0,0,0,0,0,1087.030883
0,735604,0,0,0,0,0,0,94109.0,0,0,0,0,0,1087.030883
736030,736091,0,0,0,0,0,0,19134.0,0,0,0,0,0,1320.0433039999996
736030,736091,0,0,0,0,0,0,19134.0,0,0,0,0,0,1320.0433039999996
736030,736091,0,0,0,0,0,0,19134.0,0,0,0,0,0,1320.0433039999996
736058,736180,0,0,0,0,0,0,10009.0,0,0,0,0,0,1520.2872899999995
736058,736180,0,0,0,0,0,0,10009.0,0,0,0,0,0,1520.2872899999995
736058,736180,0,0,0,0,0,0,10009.0,0,0,0,0,0,1520.2872899999995
736058,736180,0,0,0,0,0,0,10009.0,0,0,0,0,0,1520.2872899999995
736979,0,0,0,0,0,0,0,92037.0,0,0,0,0,0,1007.4853309999997
736979,0,0,0,0,0,0,0,92037.0,0,0,0,0,0,1007.4853309999997
0,736341,0,0,0,0,0,0,19143.0,0,0,0,0,0,1342.0374399999998
0,0,0,0,0,0,0,0,77095.0,0,0,0,0,0,1049.1600080000003
0,0,0,0,0,0,0,0,43615.0,0,0,0,0,0,1118.4940360000003
0,0,0,0,0,0,0,0,43615.0,0,0,0,0,0,1118.4940360000003
0,0,0,0,0,0,0,0,43615.0,0,0,0,0,0,1118.4940360000003
0,0,0,0,0,0,0,0,43615.0,0,0,0,0,0,1118.4940360000003
0,0,0,0,0,0,0,0,43615.0,0,0,0,0,0,1118.4940360000003
0,0,0,0,0,0,0,0,43615.0,0,0,0,0,0,1118.4940360000003
736339,736370,0,0,0,0,0,0,94122.0,0,0,0,0,0,1043.4359949999996
0,0,0,0,0,0,0,0,78521.0,0,0,0,0,0,1016.702718
0,0,0,0,0,0,0,0,19143.0,0,0,0,0,0,1365.6374599999995
0,0,0,0,0,0,0,0,90008.0,0,0,0,0,0,1030.255799
0,736365,0,0,0,0,0,0,80219.0,0,0,0,0,0,1061.1984139999997
0,0,0,0,0,0,0,0,10035.0,0,0,0,0,0,1720.0015379999995
736674,0,0,0,0,0,0,0,85204.0,0,0,0,0,0,986.5410999999997
736674,0,0,0,0,0,0,0,85204.0,0,0,0,0,0,986.5410999999997
736674,0,0,0,0,0,0,0,85204.0,0,0,0,0,0,986.5410999999997
0,0,0,0,0,0,0,0,47201.0,0,0,0,0,0,1115.7379360000004
0,0,0,0,0,0,0,0,98105.0,0,0,0,0,0,1056.132109
0,0,0,0,0,0,0,0,98105.0,0,0,0,0,0,1056.132109
0,0,0,0,0,0,0,0,98105.0,0,0,0,0,0,1056.132109
0,736066,0,0,0,0,0,0,48227.0,0,0,0,0,0,1154.7092300000002
0,736066,0,0,0,0,0,0,48227.0,0,0,0,0,0,1154.7092300000002
736332,736452,0,0,0,0,0,0,10701.0,0,0,0,0,0,1503.0421459999995
736332,736452,0,0,0,0,0,0,10701.0,0,0,0,0,0,1503.0421459999995
736332,736452,0,0,0,0,0,0,10701.0,0,0,0,0,0,1503.0421459999995
736332,736452,0,0,0,0,0,0,10701.0,0,0,0,0,0,1503.0421459999995
736671,736671,0,0,0,0,0,0,50315.0,0,0,0,0,0,1029.008048
0,0,0,0,0,0,0,0,94601.0,0,0,0,0,0,1048.9307489999999
0,0,0,0,0,0,0,0,94601.0,0,0,0,0,0,1048.9307489999999
736790,736973,0,0,0,0,0,0,28110.0,0,0,0,0,0,1094.7460439999998
736790,736973,0,0,0,0,0,0,28110.0,0,0,0,0,0,1094.7460439999998
736127,0,0,0,0,0,0,0,92105.0,0,0,0,0,0,1015.3282109999996
736127,0,0,0,0,0,0,0,92105.0,0,0,0,0,0,1015.3282109999996
0,0,0,0,0,0,0,0,20735.0,0,0,0,0,0,1362.1825639999995
0,0,0,0,0,0,0,0,20735.0,0,0,0,0,0,1362.1825639999995
0,0,0,0,0,0,0,0,28205.0,0,0,0,0,0,1216.254424
0,0,0,0,0,0,0,0,28205.0,0,0,0,0,0,1216.254424
0,0,0,0,0,0,0,0,90049.0,0,0,0,0,0,1021.7960989999998
0,0,0,0,0,0,0,0,94122.0,0,0,0,0,0,1048.9307489999999
0,0,0,0,0,0,0,0,94122.0,0,0,0,0,0,1048.9307489999999
0,0,0,0,0,0,0,0,94122.0,0,0,0,0,0,1048.9307489999999
0,0,0,0,0,0,0,0,94122.0,0,0,0,0,0,1048.9307489999999
0,0,0,0,0,0,0,0,77041.0,0,0,0,0,0,1074.552944
0,0,0,0,0,0,0,0,77041.0,0,0,0,0,0,1074.552944
0,0,0,0,0,0,0,0,92503.0,0,0,0,0,0,1027.027459
0,0,0,0,0,0,0,0,77041.0,0,0,0,0,0,1074.552944
0,0,0,0,0,0,0,0,77041.0,0,0,0,0,0,1074.552944
0,0,0,0,0,0,0,0,77041.0,0,0,0,0,0,1074.552944
0,0,0,0,0,0,0,0,77041.0,0,0,0,0,0,1074.552944
0,0,0,0,0,0,0,0,77041.0,0,0,0,0,0,1074.552944
0,0,0,0,0,0,0,0,77041.0,0,0,0,0,0,1074.552944
0,0,0,0,0,0,0,0,77041.0,0,0,0,0,0,1074.552944
0,0,0,0,0,0,0,0,77041.0,0,0,0,0,0,1074.552944
0,0,0,0,0,0,0,0,92024.0,0,0,0,0,0,1021.7960989999998
0,0,0,0,0,0,0,0,92024.0,0,0,0,0,0,1021.7960989999998
0,0,0,0,0,0,0,0,92024.0,0,0,0,0,0,1021.7960989999998
0,0,0,0,0,0,0,0,94110.0,0,0,0,0,0,1038.179099
736063,736185,0,0,0,0,0,0,30076.0,0,0,0,0,0,1093.2099699999997
736063,736185,0,0,0,0,0,0,30076.0,0,0,0,0,0,1093.2099699999997
736063,736185,0,0,0,0,0,0,30076.0,0,0,0,0,0,1093.2099699999997
736063,736185,0,0,0,0,0,0,30076.0,0,0,0,0,0,1093.2099699999997
0,0,0,0,0,0,0,0,72401.0,0,0,0,0,0,1100.3046960000001
0,0,0,0,0,0,0,0,72401.0,0,0,0,0,0,1100.3046960000001
0,0,0,0,0,0,0,0,72401.0,0,0,0,0,0,1100.3046960000001
0,0,0,0,0,0,0,0,72401.0,0,0,0,0,0,1100.3046960000001
0,0,0,0,0,0,0,0,72401.0,0,0,0,0,0,1100.3046960000001
0,0,0,0,0,0,0,0,72401.0,0,0,0,0,0,1100.3046960000001
735997,736148,0,0,0,0,0,0,47374.0,0,0,0,0,0,1129.8396979999998
735997,736148,0,0,0,0,0,0,47374.0,0,0,0,0,0,1129.8396979999998
736667,0,0,0,0,0,0,0,22153.0,0,0,0,0,0,1224.8364379999998
736667,0,0,0,0,0,0,0,22153.0,0,0,0,0,0,1224.8364379999998
736667,0,0,0,0,0,0,0,22153.0,0,0,0,0,0,1224.8364379999998
736492,736522,0,0,0,0,0,0,94509.0,0,0,0,0,0,1046.7881549999997
736455,736578,0,0,0,0,0,0,19134.0,0,0,0,0,0,1288.8775439999997
736455,736578,0,0,0,0,0,0,19134.0,0,0,0,0,0,1288.8775439999997
736645,736645,0,0,0,0,0,0,33030.0,0,0,0,0,0,1041.768656
736674,0,0,0,0,0,0,0,46350.0,0,0,0,0,0,1061.319896
736674,0,0,0,0,0,0,0,46350.0,0,0,0,0,0,1061.319896
736674,0,0,0,0,0,0,0,46350.0,0,0,0,0,0,1061.319896
736674,0,0,0,0,0,0,0,46350.0,0,0,0,0,0,1061.319896
736674,0,0,0,0,0,0,0,46350.0,0,0,0,0,0,1061.319896
0,735667,0,0,0,0,0,0,90045.0,0,0,0,0,0,1064.9295029999996
0,735667,0,0,0,0,0,0,90045.0,0,0,0,0,0,1064.9295029999996
0,735667,0,0,0,0,0,0,90045.0,0,0,0,0,0,1064.9295029999996
0,735667,0,0,0,0,0,0,90045.0,0,0,0,0,0,1064.9295029999996
0,735667,0,0,0,0,0,0,90045.0,0,0,0,0,0,1064.9295029999996
736058,736058,0,0,0,0,0,0,48911.0,0,0,0,0,0,1093.362728
736058,736058,0,0,0,0,0,0,48911.0,0,0,0,0,0,1093.362728
736058,736058,0,0,0,0,0,0,48911.0,0,0,0,0,0,1093.362728
736058,736058,0,0,0,0,0,0,48911.0,0,0,0,0,0,1093.362728
736058,736058,0,0,0,0,0,0,48911.0,0,0,0,0,0,1093.362728
736181,0,0,0,0,0,0,0,44221.0,0,0,0,0,0,1116.0362360000001
0,736846,0,0,0,0,0,0,89502.0,0,0,0,0,0,1033.037446
0,736846,0,0,0,0,0,0,89502.0,0,0,0,0,0,1033.037446
0,0,0,0,0,0,0,0,22801.0,0,0,0,0,0,1302.1393939999998
0,0,0,0,0,0,0,0,22801.0,0,0,0,0,0,1302.1393939999998
0,0,0,0,0,0,0,0,22801.0,0,0,0,0,0,1302.1393939999998
0,0,0,0,0,0,0,0,22801.0,0,0,0,0,0,1302.1393939999998
736367,736517,0,0,0,0,0,0,90004.0,0,0,0,0,0,1055.4080529999997
0,736791,0,0,0,0,0,0,55407.0,0,0,0,0,0,1237.25439
0,736791,0,0,0,0,0,0,55407.0,0,0,0,0,0,1237.25439
735607,735727,0,0,0,0,0,0,92025.0,0,0,0,0,0,1076.2527849999997
735660,735813,0,0,0,0,0,0,10035.0,0,0,0,0,0,1645.2281939999996
735660,735813,0,0,0,0,0,0,10035.0,0,0,0,0,0,1645.2281939999996
735660,735813,0,0,0,0,0,0,10035.0,0,0,0,0,0,1645.2281939999996
735693,735815,0,0,0,0,0,0,49201.0,0,0,0,0,0,1111.28125
736005,736005,0,0,0,0,0,0,98115.0,0,0,0,0,0,1126.5552929999997
736918,736979,0,0,0,0,0,0,10035.0,0,0,0,0,0,1464.860536
736918,736979,0,0,0,0,0,0,10035.0,0,0,0,0,0,1464.860536
736918,736979,0,0,0,0,0,0,10035.0,0,0,0,0,0,1464.860536
736918,736979,0,0,0,0,0,0,10035.0,0,0,0,0,0,1464.860536
735874,0,0,0,0,0,0,0,48073.0,0,0,0,0,0,1128.5621520000004
0,0,0,0,0,0,0,0,90008.0,0,0,0,0,0,1030.255799
0,0,0,0,0,0,0,0,61701.0,0,0,0,0,0,1100.3046960000001
0,0,0,0,0,0,0,0,10035.0,0,0,0,0,0,1720.0015379999995
0,736397,0,0,0,0,0,0,3301.0,0,0,0,0,0,1631.5247139999994
0,0,0,0,0,0,0,0,90004.0,0,0,0,0,0,1030.255799
736341,736461,0,0,0,0,0,0,20852.0,0,0,0,0,0,1240.5830679999997
736341,736461,0,0,0,0,0,0,20852.0,0,0,0,0,0,1240.5830679999997
0,0,0,0,0,0,0,0,77070.0,0,0,0,0,0,1070.2188320000002
0,0,0,0,0,0,0,0,8701.0,0,0,0,0,0,1742.9310379999993
0,0,0,0,0,0,0,0,8701.0,0,0,0,0,0,1742.9310379999993
0,0,0,0,0,0,0,0,28540.0,0,0,0,0,0,1216.254424
0,0,0,0,0,0,0,0,28540.0,0,0,0,0,0,1216.254424
0,0,0,0,0,0,0,0,98103.0,0,0,0,0,0,1048.076349
0,0,0,0,0,0,0,0,98103.0,0,0,0,0,0,1048.076349
0,0,0,0,0,0,0,0,98103.0,0,0,0,0,0,1048.076349
0,0,0,0,0,0,0,0,98103.0,0,0,0,0,0,1048.076349
0,0,0,0,0,0,0,0,90036.0,0,0,0,0,0,1034.961929
0,0,0,0,0,0,0,0,90036.0,0,0,0,0,0,1034.961929
0,0,0,0,0,0,0,0,90036.0,0,0,0,0,0,1034.961929
0,0,0,0,0,0,0,0,90036.0,0,0,0,0,0,1034.961929
0,0,0,0,0,0,0,0,90036.0,0,0,0,0,0,1034.961929
0,0,0,0,0,0,0,0,33065.0,0,0,0,0,0,1194.7120960000002
0,0,0,0,0,0,0,0,33065.0,0,0,0,0,0,1194.7120960000002
0,0,0,0,0,0,0,0,33065.0,0,0,0,0,0,1194.7120960000002
0,0,0,0,0,0,0,0,33065.0,0,0,0,0,0,1194.7120960000002
736545,736667,0,0,0,0,0,0,77041.0,0,0,0,0,0,1048.174964
736545,736667,0,0,0,0,0,0,77041.0,0,0,0,0,0,1048.174964
736545,736667,0,0,0,0,0,0,77041.0,0,0,0,0,0,1048.174964
0,0,0,0,0,0,0,0,80219.0,0,0,0,0,0,1014.861718
0,0,0,0,0,0,0,0,80219.0,0,0,0,0,0,1014.861718
0,0,0,0,0,0,0,0,80219.0,0,0,0,0,0,1014.861718
0,0,0,0,0,0,0,0,80219.0,0,0,0,0,0,1014.861718
0,0,0,0,0,0,0,0,80219.0,0,0,0,0,0,1014.861718
736702,736792,0,0,0,0,0,0,28205.0,0,0,0,0,0,1035.49388
0,0,0,0,0,0,0,0,10009.0,0,0,0,0,0,1742.9310379999993
0,0,0,0,0,0,0,0,10009.0,0,0,0,0,0,1742.9310379999993
0,0,0,0,0,0,0,0,10009.0,0,0,0,0,0,1742.9310379999993
0,0,0,0,0,0,0,0,10009.0,0,0,0,0,0,1742.9310379999993
0,0,0,0,0,0,0,0,10009.0,0,0,0,0,0,1742.9310379999993
0,0,0,0,0,0,0,0,10009.0,0,0,0,0,0,1742.9310379999993
736946,0,0,0,0,0,0,0,19134.0,0,0,0,0,0,1280.0149739999997
736946,0,0,0,0,0,0,0,19134.0,0,0,0,0,0,1280.0149739999997
736946,0,0,0,0,0,0,0,19134.0,0,0,0,0,0,1280.0149739999997
736946,0,0,0,0,0,0,0,19134.0,0,0,0,0,0,1280.0149739999997
736946,0,0,0,0,0,0,0,19134.0,0,0,0,0,0,1280.0149739999997
736946,0,0,0,0,0,0,0,19134.0,0,0,0,0,0,1280.0149739999997
736946,0,0,0,0,0,0,0,19134.0,0,0,0,0,0,1280.0149739999997
736946,0,0,0,0,0,0,0,19134.0,0,0,0,0,0,1280.0149739999997
735939,0,0,0,0,0,0,0,90036.0,0,0,0,0,0,1040.5159009999998
735939,0,0,0,0,0,0,0,90036.0,0,0,0,0,0,1040.5159009999998
736431,736461,0,0,0,0,0,0,10024.0,0,0,0,0,0,1476.0490659999996
736431,736461,0,0,0,0,0,0,10024.0,0,0,0,0,0,1476.0490659999996
736431,736461,0,0,0,0,0,0,10024.0,0,0,0,0,0,1476.0490659999996
736431,736461,0,0,0,0,0,0,10024.0,0,0,0,0,0,1476.0490659999996
736431,736461,0,0,0,0,0,0,10024.0,0,0,0,0,0,1476.0490659999996
736431,736461,0,0,0,0,0,0,10024.0,0,0,0,0,0,1476.0490659999996
736856,737009,0,0,0,0,0,0,90045.0,0,0,0,0,0,1037.0230249999995
736856,737009,0,0,0,0,0,0,90045.0,0,0,0,0,0,1037.0230249999995
736856,737009,0,0,0,0,0,0,90045.0,0,0,0,0,0,1037.0230249999995
0,736005,0,0,0,0,0,0,14215.0,0,0,0,0,0,1995.057789999999
0,736005,0,0,0,0,0,0,14215.0,0,0,0,0,0,1995.057789999999
0,736335,0,0,0,0,0,0,45231.0,0,0,0,0,0,1127.759732
0,0,0,0,0,0,0,0,33437.0,0,0,0,0,0,1194.7120960000002
0,0,0,0,0,0,0,0,33437.0,0,0,0,0,0,1194.7120960000002
0,0,0,0,0,0,0,0,33437.0,0,0,0,0,0,1194.7120960000002
0,0,0,0,0,0,0,0,33437.0,0,0,0,0,0,1194.7120960000002
735910,0,0,0,0,0,0,0,98105.0,0,0,0,0,0,1057.4863329999998
735910,0,0,0,0,0,0,0,98105.0,0,0,0,0,0,1057.4863329999998
735910,0,0,0,0,0,0,0,98105.0,0,0,0,0,0,1057.4863329999998
0,736428,0,0,0,0,0,0,10024.0,0,0,0,0,0,1625.4184739999994
0,0,0,0,0,0,0,0,10009.0,0,0,0,0,0,1742.9310379999993
0,0,0,0,0,0,0,0,10009.0,0,0,0,0,0,1742.9310379999993
0,0,0,0,0,0,0,0,39503.0,0,0,0,0,0,1157.8494960000003
735944,0,0,0,0,0,0,0,93727.0,0,0,0,0,0,1057.2712859999997
735944,0,0,0,0,0,0,0,93727.0,0,0,0,0,0,1057.2712859999997
735944,0,0,0,0,0,0,0,93727.0,0,0,0,0,0,1057.2712859999997
0,0,0,0,0,0,0,0,10009.0,0,0,0,0,0,1742.9310379999993
0,0,0,0,0,0,0,0,10009.0,0,0,0,0,0,1742.9310379999993
0,0,0,0,0,0,0,0,10009.0,0,0,0,0,0,1742.9310379999993
0,0,0,0,0,0,0,0,10009.0,0,0,0,0,0,1742.9310379999993
736061,736214,0,0,0,0,0,0,53209.0,0,0,0,0,0,1072.772322
736970,0,0,0,0,0,0,0,19013.0,0,0,0,0,0,1278.84915
736970,0,0,0,0,0,0,0,19013.0,0,0,0,0,0,1278.84915
736970,0,0,0,0,0,0,0,19013.0,0,0,0,0,0,1278.84915
736970,0,0,0,0,0,0,0,19013.0,0,0,0,0,0,1278.84915
0,0,0,0,0,0,0,0,28205.0,0,0,0,0,0,1216.254424
0,0,0,0,0,0,0,0,28205.0,0,0,0,0,0,1216.254424
0,0,0,0,0,0,0,0,28205.0,0,0,0,0,0,1216.254424
0,0,0,0,0,0,0,0,32216.0,0,0,0,0,0,1194.7120960000002
0,736430,0,0,0,0,0,0,27834.0,0,0,0,0,0,1221.6366320000002
736882,736944,0,0,0,0,0,0,11561.0,0,0,0,0,0,1457.5966479999997
736339,736370,0,0,0,0,0,0,46350.0,0,0,0,0,0,1047.3737919999999
736339,736370,0,0,0,0,0,0,46350.0,0,0,0,0,0,1047.3737919999999
736734,736884,0,0,0,0,0,0,94122.0,0,0,0,0,0,1041.9937989999996
0,0,0,0,0,0,0,0,90045.0,0,0,0,0,0,1021.7960989999998
0,0,0,0,0,0,0,0,90045.0,0,0,0,0,0,1021.7960989999998
0,0,0,0,0,0,0,0,80027.0,0,0,0,0,0,1014.861718
736790,736912,0,0,0,0,0,0,35630.0,0,0,0,0,0,1058.356036
0,0,0,0,0,0,0,0,60623.0,0,0,0,0,0,1100.3046960000001
0,0,0,0,0,0,0,0,60623.0,0,0,0,0,0,1100.3046960000001
0,0,0,0,0,0,0,0,60623.0,0,0,0,0,0,1100.3046960000001
0,0,0,0,0,0,0,0,76106.0,0,0,0,0,0,1100.3046960000001
0,0,0,0,0,0,0,0,76106.0,0,0,0,0,0,1100.3046960000001
0,0,0,0,0,0,0,0,76106.0,0,0,0,0,0,1100.3046960000001
0,0,0,0,0,0,0,0,76106.0,0,0,0,0,0,1100.3046960000001
736365,736515,0,0,0,0,0,0,77070.0,0,0,0,0,0,1073.2917719999998
735819,735911,0,0,0,0,0,0,31204.0,0,0,0,0,0,1167.1473139999998
735819,735911,0,0,0,0,0,0,31204.0,0,0,0,0,0,1167.1473139999998
736458,736489,0,0,0,0,0,0,52402.0,0,0,0,0,0,1055.1883079999998
736941,737002,0,0,0,0,0,0,32216.0,0,0,0,0,0,1055.1741639999998
736941,737002,0,0,0,0,0,0,32216.0,0,0,0,0,0,1055.1741639999998
736941,737002,0,0,0,0,0,0,32216.0,0,0,0,0,0,1055.1741639999998
736127,736310,0,0,0,0,0,0,78745.0,0,0,0,0,0,1032.1234359999999
0,736395,0,0,0,0,0,0,2908.0,0,0,0,0,0,1631.5247139999994
736061,736183,0,0,0,0,0,0,10035.0,0,0,0,0,0,1510.9343299999996
0,0,0,0,0,0,0,0,10009.0,0,0,0,0,0,1742.9310379999993
0,0,0,0,0,0,0,0,10009.0,0,0,0,0,0,1742.9310379999993
0,0,0,0,0,0,0,0,10009.0,0,0,0,0,0,1742.9310379999993
736613,736674,0,0,0,0,0,0,94122.0,0,0,0,0,0,1036.067355
736613,736674,0,0,0,0,0,0,94122.0,0,0,0,0,0,1036.067355
0,735972,0,0,0,0,0,0,92105.0,0,0,0,0,0,1092.6638369999998
0,735972,0,0,0,0,0,0,92105.0,0,0,0,0,0,1092.6638369999998
0,735972,0,0,0,0,0,0,92105.0,0,0,0,0,0,1092.6638369999998
0,0,0,0,0,0,0,0,81001.0,0,0,0,0,0,1014.447608
0,737119,0,0,0,0,0,0,94533.0,0,0,0,0,0,1050.903383
0,737119,0,0,0,0,0,0,94533.0,0,0,0,0,0,1050.903383
736553,736675,0,0,0,0,0,0,55106.0,0,0,0,0,0,1080.975014
736064,736155,0,0,0,0,0,0,94109.0,0,0,0,0,0,1078.4027909999995
0,0,0,0,0,0,0,0,22153.0,0,0,0,0,0,1330.8185939999996
0,0,0,0,0,0,0,0,22153.0,0,0,0,0,0,1330.8185939999996
0,0,0,0,0,0,0,0,22204.0,0,0,0,0,0,1302.1393939999998
736760,736882,0,0,0,0,0,0,31907.0,0,0,0,0,0,1058.356036
736760,736882,0,0,0,0,0,0,31907.0,0,0,0,0,0,1058.356036
0,0,0,0,0,0,0,0,77036.0,0,0,0,0,0,1108.4913520000002
0,0,0,0,0,0,0,0,91104.0,0,0,0,0,0,1021.7960989999998
0,0,0,0,0,0,0,0,91104.0,0,0,0,0,0,1021.7960989999998
0,0,0,0,0,0,0,0,91104.0,0,0,0,0,0,1021.7960989999998
0,0,0,0,0,0,0,0,91104.0,0,0,0,0,0,1021.7960989999998
0,0,0,0,0,0,0,0,91104.0,0,0,0,0,0,1021.7960989999998
736584,0,0,0,0,0,0,0,1841.0,0,0,0,0,0,1580.7036899999998
736584,0,0,0,0,0,0,0,1841.0,0,0,0,0,0,1580.7036899999998
0,736339,0,0,0,0,0,0,43229.0,0,0,0,0,0,1125.0142720000001
0,0,0,0,0,0,0,0,90032.0,0,0,0,0,0,1034.961929
0,0,0,0,0,0,0,0,90032.0,0,0,0,0,0,1034.961929
0,0,0,0,0,0,0,0,90032.0,0,0,0,0,0,1034.961929
736979,0,0,0,0,0,0,0,19120.0,0,0,0,0,0,1278.8839939999998
735605,735725,0,0,0,0,0,0,32725.0,0,0,0,0,0,1225.138654
735605,735725,0,0,0,0,0,0,32725.0,0,0,0,0,0,1225.138654
736755,736908,0,0,0,0,0,0,45231.0,0,0,0,0,0,1037.0903319999998
736755,736908,0,0,0,0,0,0,45231.0,0,0,0,0,0,1037.0903319999998
736756,736909,0,0,0,0,0,0,42071.0,0,0,0,0,0,1039.234796
736947,736977,0,0,0,0,0,0,28403.0,0,0,0,0,0,1055.1741639999998
0,735667,0,0,0,0,0,0,1841.0,0,0,0,0,0,1744.7962979999998
0,0,0,0,0,0,0,0,60653.0,0,0,0,0,0,1100.3046960000001
0,0,0,0,0,0,0,0,19120.0,0,0,0,0,0,1404.99292
0,736333,0,0,0,0,0,0,6360.0,0,0,0,0,0,1632.0874339999996
0,0,0,0,0,0,0,0,94110.0,0,0,0,0,0,1038.179099
0,0,0,0,0,0,0,0,94109.0,0,0,0,0,0,1038.179099
736731,736851,0,0,0,0,0,0,44052.0,0,0,0,0,0,1016.3059599999999
736731,736851,0,0,0,0,0,0,44052.0,0,0,0,0,0,1016.3059599999999
0,0,0,0,0,0,0,0,75220.0,0,0,0,0,0,1100.3046960000001
0,0,0,0,0,0,0,0,75220.0,0,0,0,0,0,1100.3046960000001
735754,735876,0,0,0,0,0,0,90049.0,0,0,0,0,0,1076.2527849999997
0,0,0,0,0,0,0,0,6457.0,0,0,0,0,0,1750.2965979999994
736729,736879,0,0,0,0,0,0,90008.0,0,0,0,0,0,1050.6136969999995
0,736729,0,0,0,0,0,0,10011.0,0,0,0,0,0,1582.3257879999996
0,736729,0,0,0,0,0,0,10011.0,0,0,0,0,0,1582.3257879999996
0,736729,0,0,0,0,0,0,10011.0,0,0,0,0,0,1582.3257879999996
736726,736785,0,0,0,0,0,0,28540.0,0,0,0,0,0,1035.49388
736726,736785,0,0,0,0,0,0,28540.0,0,0,0,0,0,1035.49388
736726,736785,0,0,0,0,0,0,28540.0,0,0,0,0,0,1035.49388
0,735969,0,0,0,0,0,0,11520.0,0,0,0,0,0,1687.3220699999993
0,735969,0,0,0,0,0,0,11520.0,0,0,0,0,0,1687.3220699999993
0,0,0,0,0,0,0,0,55044.0,0,0,0,0,0,1158.372832
0,0,0,0,0,0,0,0,55044.0,0,0,0,0,0,1158.372832
0,0,0,0,0,0,0,0,55044.0,0,0,0,0,0,1158.372832
0,0,0,0,0,0,0,0,55044.0,0,0,0,0,0,1158.372832
0,0,0,0,0,0,0,0,55044.0,0,0,0,0,0,1158.372832
735667,735820,0,0,0,0,0,0,60201.0,0,0,0,0,0,1130.023984
0,0,0,0,0,0,0,0,22204.0,0,0,0,0,0,1302.1393939999998
736789,736942,0,0,0,0,0,0,94109.0,0,0,0,0,0,1029.8530369999996
736789,736942,0,0,0,0,0,0,94109.0,0,0,0,0,0,1029.8530369999996
736789,736942,0,0,0,0,0,0,94109.0,0,0,0,0,0,1029.8530369999996
735725,735725,0,0,0,0,0,0,77036.0,0,0,0,0,0,1137.1137840000001
735725,735725,0,0,0,0,0,0,77036.0,0,0,0,0,0,1137.1137840000001
736454,736515,0,0,0,0,0,0,40214.0,0,0,0,0,0,1049.844916
0,0,0,0,0,0,0,0,76106.0,0,0,0,0,0,1100.3046960000001
0,735608,0,0,0,0,0,0,90049.0,0,0,0,0,0,1080.8253029999998
0,0,0,0,0,0,0,0,19120.0,0,0,0,0,0,1404.99292
0,0,0,0,0,0,0,0,19120.0,0,0,0,0,0,1404.99292
0,0,0,0,0,0,0,0,19120.0,0,0,0,0,0,1404.99292
736978,737009,0,0,0,0,0,0,85705.0,0,0,0,0,0,1050.8018599999998
736978,737009,0,0,0,0,0,0,85705.0,0,0,0,0,0,1050.8018599999998
736978,737009,0,0,0,0,0,0,85705.0,0,0,0,0,0,1050.8018599999998
736978,737009,0,0,0,0,0,0,85705.0,0,0,0,0,0,1050.8018599999998
736978,737009,0,0,0,0,0,0,85705.0,0,0,0,0,0,1050.8018599999998
736913,737005,0,0,0,0,0,0,90660.0,0,0,0,0,0,1049.9071069999998
0,0,0,0,0,0,0,0,80906.0,0,0,0,0,0,1014.447608
0,0,0,0,0,0,0,0,80906.0,0,0,0,0,0,1014.447608
736878,737031,0,0,0,0,0,0,20735.0,0,0,0,0,0,1243.6222859999998
735602,735753,0,0,0,0,0,0,94591.0,0,0,0,0,0,1091.7703349999997
735602,735753,0,0,0,0,0,0,94591.0,0,0,0,0,0,1091.7703349999997
0,0,0,0,0,0,0,0,84604.0,0,0,0,0,0,1013.919368
735696,735849,0,0,0,0,0,0,84062.0,0,0,0,0,0,1055.5353079999995
735696,735849,0,0,0,0,0,0,84062.0,0,0,0,0,0,1055.5353079999995
735696,735849,0,0,0,0,0,0,84062.0,0,0,0,0,0,1055.5353079999995
735696,735849,0,0,0,0,0,0,84062.0,0,0,0,0,0,1055.5353079999995
735696,735849,0,0,0,0,0,0,84062.0,0,0,0,0,0,1055.5353079999995
735696,735849,0,0,0,0,0,0,84062.0,0,0,0,0,0,1055.5353079999995
736397,736581,0,0,0,0,0,0,60505.0,0,0,0,0,0,1087.301438
736451,736451,0,0,0,0,0,0,30080.0,0,0,0,0,0,1067.125396
736451,736451,0,0,0,0,0,0,30080.0,0,0,0,0,0,1067.125396
736451,736451,0,0,0,0,0,0,30080.0,0,0,0,0,0,1067.125396
736451,736451,0,0,0,0,0,0,30080.0,0,0,0,0,0,1067.125396
736451,736451,0,0,0,0,0,0,30080.0,0,0,0,0,0,1067.125396
736451,736451,0,0,0,0,0,0,30080.0,0,0,0,0,0,1067.125396
736451,736451,0,0,0,0,0,0,30080.0,0,0,0,0,0,1067.125396
736451,736451,0,0,0,0,0,0,30080.0,0,0,0,0,0,1067.125396
736451,736451,0,0,0,0,0,0,30080.0,0,0,0,0,0,1067.125396
736451,736451,0,0,0,0,0,0,30080.0,0,0,0,0,0,1067.125396
736451,736451,0,0,0,0,0,0,30080.0,0,0,0,0,0,1067.125396
736760,736791,0,0,0,0,0,0,27217.0,0,0,0,0,0,1073.0385600000002
736947,0,0,0,0,0,0,0,60505.0,0,0,0,0,0,1063.619912
736947,0,0,0,0,0,0,0,60505.0,0,0,0,0,0,1063.619912
0,0,0,0,0,0,0,0,10035.0,0,0,0,0,0,1720.0015379999995
0,0,0,0,0,0,0,0,10035.0,0,0,0,0,0,1720.0015379999995
0,0,0,0,0,0,0,0,10035.0,0,0,0,0,0,1720.0015379999995
0,0,0,0,0,0,0,0,10035.0,0,0,0,0,0,1720.0015379999995
736340,736460,0,0,0,0,0,0,24153.0,0,0,0,0,0,1104.6700759999999
736340,736460,0,0,0,0,0,0,24153.0,0,0,0,0,0,1104.6700759999999
0,0,0,0,0,0,0,0,43229.0,0,0,0,0,0,1118.4940360000003
0,0,0,0,0,0,0,0,43229.0,0,0,0,0,0,1118.4940360000003
735753,735814,0,0,0,0,0,0,19143.0,0,0,0,0,0,1337.2957679999997
735753,735814,0,0,0,0,0,0,19143.0,0,0,0,0,0,1337.2957679999997
735753,735814,0,0,0,0,0,0,19143.0,0,0,0,0,0,1337.2957679999997
736369,736489,0,0,0,0,0,0,10024.0,0,0,0,0,0,1476.0490659999996
736369,736489,0,0,0,0,0,0,10024.0,0,0,0,0,0,1476.0490659999996
0,0,0,0,0,0,0,0,85023.0,0,0,0,0,0,1005.7666279999999
736795,737009,0,0,0,0,0,0,75051.0,0,0,0,0,0,1082.4126999999999
736579,0,0,0,0,0,0,0,10035.0,0,0,0,0,0,1571.1884899999995
736579,0,0,0,0,0,0,0,10035.0,0,0,0,0,0,1571.1884899999995
0,735725,0,0,0,0,0,0,10024.0,0,0,0,0,0,1738.6900579999995
0,0,0,0,0,0,0,0,92627.0,0,0,0,0,0,1027.342234
0,0,0,0,0,0,0,0,92627.0,0,0,0,0,0,1027.342234
0,0,0,0,0,0,0,0,77041.0,0,0,0,0,0,1074.552944
0,0,0,0,0,0,0,0,77041.0,0,0,0,0,0,1074.552944
0,0,0,0,0,0,0,0,77041.0,0,0,0,0,0,1074.552944
0,0,0,0,0,0,0,0,85204.0,0,0,0,0,0,1005.7666279999999
0,0,0,0,0,0,0,0,85204.0,0,0,0,0,0,1005.7666279999999
0,0,0,0,0,0,0,0,85204.0,0,0,0,0,0,1005.7666279999999
0,0,0,0,0,0,0,0,85204.0,0,0,0,0,0,1005.7666279999999
0,0,0,0,0,0,0,0,85204.0,0,0,0,0,0,1005.7666279999999
0,0,0,0,0,0,0,0,85204.0,0,0,0,0,0,1005.7666279999999
0,0,0,0,0,0,0,0,85204.0,0,0,0,0,0,1005.7666279999999
0,736065,0,0,0,0,0,0,93905.0,0,0,0,0,0,1096.0381429999998
0,736065,0,0,0,0,0,0,93905.0,0,0,0,0,0,1096.0381429999998
0,736065,0,0,0,0,0,0,93905.0,0,0,0,0,0,1096.0381429999998
0,736065,0,0,0,0,0,0,93905.0,0,0,0,0,0,1096.0381429999998
0,0,0,0,0,0,0,0,43229.0,0,0,0,0,0,1118.4940360000003
0,0,0,0,0,0,0,0,35630.0,0,0,0,0,0,1194.7120960000002
0,0,0,0,0,0,0,0,35630.0,0,0,0,0,0,1194.7120960000002
0,0,0,0,0,0,0,0,35630.0,0,0,0,0,0,1194.7120960000002
0,0,0,0,0,0,0,0,98105.0,0,0,0,0,0,1056.132109
0,0,0,0,0,0,0,0,44134.0,0,0,0,0,0,1130.9557560000003
0,0,0,0,0,0,0,0,44134.0,0,0,0,0,0,1130.9557560000003
0,0,0,0,0,0,0,0,79109.0,0,0,0,0,0,1014.861718
0,0,0,0,0,0,0,0,79109.0,0,0,0,0,0,1014.861718
737032,0,0,0,0,0,0,0,2908.0,0,0,0,0,0,1719.8051399999995
737032,0,0,0,0,0,0,0,2908.0,0,0,0,0,0,1719.8051399999995
0,0,0,0,0,0,0,0,94110.0,0,0,0,0,0,1038.179099
736822,736914,0,0,0,0,0,0,40475.0,0,0,0,0,0,1038.4148959999998
735973,736125,0,0,0,0,0,0,80013.0,0,0,0,0,0,1094.5136479999996
0,0,0,0,0,0,0,0,60623.0,0,0,0,0,0,1100.3046960000001
0,0,0,0,0,0,0,0,60653.0,0,0,0,0,0,1100.3046960000001
0,0,0,0,0,0,0,0,60653.0,0,0,0,0,0,1100.3046960000001
0,0,0,0,0,0,0,0,60653.0,0,0,0,0,0,1100.3046960000001
0,0,0,0,0,0,0,0,19134.0,0,0,0,0,0,1404.99292
735968,736150,0,0,0,0,0,0,90008.0,0,0,0,0,0,1132.5561149999996
0,0,0,0,0,0,0,0,85023.0,0,0,0,0,0,1005.7666279999999
0,0,0,0,0,0,0,0,36608.0,0,0,0,0,0,1159.0822960000003
0,0,0,0,0,0,0,0,36608.0,0,0,0,0,0,1159.0822960000003
0,0,0,0,0,0,0,0,36608.0,0,0,0,0,0,1159.0822960000003
0,0,0,0,0,0,0,0,36608.0,0,0,0,0,0,1159.0822960000003
737034,0,0,0,0,0,0,0,31907.0,0,0,0,0,0,1218.7736399999997
737034,0,0,0,0,0,0,0,31907.0,0,0,0,0,0,1218.7736399999997
0,0,0,0,0,0,0,0,2740.0,0,0,0,0,0,1749.7338779999993
0,736339,0,0,0,0,0,0,75061.0,0,0,0,0,0,1145.064662
735693,735693,0,0,0,0,0,0,6457.0,0,0,0,0,0,1670.9977339999996
735975,736188,0,0,0,0,0,0,98103.0,0,0,0,0,0,1114.9670289999997
736636,0,0,0,0,0,0,0,8360.0,0,0,0,0,0,1579.99085
0,0,0,0,0,0,0,0,77506.0,0,0,0,0,0,1023.2569080000001
0,0,0,0,0,0,0,0,77506.0,0,0,0,0,0,1023.2569080000001
0,0,0,0,0,0,0,0,10009.0,0,0,0,0,0,1742.9310379999993
735818,0,0,0,0,0,0,0,85301.0,0,0,0,0,0,1022.0331159999998
735818,0,0,0,0,0,0,0,85301.0,0,0,0,0,0,1022.0331159999998
0,0,0,0,0,0,0,0,32216.0,0,0,0,0,0,1194.7120960000002
736949,0,0,0,0,0,0,0,48234.0,0,0,0,0,0,1070.582292
736949,0,0,0,0,0,0,0,48234.0,0,0,0,0,0,1070.582292
736949,0,0,0,0,0,0,0,48234.0,0,0,0,0,0,1070.582292
0,0,0,0,0,0,0,0,19120.0,0,0,0,0,0,1404.99292
737005,0,0,0,0,0,0,0,90004.0,0,0,0,0,0,1023.4659509999999
735975,736006,0,0,0,0,0,0,77036.0,0,0,0,0,0,1187.689282
0,0,0,0,0,0,0,0,14304.0,0,0,0,0,0,2048.773129999999
0,0,0,0,0,0,0,0,14304.0,0,0,0,0,0,2048.773129999999
0,0,0,0,0,0,0,0,10024.0,0,0,0,0,0,1743.6276379999993
0,0,0,0,0,0,0,0,27360.0,0,0,0,0,0,1253.799104
0,0,0,0,0,0,0,0,92683.0,0,0,0,0,0,1027.342234
736372,736553,0,0,0,0,0,0,94122.0,0,0,0,0,0,1046.7881549999997
736372,736553,0,0,0,0,0,0,94122.0,0,0,0,0,0,1046.7881549999997
736372,736553,0,0,0,0,0,0,94122.0,0,0,0,0,0,1046.7881549999997
0,0,0,0,0,0,0,0,38301.0,0,0,0,0,0,1159.0822960000003
0,0,0,0,0,0,0,0,38301.0,0,0,0,0,0,1159.0822960000003
0,0,0,0,0,0,0,0,98115.0,0,0,0,0,0,1056.132109
0,735669,0,0,0,0,0,0,10035.0,0,0,0,0,0,1730.3349979999991
736034,736156,0,0,0,0,0,0,90008.0,0,0,0,0,0,1085.6880909999995
736034,736156,0,0,0,0,0,0,90008.0,0,0,0,0,0,1085.6880909999995
736034,736156,0,0,0,0,0,0,90008.0,0,0,0,0,0,1085.6880909999995
0,735761,0,0,0,0,0,0,19143.0,0,0,0,0,0,1352.8733839999998
0,736819,0,0,0,0,0,0,10024.0,0,0,0,0,0,1583.1906739999997
0,0,0,0,0,0,0,0,10035.0,0,0,0,0,0,1720.0015379999995
0,0,0,0,0,0,0,0,10035.0,0,0,0,0,0,1720.0015379999995
0,736764,0,0,0,0,0,0,98661.0,0,0,0,0,0,1035.138693
0,0,0,0,0,0,0,0,31907.0,0,0,0,0,0,1194.7120960000002
736793,736915,0,0,0,0,0,0,75019.0,0,0,0,0,0,1083.5673719999998
736793,736915,0,0,0,0,0,0,75019.0,0,0,0,0,0,1083.5673719999998
736793,736915,0,0,0,0,0,0,75019.0,0,0,0,0,0,1083.5673719999998
0,0,0,0,0,0,0,0,94122.0,0,0,0,0,0,1048.9307489999999
737039,0,0,0,0,0,0,0,78745.0,0,0,0,0,0,1189.9572719999999
737039,0,0,0,0,0,0,0,78745.0,0,0,0,0,0,1189.9572719999999
737039,0,0,0,0,0,0,0,78745.0,0,0,0,0,0,1189.9572719999999
0,736341,0,0,0,0,0,0,90045.0,0,0,0,0,0,1075.4769009999998
0,736341,0,0,0,0,0,0,90045.0,0,0,0,0,0,1075.4769009999998
735971,736153,0,0,0,0,0,0,90004.0,0,0,0,0,0,1132.5561149999996
735971,736153,0,0,0,0,0,0,90004.0,0,0,0,0,0,1132.5561149999996
0,0,0,0,0,0,0,0,10024.0,0,0,0,0,0,1743.6276379999993
0,0,0,0,0,0,0,0,31907.0,0,0,0,0,0,1194.7120960000002
736979,736979,0,0,0,0,0,0,68104.0,0,0,0,0,0,1082.3391299999998
737037,0,0,0,0,0,0,0,90036.0,0,0,0,0,0,1238.7836729999997
0,736701,0,0,0,0,0,0,91767.0,0,0,0,0,0,1035.0715969999999
0,736701,0,0,0,0,0,0,91767.0,0,0,0,0,0,1035.0715969999999
0,0,0,0,0,0,0,0,75220.0,0,0,0,0,0,1100.3046960000001
0,0,0,0,0,0,0,0,75220.0,0,0,0,0,0,1100.3046960000001
0,0,0,0,0,0,0,0,75220.0,0,0,0,0,0,1100.3046960000001
737010,0,0,0,0,0,0,0,19120.0,0,0,0,0,0,1362.5123939999996
736979,0,0,0,0,0,0,0,89031.0,0,0,0,0,0,1014.1746159999998
735659,735751,0,0,0,0,0,0,98105.0,0,0,0,0,0,1098.9716949999997
735659,735751,0,0,0,0,0,0,98105.0,0,0,0,0,0,1098.9716949999997
737000,0,0,0,0,0,0,0,94110.0,0,0,0,0,0,1036.8459109999997
0,0,0,0,0,0,0,0,60610.0,0,0,0,0,0,1100.3046960000001
736127,736280,0,0,0,0,0,0,85705.0,0,0,0,0,0,1053.7849779999997
736127,736280,0,0,0,0,0,0,85705.0,0,0,0,0,0,1053.7849779999997
736127,736280,0,0,0,0,0,0,85705.0,0,0,0,0,0,1053.7849779999997
736127,736280,0,0,0,0,0,0,85705.0,0,0,0,0,0,1053.7849779999997
736127,736280,0,0,0,0,0,0,85705.0,0,0,0,0,0,1053.7849779999997
0,0,0,0,0,0,0,0,18103.0,0,0,0,0,0,1434.3321199999998
0,0,0,0,0,0,0,0,18103.0,0,0,0,0,0,1434.3321199999998
736156,736248,0,0,0,0,0,0,19711.0,0,0,0,0,0,1262.9515639999997
736156,736248,0,0,0,0,0,0,19711.0,0,0,0,0,0,1262.9515639999997
0,0,0,0,0,0,0,0,33142.0,0,0,0,0,0,1194.7120960000002
0,736823,0,0,0,0,0,0,85281.0,0,0,0,0,0,1017.533224
0,736823,0,0,0,0,0,0,85281.0,0,0,0,0,0,1017.533224
736431,736553,0,0,0,0,0,0,10035.0,0,0,0,0,0,1497.0907459999996
736969,0,0,0,0,0,0,0,92677.0,0,0,0,0,0,1011.5917859999997
0,736371,0,0,0,0,0,0,8302.0,0,0,0,0,0,1624.7218739999994
0,736371,0,0,0,0,0,0,8302.0,0,0,0,0,0,1624.7218739999994
0,0,0,0,0,0,0,0,2149.0,0,0,0,0,0,1749.7338779999993
0,0,0,0,0,0,0,0,2149.0,0,0,0,0,0,1749.7338779999993
0,0,0,0,0,0,0,0,2149.0,0,0,0,0,0,1749.7338779999993
0,0,0,0,0,0,0,0,2149.0,0,0,0,0,0,1749.7338779999993
735905,0,0,0,0,0,0,0,43229.0,0,0,0,0,0,1096.0384760000002
735905,0,0,0,0,0,0,0,43229.0,0,0,0,0,0,1096.0384760000002
735690,735812,0,0,0,0,0,0,92024.0,0,0,0,0,0,1076.2527849999997
735690,735812,0,0,0,0,0,0,92024.0,0,0,0,0,0,1076.2527849999997
0,736055,0,0,0,0,0,0,13601.0,0,0,0,0,0,1785.1700699999992
0,0,0,0,0,0,0,0,78207.0,0,0,0,0,0,1014.0066380000001
0,0,0,0,0,0,0,0,78207.0,0,0,0,0,0,1014.0066380000001
0,0,0,0,0,0,0,0,78207.0,0,0,0,0,0,1014.0066380000001
735756,735817,0,0,0,0,0,0,10011.0,0,0,0,0,0,1621.7465639999996
0,0,0,0,0,0,0,0,77095.0,0,0,0,0,0,1049.1600080000003
0,0,0,0,0,0,0,0,92024.0,0,0,0,0,0,1021.7960989999998
735662,735723,0,0,0,0,0,0,54915.0,0,0,0,0,0,1171.33178
0,0,0,0,0,0,0,0,40475.0,0,0,0,0,0,1118.4940360000003
736117,0,0,0,0,0,0,0,98006.0,0,0,0,0,0,1041.0881609999997
736793,736915,0,0,0,0,0,0,11561.0,0,0,0,0,0,1443.271168
736577,0,0,0,0,0,0,0,19140.0,0,0,0,0,0,1253.6709439999997
736577,0,0,0,0,0,0,0,19140.0,0,0,0,0,0,1253.6709439999997
0,0,0,0,0,0,0,0,98103.0,0,0,0,0,0,1048.076349
736576,0,0,0,0,0,0,0,98103.0,0,0,0,0,0,1031.1413009999997
735692,735845,0,0,0,0,0,0,94109.0,0,0,0,0,0,1081.0186849999998
736823,736854,0,0,0,0,0,0,98115.0,0,0,0,0,0,1032.9440389999997
0,0,0,0,0,0,0,0,10011.0,0,0,0,0,0,1747.7220079999993
736218,736218,0,0,0,0,0,0,19134.0,0,0,0,0,0,1290.3719439999998
735691,735691,0,0,0,0,0,0,29203.0,0,0,0,0,0,1210.3627219999998
0,0,0,0,0,0,0,0,98105.0,0,0,0,0,0,1056.132109
0,0,0,0,0,0,0,0,75002.0,0,0,0,0,0,1100.3046960000001
0,0,0,0,0,0,0,0,75002.0,0,0,0,0,0,1100.3046960000001
737004,737004,0,0,0,0,0,0,90004.0,0,0,0,0,0,1060.093195
0,0,0,0,0,0,0,0,30318.0,0,0,0,0,0,1216.254424
0,0,0,0,0,0,0,0,90004.0,0,0,0,0,0,1030.255799
0,0,0,0,0,0,0,0,90004.0,0,0,0,0,0,1030.255799
0,0,0,0,0,0,0,0,90004.0,0,0,0,0,0,1030.255799
0,0,0,0,0,0,0,0,90004.0,0,0,0,0,0,1030.255799
0,0,0,0,0,0,0,0,79907.0,0,0,0,0,0,1014.861718
0,0,0,0,0,0,0,0,79907.0,0,0,0,0,0,1014.861718
0,0,0,0,0,0,0,0,60505.0,0,0,0,0,0,1100.3046960000001
0,0,0,0,0,0,0,0,35630.0,0,0,0,0,0,1194.7120960000002
0,736332,0,0,0,0,0,0,10011.0,0,0,0,0,0,1629.5128439999994
736215,736306,0,0,0,0,0,0,10024.0,0,0,0,0,0,1480.3974459999995
736215,736306,0,0,0,0,0,0,10024.0,0,0,0,0,0,1480.3974459999995
736215,736306,0,0,0,0,0,0,10024.0,0,0,0,0,0,1480.3974459999995
736215,736306,0,0,0,0,0,0,10024.0,0,0,0,0,0,1480.3974459999995
736215,736306,0,0,0,0,0,0,10024.0,0,0,0,0,0,1480.3974459999995
736215,736306,0,0,0,0,0,0,10024.0,0,0,0,0,0,1480.3974459999995
736215,736306,0,0,0,0,0,0,10024.0,0,0,0,0,0,1480.3974459999995
736215,736306,0,0,0,0,0,0,10024.0,0,0,0,0,0,1480.3974459999995
736215,736306,0,0,0,0,0,0,10024.0,0,0,0,0,0,1480.3974459999995
736215,736306,0,0,0,0,0,0,10024.0,0,0,0,0,0,1480.3974459999995
736668,0,0,0,0,0,0,0,23464.0,0,0,0,0,0,1196.157238
0,0,0,0,0,0,0,0,76051.0,0,0,0,0,0,1100.3046960000001
0,0,0,0,0,0,0,0,76051.0,0,0,0,0,0,1100.3046960000001
0,0,0,0,0,0,0,0,98502.0,0,0,0,0,0,1056.132109
0,0,0,0,0,0,0,0,90032.0,0,0,0,0,0,1034.961929
0,0,0,0,0,0,0,0,61604.0,0,0,0,0,0,1100.3046960000001
736911,737033,0,0,0,0,0,0,43229.0,0,0,0,0,0,1062.8392239999998
0,0,0,0,0,0,0,0,10011.0,0,0,0,0,0,1747.7220079999993
0,0,0,0,0,0,0,0,75007.0,0,0,0,0,0,1100.3046960000001
0,0,0,0,0,0,0,0,75007.0,0,0,0,0,0,1100.3046960000001
0,0,0,0,0,0,0,0,75007.0,0,0,0,0,0,1100.3046960000001
0,0,0,0,0,0,0,0,75007.0,0,0,0,0,0,1100.3046960000001
736546,0,0,0,0,0,0,0,19901.0,0,0,0,0,0,1253.6709439999997
736645,0,0,0,0,0,0,0,37167.0,0,0,0,0,0,1053.4960199999998
0,736796,0,0,0,0,0,0,19711.0,0,0,0,0,0,1301.288184
0,0,0,0,0,0,0,0,90049.0,0,0,0,0,0,1021.7960989999998
0,0,0,0,0,0,0,0,90049.0,0,0,0,0,0,1021.7960989999998
0,0,0,0,0,0,0,0,90049.0,0,0,0,0,0,1021.7960989999998
0,0,0,0,0,0,0,0,90049.0,0,0,0,0,0,1021.7960989999998
0,0,0,0,0,0,0,0,90049.0,0,0,0,0,0,1021.7960989999998
0,0,0,0,0,0,0,0,90049.0,0,0,0,0,0,1021.7960989999998
0,0,0,0,0,0,0,0,90008.0,0,0,0,0,0,1030.255799
0,0,0,0,0,0,0,0,90008.0,0,0,0,0,0,1030.255799
0,0,0,0,0,0,0,0,90008.0,0,0,0,0,0,1030.255799
0,0,0,0,0,0,0,0,94601.0,0,0,0,0,0,1048.9307489999999
0,0,0,0,0,0,0,0,19143.0,0,0,0,0,0,1365.6374599999995
736245,0,0,0,0,0,0,0,55122.0,0,0,0,0,0,1119.071648
736245,0,0,0,0,0,0,0,55122.0,0,0,0,0,0,1119.071648
736245,0,0,0,0,0,0,0,55122.0,0,0,0,0,0,1119.071648
736611,0,0,0,0,0,0,0,10011.0,0,0,0,0,0,1584.7818199999997
736611,0,0,0,0,0,0,0,10011.0,0,0,0,0,0,1584.7818199999997
736913,0,0,0,0,0,0,0,98031.0,0,0,0,0,0,1037.0369609999998
736913,0,0,0,0,0,0,0,98031.0,0,0,0,0,0,1037.0369609999998
736913,0,0,0,0,0,0,0,98031.0,0,0,0,0,0,1037.0369609999998
736913,0,0,0,0,0,0,0,98031.0,0,0,0,0,0,1037.0369609999998
0,0,0,0,0,0,0,0,90049.0,0,0,0,0,0,1021.7960989999998
0,0,0,0,0,0,0,0,90049.0,0,0,0,0,0,1021.7960989999998
0,0,0,0,0,0,0,0,10011.0,0,0,0,0,0,1747.7220079999993
0,0,0,0,0,0,0,0,70506.0,0,0,0,0,0,1100.3046960000001
0,0,0,0,0,0,0,0,44105.0,0,0,0,0,0,1118.4940360000003
0,0,0,0,0,0,0,0,44105.0,0,0,0,0,0,1118.4940360000003
736546,736546,0,0,0,0,0,0,44105.0,0,0,0,0,0,1049.844916
736546,736546,0,0,0,0,0,0,44105.0,0,0,0,0,0,1049.844916
736546,736546,0,0,0,0,0,0,44105.0,0,0,0,0,0,1049.844916
736546,736546,0,0,0,0,0,0,44105.0,0,0,0,0,0,1049.844916
736546,736546,0,0,0,0,0,0,44105.0,0,0,0,0,0,1049.844916
0,735641,0,0,0,0,0,0,97224.0,0,0,0,0,0,1081.0323329999999
0,735641,0,0,0,0,0,0,97224.0,0,0,0,0,0,1081.0323329999999
0,735641,0,0,0,0,0,0,97224.0,0,0,0,0,0,1081.0323329999999
0,736335,0,0,0,0,0,0,20016.0,0,0,0,0,0,1342.0374399999998
0,736335,0,0,0,0,0,0,20016.0,0,0,0,0,0,1342.0374399999998
0,736335,0,0,0,0,0,0,20016.0,0,0,0,0,0,1342.0374399999998
0,736335,0,0,0,0,0,0,20016.0,0,0,0,0,0,1342.0374399999998
0,735700,0,0,0,0,0,0,60076.0,0,0,0,0,0,1169.598342
0,0,0,0,0,0,0,0,98115.0,0,0,0,0,0,1056.132109
0,0,0,0,0,0,0,0,98115.0,0,0,0,0,0,1056.132109
0,0,0,0,0,0,0,0,98115.0,0,0,0,0,0,1056.132109
735974,736034,0,0,0,0,0,0,19140.0,0,0,0,0,0,1356.3146919999997
735974,736034,0,0,0,0,0,0,19140.0,0,0,0,0,0,1356.3146919999997
0,0,0,0,0,0,0,0,19143.0,0,0,0,0,0,1365.6374599999995
0,0,0,0,0,0,0,0,19143.0,0,0,0,0,0,1365.6374599999995
0,0,0,0,0,0,0,0,94110.0,0,0,0,0,0,1038.179099
0,0,0,0,0,0,0,0,94110.0,0,0,0,0,0,1038.179099
0,0,0,0,0,0,0,0,98105.0,0,0,0,0,0,1056.132109
0,0,0,0,0,0,0,0,98105.0,0,0,0,0,0,1056.132109
0,0,0,0,0,0,0,0,98105.0,0,0,0,0,0,1056.132109
0,0,0,0,0,0,0,0,98105.0,0,0,0,0,0,1056.132109
0,0,0,0,0,0,0,0,98105.0,0,0,0,0,0,1056.132109
735937,0,0,0,0,0,0,0,53209.0,0,0,0,0,0,1117.1047760000001
0,0,0,0,0,0,0,0,90045.0,0,0,0,0,0,1021.7960989999998
0,736856,0,0,0,0,0,0,98115.0,0,0,0,0,0,1049.896923
0,736856,0,0,0,0,0,0,98115.0,0,0,0,0,0,1049.896923
0,736850,0,0,0,0,0,0,19143.0,0,0,0,0,0,1307.49326
0,736850,0,0,0,0,0,0,19143.0,0,0,0,0,0,1307.49326
0,0,0,0,0,0,0,0,75217.0,0,0,0,0,0,1100.3046960000001
0,0,0,0,0,0,0,0,75217.0,0,0,0,0,0,1100.3046960000001
0,0,0,0,0,0,0,0,75217.0,0,0,0,0,0,1100.3046960000001
0,0,0,0,0,0,0,0,75217.0,0,0,0,0,0,1100.3046960000001
0,0,0,0,0,0,0,0,75217.0,0,0,0,0,0,1100.3046960000001
0,0,0,0,0,0,0,0,75217.0,0,0,0,0,0,1100.3046960000001
736238,0,0,0,0,0,0,0,10011.0,0,0,0,0,0,1596.50102
0,0,0,0,0,0,0,0,77095.0,0,0,0,0,0,1049.1600080000003
0,0,0,0,0,0,0,0,89031.0,0,0,0,0,0,1029.9250639999998
736760,736882,0,0,0,0,0,0,75023.0,0,0,0,0,0,1083.5673719999998
736280,736310,0,0,0,0,0,0,23434.0,0,0,0,0,0,1159.9888859999999
0,0,0,0,0,0,0,0,77041.0,0,0,0,0,0,1074.552944
0,0,0,0,0,0,0,0,77041.0,0,0,0,0,0,1074.552944
0,0,0,0,0,0,0,0,94110.0,0,0,0,0,0,1038.179099
0,0,0,0,0,0,0,0,94110.0,0,0,0,0,0,1038.179099
735788,0,0,0,0,0,0,0,19134.0,0,0,0,0,0,1394.8523039999998
735788,0,0,0,0,0,0,0,19134.0,0,0,0,0,0,1394.8523039999998
735788,0,0,0,0,0,0,0,19134.0,0,0,0,0,0,1394.8523039999998
735788,0,0,0,0,0,0,0,19134.0,0,0,0,0,0,1394.8523039999998
0,736339,0,0,0,0,0,0,90008.0,0,0,0,0,0,1087.9935609999998
736521,736674,0,0,0,0,0,0,94110.0,0,0,0,0,0,1010.9196969999997
0,0,0,0,0,0,0,0,19143.0,0,0,0,0,0,1365.6374599999995
0,0,0,0,0,0,0,0,19143.0,0,0,0,0,0,1365.6374599999995
0,0,0,0,0,0,0,0,19143.0,0,0,0,0,0,1365.6374599999995
736979,737040,0,0,0,0,0,0,19140.0,0,0,0,0,0,1242.9889019999996
736979,737040,0,0,0,0,0,0,19140.0,0,0,0,0,0,1242.9889019999996
0,0,0,0,0,0,0,0,19143.0,0,0,0,0,0,1365.6374599999995
736949,0,0,0,0,0,0,0,46203.0,0,0,0,0,0,1062.767776
736949,0,0,0,0,0,0,0,46203.0,0,0,0,0,0,1062.767776
0,0,0,0,0,0,0,0,43229.0,0,0,0,0,0,1118.4940360000003
0,0,0,0,0,0,0,0,75023.0,0,0,0,0,0,1100.3046960000001
0,0,0,0,0,0,0,0,7002.0,0,0,0,0,0,1742.9310379999993
0,0,0,0,0,0,0,0,7002.0,0,0,0,0,0,1742.9310379999993
0,0,0,0,0,0,0,0,7002.0,0,0,0,0,0,1742.9310379999993
0,0,0,0,0,0,0,0,90008.0,0,0,0,0,0,1030.255799
0,0,0,0,0,0,0,0,90008.0,0,0,0,0,0,1030.255799
735663,735785,0,0,0,0,0,0,98115.0,0,0,0,0,0,1098.9716949999997
0,0,0,0,0,0,0,0,10035.0,0,0,0,0,0,1720.0015379999995
0,0,0,0,0,0,0,0,10035.0,0,0,0,0,0,1720.0015379999995
0,0,0,0,0,0,0,0,10035.0,0,0,0,0,0,1720.0015379999995
735631,735751,0,0,0,0,0,0,92037.0,0,0,0,0,0,1076.2527849999997
736544,736544,0,0,0,0,0,0,85301.0,0,0,0,0,0,1028.4495759999995
0,0,0,0,0,0,0,0,19120.0,0,0,0,0,0,1404.99292
0,736825,0,0,0,0,0,0,94122.0,0,0,0,0,0,1032.901023
0,736825,0,0,0,0,0,0,94122.0,0,0,0,0,0,1032.901023
0,736825,0,0,0,0,0,0,94122.0,0,0,0,0,0,1032.901023
0,736825,0,0,0,0,0,0,94122.0,0,0,0,0,0,1032.901023
0,736825,0,0,0,0,0,0,94122.0,0,0,0,0,0,1032.901023
0,736825,0,0,0,0,0,0,94122.0,0,0,0,0,0,1032.901023
0,736056,0,0,0,0,0,0,77070.0,0,0,0,0,0,1128.392184
736915,0,0,0,0,0,0,0,60610.0,0,0,0,0,0,1063.619912
736885,0,0,0,0,0,0,0,94110.0,0,0,0,0,0,1027.8853109999995
0,736424,0,0,0,0,0,0,10011.0,0,0,0,0,0,1629.5128439999994
0,0,0,0,0,0,0,0,10011.0,0,0,0,0,0,1747.7220079999993
0,0,0,0,0,0,0,0,10011.0,0,0,0,0,0,1747.7220079999993
0,0,0,0,0,0,0,0,10011.0,0,0,0,0,0,1747.7220079999993
0,0,0,0,0,0,0,0,10011.0,0,0,0,0,0,1747.7220079999993
0,0,0,0,0,0,0,0,10011.0,0,0,0,0,0,1747.7220079999993
0,0,0,0,0,0,0,0,60623.0,0,0,0,0,0,1100.3046960000001
0,0,0,0,0,0,0,0,60623.0,0,0,0,0,0,1100.3046960000001
0,0,0,0,0,0,0,0,60623.0,0,0,0,0,0,1100.3046960000001
0,0,0,0,0,0,0,0,19143.0,0,0,0,0,0,1365.6374599999995
0,0,0,0,0,0,0,0,19143.0,0,0,0,0,0,1365.6374599999995
0,0,0,0,0,0,0,0,19143.0,0,0,0,0,0,1365.6374599999995
0,736789,0,0,0,0,0,0,43017.0,0,0,0,0,0,1069.3676040000003
736512,736512,0,0,0,0,0,0,22153.0,0,0,0,0,0,1190.555046
736512,736512,0,0,0,0,0,0,22153.0,0,0,0,0,0,1190.555046
0,735667,0,0,0,0,0,0,28314.0,0,0,0,0,0,1228.989648
0,735667,0,0,0,0,0,0,28314.0,0,0,0,0,0,1228.989648
736609,0,0,0,0,0,0,0,75081.0,0,0,0,0,0,1061.7147320000001
736609,0,0,0,0,0,0,0,75081.0,0,0,0,0,0,1061.7147320000001
0,736702,0,0,0,0,0,0,28540.0,0,0,0,0,0,1142.6348320000002
0,736702,0,0,0,0,0,0,28540.0,0,0,0,0,0,1142.6348320000002
0,736702,0,0,0,0,0,0,28540.0,0,0,0,0,0,1142.6348320000002
736032,736216,0,0,0,0,0,0,94122.0,0,0,0,0,0,1052.4200049999997
736032,736216,0,0,0,0,0,0,94122.0,0,0,0,0,0,1052.4200049999997
736032,736216,0,0,0,0,0,0,94122.0,0,0,0,0,0,1052.4200049999997
735849,0,0,0,0,0,0,0,92037.0,0,0,0,0,0,1045.9797469999999
0,736764,0,0,0,0,0,0,19140.0,0,0,0,0,0,1300.055384
0,736764,0,0,0,0,0,0,19140.0,0,0,0,0,0,1300.055384
0,736764,0,0,0,0,0,0,19140.0,0,0,0,0,0,1300.055384
0,736764,0,0,0,0,0,0,19140.0,0,0,0,0,0,1300.055384
735755,735847,0,0,0,0,0,0,14609.0,0,0,0,0,0,1888.9705659999995
0,0,0,0,0,0,0,0,28540.0,0,0,0,0,0,1216.254424
0,0,0,0,0,0,0,0,28540.0,0,0,0,0,0,1216.254424
0,0,0,0,0,0,0,0,77095.0,0,0,0,0,0,1049.1600080000003
0,0,0,0,0,0,0,0,77095.0,0,0,0,0,0,1049.1600080000003
0,0,0,0,0,0,0,0,78207.0,0,0,0,0,0,1014.0066380000001
0,0,0,0,0,0,0,0,94601.0,0,0,0,0,0,1048.9307489999999
736737,736826,0,0,0,0,0,0,94122.0,0,0,0,0,0,1022.9091989999998
736737,736826,0,0,0,0,0,0,94122.0,0,0,0,0,0,1022.9091989999998
736737,736826,0,0,0,0,0,0,94122.0,0,0,0,0,0,1022.9091989999998
736188,736280,0,0,0,0,0,0,76106.0,0,0,0,0,0,1125.061978
736188,736280,0,0,0,0,0,0,76106.0,0,0,0,0,0,1125.061978
0,0,0,0,0,0,0,0,77095.0,0,0,0,0,0,1049.1600080000003
735907,0,0,0,0,0,0,0,77095.0,0,0,0,0,0,1052.617508
735719,735933,0,0,0,0,0,0,19143.0,0,0,0,0,0,1337.2957679999997
736093,736216,0,0,0,0,0,0,92105.0,0,0,0,0,0,1040.0717949999996
736093,736216,0,0,0,0,0,0,92105.0,0,0,0,0,0,1040.0717949999996
736093,736216,0,0,0,0,0,0,92105.0,0,0,0,0,0,1040.0717949999996
736427,736549,0,0,0,0,0,0,23434.0,0,0,0,0,0,1154.414486
736427,736549,0,0,0,0,0,0,23434.0,0,0,0,0,0,1154.414486
736427,736549,0,0,0,0,0,0,23434.0,0,0,0,0,0,1154.414486
736427,736549,0,0,0,0,0,0,23434.0,0,0,0,0,0,1154.414486
0,0,0,0,0,0,0,0,27405.0,0,0,0,0,0,1253.799104
0,0,0,0,0,0,0,0,27405.0,0,0,0,0,0,1253.799104
736728,736909,0,0,0,0,0,0,75081.0,0,0,0,0,0,1083.5673719999998
736728,736909,0,0,0,0,0,0,75081.0,0,0,0,0,0,1083.5673719999998
0,0,0,0,0,0,0,0,60623.0,0,0,0,0,0,1100.3046960000001
0,0,0,0,0,0,0,0,60623.0,0,0,0,0,0,1100.3046960000001
0,735662,0,0,0,0,0,0,21215.0,0,0,0,0,0,1382.1285979999996
0,735662,0,0,0,0,0,0,21215.0,0,0,0,0,0,1382.1285979999996
0,735662,0,0,0,0,0,0,21215.0,0,0,0,0,0,1382.1285979999996
0,735662,0,0,0,0,0,0,21215.0,0,0,0,0,0,1382.1285979999996
0,0,0,0,0,0,0,0,90004.0,0,0,0,0,0,1030.255799
0,0,0,0,0,0,0,0,90004.0,0,0,0,0,0,1030.255799
736644,0,0,0,0,0,0,0,10011.0,0,0,0,0,0,1584.7818199999997
736644,0,0,0,0,0,0,0,10011.0,0,0,0,0,0,1584.7818199999997
736214,0,0,0,0,0,0,0,2038.0,0,0,0,0,0,1592.4228899999998
736214,0,0,0,0,0,0,0,2038.0,0,0,0,0,0,1592.4228899999998
0,0,0,0,0,0,0,0,53209.0,0,0,0,0,0,1137.4537320000002
0,0,0,0,0,0,0,0,53209.0,0,0,0,0,0,1137.4537320000002
0,0,0,0,0,0,0,0,53209.0,0,0,0,0,0,1137.4537320000002
0,0,0,0,0,0,0,0,53209.0,0,0,0,0,0,1137.4537320000002
0,0,0,0,0,0,0,0,53142.0,0,0,0,0,0,1137.4537320000002
0,0,0,0,0,0,0,0,53142.0,0,0,0,0,0,1137.4537320000002
0,0,0,0,0,0,0,0,53142.0,0,0,0,0,0,1137.4537320000002
0,735698,0,0,0,0,0,0,10011.0,0,0,0,0,0,1742.7844279999997
735610,735669,0,0,0,0,0,0,53711.0,0,0,0,0,0,1195.49975
735610,735669,0,0,0,0,0,0,53711.0,0,0,0,0,0,1195.49975
735822,0,0,0,0,0,0,0,77041.0,0,0,0,0,0,1090.3253880000002
736458,736611,0,0,0,0,0,0,66062.0,0,0,0,0,0,1083.287986
0,0,0,0,0,0,0,0,10024.0,0,0,0,0,0,1743.6276379999993
0,0,0,0,0,0,0,0,10024.0,0,0,0,0,0,1743.6276379999993
0,0,0,0,0,0,0,0,10024.0,0,0,0,0,0,1743.6276379999993
736517,736640,0,0,0,0,0,0,95123.0,0,0,0,0,0,1025.6870269999997
736549,736610,0,0,0,0,0,0,75081.0,0,0,0,0,0,1083.287986
736549,736610,0,0,0,0,0,0,75081.0,0,0,0,0,0,1083.287986
0,0,0,0,0,0,0,0,98002.0,0,0,0,0,0,1048.076349
0,0,0,0,0,0,0,0,19134.0,0,0,0,0,0,1404.99292
0,0,0,0,0,0,0,0,19134.0,0,0,0,0,0,1404.99292
0,0,0,0,0,0,0,0,19134.0,0,0,0,0,0,1404.99292
0,0,0,0,0,0,0,0,90049.0,0,0,0,0,0,1021.7960989999998
0,0,0,0,0,0,0,0,90049.0,0,0,0,0,0,1021.7960989999998
0,0,0,0,0,0,0,0,90049.0,0,0,0,0,0,1021.7960989999998
736635,0,0,0,0,0,0,0,74133.0,0,0,0,0,0,1061.7147320000001
0,0,0,0,0,0,0,0,60610.0,0,0,0,0,0,1100.3046960000001
0,0,0,0,0,0,0,0,60610.0,0,0,0,0,0,1100.3046960000001
735847,735908,0,0,0,0,0,0,22801.0,0,0,0,0,0,1272.2377919999997
0,0,0,0,0,0,0,0,43055.0,0,0,0,0,0,1118.4940360000003
0,0,0,0,0,0,0,0,43055.0,0,0,0,0,0,1118.4940360000003
0,0,0,0,0,0,0,0,90045.0,0,0,0,0,0,1021.7960989999998
736060,736060,0,0,0,0,0,0,98105.0,0,0,0,0,0,1088.3808649999996
736060,736060,0,0,0,0,0,0,98105.0,0,0,0,0,0,1088.3808649999996
0,0,0,0,0,0,0,0,90036.0,0,0,0,0,0,1034.961929
0,0,0,0,0,0,0,0,60623.0,0,0,0,0,0,1100.3046960000001
0,0,0,0,0,0,0,0,60623.0,0,0,0,0,0,1100.3046960000001
0,0,0,0,0,0,0,0,60623.0,0,0,0,0,0,1100.3046960000001
0,0,0,0,0,0,0,0,60623.0,0,0,0,0,0,1100.3046960000001
0,0,0,0,0,0,0,0,60623.0,0,0,0,0,0,1100.3046960000001
0,0,0,0,0,0,0,0,60623.0,0,0,0,0,0,1100.3046960000001
0,0,0,0,0,0,0,0,97756.0,0,0,0,0,0,1048.076349
0,0,0,0,0,0,0,0,97756.0,0,0,0,0,0,1048.076349
0,0,0,0,0,0,0,0,97756.0,0,0,0,0,0,1048.076349
736543,736635,0,0,0,0,0,0,27604.0,0,0,0,0,0,1079.313336
0,0,0,0,0,0,0,0,31204.0,0,0,0,0,0,1194.7120960000002
0,0,0,0,0,0,0,0,44105.0,0,0,0,0,0,1118.4940360000003
0,0,0,0,0,0,0,0,74403.0,0,0,0,0,0,1100.3046960000001
0,0,0,0,0,0,0,0,74403.0,0,0,0,0,0,1100.3046960000001
736095,736218,0,0,0,0,0,0,28110.0,0,0,0,0,0,1123.632746
736702,736883,0,0,0,0,0,0,78745.0,0,0,0,0,0,1028.2073099999998
736702,736883,0,0,0,0,0,0,78745.0,0,0,0,0,0,1028.2073099999998
0,0,0,0,0,0,0,0,6450.0,0,0,0,0,0,1750.2965979999994
0,0,0,0,0,0,0,0,30076.0,0,0,0,0,0,1216.254424
735606,735726,0,0,0,0,0,0,28205.0,0,0,0,0,0,1237.087662
735606,735726,0,0,0,0,0,0,28205.0,0,0,0,0,0,1237.087662
735606,735726,0,0,0,0,0,0,28205.0,0,0,0,0,0,1237.087662
735606,735726,0,0,0,0,0,0,28205.0,0,0,0,0,0,1237.087662
0,0,0,0,0,0,0,0,42104.0,0,0,0,0,0,1118.4940360000003
736209,736270,0,0,0,0,0,0,78207.0,0,0,0,0,0,1020.8100559999998
736209,736270,0,0,0,0,0,0,78207.0,0,0,0,0,0,1020.8100559999998
0,736733,0,0,0,0,0,0,98115.0,0,0,0,0,0,1040.186145
737029,0,0,0,0,0,0,0,20016.0,0,0,0,0,0,1380.2542339999993
737029,0,0,0,0,0,0,0,20016.0,0,0,0,0,0,1380.2542339999993
736976,736976,0,0,0,0,0,0,90004.0,0,0,0,0,0,1051.1325949999998
736976,736976,0,0,0,0,0,0,90004.0,0,0,0,0,0,1051.1325949999998
0,0,0,0,0,0,0,0,46614.0,0,0,0,0,0,1115.7379360000004
0,0,0,0,0,0,0,0,46614.0,0,0,0,0,0,1115.7379360000004
0,0,0,0,0,0,0,0,46614.0,0,0,0,0,0,1115.7379360000004
0,0,0,0,0,0,0,0,46614.0,0,0,0,0,0,1115.7379360000004
0,0,0,0,0,0,0,0,46614.0,0,0,0,0,0,1115.7379360000004
0,0,0,0,0,0,0,0,46614.0,0,0,0,0,0,1115.7379360000004
0,0,0,0,0,0,0,0,90032.0,0,0,0,0,0,1034.961929
737033,0,0,0,0,0,0,0,77041.0,0,0,0,0,0,1221.1325479999996
737033,0,0,0,0,0,0,0,77041.0,0,0,0,0,0,1221.1325479999996
736032,736093,0,0,0,0,0,0,6010.0,0,0,0,0,0,1555.1198299999999
736032,736093,0,0,0,0,0,0,6010.0,0,0,0,0,0,1555.1198299999999
0,0,0,0,0,0,0,0,10009.0,0,0,0,0,0,1742.9310379999993
0,0,0,0,0,0,0,0,10009.0,0,0,0,0,0,1742.9310379999993
735943,735943,0,0,0,0,0,0,78207.0,0,0,0,0,0,1089.7776659999997
0,0,0,0,0,0,0,0,80013.0,0,0,0,0,0,1014.861718
0,0,0,0,0,0,0,0,80013.0,0,0,0,0,0,1014.861718
737039,737039,0,0,0,0,0,0,43055.0,0,0,0,0,0,1285.3991019999996
0,0,0,0,0,0,0,0,89015.0,0,0,0,0,0,1029.9250639999998
0,735970,0,0,0,0,0,0,19143.0,0,0,0,0,0,1354.9161839999997
0,735970,0,0,0,0,0,0,19143.0,0,0,0,0,0,1354.9161839999997
0,0,0,0,0,0,0,0,98103.0,0,0,0,0,0,1048.076349
0,0,0,0,0,0,0,0,94122.0,0,0,0,0,0,1048.9307489999999
0,0,0,0,0,0,0,0,94122.0,0,0,0,0,0,1048.9307489999999
0,0,0,0,0,0,0,0,94122.0,0,0,0,0,0,1048.9307489999999
0,0,0,0,0,0,0,0,99207.0,0,0,0,0,0,1058.9077889999999
735694,735847,0,0,0,0,0,0,43229.0,0,0,0,0,0,1102.486298
736605,0,0,0,0,0,0,0,11561.0,0,0,0,0,0,1576.5021019999997
0,0,0,0,0,0,0,0,78207.0,0,0,0,0,0,1014.0066380000001
0,737091,0,0,0,0,0,0,90049.0,0,0,0,0,0,1047.321721
0,737091,0,0,0,0,0,0,90049.0,0,0,0,0,0,1047.321721
0,736729,0,0,0,0,0,0,32216.0,0,0,0,0,0,1135.3924760000002
736087,736087,0,0,0,0,0,0,10011.0,0,0,0,0,0,1514.3605399999994
736087,736087,0,0,0,0,0,0,10011.0,0,0,0,0,0,1514.3605399999994
736087,736087,0,0,0,0,0,0,10011.0,0,0,0,0,0,1514.3605399999994
0,0,0,0,0,0,0,0,19143.0,0,0,0,0,0,1365.6374599999995
0,0,0,0,0,0,0,0,76248.0,0,0,0,0,0,1108.4913520000002
0,0,0,0,0,0,0,0,94122.0,0,0,0,0,0,1048.9307489999999
0,0,0,0,0,0,0,0,33012.0,0,0,0,0,0,1194.7120960000002
0,0,0,0,0,0,0,0,33012.0,0,0,0,0,0,1194.7120960000002
0,0,0,0,0,0,0,0,45014.0,0,0,0,0,0,1130.9557560000003
0,0,0,0,0,0,0,0,45014.0,0,0,0,0,0,1130.9557560000003
0,0,0,0,0,0,0,0,92646.0,0,0,0,0,0,1027.342234
0,0,0,0,0,0,0,0,92646.0,0,0,0,0,0,1027.342234
0,0,0,0,0,0,0,0,32127.0,0,0,0,0,0,1194.7120960000002
0,0,0,0,0,0,0,0,97504.0,0,0,0,0,0,1048.076349
736737,736826,0,0,0,0,0,0,22901.0,0,0,0,0,0,1126.4870700000001
0,736420,0,0,0,0,0,0,59801.0,0,0,0,0,0,1179.78871
736763,736855,0,0,0,0,0,0,55407.0,0,0,0,0,0,1232.4567379999999
0,735638,0,0,0,0,0,0,33178.0,0,0,0,0,0,1217.0406400000002
0,735638,0,0,0,0,0,0,33178.0,0,0,0,0,0,1217.0406400000002
0,735638,0,0,0,0,0,0,33178.0,0,0,0,0,0,1217.0406400000002
0,736395,0,0,0,0,0,0,29501.0,0,0,0,0,0,1184.0919520000002
0,0,0,0,0,0,0,0,48205.0,0,0,0,0,0,1127.0040120000003
0,0,0,0,0,0,0,0,97477.0,0,0,0,0,0,1048.076349
0,0,0,0,0,0,0,0,97477.0,0,0,0,0,0,1048.076349
0,0,0,0,0,0,0,0,97477.0,0,0,0,0,0,1048.076349
0,0,0,0,0,0,0,0,46203.0,0,0,0,0,0,1115.7379360000004
0,0,0,0,0,0,0,0,32712.0,0,0,0,0,0,1194.7120960000002
0,0,0,0,0,0,0,0,32712.0,0,0,0,0,0,1194.7120960000002
736025,736056,0,0,0,0,0,0,90008.0,0,0,0,0,0,1068.4362489999996
0,0,0,0,0,0,0,0,11572.0,0,0,0,0,0,1724.4191099999994
0,0,0,0,0,0,0,0,90008.0,0,0,0,0,0,1030.255799
736760,736852,0,0,0,0,0,0,77041.0,0,0,0,0,0,1044.73227
736760,736852,0,0,0,0,0,0,77041.0,0,0,0,0,0,1044.73227
0,0,0,0,0,0,0,0,30076.0,0,0,0,0,0,1216.254424
0,736819,0,0,0,0,0,0,33437.0,0,0,0,0,0,1142.8303520000002
0,736819,0,0,0,0,0,0,33437.0,0,0,0,0,0,1142.8303520000002
0,736819,0,0,0,0,0,0,33437.0,0,0,0,0,0,1142.8303520000002
736187,0,0,0,0,0,0,0,2038.0,0,0,0,0,0,1630.2083699999996
0,735974,0,0,0,0,0,0,48227.0,0,0,0,0,0,1154.1146540000002
0,0,0,0,0,0,0,0,13601.0,0,0,0,0,0,1814.3475099999994
0,0,0,0,0,0,0,0,13601.0,0,0,0,0,0,1814.3475099999994
736033,736217,0,0,0,0,0,0,19601.0,0,0,0,0,0,1270.0734679999996
736548,736609,0,0,0,0,0,0,76017.0,0,0,0,0,0,1083.287986
736548,736609,0,0,0,0,0,0,76017.0,0,0,0,0,0,1083.287986
736826,736887,0,0,0,0,0,0,92024.0,0,0,0,0,0,1031.2421489999997
736940,0,0,0,0,0,0,0,94110.0,0,0,0,0,0,1027.8853109999995
736578,0,0,0,0,0,0,0,90045.0,0,0,0,0,0,1001.5896709999996
0,736706,0,0,0,0,0,0,80219.0,0,0,0,0,0,1027.647998
0,0,0,0,0,0,0,0,98105.0,0,0,0,0,0,1056.132109
0,0,0,0,0,0,0,0,98105.0,0,0,0,0,0,1056.132109
0,0,0,0,0,0,0,0,98105.0,0,0,0,0,0,1056.132109
0,0,0,0,0,0,0,0,85254.0,0,0,0,0,0,1006.5456479999999
736853,736975,0,0,0,0,0,0,70506.0,0,0,0,0,0,1082.4126999999999
736853,736975,0,0,0,0,0,0,70506.0,0,0,0,0,0,1082.4126999999999
0,736765,0,0,0,0,0,0,94109.0,0,0,0,0,0,1020.744503
0,736765,0,0,0,0,0,0,94109.0,0,0,0,0,0,1020.744503
0,0,0,0,0,0,0,0,94109.0,0,0,0,0,0,1038.179099
736548,736670,0,0,0,0,0,0,80020.0,0,0,0,0,0,1003.4871879999996
736548,736670,0,0,0,0,0,0,80020.0,0,0,0,0,0,1003.4871879999996
736548,736670,0,0,0,0,0,0,80020.0,0,0,0,0,0,1003.4871879999996
736548,736670,0,0,0,0,0,0,80020.0,0,0,0,0,0,1003.4871879999996
0,736703,0,0,0,0,0,0,62301.0,0,0,0,0,0,1101.2642460000002
0,736703,0,0,0,0,0,0,62301.0,0,0,0,0,0,1101.2642460000002
0,736703,0,0,0,0,0,0,62301.0,0,0,0,0,0,1101.2642460000002
0,0,0,0,0,0,0,0,75007.0,0,0,0,0,0,1100.3046960000001
0,0,0,0,0,0,0,0,75007.0,0,0,0,0,0,1100.3046960000001
736734,736854,0,0,0,0,0,0,10009.0,0,0,0,0,0,1451.11912
736734,736854,0,0,0,0,0,0,10009.0,0,0,0,0,0,1451.11912
736734,736854,0,0,0,0,0,0,10009.0,0,0,0,0,0,1451.11912
736734,736854,0,0,0,0,0,0,10009.0,0,0,0,0,0,1451.11912
736734,736854,0,0,0,0,0,0,10009.0,0,0,0,0,0,1451.11912
736734,736854,0,0,0,0,0,0,10009.0,0,0,0,0,0,1451.11912
736734,736854,0,0,0,0,0,0,10009.0,0,0,0,0,0,1451.11912
736734,736854,0,0,0,0,0,0,10009.0,0,0,0,0,0,1451.11912
736734,736854,0,0,0,0,0,0,10009.0,0,0,0,0,0,1451.11912
736734,736854,0,0,0,0,0,0,10009.0,0,0,0,0,0,1451.11912
736734,736854,0,0,0,0,0,0,10009.0,0,0,0,0,0,1451.11912
736734,736854,0,0,0,0,0,0,10009.0,0,0,0,0,0,1451.11912
736976,0,0,0,0,0,0,0,65807.0,0,0,0,0,0,1067.610392
736976,0,0,0,0,0,0,0,65807.0,0,0,0,0,0,1067.610392
736976,0,0,0,0,0,0,0,65807.0,0,0,0,0,0,1067.610392
736976,0,0,0,0,0,0,0,65807.0,0,0,0,0,0,1067.610392
736976,0,0,0,0,0,0,0,65807.0,0,0,0,0,0,1067.610392
736976,0,0,0,0,0,0,0,65807.0,0,0,0,0,0,1067.610392
736976,0,0,0,0,0,0,0,65807.0,0,0,0,0,0,1067.610392
736976,0,0,0,0,0,0,0,65807.0,0,0,0,0,0,1067.610392
0,0,0,0,0,0,0,0,7501.0,0,0,0,0,0,1742.9310379999993
0,0,0,0,0,0,0,0,7501.0,0,0,0,0,0,1742.9310379999993
0,0,0,0,0,0,0,0,7501.0,0,0,0,0,0,1742.9310379999993
0,0,0,0,0,0,0,0,74133.0,0,0,0,0,0,1100.3046960000001
736850,737003,0,0,0,0,0,0,60623.0,0,0,0,0,0,1076.4406399999998
736850,737003,0,0,0,0,0,0,60623.0,0,0,0,0,0,1076.4406399999998
0,0,0,0,0,0,0,0,60610.0,0,0,0,0,0,1100.3046960000001
0,0,0,0,0,0,0,0,60610.0,0,0,0,0,0,1100.3046960000001
0,0,0,0,0,0,0,0,60610.0,0,0,0,0,0,1100.3046960000001
0,0,0,0,0,0,0,0,36116.0,0,0,0,0,0,1174.3422960000003
0,0,0,0,0,0,0,0,36116.0,0,0,0,0,0,1174.3422960000003
0,0,0,0,0,0,0,0,36116.0,0,0,0,0,0,1174.3422960000003
736181,736303,0,0,0,0,0,0,97301.0,0,0,0,0,0,1077.6332549999997
0,0,0,0,0,0,0,0,85301.0,0,0,0,0,0,1006.5456479999999
0,0,0,0,0,0,0,0,85301.0,0,0,0,0,0,1006.5456479999999
0,0,0,0,0,0,0,0,31907.0,0,0,0,0,0,1194.7120960000002
735669,735853,0,0,0,0,0,0,73120.0,0,0,0,0,0,1130.023984
0,0,0,0,0,0,0,0,94513.0,0,0,0,0,0,1048.9307489999999
0,0,0,0,0,0,0,0,94513.0,0,0,0,0,0,1048.9307489999999
0,0,0,0,0,0,0,0,94513.0,0,0,0,0,0,1048.9307489999999
0,0,0,0,0,0,0,0,43229.0,0,0,0,0,0,1118.4940360000003
736218,0,0,0,0,0,0,0,65807.0,0,0,0,0,0,1061.7147320000001
736218,0,0,0,0,0,0,0,65807.0,0,0,0,0,0,1061.7147320000001
736218,0,0,0,0,0,0,0,65807.0,0,0,0,0,0,1061.7147320000001
736218,0,0,0,0,0,0,0,65807.0,0,0,0,0,0,1061.7147320000001
0,0,0,0,0,0,0,0,19134.0,0,0,0,0,0,1404.99292
0,736732,0,0,0,0,0,0,97477.0,0,0,0,0,0,1041.1183350000001
0,736732,0,0,0,0,0,0,97477.0,0,0,0,0,0,1041.1183350000001
0,736732,0,0,0,0,0,0,97477.0,0,0,0,0,0,1041.1183350000001
736737,736796,0,0,0,0,0,0,77036.0,0,0,0,0,0,1067.7950159999998
736737,736796,0,0,0,0,0,0,77036.0,0,0,0,0,0,1067.7950159999998
735751,735843,0,0,0,0,0,0,23320.0,0,0,0,0,0,1264.9812919999997
735751,735843,0,0,0,0,0,0,23320.0,0,0,0,0,0,1264.9812919999997
735751,735843,0,0,0,0,0,0,23320.0,0,0,0,0,0,1264.9812919999997
737002,0,0,0,0,0,0,0,91104.0,0,0,0,0,0,1016.4459309999999
737002,0,0,0,0,0,0,0,91104.0,0,0,0,0,0,1016.4459309999999
0,0,0,0,0,0,0,0,40214.0,0,0,0,0,0,1118.4940360000003
0,0,0,0,0,0,0,0,40214.0,0,0,0,0,0,1118.4940360000003
737002,0,0,0,0,0,0,0,79424.0,0,0,0,0,0,1008.0718699999998
0,736055,0,0,0,0,0,0,65203.0,0,0,0,0,0,1165.6550679999998
0,736055,0,0,0,0,0,0,65203.0,0,0,0,0,0,1165.6550679999998
736761,736792,0,0,0,0,0,0,60623.0,0,0,0,0,0,1056.5882860000002
0,0,0,0,0,0,0,0,37604.0,0,0,0,0,0,1159.0822960000003
0,0,0,0,0,0,0,0,37604.0,0,0,0,0,0,1159.0822960000003
0,0,0,0,0,0,0,0,37604.0,0,0,0,0,0,1159.0822960000003
736280,736280,0,0,0,0,0,0,77041.0,0,0,0,0,0,1073.2917719999998
736280,736280,0,0,0,0,0,0,77041.0,0,0,0,0,0,1073.2917719999998
0,0,0,0,0,0,0,0,36830.0,0,0,0,0,0,1159.0822960000003
0,0,0,0,0,0,0,0,36830.0,0,0,0,0,0,1159.0822960000003
0,0,0,0,0,0,0,0,36830.0,0,0,0,0,0,1159.0822960000003
0,0,0,0,0,0,0,0,92404.0,0,0,0,0,0,1027.027459
0,0,0,0,0,0,0,0,92404.0,0,0,0,0,0,1027.027459
0,0,0,0,0,0,0,0,92404.0,0,0,0,0,0,1027.027459
0,0,0,0,0,0,0,0,92404.0,0,0,0,0,0,1027.027459
0,0,0,0,0,0,0,0,2908.0,0,0,0,0,0,1749.7338779999993
0,0,0,0,0,0,0,0,2908.0,0,0,0,0,0,1749.7338779999993
0,0,0,0,0,0,0,0,2908.0,0,0,0,0,0,1749.7338779999993
0,0,0,0,0,0,0,0,2908.0,0,0,0,0,0,1749.7338779999993
0,0,0,0,0,0,0,0,93727.0,0,0,0,0,0,1032.062994
0,0,0,0,0,0,0,0,98103.0,0,0,0,0,0,1048.076349
736550,736611,0,0,0,0,0,0,93534.0,0,0,0,0,0,1044.4557809999997
736550,736611,0,0,0,0,0,0,93534.0,0,0,0,0,0,1044.4557809999997
0,0,0,0,0,0,0,0,1453.0,0,0,0,0,0,1749.7338779999993
0,0,0,0,0,0,0,0,1453.0,0,0,0,0,0,1749.7338779999993
0,0,0,0,0,0,0,0,1453.0,0,0,0,0,0,1749.7338779999993
0,0,0,0,0,0,0,0,1453.0,0,0,0,0,0,1749.7338779999993
736584,0,0,0,0,0,0,0,76106.0,0,0,0,0,0,1061.7147320000001
736584,0,0,0,0,0,0,0,76106.0,0,0,0,0,0,1061.7147320000001
0,0,0,0,0,0,0,0,55901.0,0,0,0,0,0,1152.327744
0,0,0,0,0,0,0,0,55901.0,0,0,0,0,0,1152.327744
0,0,0,0,0,0,0,0,59715.0,0,0,0,0,0,1133.037544
0,0,0,0,0,0,0,0,59715.0,0,0,0,0,0,1133.037544
0,0,0,0,0,0,0,0,85345.0,0,0,0,0,0,1006.5456479999999
0,0,0,0,0,0,0,0,85345.0,0,0,0,0,0,1006.5456479999999
0,0,0,0,0,0,0,0,85345.0,0,0,0,0,0,1006.5456479999999
0,0,0,0,0,0,0,0,85345.0,0,0,0,0,0,1006.5456479999999
736004,736186,0,0,0,0,0,0,92105.0,0,0,0,0,0,1080.4373589999996
0,0,0,0,0,0,0,0,44107.0,0,0,0,0,0,1118.4940360000003
0,0,0,0,0,0,0,0,77095.0,0,0,0,0,0,1049.1600080000003
0,0,0,0,0,0,0,0,8861.0,0,0,0,0,0,1742.9310379999993
0,0,0,0,0,0,0,0,8861.0,0,0,0,0,0,1742.9310379999993
0,0,0,0,0,0,0,0,8861.0,0,0,0,0,0,1742.9310379999993
736275,0,0,0,0,0,0,0,19134.0,0,0,0,0,0,1313.9719639999998
736275,0,0,0,0,0,0,0,19134.0,0,0,0,0,0,1313.9719639999998
736275,0,0,0,0,0,0,0,19134.0,0,0,0,0,0,1313.9719639999998
736275,0,0,0,0,0,0,0,19134.0,0,0,0,0,0,1313.9719639999998
736275,0,0,0,0,0,0,0,19134.0,0,0,0,0,0,1313.9719639999998
736275,0,0,0,0,0,0,0,19134.0,0,0,0,0,0,1313.9719639999998
736341,736522,0,0,0,0,0,0,47374.0,0,0,0,0,0,1043.922232
0,0,0,0,0,0,0,0,48227.0,0,0,0,0,0,1127.0040120000003
0,0,0,0,0,0,0,0,48227.0,0,0,0,0,0,1127.0040120000003
0,0,0,0,0,0,0,0,48227.0,0,0,0,0,0,1127.0040120000003
0,0,0,0,0,0,0,0,48227.0,0,0,0,0,0,1127.0040120000003
0,735699,0,0,0,0,0,0,90049.0,0,0,0,0,0,1064.9295029999996
0,735699,0,0,0,0,0,0,90049.0,0,0,0,0,0,1064.9295029999996
0,735699,0,0,0,0,0,0,90049.0,0,0,0,0,0,1064.9295029999996
0,735699,0,0,0,0,0,0,90049.0,0,0,0,0,0,1064.9295029999996
0,735699,0,0,0,0,0,0,90049.0,0,0,0,0,0,1064.9295029999996
0,735699,0,0,0,0,0,0,90049.0,0,0,0,0,0,1064.9295029999996
0,735699,0,0,0,0,0,0,90049.0,0,0,0,0,0,1064.9295029999996
0,735699,0,0,0,0,0,0,90049.0,0,0,0,0,0,1064.9295029999996
0,735699,0,0,0,0,0,0,90049.0,0,0,0,0,0,1064.9295029999996
0,0,0,0,0,0,0,0,91767.0,0,0,0,0,0,1021.7960989999998
0,0,0,0,0,0,0,0,91767.0,0,0,0,0,0,1021.7960989999998
0,0,0,0,0,0,0,0,19134.0,0,0,0,0,0,1404.99292
0,0,0,0,0,0,0,0,91761.0,0,0,0,0,0,1021.7960989999998
0,736372,0,0,0,0,0,0,98105.0,0,0,0,0,0,1084.903813
736886,737039,0,0,0,0,0,0,94513.0,0,0,0,0,0,1077.2283909999996
736886,737039,0,0,0,0,0,0,94513.0,0,0,0,0,0,1077.2283909999996
735610,735730,0,0,0,0,0,0,94122.0,0,0,0,0,0,1091.7703349999997
737037,0,0,0,0,0,0,0,21215.0,0,0,0,0,0,1445.4015899999993
737037,0,0,0,0,0,0,0,21215.0,0,0,0,0,0,1445.4015899999993
737037,0,0,0,0,0,0,0,21215.0,0,0,0,0,0,1445.4015899999993
0,0,0,0,0,0,0,0,85023.0,0,0,0,0,0,1005.7666279999999
0,0,0,0,0,0,0,0,85023.0,0,0,0,0,0,1005.7666279999999
0,0,0,0,0,0,0,0,85023.0,0,0,0,0,0,1005.7666279999999
0,736697,0,0,0,0,0,0,90008.0,0,0,0,0,0,1071.1451729999999
0,0,0,0,0,0,0,0,77036.0,0,0,0,0,0,1108.4913520000002
0,0,0,0,0,0,0,0,10009.0,0,0,0,0,0,1742.9310379999993
0,0,0,0,0,0,0,0,10009.0,0,0,0,0,0,1742.9310379999993
0,0,0,0,0,0,0,0,10009.0,0,0,0,0,0,1742.9310379999993
0,0,0,0,0,0,0,0,10009.0,0,0,0,0,0,1742.9310379999993
0,0,0,0,0,0,0,0,10009.0,0,0,0,0,0,1742.9310379999993
0,0,0,0,0,0,0,0,91730.0,0,0,0,0,0,1021.7960989999998
0,0,0,0,0,0,0,0,19805.0,0,0,0,0,0,1365.6374599999995
0,0,0,0,0,0,0,0,19805.0,0,0,0,0,0,1365.6374599999995
0,0,0,0,0,0,0,0,56560.0,0,0,0,0,0,1133.037544
0,0,0,0,0,0,0,0,87401.0,0,0,0,0,0,1029.9250639999998
0,0,0,0,0,0,0,0,28403.0,0,0,0,0,0,1216.254424
0,0,0,0,0,0,0,0,39212.0,0,0,0,0,0,1157.8494960000003
0,0,0,0,0,0,0,0,39212.0,0,0,0,0,0,1157.8494960000003
0,0,0,0,0,0,0,0,39212.0,0,0,0,0,0,1157.8494960000003
736884,737037,0,0,0,0,0,0,97206.0,0,0,0,0,0,1093.5451909999997
736884,737037,0,0,0,0,0,0,97206.0,0,0,0,0,0,1093.5451909999997
735874,0,0,0,0,0,0,0,80219.0,0,0,0,0,0,1037.6056859999999
735874,0,0,0,0,0,0,0,80219.0,0,0,0,0,0,1037.6056859999999
0,0,0,0,0,0,0,0,85705.0,0,0,0,0,0,1026.954284
0,0,0,0,0,0,0,0,10009.0,0,0,0,0,0,1742.9310379999993
0,0,0,0,0,0,0,0,10009.0,0,0,0,0,0,1742.9310379999993
0,735728,0,0,0,0,0,0,33437.0,0,0,0,0,0,1217.0406400000002
0,0,0,0,0,0,0,0,75150.0,0,0,0,0,0,1100.3046960000001
0,0,0,0,0,0,0,0,92374.0,0,0,0,0,0,1027.027459
0,0,0,0,0,0,0,0,92374.0,0,0,0,0,0,1027.027459
0,0,0,0,0,0,0,0,92374.0,0,0,0,0,0,1027.027459
0,0,0,0,0,0,0,0,92374.0,0,0,0,0,0,1027.027459
0,0,0,0,0,0,0,0,92374.0,0,0,0,0,0,1027.027459
0,0,0,0,0,0,0,0,92374.0,0,0,0,0,0,1027.027459
0,0,0,0,0,0,0,0,92374.0,0,0,0,0,0,1027.027459
0,0,0,0,0,0,0,0,92374.0,0,0,0,0,0,1027.027459
0,0,0,0,0,0,0,0,92374.0,0,0,0,0,0,1027.027459
736308,0,0,0,0,0,0,0,14609.0,0,0,0,0,0,1889.0070219999998
0,0,0,0,0,0,0,0,95207.0,0,0,0,0,0,1048.076349
0,0,0,0,0,0,0,0,98105.0,0,0,0,0,0,1056.132109
0,0,0,0,0,0,0,0,98105.0,0,0,0,0,0,1056.132109
736876,0,0,0,0,0,0,0,32174.0,0,0,0,0,0,1090.17782
736948,737009,0,0,0,0,0,0,94086.0,0,0,0,0,0,1031.7610469999997
0,0,0,0,0,0,0,0,48911.0,0,0,0,0,0,1127.0040120000003
0,0,0,0,0,0,0,0,48911.0,0,0,0,0,0,1127.0040120000003
736706,736826,0,0,0,0,0,0,19143.0,0,0,0,0,0,1205.0739879999999
736706,736826,0,0,0,0,0,0,19143.0,0,0,0,0,0,1205.0739879999999
0,0,0,0,0,0,0,0,19143.0,0,0,0,0,0,1365.6374599999995
736064,736217,0,0,0,0,0,0,19134.0,0,0,0,0,0,1309.4289279999998
736064,736217,0,0,0,0,0,0,19134.0,0,0,0,0,0,1309.4289279999998
0,0,0,0,0,0,0,0,3820.0,0,0,0,0,0,1749.7338779999993
0,0,0,0,0,0,0,0,3820.0,0,0,0,0,0,1749.7338779999993
0,0,0,0,0,0,0,0,3820.0,0,0,0,0,0,1749.7338779999993
0,0,0,0,0,0,0,0,10011.0,0,0,0,0,0,1747.7220079999993
0,736066,0,0,0,0,0,0,19134.0,0,0,0,0,0,1394.8662199999997
0,736066,0,0,0,0,0,0,19134.0,0,0,0,0,0,1394.8662199999997
0,736066,0,0,0,0,0,0,19134.0,0,0,0,0,0,1394.8662199999997
0,736450,0,0,0,0,0,0,75051.0,0,0,0,0,0,1145.064662
0,736450,0,0,0,0,0,0,75051.0,0,0,0,0,0,1145.064662
0,0,0,0,0,0,0,0,10009.0,0,0,0,0,0,1742.9310379999993
735755,735908,0,0,0,0,0,0,11561.0,0,0,0,0,0,1646.9218059999996
735755,735908,0,0,0,0,0,0,11561.0,0,0,0,0,0,1646.9218059999996
735755,735908,0,0,0,0,0,0,11561.0,0,0,0,0,0,1646.9218059999996
736338,736458,0,0,0,0,0,0,19140.0,0,0,0,0,0,1244.0379639999999
736338,736458,0,0,0,0,0,0,19140.0,0,0,0,0,0,1244.0379639999999
736338,736458,0,0,0,0,0,0,19140.0,0,0,0,0,0,1244.0379639999999
0,0,0,0,0,0,0,0,17403.0,0,0,0,0,0,1434.3321199999998
0,0,0,0,0,0,0,0,17403.0,0,0,0,0,0,1434.3321199999998
0,0,0,0,0,0,0,0,17403.0,0,0,0,0,0,1434.3321199999998
735944,0,0,0,0,0,0,0,94521.0,0,0,0,0,0,1074.139041
0,736818,0,0,0,0,0,0,10035.0,0,0,0,0,0,1590.4649939999995
0,0,0,0,0,0,0,0,77840.0,0,0,0,0,0,1015.049928
0,0,0,0,0,0,0,0,63116.0,0,0,0,0,0,1100.3046960000001
0,0,0,0,0,0,0,0,2169.0,0,0,0,0,0,1749.7338779999993
0,0,0,0,0,0,0,0,10009.0,0,0,0,0,0,1742.9310379999993
0,736454,0,0,0,0,0,0,75081.0,0,0,0,0,0,1145.064662
0,0,0,0,0,0,0,0,90032.0,0,0,0,0,0,1034.961929
0,0,0,0,0,0,0,0,55407.0,0,0,0,0,0,1259.116032
0,0,0,0,0,0,0,0,55407.0,0,0,0,0,0,1259.116032
0,0,0,0,0,0,0,0,32725.0,0,0,0,0,0,1194.7120960000002
736397,736581,0,0,0,0,0,0,60610.0,0,0,0,0,0,1087.301438
0,0,0,0,0,0,0,0,45231.0,0,0,0,0,0,1121.2394960000001
736511,736664,0,0,0,0,0,0,94601.0,0,0,0,0,0,1021.6713469999999
0,0,0,0,0,0,0,0,95336.0,0,0,0,0,0,1048.076349
0,0,0,0,0,0,0,0,78041.0,0,0,0,0,0,1015.049928
0,0,0,0,0,0,0,0,78041.0,0,0,0,0,0,1015.049928
0,0,0,0,0,0,0,0,78041.0,0,0,0,0,0,1015.049928
0,0,0,0,0,0,0,0,78041.0,0,0,0,0,0,1015.049928
0,0,0,0,0,0,0,0,78041.0,0,0,0,0,0,1015.049928
0,0,0,0,0,0,0,0,44240.0,0,0,0,0,0,1130.9557560000003
0,0,0,0,0,0,0,0,44240.0,0,0,0,0,0,1130.9557560000003
0,0,0,0,0,0,0,0,44240.0,0,0,0,0,0,1130.9557560000003
0,0,0,0,0,0,0,0,76903.0,0,0,0,0,0,1108.4913520000002
735606,735665,0,0,0,0,0,0,94122.0,0,0,0,0,0,1091.7703349999997
0,736427,0,0,0,0,0,0,77070.0,0,0,0,0,0,1116.0795779999999
0,736031,0,0,0,0,0,0,77041.0,0,0,0,0,0,1128.392184
0,0,0,0,0,0,0,0,84106.0,0,0,0,0,0,1013.919368
0,0,0,0,0,0,0,0,84106.0,0,0,0,0,0,1013.919368
0,0,0,0,0,0,0,0,84106.0,0,0,0,0,0,1013.919368
0,0,0,0,0,0,0,0,84106.0,0,0,0,0,0,1013.919368
736515,736638,0,0,0,0,0,0,10009.0,0,0,0,0,0,1425.1283259999996
736515,736638,0,0,0,0,0,0,10009.0,0,0,0,0,0,1425.1283259999996
736515,736638,0,0,0,0,0,0,10009.0,0,0,0,0,0,1425.1283259999996
736515,736638,0,0,0,0,0,0,10009.0,0,0,0,0,0,1425.1283259999996
736515,736638,0,0,0,0,0,0,10009.0,0,0,0,0,0,1425.1283259999996
736515,736638,0,0,0,0,0,0,10009.0,0,0,0,0,0,1425.1283259999996
736702,736792,0,0,0,0,0,0,93905.0,0,0,0,0,0,1011.9854789999997
0,0,0,0,0,0,0,0,35810.0,0,0,0,0,0,1194.7120960000002
736975,0,0,0,0,0,0,0,47201.0,0,0,0,0,0,1059.316216
736975,0,0,0,0,0,0,0,47201.0,0,0,0,0,0,1059.316216
736975,0,0,0,0,0,0,0,47201.0,0,0,0,0,0,1059.316216
0,0,0,0,0,0,0,0,90049.0,0,0,0,0,0,1021.7960989999998
736614,0,0,0,0,0,0,0,98105.0,0,0,0,0,0,1039.9426609999996
736614,0,0,0,0,0,0,0,98105.0,0,0,0,0,0,1039.9426609999996
736614,0,0,0,0,0,0,0,98105.0,0,0,0,0,0,1039.9426609999996
736614,0,0,0,0,0,0,0,98105.0,0,0,0,0,0,1039.9426609999996
736614,0,0,0,0,0,0,0,98105.0,0,0,0,0,0,1039.9426609999996
736341,736492,0,0,0,0,0,0,37918.0,0,0,0,0,0,1051.077716
0,735700,0,0,0,0,0,0,36116.0,0,0,0,0,0,1196.6708400000002
0,735998,0,0,0,0,0,0,19120.0,0,0,0,0,0,1394.2716439999997
0,735998,0,0,0,0,0,0,19120.0,0,0,0,0,0,1394.2716439999997
735604,735755,0,0,0,0,0,0,72209.0,0,0,0,0,0,1146.1397279999999
735604,735755,0,0,0,0,0,0,72209.0,0,0,0,0,0,1146.1397279999999
736124,736307,0,0,0,0,0,0,98103.0,0,0,0,0,0,1051.7828549999997
736124,736307,0,0,0,0,0,0,98103.0,0,0,0,0,0,1051.7828549999997
0,736091,0,0,0,0,0,0,17602.0,0,0,0,0,0,1421.3464759999997
736611,736672,0,0,0,0,0,0,37620.0,0,0,0,0,0,1009.2123759999998
0,0,0,0,0,0,0,0,60505.0,0,0,0,0,0,1100.3046960000001
0,0,0,0,0,0,0,0,60505.0,0,0,0,0,0,1100.3046960000001
0,0,0,0,0,0,0,0,10009.0,0,0,0,0,0,1742.9310379999993
0,0,0,0,0,0,0,0,6824.0,0,0,0,0,0,1750.2965979999994
0,0,0,0,0,0,0,0,6824.0,0,0,0,0,0,1750.2965979999994
0,0,0,0,0,0,0,0,48146.0,0,0,0,0,0,1131.1612920000002
0,0,0,0,0,0,0,0,10035.0,0,0,0,0,0,1720.0015379999995
736704,736735,0,0,0,0,0,0,95123.0,0,0,0,0,0,1021.5043289999999
736704,736735,0,0,0,0,0,0,95123.0,0,0,0,0,0,1021.5043289999999
736704,736735,0,0,0,0,0,0,95123.0,0,0,0,0,0,1021.5043289999999
736704,736735,0,0,0,0,0,0,95123.0,0,0,0,0,0,1021.5043289999999
0,0,0,0,0,0,0,0,32216.0,0,0,0,0,0,1194.7120960000002
0,736702,0,0,0,0,0,0,94110.0,0,0,0,0,0,1029.6149369999998
0,736702,0,0,0,0,0,0,94110.0,0,0,0,0,0,1029.6149369999998
0,736702,0,0,0,0,0,0,94110.0,0,0,0,0,0,1029.6149369999998
736127,736127,0,0,0,0,0,0,43302.0,0,0,0,0,0,1095.5271339999997
736127,736127,0,0,0,0,0,0,43302.0,0,0,0,0,0,1095.5271339999997
736127,736127,0,0,0,0,0,0,43302.0,0,0,0,0,0,1095.5271339999997
0,736822,0,0,0,0,0,0,19134.0,0,0,0,0,0,1346.84872
0,0,0,0,0,0,0,0,80122.0,0,0,0,0,0,1014.861718
0,736761,0,0,0,0,0,0,78745.0,0,0,0,0,0,1018.1326840000002
0,736761,0,0,0,0,0,0,78745.0,0,0,0,0,0,1018.1326840000002
736339,736459,0,0,0,0,0,0,10024.0,0,0,0,0,0,1476.0490659999996
0,735722,0,0,0,0,0,0,94122.0,0,0,0,0,0,1081.886733
0,735722,0,0,0,0,0,0,94122.0,0,0,0,0,0,1081.886733
0,736701,0,0,0,0,0,0,46350.0,0,0,0,0,0,1080.8010520000003
736944,0,0,0,0,0,0,0,60610.0,0,0,0,0,0,1063.619912
0,0,0,0,0,0,0,0,97206.0,0,0,0,0,0,1048.076349
736826,736979,0,0,0,0,0,0,0.0,0,0,0,0,0,1423.9110359999997
0,0,0,0,0,0,0,0,46203.0,0,0,0,0,0,1115.7379360000004
0,0,0,0,0,0,0,0,46203.0,0,0,0,0,0,1115.7379360000004
0,0,0,0,0,0,0,0,84604.0,0,0,0,0,0,1013.919368
0,0,0,0,0,0,0,0,60610.0,0,0,0,0,0,1100.3046960000001
0,0,0,0,0,0,0,0,90049.0,0,0,0,0,0,1021.7960989999998
0,0,0,0,0,0,0,0,90049.0,0,0,0,0,0,1021.7960989999998
0,736341,0,0,0,0,0,0,19134.0,0,0,0,0,0,1381.3928999999996
0,0,0,0,0,0,0,0,91104.0,0,0,0,0,0,1021.7960989999998
0,0,0,0,0,0,0,0,91104.0,0,0,0,0,0,1021.7960989999998
0,0,0,0,0,0,0,0,91104.0,0,0,0,0,0,1021.7960989999998
0,0,0,0,0,0,0,0,91104.0,0,0,0,0,0,1021.7960989999998
0,0,0,0,0,0,0,0,91104.0,0,0,0,0,0,1021.7960989999998
0,0,0,0,0,0,0,0,90004.0,0,0,0,0,0,1030.255799
0,0,0,0,0,0,0,0,90004.0,0,0,0,0,0,1030.255799
0,0,0,0,0,0,0,0,90004.0,0,0,0,0,0,1030.255799
0,0,0,0,0,0,0,0,90004.0,0,0,0,0,0,1030.255799
0,0,0,0,0,0,0,0,90004.0,0,0,0,0,0,1030.255799
0,0,0,0,0,0,0,0,92105.0,0,0,0,0,0,1027.027459
0,735973,0,0,0,0,0,0,94110.0,0,0,0,0,0,1093.638057
0,735973,0,0,0,0,0,0,94110.0,0,0,0,0,0,1093.638057
0,0,0,0,0,0,0,0,4401.0,0,0,0,0,0,1750.9024779999995
0,0,0,0,0,0,0,0,4401.0,0,0,0,0,0,1750.9024779999995
0,0,0,0,0,0,0,0,94122.0,0,0,0,0,0,1048.9307489999999
0,0,0,0,0,0,0,0,94122.0,0,0,0,0,0,1048.9307489999999
736187,736248,0,0,0,0,0,0,92024.0,0,0,0,0,0,1062.0814449999996
736187,736248,0,0,0,0,0,0,92024.0,0,0,0,0,0,1062.0814449999996
0,0,0,0,0,0,0,0,10035.0,0,0,0,0,0,1720.0015379999995
736847,736939,0,0,0,0,0,0,22204.0,0,0,0,0,0,1104.5958739999996
0,0,0,0,0,0,0,0,30318.0,0,0,0,0,0,1216.254424
0,0,0,0,0,0,0,0,30318.0,0,0,0,0,0,1216.254424
0,0,0,0,0,0,0,0,30318.0,0,0,0,0,0,1216.254424
737038,737038,0,0,0,0,0,0,28110.0,0,0,0,0,0,1390.541721999999
0,0,0,0,0,0,0,0,98115.0,0,0,0,0,0,1056.132109
0,0,0,0,0,0,0,0,14609.0,0,0,0,0,0,2048.773129999999
0,0,0,0,0,0,0,0,14609.0,0,0,0,0,0,2048.773129999999
736737,736887,0,0,0,0,0,0,33180.0,0,0,0,0,0,1058.356036
0,0,0,0,0,0,0,0,98105.0,0,0,0,0,0,1056.132109
736118,736271,0,0,0,0,0,0,94122.0,0,0,0,0,0,1050.7743749999997
736118,736271,0,0,0,0,0,0,94122.0,0,0,0,0,0,1050.7743749999997
735667,735820,0,0,0,0,0,0,90036.0,0,0,0,0,0,1087.9789349999999
735667,735820,0,0,0,0,0,0,90036.0,0,0,0,0,0,1087.9789349999999
0,735605,0,0,0,0,0,0,38671.0,0,0,0,0,0,1196.0738400000002
0,735605,0,0,0,0,0,0,38671.0,0,0,0,0,0,1196.0738400000002
0,735605,0,0,0,0,0,0,38671.0,0,0,0,0,0,1196.0738400000002
0,736736,0,0,0,0,0,0,98115.0,0,0,0,0,0,1039.2792849999998
0,736736,0,0,0,0,0,0,98115.0,0,0,0,0,0,1039.2792849999998
0,736736,0,0,0,0,0,0,98115.0,0,0,0,0,0,1039.2792849999998
736397,736458,0,0,0,0,0,0,6457.0,0,0,0,0,0,1478.5082259999995
736087,736210,0,0,0,0,0,0,47362.0,0,0,0,0,0,1061.506246
736087,736210,0,0,0,0,0,0,47362.0,0,0,0,0,0,1061.506246
736454,736546,0,0,0,0,0,0,37130.0,0,0,0,0,0,1041.970496
0,0,0,0,0,0,0,0,24153.0,0,0,0,0,0,1253.799104
736700,736820,0,0,0,0,0,0,43615.0,0,0,0,0,0,1016.3059599999999
736973,0,0,0,0,0,0,0,90032.0,0,0,0,0,0,1019.2114809999998
736907,736999,0,0,0,0,0,0,98115.0,0,0,0,0,0,1040.2078269999997
0,0,0,0,0,0,0,0,31907.0,0,0,0,0,0,1194.7120960000002
0,0,0,0,0,0,0,0,31907.0,0,0,0,0,0,1194.7120960000002
0,0,0,0,0,0,0,0,31907.0,0,0,0,0,0,1194.7120960000002
735974,736126,0,0,0,0,0,0,10009.0,0,0,0,0,0,1608.8006299999993
0,0,0,0,0,0,0,0,6457.0,0,0,0,0,0,1750.2965979999994
735974,736095,0,0,0,0,0,0,10011.0,0,0,0,0,0,1613.591599999999
735974,736095,0,0,0,0,0,0,10011.0,0,0,0,0,0,1613.591599999999
735974,736095,0,0,0,0,0,0,10011.0,0,0,0,0,0,1613.591599999999
735974,736095,0,0,0,0,0,0,10011.0,0,0,0,0,0,1613.591599999999
735974,736095,0,0,0,0,0,0,10011.0,0,0,0,0,0,1613.591599999999
0,0,0,0,0,0,0,0,48640.0,0,0,0,0,0,1127.0040120000003
0,0,0,0,0,0,0,0,48640.0,0,0,0,0,0,1127.0040120000003
0,0,0,0,0,0,0,0,31907.0,0,0,0,0,0,1194.7120960000002
0,0,0,0,0,0,0,0,30076.0,0,0,0,0,0,1216.254424
0,0,0,0,0,0,0,0,30076.0,0,0,0,0,0,1216.254424
0,0,0,0,0,0,0,0,60623.0,0,0,0,0,0,1100.3046960000001
736123,736184,0,0,0,0,0,0,77041.0,0,0,0,0,0,1083.2877019999999
736825,736948,0,0,0,0,0,0,10009.0,0,0,0,0,0,1423.8040759999997
737004,737034,0,0,0,0,0,0,85345.0,0,0,0,0,0,1066.132758
737004,737034,0,0,0,0,0,0,85345.0,0,0,0,0,0,1066.132758
737004,737034,0,0,0,0,0,0,85345.0,0,0,0,0,0,1066.132758
737004,737034,0,0,0,0,0,0,85345.0,0,0,0,0,0,1066.132758
737004,737034,0,0,0,0,0,0,85345.0,0,0,0,0,0,1066.132758
0,0,0,0,0,0,0,0,57103.0,0,0,0,0,0,1133.037544
0,0,0,0,0,0,0,0,57103.0,0,0,0,0,0,1133.037544
0,0,0,0,0,0,0,0,57103.0,0,0,0,0,0,1133.037544
0,0,0,0,0,0,0,0,57103.0,0,0,0,0,0,1133.037544
0,0,0,0,0,0,0,0,57103.0,0,0,0,0,0,1133.037544
0,0,0,0,0,0,0,0,57103.0,0,0,0,0,0,1133.037544
0,0,0,0,0,0,0,0,23223.0,0,0,0,0,0,1302.1393939999998
0,0,0,0,0,0,0,0,98115.0,0,0,0,0,0,1056.132109
0,736389,0,0,0,0,0,0,42420.0,0,0,0,0,0,1125.0142720000001
0,736389,0,0,0,0,0,0,42420.0,0,0,0,0,0,1125.0142720000001
0,736389,0,0,0,0,0,0,42420.0,0,0,0,0,0,1125.0142720000001
0,736389,0,0,0,0,0,0,42420.0,0,0,0,0,0,1125.0142720000001
0,0,0,0,0,0,0,0,10035.0,0,0,0,0,0,1720.0015379999995
0,0,0,0,0,0,0,0,10035.0,0,0,0,0,0,1720.0015379999995
0,0,0,0,0,0,0,0,10035.0,0,0,0,0,0,1720.0015379999995
0,0,0,0,0,0,0,0,80525.0,0,0,0,0,0,1014.447608
0,0,0,0,0,0,0,0,19140.0,0,0,0,0,0,1365.6374599999995
0,0,0,0,0,0,0,0,90004.0,0,0,0,0,0,1030.255799
0,0,0,0,0,0,0,0,90004.0,0,0,0,0,0,1030.255799
0,0,0,0,0,0,0,0,47905.0,0,0,0,0,0,1115.7379360000004
0,0,0,0,0,0,0,0,47905.0,0,0,0,0,0,1115.7379360000004
0,735698,0,0,0,0,0,0,37042.0,0,0,0,0,0,1181.4108400000002
736979,736979,0,0,0,0,0,0,6824.0,0,0,0,0,0,1472.017376
736979,736979,0,0,0,0,0,0,6824.0,0,0,0,0,0,1472.017376
0,0,0,0,0,0,0,0,10009.0,0,0,0,0,0,1742.9310379999993
0,0,0,0,0,0,0,0,10009.0,0,0,0,0,0,1742.9310379999993
0,0,0,0,0,0,0,0,43229.0,0,0,0,0,0,1118.4940360000003
736613,0,0,0,0,0,0,0,31088.0,0,0,0,0,0,1086.30936
0,736024,0,0,0,0,0,0,2038.0,0,0,0,0,0,1697.3657979999991
0,736024,0,0,0,0,0,0,2038.0,0,0,0,0,0,1697.3657979999991
0,0,0,0,0,0,0,0,60623.0,0,0,0,0,0,1100.3046960000001
0,0,0,0,0,0,0,0,53209.0,0,0,0,0,0,1137.4537320000002
0,0,0,0,0,0,0,0,78207.0,0,0,0,0,0,1014.0066380000001
0,0,0,0,0,0,0,0,78207.0,0,0,0,0,0,1014.0066380000001
0,0,0,0,0,0,0,0,78207.0,0,0,0,0,0,1014.0066380000001
736737,736765,0,0,0,0,0,0,90032.0,0,0,0,0,0,1026.3740619999999
736737,736765,0,0,0,0,0,0,90032.0,0,0,0,0,0,1026.3740619999999
736737,736765,0,0,0,0,0,0,90032.0,0,0,0,0,0,1026.3740619999999
736737,736765,0,0,0,0,0,0,90032.0,0,0,0,0,0,1026.3740619999999
736737,736765,0,0,0,0,0,0,90032.0,0,0,0,0,0,1026.3740619999999
0,736003,0,0,0,0,0,0,94122.0,0,0,0,0,0,1104.3897069999998
0,736003,0,0,0,0,0,0,94122.0,0,0,0,0,0,1104.3897069999998
0,736003,0,0,0,0,0,0,94122.0,0,0,0,0,0,1104.3897069999998
0,736003,0,0,0,0,0,0,94122.0,0,0,0,0,0,1104.3897069999998
0,0,0,0,0,0,0,0,10024.0,0,0,0,0,0,1743.6276379999993
0,0,0,0,0,0,0,0,10024.0,0,0,0,0,0,1743.6276379999993
0,0,0,0,0,0,0,0,10024.0,0,0,0,0,0,1743.6276379999993
0,0,0,0,0,0,0,0,10024.0,0,0,0,0,0,1743.6276379999993
0,0,0,0,0,0,0,0,10024.0,0,0,0,0,0,1743.6276379999993
0,0,0,0,0,0,0,0,43229.0,0,0,0,0,0,1118.4940360000003
0,0,0,0,0,0,0,0,22980.0,0,0,0,0,0,1302.1393939999998
0,0,0,0,0,0,0,0,22980.0,0,0,0,0,0,1302.1393939999998
0,0,0,0,0,0,0,0,22980.0,0,0,0,0,0,1302.1393939999998
0,0,0,0,0,0,0,0,95823.0,0,0,0,0,0,1048.076349
736969,0,0,0,0,0,0,0,20735.0,0,0,0,0,0,1251.796218
0,0,0,0,0,0,0,0,45014.0,0,0,0,0,0,1130.9557560000003
0,0,0,0,0,0,0,0,45014.0,0,0,0,0,0,1130.9557560000003
736882,736944,0,0,0,0,0,0,2886.0,0,0,0,0,0,1425.791236
736517,736640,0,0,0,0,0,0,60505.0,0,0,0,0,0,1066.20031
736517,736640,0,0,0,0,0,0,60505.0,0,0,0,0,0,1066.20031
736517,736640,0,0,0,0,0,0,60505.0,0,0,0,0,0,1066.20031
736517,736640,0,0,0,0,0,0,60505.0,0,0,0,0,0,1066.20031
0,0,0,0,0,0,0,0,30080.0,0,0,0,0,0,1216.254424
0,0,0,0,0,0,0,0,43229.0,0,0,0,0,0,1118.4940360000003
0,0,0,0,0,0,0,0,43229.0,0,0,0,0,0,1118.4940360000003
736127,736280,0,0,0,0,0,0,91360.0,0,0,0,0,0,1038.8395249999996
736485,736607,0,0,0,0,0,0,44052.0,0,0,0,0,0,1029.472176
736485,736607,0,0,0,0,0,0,44052.0,0,0,0,0,0,1029.472176
736485,736607,0,0,0,0,0,0,44052.0,0,0,0,0,0,1029.472176
0,0,0,0,0,0,0,0,93727.0,0,0,0,0,0,1032.062994
0,0,0,0,0,0,0,0,93727.0,0,0,0,0,0,1032.062994
0,0,0,0,0,0,0,0,93727.0,0,0,0,0,0,1032.062994
0,0,0,0,0,0,0,0,93727.0,0,0,0,0,0,1032.062994
0,0,0,0,0,0,0,0,93727.0,0,0,0,0,0,1032.062994
736310,0,0,0,0,0,0,0,92105.0,0,0,0,0,0,1005.3813509999997
736310,0,0,0,0,0,0,0,92105.0,0,0,0,0,0,1005.3813509999997
736127,736249,0,0,0,0,0,0,10009.0,0,0,0,0,0,1488.6637059999996
736127,736249,0,0,0,0,0,0,10009.0,0,0,0,0,0,1488.6637059999996
736127,736249,0,0,0,0,0,0,10009.0,0,0,0,0,0,1488.6637059999996
736127,736249,0,0,0,0,0,0,10009.0,0,0,0,0,0,1488.6637059999996
0,0,0,0,0,0,0,0,2148.0,0,0,0,0,0,1749.7338779999993
0,0,0,0,0,0,0,0,10035.0,0,0,0,0,0,1720.0015379999995
0,0,0,0,0,0,0,0,10035.0,0,0,0,0,0,1720.0015379999995
0,0,0,0,0,0,0,0,10035.0,0,0,0,0,0,1720.0015379999995
0,0,0,0,0,0,0,0,94109.0,0,0,0,0,0,1038.179099
0,0,0,0,0,0,0,0,94109.0,0,0,0,0,0,1038.179099
736946,0,0,0,0,0,0,0,29501.0,0,0,0,0,0,1111.7201479999999
736946,0,0,0,0,0,0,0,29501.0,0,0,0,0,0,1111.7201479999999
736698,736788,0,0,0,0,0,0,65807.0,0,0,0,0,0,1058.551566
736698,736788,0,0,0,0,0,0,65807.0,0,0,0,0,0,1058.551566
0,736398,0,0,0,0,0,0,77340.0,0,0,0,0,0,1099.434744
736885,737008,0,0,0,0,0,0,90045.0,0,0,0,0,0,1037.0230249999995
736885,737008,0,0,0,0,0,0,90045.0,0,0,0,0,0,1037.0230249999995
736885,737008,0,0,0,0,0,0,90045.0,0,0,0,0,0,1037.0230249999995
0,0,0,0,0,0,0,0,94122.0,0,0,0,0,0,1048.9307489999999
0,0,0,0,0,0,0,0,94122.0,0,0,0,0,0,1048.9307489999999
0,0,0,0,0,0,0,0,94122.0,0,0,0,0,0,1048.9307489999999
735606,735757,0,0,0,0,0,0,19120.0,0,0,0,0,0,1408.8131679999997
736151,736213,0,0,0,0,0,0,90036.0,0,0,0,0,0,1059.2332129999995
735943,0,0,0,0,0,0,0,90045.0,0,0,0,0,0,1048.4440709999997
735943,0,0,0,0,0,0,0,90045.0,0,0,0,0,0,1048.4440709999997
0,736726,0,0,0,0,0,0,53209.0,0,0,0,0,0,1101.577948
736122,736275,0,0,0,0,0,0,1040.0,0,0,0,0,0,1489.3765459999997
737038,0,0,0,0,0,0,0,87105.0,0,0,0,0,0,1230.776028
737038,0,0,0,0,0,0,0,87105.0,0,0,0,0,0,1230.776028
0,0,0,0,0,0,0,0,89431.0,0,0,0,0,0,1021.7723239999998
736948,0,0,0,0,0,0,0,92236.0,0,0,0,0,0,1011.2770109999998
736948,0,0,0,0,0,0,0,92236.0,0,0,0,0,0,1011.2770109999998
0,0,0,0,0,0,0,0,60126.0,0,0,0,0,0,1133.037544
0,0,0,0,0,0,0,0,60126.0,0,0,0,0,0,1133.037544
0,0,0,0,0,0,0,0,45014.0,0,0,0,0,0,1130.9557560000003
0,0,0,0,0,0,0,0,45014.0,0,0,0,0,0,1130.9557560000003
0,0,0,0,0,0,0,0,45014.0,0,0,0,0,0,1130.9557560000003
0,0,0,0,0,0,0,0,45014.0,0,0,0,0,0,1130.9557560000003
736639,0,0,0,0,0,0,0,76017.0,0,0,0,0,0,1061.7147320000001
736639,0,0,0,0,0,0,0,76017.0,0,0,0,0,0,1061.7147320000001
736639,0,0,0,0,0,0,0,76017.0,0,0,0,0,0,1061.7147320000001
0,0,0,0,0,0,0,0,94110.0,0,0,0,0,0,1038.179099
0,737091,0,0,0,0,0,0,98103.0,0,0,0,0,0,1050.903383
0,735602,0,0,0,0,0,0,10009.0,0,0,0,0,0,1753.8892579999995
0,736700,0,0,0,0,0,0,77070.0,0,0,0,0,0,1074.2607420000002
0,0,0,0,0,0,0,0,22153.0,0,0,0,0,0,1330.8185939999996
0,0,0,0,0,0,0,0,22153.0,0,0,0,0,0,1330.8185939999996
736760,736974,0,0,0,0,0,0,87401.0,0,0,0,0,0,1048.8938499999997
0,0,0,0,0,0,0,0,80027.0,0,0,0,0,0,1014.861718
0,0,0,0,0,0,0,0,80027.0,0,0,0,0,0,1014.861718
0,0,0,0,0,0,0,0,33614.0,0,0,0,0,0,1194.7120960000002
0,0,0,0,0,0,0,0,7055.0,0,0,0,0,0,1742.9310379999993
0,0,0,0,0,0,0,0,7055.0,0,0,0,0,0,1742.9310379999993
0,0,0,0,0,0,0,0,7055.0,0,0,0,0,0,1742.9310379999993
0,0,0,0,0,0,0,0,7055.0,0,0,0,0,0,1742.9310379999993
0,0,0,0,0,0,0,0,7055.0,0,0,0,0,0,1742.9310379999993
0,0,0,0,0,0,0,0,7055.0,0,0,0,0,0,1742.9310379999993
0,735973,0,0,0,0,0,0,90004.0,0,0,0,0,0,1095.8921769999997
0,736491,0,0,0,0,0,0,19143.0,0,0,0,0,0,1342.0374399999998
0,0,0,0,0,0,0,0,29406.0,0,0,0,0,0,1216.254424
736460,736613,0,0,0,0,0,0,95123.0,0,0,0,0,0,1040.8114229999996
0,0,0,0,0,0,0,0,10011.0,0,0,0,0,0,1747.7220079999993
0,0,0,0,0,0,0,0,10011.0,0,0,0,0,0,1747.7220079999993
0,0,0,0,0,0,0,0,10011.0,0,0,0,0,0,1747.7220079999993
0,0,0,0,0,0,0,0,10011.0,0,0,0,0,0,1747.7220079999993
0,0,0,0,0,0,0,0,10011.0,0,0,0,0,0,1747.7220079999993
0,0,0,0,0,0,0,0,10011.0,0,0,0,0,0,1747.7220079999993
0,0,0,0,0,0,0,0,10011.0,0,0,0,0,0,1747.7220079999993
0,0,0,0,0,0,0,0,10011.0,0,0,0,0,0,1747.7220079999993
0,0,0,0,0,0,0,0,10011.0,0,0,0,0,0,1747.7220079999993
0,0,0,0,0,0,0,0,7060.0,0,0,0,0,0,1742.9310379999993
736275,0,0,0,0,0,0,0,98115.0,0,0,0,0,0,1039.9426609999996
736275,0,0,0,0,0,0,0,98115.0,0,0,0,0,0,1039.9426609999996
736765,736949,0,0,0,0,0,0,10009.0,0,0,0,0,0,1409.4785959999997
736765,736949,0,0,0,0,0,0,10009.0,0,0,0,0,0,1409.4785959999997
736765,736949,0,0,0,0,0,0,10009.0,0,0,0,0,0,1409.4785959999997
736765,736949,0,0,0,0,0,0,10009.0,0,0,0,0,0,1409.4785959999997
736789,736911,0,0,0,0,0,0,23602.0,0,0,0,0,0,1095.9007159999999
736789,736911,0,0,0,0,0,0,23602.0,0,0,0,0,0,1095.9007159999999
736789,736911,0,0,0,0,0,0,23602.0,0,0,0,0,0,1095.9007159999999
736789,736911,0,0,0,0,0,0,23602.0,0,0,0,0,0,1095.9007159999999
0,0,0,0,0,0,0,0,28314.0,0,0,0,0,0,1216.254424
0,0,0,0,0,0,0,0,28314.0,0,0,0,0,0,1216.254424
0,0,0,0,0,0,0,0,28314.0,0,0,0,0,0,1216.254424
736399,736491,0,0,0,0,0,0,90032.0,0,0,0,0,0,1051.6578879999997
736399,736491,0,0,0,0,0,0,90032.0,0,0,0,0,0,1051.6578879999997
736399,736491,0,0,0,0,0,0,90032.0,0,0,0,0,0,1051.6578879999997
736399,736491,0,0,0,0,0,0,90032.0,0,0,0,0,0,1051.6578879999997
736793,736915,0,0,0,0,0,0,90036.0,0,0,0,0,0,1046.8635319999996
0,0,0,0,0,0,0,0,10011.0,0,0,0,0,0,1747.7220079999993
0,0,0,0,0,0,0,0,75220.0,0,0,0,0,0,1100.3046960000001
0,0,0,0,0,0,0,0,75220.0,0,0,0,0,0,1100.3046960000001
0,0,0,0,0,0,0,0,98105.0,0,0,0,0,0,1056.132109
0,736762,0,0,0,0,0,0,98105.0,0,0,0,0,0,1032.170853
0,736762,0,0,0,0,0,0,98105.0,0,0,0,0,0,1032.170853
0,736762,0,0,0,0,0,0,98105.0,0,0,0,0,0,1032.170853
0,736762,0,0,0,0,0,0,98105.0,0,0,0,0,0,1032.170853
735995,736055,0,0,0,0,0,0,19711.0,0,0,0,0,0,1339.0879319999995
735995,736055,0,0,0,0,0,0,19711.0,0,0,0,0,0,1339.0879319999995
735995,736055,0,0,0,0,0,0,19711.0,0,0,0,0,0,1339.0879319999995
736217,0,0,0,0,0,0,0,10024.0,0,0,0,0,0,1592.40665
736217,0,0,0,0,0,0,0,10024.0,0,0,0,0,0,1592.40665
0,0,0,0,0,0,0,0,90049.0,0,0,0,0,0,1021.7960989999998
0,0,0,0,0,0,0,0,14701.0,0,0,0,0,0,2048.773129999999
736611,0,0,0,0,0,0,0,77095.0,0,0,0,0,0,1029.617176
736611,0,0,0,0,0,0,0,77095.0,0,0,0,0,0,1029.617176
0,0,0,0,0,0,0,0,46544.0,0,0,0,0,0,1115.7379360000004
0,735973,0,0,0,0,0,0,92037.0,0,0,0,0,0,1087.4324769999996
0,735973,0,0,0,0,0,0,92037.0,0,0,0,0,0,1087.4324769999996
0,0,0,0,0,0,0,0,94109.0,0,0,0,0,0,1038.179099
0,0,0,0,0,0,0,0,33178.0,0,0,0,0,0,1194.7120960000002
0,0,0,0,0,0,0,0,60076.0,0,0,0,0,0,1133.037544
0,0,0,0,0,0,0,0,60076.0,0,0,0,0,0,1133.037544
0,0,0,0,0,0,0,0,60076.0,0,0,0,0,0,1133.037544
0,0,0,0,0,0,0,0,94110.0,0,0,0,0,0,1038.179099
0,0,0,0,0,0,0,0,94122.0,0,0,0,0,0,1048.9307489999999
0,0,0,0,0,0,0,0,94122.0,0,0,0,0,0,1048.9307489999999
0,0,0,0,0,0,0,0,94122.0,0,0,0,0,0,1048.9307489999999
736001,736001,0,0,0,0,0,0,77070.0,0,0,0,0,0,1139.9941159999998
736728,736909,0,0,0,0,0,0,90045.0,0,0,0,0,0,1038.4121369999996
736728,736909,0,0,0,0,0,0,90045.0,0,0,0,0,0,1038.4121369999996
0,0,0,0,0,0,0,0,73120.0,0,0,0,0,0,1100.3046960000001
0,0,0,0,0,0,0,0,71203.0,0,0,0,0,0,1100.3046960000001
736737,736857,0,0,0,0,0,0,33614.0,0,0,0,0,0,1057.9948599999998
736644,0,0,0,0,0,0,0,60623.0,0,0,0,0,0,1059.751452
736644,0,0,0,0,0,0,0,60623.0,0,0,0,0,0,1059.751452
735727,735880,0,0,0,0,0,0,43402.0,0,0,0,0,0,1102.486298
0,0,0,0,0,0,0,0,77095.0,0,0,0,0,0,1049.1600080000003
736730,736880,0,0,0,0,0,0,7090.0,0,0,0,0,0,1447.1491560000002
0,0,0,0,0,0,0,0,73120.0,0,0,0,0,0,1100.3046960000001
0,0,0,0,0,0,0,0,73120.0,0,0,0,0,0,1100.3046960000001
0,0,0,0,0,0,0,0,73120.0,0,0,0,0,0,1100.3046960000001
0,0,0,0,0,0,0,0,73120.0,0,0,0,0,0,1100.3046960000001
0,0,0,0,0,0,0,0,73120.0,0,0,0,0,0,1100.3046960000001
0,0,0,0,0,0,0,0,73120.0,0,0,0,0,0,1100.3046960000001
736119,736241,0,0,0,0,0,0,77041.0,0,0,0,0,0,1083.2386319999998
736119,736241,0,0,0,0,0,0,77041.0,0,0,0,0,0,1083.2386319999998
736119,736241,0,0,0,0,0,0,77041.0,0,0,0,0,0,1083.2386319999998
736119,736241,0,0,0,0,0,0,77041.0,0,0,0,0,0,1083.2386319999998
736119,736241,0,0,0,0,0,0,77041.0,0,0,0,0,0,1083.2386319999998
0,0,0,0,0,0,0,0,33311.0,0,0,0,0,0,1194.7120960000002
0,0,0,0,0,0,0,0,72209.0,0,0,0,0,0,1100.3046960000001
0,0,0,0,0,0,0,0,72209.0,0,0,0,0,0,1100.3046960000001
0,0,0,0,0,0,0,0,72209.0,0,0,0,0,0,1100.3046960000001
0,0,0,0,0,0,0,0,72209.0,0,0,0,0,0,1100.3046960000001
0,0,0,0,0,0,0,0,19120.0,0,0,0,0,0,1404.99292
736124,736185,0,0,0,0,0,0,92253.0,0,0,0,0,0,1040.0717949999996
0,0,0,0,0,0,0,0,44105.0,0,0,0,0,0,1118.4940360000003
0,0,0,0,0,0,0,0,44105.0,0,0,0,0,0,1118.4940360000003
0,0,0,0,0,0,0,0,44105.0,0,0,0,0,0,1118.4940360000003
0,0,0,0,0,0,0,0,94122.0,0,0,0,0,0,1048.9307489999999
0,0,0,0,0,0,0,0,94122.0,0,0,0,0,0,1048.9307489999999
0,736424,0,0,0,0,0,0,85254.0,0,0,0,0,0,1061.0350839999999
0,735608,0,0,0,0,0,0,19134.0,0,0,0,0,0,1433.954044
736550,0,0,0,0,0,0,0,2148.0,0,0,0,0,0,1580.67525
736550,0,0,0,0,0,0,0,2148.0,0,0,0,0,0,1580.67525
0,0,0,0,0,0,0,0,95123.0,0,0,0,0,0,1048.076349
0,0,0,0,0,0,0,0,95123.0,0,0,0,0,0,1048.076349
0,0,0,0,0,0,0,0,85023.0,0,0,0,0,0,1005.7666279999999
0,0,0,0,0,0,0,0,85023.0,0,0,0,0,0,1005.7666279999999
0,0,0,0,0,0,0,0,85023.0,0,0,0,0,0,1005.7666279999999
0,0,0,0,0,0,0,0,85023.0,0,0,0,0,0,1005.7666279999999
0,0,0,0,0,0,0,0,42420.0,0,0,0,0,0,1118.4940360000003
0,0,0,0,0,0,0,0,42420.0,0,0,0,0,0,1118.4940360000003
0,0,0,0,0,0,0,0,29203.0,0,0,0,0,0,1216.254424
0,0,0,0,0,0,0,0,32303.0,0,0,0,0,0,1194.7120960000002
0,0,0,0,0,0,0,0,10035.0,0,0,0,0,0,1720.0015379999995
736551,0,0,0,0,0,0,0,77070.0,0,0,0,0,0,1046.6477559999998
0,0,0,0,0,0,0,0,33065.0,0,0,0,0,0,1194.7120960000002
0,736060,0,0,0,0,0,0,84057.0,0,0,0,0,0,1070.5547659999997
0,736060,0,0,0,0,0,0,84057.0,0,0,0,0,0,1070.5547659999997
0,736060,0,0,0,0,0,0,84057.0,0,0,0,0,0,1070.5547659999997
0,0,0,0,0,0,0,0,37211.0,0,0,0,0,0,1159.0822960000003
0,0,0,0,0,0,0,0,37211.0,0,0,0,0,0,1159.0822960000003
0,0,0,0,0,0,0,0,10009.0,0,0,0,0,0,1742.9310379999993
0,0,0,0,0,0,0,0,10009.0,0,0,0,0,0,1742.9310379999993
0,0,0,0,0,0,0,0,42104.0,0,0,0,0,0,1118.4940360000003
736705,736764,0,0,0,0,0,0,98226.0,0,0,0,0,0,1021.1074689999998
736705,736764,0,0,0,0,0,0,98226.0,0,0,0,0,0,1021.1074689999998
736884,737007,0,0,0,0,0,0,10011.0,0,0,0,0,0,1423.8040759999997
0,0,0,0,0,0,0,0,43055.0,0,0,0,0,0,1118.4940360000003
0,0,0,0,0,0,0,0,43055.0,0,0,0,0,0,1118.4940360000003
0,0,0,0,0,0,0,0,60098.0,0,0,0,0,0,1133.037544
736671,0,0,0,0,0,0,0,75007.0,0,0,0,0,0,1064.135312
736944,0,0,0,0,0,0,0,47905.0,0,0,0,0,0,1059.316216
0,0,0,0,0,0,0,0,31907.0,0,0,0,0,0,1194.7120960000002
0,0,0,0,0,0,0,0,31907.0,0,0,0,0,0,1194.7120960000002
0,0,0,0,0,0,0,0,31907.0,0,0,0,0,0,1194.7120960000002
0,0,0,0,0,0,0,0,31907.0,0,0,0,0,0,1194.7120960000002
0,0,0,0,0,0,0,0,22304.0,0,0,0,0,0,1302.1393939999998
0,0,0,0,0,0,0,0,22304.0,0,0,0,0,0,1302.1393939999998
0,0,0,0,0,0,0,0,22304.0,0,0,0,0,0,1302.1393939999998
0,0,0,0,0,0,0,0,22304.0,0,0,0,0,0,1302.1393939999998
0,0,0,0,0,0,0,0,22304.0,0,0,0,0,0,1302.1393939999998
0,0,0,0,0,0,0,0,22304.0,0,0,0,0,0,1302.1393939999998
0,0,0,0,0,0,0,0,22304.0,0,0,0,0,0,1302.1393939999998
736034,736248,0,0,0,0,0,0,76117.0,0,0,0,0,0,1104.836382
0,736852,0,0,0,0,0,0,10024.0,0,0,0,0,0,1583.1906739999997
0,736852,0,0,0,0,0,0,10024.0,0,0,0,0,0,1583.1906739999997
736454,736577,0,0,0,0,0,0,90004.0,0,0,0,0,0,1055.4080529999997
736454,736577,0,0,0,0,0,0,90004.0,0,0,0,0,0,1055.4080529999997
736550,0,0,0,0,0,0,0,60090.0,0,0,0,0,0,1098.4764599999999
736550,0,0,0,0,0,0,0,60090.0,0,0,0,0,0,1098.4764599999999
0,0,0,0,0,0,0,0,29483.0,0,0,0,0,0,1216.254424
0,0,0,0,0,0,0,0,29483.0,0,0,0,0,0,1216.254424
0,0,0,0,0,0,0,0,47201.0,0,0,0,0,0,1115.7379360000004
0,0,0,0,0,0,0,0,47201.0,0,0,0,0,0,1115.7379360000004
0,0,0,0,0,0,0,0,47201.0,0,0,0,0,0,1115.7379360000004
0,0,0,0,0,0,0,0,47201.0,0,0,0,0,0,1115.7379360000004
0,0,0,0,0,0,0,0,47201.0,0,0,0,0,0,1115.7379360000004
0,0,0,0,0,0,0,0,10024.0,0,0,0,0,0,1743.6276379999993
0,0,0,0,0,0,0,0,10024.0,0,0,0,0,0,1743.6276379999993
736425,736425,0,0,0,0,0,0,10035.0,0,0,0,0,0,1491.4308859999996
736425,736425,0,0,0,0,0,0,10035.0,0,0,0,0,0,1491.4308859999996
736425,736425,0,0,0,0,0,0,10035.0,0,0,0,0,0,1491.4308859999996
736425,736425,0,0,0,0,0,0,10035.0,0,0,0,0,0,1491.4308859999996
0,0,0,0,0,0,0,0,32216.0,0,0,0,0,0,1194.7120960000002
736422,736605,0,0,0,0,0,0,92024.0,0,0,0,0,0,1030.0597729999995
0,0,0,0,0,0,0,0,76017.0,0,0,0,0,0,1100.3046960000001
0,0,0,0,0,0,0,0,76017.0,0,0,0,0,0,1100.3046960000001
0,0,0,0,0,0,0,0,76017.0,0,0,0,0,0,1100.3046960000001
0,0,0,0,0,0,0,0,76017.0,0,0,0,0,0,1100.3046960000001
0,0,0,0,0,0,0,0,76017.0,0,0,0,0,0,1100.3046960000001
0,0,0,0,0,0,0,0,76017.0,0,0,0,0,0,1100.3046960000001
0,736454,0,0,0,0,0,0,90045.0,0,0,0,0,0,1075.4769009999998
0,735662,0,0,0,0,0,0,90049.0,0,0,0,0,0,1064.9295029999996
0,735662,0,0,0,0,0,0,90049.0,0,0,0,0,0,1064.9295029999996
736698,736818,0,0,0,0,0,0,94110.0,0,0,0,0,0,1012.1575489999997
736698,736818,0,0,0,0,0,0,94110.0,0,0,0,0,0,1012.1575489999997
0,0,0,0,0,0,0,0,88220.0,0,0,0,0,0,1029.9250639999998
0,0,0,0,0,0,0,0,88220.0,0,0,0,0,0,1029.9250639999998
0,0,0,0,0,0,0,0,88220.0,0,0,0,0,0,1029.9250639999998
0,0,0,0,0,0,0,0,88220.0,0,0,0,0,0,1029.9250639999998
735669,735761,0,0,0,0,0,0,63116.0,0,0,0,0,0,1130.023984
0,0,0,0,0,0,0,0,10024.0,0,0,0,0,0,1743.6276379999993
0,0,0,0,0,0,0,0,10024.0,0,0,0,0,0,1743.6276379999993
0,0,0,0,0,0,0,0,10024.0,0,0,0,0,0,1743.6276379999993
0,0,0,0,0,0,0,0,10024.0,0,0,0,0,0,1743.6276379999993
0,0,0,0,0,0,0,0,45503.0,0,0,0,0,0,1115.7379360000004
0,0,0,0,0,0,0,0,45503.0,0,0,0,0,0,1115.7379360000004
0,0,0,0,0,0,0,0,45503.0,0,0,0,0,0,1115.7379360000004
736246,0,0,0,0,0,0,0,74133.0,0,0,0,0,0,1061.7147320000001
0,0,0,0,0,0,0,0,98103.0,0,0,0,0,0,1048.076349
0,0,0,0,0,0,0,0,98103.0,0,0,0,0,0,1048.076349
0,0,0,0,0,0,0,0,98103.0,0,0,0,0,0,1048.076349
736091,736244,0,0,0,0,0,0,28314.0,0,0,0,0,0,1093.1608999999999
736091,736244,0,0,0,0,0,0,28314.0,0,0,0,0,0,1093.1608999999999
0,0,0,0,0,0,0,0,90045.0,0,0,0,0,0,1021.7960989999998
737034,0,0,0,0,0,0,0,10035.0,0,0,0,0,0,1700.2092199999997
737034,0,0,0,0,0,0,0,10035.0,0,0,0,0,0,1700.2092199999997
737034,0,0,0,0,0,0,0,10035.0,0,0,0,0,0,1700.2092199999997
737034,0,0,0,0,0,0,0,10035.0,0,0,0,0,0,1700.2092199999997
0,0,0,0,0,0,0,0,71901.0,0,0,0,0,0,1100.3046960000001
0,0,0,0,0,0,0,0,60505.0,0,0,0,0,0,1100.3046960000001
0,0,0,0,0,0,0,0,27604.0,0,0,0,0,0,1253.799104
0,0,0,0,0,0,0,0,27604.0,0,0,0,0,0,1253.799104
735788,735941,0,0,0,0,0,0,74133.0,0,0,0,0,0,1141.09864
735788,735941,0,0,0,0,0,0,74133.0,0,0,0,0,0,1141.09864
735788,735941,0,0,0,0,0,0,74133.0,0,0,0,0,0,1141.09864
735788,735941,0,0,0,0,0,0,74133.0,0,0,0,0,0,1141.09864
735788,735941,0,0,0,0,0,0,74133.0,0,0,0,0,0,1141.09864
0,736339,0,0,0,0,0,0,92345.0,0,0,0,0,0,1073.5382729999997
0,0,0,0,0,0,0,0,84604.0,0,0,0,0,0,1013.919368
0,0,0,0,0,0,0,0,84604.0,0,0,0,0,0,1013.919368
0,0,0,0,0,0,0,0,84604.0,0,0,0,0,0,1013.919368
0,0,0,0,0,0,0,0,84604.0,0,0,0,0,0,1013.919368
0,0,0,0,0,0,0,0,84604.0,0,0,0,0,0,1013.919368
0,0,0,0,0,0,0,0,84604.0,0,0,0,0,0,1013.919368
0,0,0,0,0,0,0,0,84604.0,0,0,0,0,0,1013.919368
0,0,0,0,0,0,0,0,94110.0,0,0,0,0,0,1038.179099
0,0,0,0,0,0,0,0,85234.0,0,0,0,0,0,1006.5456479999999
0,736737,0,0,0,0,0,0,10035.0,0,0,0,0,0,1583.0271179999995
0,736737,0,0,0,0,0,0,10035.0,0,0,0,0,0,1583.0271179999995
0,0,0,0,0,0,0,0,65807.0,0,0,0,0,0,1100.3046960000001
736334,736424,0,0,0,0,0,0,38109.0,0,0,0,0,0,1051.077716
736334,736424,0,0,0,0,0,0,38109.0,0,0,0,0,0,1051.077716
736334,736424,0,0,0,0,0,0,38109.0,0,0,0,0,0,1051.077716
736339,736339,0,0,0,0,0,0,79109.0,0,0,0,0,0,1020.3355759999996
736339,736339,0,0,0,0,0,0,79109.0,0,0,0,0,0,1020.3355759999996
0,0,0,0,0,0,0,0,90045.0,0,0,0,0,0,1021.7960989999998
0,0,0,0,0,0,0,0,90045.0,0,0,0,0,0,1021.7960989999998
735850,735941,0,0,0,0,0,0,1852.0,0,0,0,0,0,1648.6589539999995
735850,735941,0,0,0,0,0,0,1852.0,0,0,0,0,0,1648.6589539999995
735850,735941,0,0,0,0,0,0,1852.0,0,0,0,0,0,1648.6589539999995
735850,735941,0,0,0,0,0,0,1852.0,0,0,0,0,0,1648.6589539999995
736765,736765,0,0,0,0,0,0,92024.0,0,0,0,0,0,1010.7526789999997
0,736737,0,0,0,0,0,0,28806.0,0,0,0,0,0,1135.3924760000002
0,736737,0,0,0,0,0,0,28806.0,0,0,0,0,0,1135.3924760000002
0,0,0,0,0,0,0,0,81001.0,0,0,0,0,0,1014.447608
0,0,0,0,0,0,0,0,81001.0,0,0,0,0,0,1014.447608
0,0,0,0,0,0,0,0,49201.0,0,0,0,0,0,1127.0040120000003
0,0,0,0,0,0,0,0,49201.0,0,0,0,0,0,1127.0040120000003
0,0,0,0,0,0,0,0,49201.0,0,0,0,0,0,1127.0040120000003
0,0,0,0,0,0,0,0,49201.0,0,0,0,0,0,1127.0040120000003
0,0,0,0,0,0,0,0,49201.0,0,0,0,0,0,1127.0040120000003
0,736852,0,0,0,0,0,0,90004.0,0,0,0,0,0,1041.520921
736489,736642,0,0,0,0,0,0,27360.0,0,0,0,0,0,1079.313336
736489,736642,0,0,0,0,0,0,27360.0,0,0,0,0,0,1079.313336
736427,736457,0,0,0,0,0,0,61604.0,0,0,0,0,0,1089.264718
736309,0,0,0,0,0,0,0,90032.0,0,0,0,0,0,1013.3158209999997
0,735636,0,0,0,0,0,0,60653.0,0,0,0,0,0,1135.710074
736796,736918,0,0,0,0,0,0,19134.0,0,0,0,0,0,1229.4822019999997
0,736369,0,0,0,0,0,0,80112.0,0,0,0,0,0,1061.1984139999997
0,736369,0,0,0,0,0,0,80112.0,0,0,0,0,0,1061.1984139999997
0,0,0,0,0,0,0,0,98115.0,0,0,0,0,0,1056.132109
0,0,0,0,0,0,0,0,33012.0,0,0,0,0,0,1194.7120960000002
736512,736574,0,0,0,0,0,0,43130.0,0,0,0,0,0,1049.844916
0,0,0,0,0,0,0,0,32216.0,0,0,0,0,0,1194.7120960000002
0,0,0,0,0,0,0,0,32216.0,0,0,0,0,0,1194.7120960000002
0,0,0,0,0,0,0,0,32216.0,0,0,0,0,0,1194.7120960000002
0,0,0,0,0,0,0,0,32216.0,0,0,0,0,0,1194.7120960000002
0,0,0,0,0,0,0,0,32216.0,0,0,0,0,0,1194.7120960000002
0,0,0,0,0,0,0,0,32216.0,0,0,0,0,0,1194.7120960000002
0,0,0,0,0,0,0,0,32216.0,0,0,0,0,0,1194.7120960000002
0,0,0,0,0,0,0,0,21215.0,0,0,0,0,0,1369.0632739999994
737005,0,0,0,0,0,0,0,10009.0,0,0,0,0,0,1634.0602599999997
0,0,0,0,0,0,0,0,88220.0,0,0,0,0,0,1029.9250639999998
0,0,0,0,0,0,0,0,88220.0,0,0,0,0,0,1029.9250639999998
0,0,0,0,0,0,0,0,88220.0,0,0,0,0,0,1029.9250639999998
0,736117,0,0,0,0,0,0,90049.0,0,0,0,0,0,1091.1944589999998
0,736117,0,0,0,0,0,0,90049.0,0,0,0,0,0,1091.1944589999998
736280,0,0,0,0,0,0,0,32216.0,0,0,0,0,0,1093.25944
736947,737008,0,0,0,0,0,0,44107.0,0,0,0,0,0,1030.8780239999999
0,736702,0,0,0,0,0,0,12180.0,0,0,0,0,0,1604.7364459999997
0,0,0,0,0,0,0,0,28403.0,0,0,0,0,0,1216.254424
735975,736127,0,0,0,0,0,0,98105.0,0,0,0,0,0,1157.9517149999997
735700,735822,0,0,0,0,0,0,10024.0,0,0,0,0,0,1617.6521939999993
0,736703,0,0,0,0,0,0,31907.0,0,0,0,0,0,1142.6348320000002
735788,0,0,0,0,0,0,0,10024.0,0,0,0,0,0,1669.2663539999994
0,0,0,0,0,0,0,0,92627.0,0,0,0,0,0,1027.342234
735761,735822,0,0,0,0,0,0,77095.0,0,0,0,0,0,1094.998964
735699,735821,0,0,0,0,0,0,27511.0,0,0,0,0,0,1216.6410019999998
735699,735821,0,0,0,0,0,0,27511.0,0,0,0,0,0,1216.6410019999998
0,0,0,0,0,0,0,0,22304.0,0,0,0,0,0,1302.1393939999998
735698,735820,0,0,0,0,0,0,94591.0,0,0,0,0,0,1091.7703349999997
735698,735820,0,0,0,0,0,0,94591.0,0,0,0,0,0,1091.7703349999997
736886,0,0,0,0,0,0,0,19120.0,0,0,0,0,0,1280.0149739999997
736886,0,0,0,0,0,0,0,19120.0,0,0,0,0,0,1280.0149739999997
0,0,0,0,0,0,0,0,43615.0,0,0,0,0,0,1118.4940360000003
0,0,0,0,0,0,0,0,43615.0,0,0,0,0,0,1118.4940360000003
0,0,0,0,0,0,0,0,98105.0,0,0,0,0,0,1056.132109
0,0,0,0,0,0,0,0,98105.0,0,0,0,0,0,1056.132109
0,0,0,0,0,0,0,0,98105.0,0,0,0,0,0,1056.132109
735636,735756,0,0,0,0,0,0,7060.0,0,0,0,0,0,1626.8417139999997
735636,735756,0,0,0,0,0,0,7060.0,0,0,0,0,0,1626.8417139999997
0,0,0,0,0,0,0,0,88001.0,0,0,0,0,0,1029.9250639999998
0,0,0,0,0,0,0,0,19711.0,0,0,0,0,0,1365.6374599999995
0,0,0,0,0,0,0,0,19711.0,0,0,0,0,0,1365.6374599999995
0,0,0,0,0,0,0,0,19711.0,0,0,0,0,0,1365.6374599999995
0,0,0,0,0,0,0,0,19711.0,0,0,0,0,0,1365.6374599999995
0,0,0,0,0,0,0,0,35244.0,0,0,0,0,0,1194.7120960000002
0,0,0,0,0,0,0,0,35244.0,0,0,0,0,0,1194.7120960000002
0,0,0,0,0,0,0,0,43055.0,0,0,0,0,0,1118.4940360000003
735699,735821,0,0,0,0,0,0,92037.0,0,0,0,0,0,1076.2527849999997
0,0,0,0,0,0,0,0,94122.0,0,0,0,0,0,1048.9307489999999
0,0,0,0,0,0,0,0,94122.0,0,0,0,0,0,1048.9307489999999
736883,737006,0,0,0,0,0,0,28540.0,0,0,0,0,0,1055.1741639999998
735937,0,0,0,0,0,0,0,2038.0,0,0,0,0,0,1693.0656139999994
0,0,0,0,0,0,0,0,75034.0,0,0,0,0,0,1100.3046960000001
736066,736188,0,0,0,0,0,0,32303.0,0,0,0,0,0,1093.2099699999997
735816,0,0,0,0,0,0,0,98115.0,0,0,0,0,0,1071.619577
735818,735910,0,0,0,0,0,0,95687.0,0,0,0,0,0,1088.9180949999998
0,0,0,0,0,0,0,0,90008.0,0,0,0,0,0,1030.255799
0,0,0,0,0,0,0,0,94122.0,0,0,0,0,0,1048.9307489999999
0,0,0,0,0,0,0,0,94122.0,0,0,0,0,0,1048.9307489999999
0,0,0,0,0,0,0,0,94122.0,0,0,0,0,0,1048.9307489999999
0,0,0,0,0,0,0,0,94122.0,0,0,0,0,0,1048.9307489999999
0,0,0,0,0,0,0,0,94122.0,0,0,0,0,0,1048.9307489999999
736639,0,0,0,0,0,0,0,10035.0,0,0,0,0,0,1571.1884899999995
736636,0,0,0,0,0,0,0,31907.0,0,0,0,0,0,1086.30936
736636,0,0,0,0,0,0,0,31907.0,0,0,0,0,0,1086.30936
0,0,0,0,0,0,0,0,84107.0,0,0,0,0,0,1013.919368
737038,0,0,0,0,0,0,0,94110.0,0,0,0,0,0,1247.4575029999996
737038,0,0,0,0,0,0,0,94110.0,0,0,0,0,0,1247.4575029999996
0,0,0,0,0,0,0,0,19140.0,0,0,0,0,0,1365.6374599999995
0,0,0,0,0,0,0,0,19140.0,0,0,0,0,0,1365.6374599999995
0,0,0,0,0,0,0,0,19140.0,0,0,0,0,0,1365.6374599999995
0,0,0,0,0,0,0,0,19134.0,0,0,0,0,0,1404.99292
0,0,0,0,0,0,0,0,19134.0,0,0,0,0,0,1404.99292
735998,736149,0,0,0,0,0,0,75220.0,0,0,0,0,0,1173.2189039999998
735998,736149,0,0,0,0,0,0,75220.0,0,0,0,0,0,1173.2189039999998
735998,736149,0,0,0,0,0,0,75220.0,0,0,0,0,0,1173.2189039999998
736397,736611,0,0,0,0,0,0,53186.0,0,0,0,0,0,1034.8155679999998
736979,737040,0,0,0,0,0,0,33311.0,0,0,0,0,0,1097.0141239999998
0,0,0,0,0,0,0,0,48205.0,0,0,0,0,0,1127.0040120000003
737009,0,0,0,0,0,0,0,45503.0,0,0,0,0,0,1164.457876
0,0,0,0,0,0,0,0,92037.0,0,0,0,0,0,1021.7960989999998
0,0,0,0,0,0,0,0,80906.0,0,0,0,0,0,1014.447608
0,0,0,0,0,0,0,0,93309.0,0,0,0,0,0,1027.342234
0,736819,0,0,0,0,0,0,33068.0,0,0,0,0,0,1142.8303520000002
0,736819,0,0,0,0,0,0,33068.0,0,0,0,0,0,1142.8303520000002
736850,736911,0,0,0,0,0,0,10035.0,0,0,0,0,0,1452.2830359999998
0,0,0,0,0,0,0,0,55044.0,0,0,0,0,0,1158.372832
736644,0,0,0,0,0,0,0,48234.0,0,0,0,0,0,1066.713832
736460,736613,0,0,0,0,0,0,19134.0,0,0,0,0,0,1268.5048039999997
736582,0,0,0,0,0,0,0,45373.0,0,0,0,0,0,1058.899316
0,0,0,0,0,0,0,0,90036.0,0,0,0,0,0,1034.961929
0,0,0,0,0,0,0,0,90036.0,0,0,0,0,0,1034.961929
735641,735761,0,0,0,0,0,0,78415.0,0,0,0,0,0,1058.3186579999997
735641,735761,0,0,0,0,0,0,78415.0,0,0,0,0,0,1058.3186579999997
735641,735761,0,0,0,0,0,0,78415.0,0,0,0,0,0,1058.3186579999997
0,0,0,0,0,0,0,0,68104.0,0,0,0,0,0,1100.3046960000001
0,0,0,0,0,0,0,0,68104.0,0,0,0,0,0,1100.3046960000001
0,0,0,0,0,0,0,0,68104.0,0,0,0,0,0,1100.3046960000001
735936,0,0,0,0,0,0,0,90278.0,0,0,0,0,0,1028.7897509999996
735936,0,0,0,0,0,0,0,90278.0,0,0,0,0,0,1028.7897509999996
735936,0,0,0,0,0,0,0,90278.0,0,0,0,0,0,1028.7897509999996
735936,0,0,0,0,0,0,0,90278.0,0,0,0,0,0,1028.7897509999996
0,0,0,0,0,0,0,0,72209.0,0,0,0,0,0,1100.3046960000001
0,0,0,0,0,0,0,0,72209.0,0,0,0,0,0,1100.3046960000001
0,0,0,0,0,0,0,0,72209.0,0,0,0,0,0,1100.3046960000001
0,0,0,0,0,0,0,0,33180.0,0,0,0,0,0,1194.7120960000002
735974,736065,0,0,0,0,0,0,97301.0,0,0,0,0,0,1123.5419789999996
736764,736917,0,0,0,0,0,0,88001.0,0,0,0,0,0,1050.2829619999998
736303,0,0,0,0,0,0,0,94122.0,0,0,0,0,0,1032.7413009999996
736303,0,0,0,0,0,0,0,94122.0,0,0,0,0,0,1032.7413009999996
736154,736277,0,0,0,0,0,0,79907.0,0,0,0,0,0,1030.2824359999995
0,0,0,0,0,0,0,0,98115.0,0,0,0,0,0,1056.132109
0,0,0,0,0,0,0,0,98115.0,0,0,0,0,0,1056.132109
0,0,0,0,0,0,0,0,98115.0,0,0,0,0,0,1056.132109
0,0,0,0,0,0,0,0,98115.0,0,0,0,0,0,1056.132109
0,0,0,0,0,0,0,0,53209.0,0,0,0,0,0,1137.4537320000002
0,0,0,0,0,0,0,0,53209.0,0,0,0,0,0,1137.4537320000002
0,0,0,0,0,0,0,0,53209.0,0,0,0,0,0,1137.4537320000002
0,0,0,0,0,0,0,0,53209.0,0,0,0,0,0,1137.4537320000002
0,0,0,0,0,0,0,0,53209.0,0,0,0,0,0,1137.4537320000002
735972,736185,0,0,0,0,0,0,2038.0,0,0,0,0,0,1600.7140699999998
735972,736185,0,0,0,0,0,0,2038.0,0,0,0,0,0,1600.7140699999998
735972,736185,0,0,0,0,0,0,2038.0,0,0,0,0,0,1600.7140699999998
735972,736185,0,0,0,0,0,0,2038.0,0,0,0,0,0,1600.7140699999998
736454,736546,0,0,0,0,0,0,92024.0,0,0,0,0,0,1036.0365049999996
736454,736546,0,0,0,0,0,0,92024.0,0,0,0,0,0,1036.0365049999996
0,736815,0,0,0,0,0,0,92804.0,0,0,0,0,0,1022.1493729999999
0,0,0,0,0,0,0,0,76017.0,0,0,0,0,0,1100.3046960000001
0,0,0,0,0,0,0,0,76017.0,0,0,0,0,0,1100.3046960000001
0,0,0,0,0,0,0,0,77041.0,0,0,0,0,0,1074.552944
0,0,0,0,0,0,0,0,77041.0,0,0,0,0,0,1074.552944
0,0,0,0,0,0,0,0,77041.0,0,0,0,0,0,1074.552944
0,0,0,0,0,0,0,0,77041.0,0,0,0,0,0,1074.552944
0,0,0,0,0,0,0,0,43130.0,0,0,0,0,0,1118.4940360000003
0,0,0,0,0,0,0,0,43130.0,0,0,0,0,0,1118.4940360000003
0,0,0,0,0,0,0,0,43130.0,0,0,0,0,0,1118.4940360000003
735609,735729,0,0,0,0,0,0,97206.0,0,0,0,0,0,1090.9159349999998
735609,735729,0,0,0,0,0,0,97206.0,0,0,0,0,0,1090.9159349999998
0,0,0,0,0,0,0,0,35244.0,0,0,0,0,0,1194.7120960000002
0,0,0,0,0,0,0,0,35244.0,0,0,0,0,0,1194.7120960000002
737009,0,0,0,0,0,0,0,90036.0,0,0,0,0,0,1145.4915609999998
737009,0,0,0,0,0,0,0,90036.0,0,0,0,0,0,1145.4915609999998
737009,0,0,0,0,0,0,0,90036.0,0,0,0,0,0,1145.4915609999998
736578,736669,0,0,0,0,0,0,32303.0,0,0,0,0,0,1035.7713959999999
736032,736185,0,0,0,0,0,0,10009.0,0,0,0,0,0,1536.46879
0,0,0,0,0,0,0,0,23320.0,0,0,0,0,0,1302.1393939999998
0,736793,0,0,0,0,0,0,28314.0,0,0,0,0,0,1136.6252760000002
0,0,0,0,0,0,0,0,77340.0,0,0,0,0,0,1049.1600080000003
0,0,0,0,0,0,0,0,19140.0,0,0,0,0,0,1365.6374599999995
0,0,0,0,0,0,0,0,60098.0,0,0,0,0,0,1133.037544
0,0,0,0,0,0,0,0,2149.0,0,0,0,0,0,1749.7338779999993
736976,0,0,0,0,0,0,0,60653.0,0,0,0,0,0,1063.619912
736910,0,0,0,0,0,0,0,30076.0,0,0,0,0,0,1111.7201479999999
736910,0,0,0,0,0,0,0,30076.0,0,0,0,0,0,1111.7201479999999
0,736400,0,0,0,0,0,0,32137.0,0,0,0,0,0,1184.0919520000002
736366,736455,0,0,0,0,0,0,19120.0,0,0,0,0,0,1283.3934239999999
0,0,0,0,0,0,0,0,47201.0,0,0,0,0,0,1115.7379360000004
0,0,0,0,0,0,0,0,11572.0,0,0,0,0,0,1724.4191099999994
0,0,0,0,0,0,0,0,11572.0,0,0,0,0,0,1724.4191099999994
0,0,0,0,0,0,0,0,2038.0,0,0,0,0,0,1749.7338779999993
0,0,0,0,0,0,0,0,57103.0,0,0,0,0,0,1133.037544
0,0,0,0,0,0,0,0,92037.0,0,0,0,0,0,1021.7960989999998
0,0,0,0,0,0,0,0,28314.0,0,0,0,0,0,1216.254424
0,0,0,0,0,0,0,0,30318.0,0,0,0,0,0,1216.254424
0,0,0,0,0,0,0,0,30318.0,0,0,0,0,0,1216.254424
0,0,0,0,0,0,0,0,30318.0,0,0,0,0,0,1216.254424
0,0,0,0,0,0,0,0,30318.0,0,0,0,0,0,1216.254424
737036,0,0,0,0,0,0,0,32839.0,0,0,0,0,0,1276.8466959999996
0,0,0,0,0,0,0,0,94122.0,0,0,0,0,0,1048.9307489999999
0,0,0,0,0,0,0,0,94122.0,0,0,0,0,0,1048.9307489999999
0,0,0,0,0,0,0,0,94122.0,0,0,0,0,0,1048.9307489999999
0,0,0,0,0,0,0,0,94122.0,0,0,0,0,0,1048.9307489999999
736613,736674,0,0,0,0,0,0,43615.0,0,0,0,0,0,1006.3003559999997
736613,736674,0,0,0,0,0,0,43615.0,0,0,0,0,0,1006.3003559999997
737034,0,0,0,0,0,0,0,33710.0,0,0,0,0,0,1218.7736399999997
0,0,0,0,0,0,0,0,85705.0,0,0,0,0,0,1026.954284
0,0,0,0,0,0,0,0,85705.0,0,0,0,0,0,1026.954284
0,0,0,0,0,0,0,0,90036.0,0,0,0,0,0,1034.961929
0,0,0,0,0,0,0,0,92105.0,0,0,0,0,0,1027.027459
0,0,0,0,0,0,0,0,10035.0,0,0,0,0,0,1720.0015379999995
0,0,0,0,0,0,0,0,92037.0,0,0,0,0,0,1021.7960989999998
0,0,0,0,0,0,0,0,92037.0,0,0,0,0,0,1021.7960989999998
0,0,0,0,0,0,0,0,7090.0,0,0,0,0,0,1742.9310379999993
0,0,0,0,0,0,0,0,7090.0,0,0,0,0,0,1742.9310379999993
0,0,0,0,0,0,0,0,7090.0,0,0,0,0,0,1742.9310379999993
0,0,0,0,0,0,0,0,7050.0,0,0,0,0,0,1742.9310379999993
0,0,0,0,0,0,0,0,7050.0,0,0,0,0,0,1742.9310379999993
0,0,0,0,0,0,0,0,60098.0,0,0,0,0,0,1133.037544
736644,0,0,0,0,0,0,0,94110.0,0,0,0,0,0,1021.9896509999995
0,736390,0,0,0,0,0,0,94122.0,0,0,0,0,0,1078.8332629999998
0,0,0,0,0,0,0,0,85281.0,0,0,0,0,0,1006.5456479999999
0,0,0,0,0,0,0,0,90008.0,0,0,0,0,0,1030.255799
0,0,0,0,0,0,0,0,90008.0,0,0,0,0,0,1030.255799
0,0,0,0,0,0,0,0,90008.0,0,0,0,0,0,1030.255799
736736,736856,0,0,0,0,0,0,98105.0,0,0,0,0,0,1040.9766589999997
0,735603,0,0,0,0,0,0,70601.0,0,0,0,0,0,1150.770094
0,735603,0,0,0,0,0,0,70601.0,0,0,0,0,0,1150.770094
0,0,0,0,0,0,0,0,14609.0,0,0,0,0,0,2048.773129999999
0,0,0,0,0,0,0,0,14609.0,0,0,0,0,0,2048.773129999999
0,0,0,0,0,0,0,0,14609.0,0,0,0,0,0,2048.773129999999
0,0,0,0,0,0,0,0,14609.0,0,0,0,0,0,2048.773129999999
0,735661,0,0,0,0,0,0,11561.0,0,0,0,0,0,1734.7525699999992
736420,736573,0,0,0,0,0,0,28205.0,0,0,0,0,0,1068.5295159999998
0,0,0,0,0,0,0,0,77036.0,0,0,0,0,0,1108.4913520000002
736307,0,0,0,0,0,0,0,10035.0,0,0,0,0,0,1582.9076899999993
736307,0,0,0,0,0,0,0,10035.0,0,0,0,0,0,1582.9076899999993
737007,0,0,0,0,0,0,0,31907.0,0,0,0,0,0,1183.1069400000001
736669,0,0,0,0,0,0,0,60610.0,0,0,0,0,0,1062.172032
0,736336,0,0,0,0,0,0,60035.0,0,0,0,0,0,1179.78871
0,736336,0,0,0,0,0,0,60035.0,0,0,0,0,0,1179.78871
0,0,0,0,0,0,0,0,98115.0,0,0,0,0,0,1056.132109
736764,736948,0,0,0,0,0,0,55122.0,0,0,0,0,0,1107.906542
736764,736948,0,0,0,0,0,0,55122.0,0,0,0,0,0,1107.906542
736764,736948,0,0,0,0,0,0,55122.0,0,0,0,0,0,1107.906542
0,0,0,0,0,0,0,0,98103.0,0,0,0,0,0,1048.076349
736095,736218,0,0,0,0,0,0,33065.0,0,0,0,0,0,1086.0880659999998
0,0,0,0,0,0,0,0,11550.0,0,0,0,0,0,1724.4191099999994
0,0,0,0,0,0,0,0,11550.0,0,0,0,0,0,1724.4191099999994
0,0,0,0,0,0,0,0,11550.0,0,0,0,0,0,1724.4191099999994
736308,0,0,0,0,0,0,0,46060.0,0,0,0,0,0,1058.899316
736308,0,0,0,0,0,0,0,46060.0,0,0,0,0,0,1058.899316
736308,0,0,0,0,0,0,0,46060.0,0,0,0,0,0,1058.899316
0,0,0,0,0,0,0,0,75220.0,0,0,0,0,0,1100.3046960000001
0,0,0,0,0,0,0,0,19140.0,0,0,0,0,0,1365.6374599999995
0,0,0,0,0,0,0,0,19140.0,0,0,0,0,0,1365.6374599999995
0,0,0,0,0,0,0,0,19140.0,0,0,0,0,0,1365.6374599999995
0,0,0,0,0,0,0,0,94109.0,0,0,0,0,0,1038.179099
0,736035,0,0,0,0,0,0,78745.0,0,0,0,0,0,1072.7435399999997
0,735695,0,0,0,0,0,0,48234.0,0,0,0,0,0,1158.8429360000002
735638,735727,0,0,0,0,0,0,13601.0,0,0,0,0,0,1776.7916059999998
735638,735727,0,0,0,0,0,0,13601.0,0,0,0,0,0,1776.7916059999998
736974,0,0,0,0,0,0,0,31907.0,0,0,0,0,0,1089.04684
736790,736973,0,0,0,0,0,0,55124.0,0,0,0,0,0,1107.906542
0,0,0,0,0,0,0,0,27217.0,0,0,0,0,0,1253.799104
0,0,0,0,0,0,0,0,48601.0,0,0,0,0,0,1127.0040120000003
736184,736184,0,0,0,0,0,0,94109.0,0,0,0,0,0,1065.9221949999994
736184,736184,0,0,0,0,0,0,94109.0,0,0,0,0,0,1065.9221949999994
736184,736184,0,0,0,0,0,0,94109.0,0,0,0,0,0,1065.9221949999994
736492,736675,0,0,0,0,0,0,98105.0,0,0,0,0,0,1026.3975769999997
736492,736675,0,0,0,0,0,0,98105.0,0,0,0,0,0,1026.3975769999997
736492,736675,0,0,0,0,0,0,98105.0,0,0,0,0,0,1026.3975769999997
736492,736675,0,0,0,0,0,0,98105.0,0,0,0,0,0,1026.3975769999997
736492,736675,0,0,0,0,0,0,98105.0,0,0,0,0,0,1026.3975769999997
736492,736675,0,0,0,0,0,0,98105.0,0,0,0,0,0,1026.3975769999997
736492,736675,0,0,0,0,0,0,98105.0,0,0,0,0,0,1026.3975769999997
0,0,0,0,0,0,0,0,53209.0,0,0,0,0,0,1137.4537320000002
0,0,0,0,0,0,0,0,53209.0,0,0,0,0,0,1137.4537320000002
0,0,0,0,0,0,0,0,53209.0,0,0,0,0,0,1137.4537320000002
0,0,0,0,0,0,0,0,90049.0,0,0,0,0,0,1021.7960989999998
0,0,0,0,0,0,0,0,90049.0,0,0,0,0,0,1021.7960989999998
736430,736460,0,0,0,0,0,0,94122.0,0,0,0,0,0,1043.4359949999996
0,0,0,0,0,0,0,0,92024.0,0,0,0,0,0,1021.7960989999998
0,0,0,0,0,0,0,0,92024.0,0,0,0,0,0,1021.7960989999998
0,0,0,0,0,0,0,0,92024.0,0,0,0,0,0,1021.7960989999998
737039,737039,0,0,0,0,0,0,85301.0,0,0,0,0,0,1222.5649139999996
737039,737039,0,0,0,0,0,0,85301.0,0,0,0,0,0,1222.5649139999996
737039,737039,0,0,0,0,0,0,85301.0,0,0,0,0,0,1222.5649139999996
737039,737039,0,0,0,0,0,0,85301.0,0,0,0,0,0,1222.5649139999996
737039,737039,0,0,0,0,0,0,85301.0,0,0,0,0,0,1222.5649139999996
737039,737039,0,0,0,0,0,0,85301.0,0,0,0,0,0,1222.5649139999996
0,0,0,0,0,0,0,0,10035.0,0,0,0,0,0,1720.0015379999995
0,736791,0,0,0,0,0,0,13601.0,0,0,0,0,0,1678.6200099999996
736789,736942,0,0,0,0,0,0,45503.0,0,0,0,0,0,1035.9356599999999
0,0,0,0,0,0,0,0,90032.0,0,0,0,0,0,1034.961929
0,0,0,0,0,0,0,0,90032.0,0,0,0,0,0,1034.961929
0,736699,0,0,0,0,0,0,98115.0,0,0,0,0,0,1049.902897
0,736699,0,0,0,0,0,0,98115.0,0,0,0,0,0,1049.902897
0,0,0,0,0,0,0,0,92054.0,0,0,0,0,0,1021.7960989999998
0,0,0,0,0,0,0,0,92054.0,0,0,0,0,0,1021.7960989999998
0,0,0,0,0,0,0,0,92054.0,0,0,0,0,0,1021.7960989999998
0,0,0,0,0,0,0,0,92054.0,0,0,0,0,0,1021.7960989999998
0,0,0,0,0,0,0,0,60076.0,0,0,0,0,0,1133.037544
0,0,0,0,0,0,0,0,60076.0,0,0,0,0,0,1133.037544
736856,736948,0,0,0,0,0,0,28314.0,0,0,0,0,0,1055.1741639999998
736856,736948,0,0,0,0,0,0,28314.0,0,0,0,0,0,1055.1741639999998
736856,736948,0,0,0,0,0,0,28314.0,0,0,0,0,0,1055.1741639999998
736856,736948,0,0,0,0,0,0,28314.0,0,0,0,0,0,1055.1741639999998
736856,736948,0,0,0,0,0,0,28314.0,0,0,0,0,0,1055.1741639999998
0,0,0,0,0,0,0,0,74133.0,0,0,0,0,0,1100.3046960000001
736150,736303,0,0,0,0,0,0,75002.0,0,0,0,0,0,1099.211578
736150,736303,0,0,0,0,0,0,75002.0,0,0,0,0,0,1099.211578
736796,736796,0,0,0,0,0,0,19143.0,0,0,0,0,0,1168.419258
736763,736916,0,0,0,0,0,0,14609.0,0,0,0,0,0,1713.0083679999998
0,0,0,0,0,0,0,0,29464.0,0,0,0,0,0,1216.254424
736304,0,0,0,0,0,0,0,19134.0,0,0,0,0,0,1311.5175639999998
736304,0,0,0,0,0,0,0,19134.0,0,0,0,0,0,1311.5175639999998
735939,0,0,0,0,0,0,0,98115.0,0,0,0,0,0,1061.6860809999998
735939,0,0,0,0,0,0,0,98115.0,0,0,0,0,0,1061.6860809999998
735761,735914,0,0,0,0,0,0,97477.0,0,0,0,0,0,1090.9159349999998
735761,735914,0,0,0,0,0,0,97477.0,0,0,0,0,0,1090.9159349999998
0,0,0,0,0,0,0,0,31907.0,0,0,0,0,0,1194.7120960000002
0,0,0,0,0,0,0,0,31907.0,0,0,0,0,0,1194.7120960000002
0,0,0,0,0,0,0,0,31907.0,0,0,0,0,0,1194.7120960000002
0,0,0,0,0,0,0,0,90032.0,0,0,0,0,0,1034.961929
0,0,0,0,0,0,0,0,90032.0,0,0,0,0,0,1034.961929
0,0,0,0,0,0,0,0,90032.0,0,0,0,0,0,1034.961929
0,0,0,0,0,0,0,0,90032.0,0,0,0,0,0,1034.961929
736370,736490,0,0,0,0,0,0,10024.0,0,0,0,0,0,1476.0490659999996
737001,0,0,0,0,0,0,0,48227.0,0,0,0,0,0,1077.701892
736581,0,0,0,0,0,0,0,95207.0,0,0,0,0,0,1031.1413009999997
0,0,0,0,0,0,0,0,85023.0,0,0,0,0,0,1005.7666279999999
0,0,0,0,0,0,0,0,19120.0,0,0,0,0,0,1404.99292
0,0,0,0,0,0,0,0,19120.0,0,0,0,0,0,1404.99292
0,0,0,0,0,0,0,0,19120.0,0,0,0,0,0,1404.99292
0,0,0,0,0,0,0,0,19120.0,0,0,0,0,0,1404.99292
0,0,0,0,0,0,0,0,19120.0,0,0,0,0,0,1404.99292
0,0,0,0,0,0,0,0,19120.0,0,0,0,0,0,1404.99292
736091,736244,0,0,0,0,0,0,48310.0,0,0,0,0,0,1072.723252
0,0,0,0,0,0,0,0,14609.0,0,0,0,0,0,2048.773129999999
736550,736611,0,0,0,0,0,0,10011.0,0,0,0,0,0,1452.5746359999996
0,0,0,0,0,0,0,0,54703.0,0,0,0,0,0,1150.3552320000001
0,0,0,0,0,0,0,0,10009.0,0,0,0,0,0,1742.9310379999993
0,0,0,0,0,0,0,0,91730.0,0,0,0,0,0,1021.7960989999998
736461,736492,0,0,0,0,0,0,42071.0,0,0,0,0,0,1049.844916
0,0,0,0,0,0,0,0,43615.0,0,0,0,0,0,1118.4940360000003
0,0,0,0,0,0,0,0,80027.0,0,0,0,0,0,1014.861718
0,0,0,0,0,0,0,0,80027.0,0,0,0,0,0,1014.861718
0,0,0,0,0,0,0,0,80027.0,0,0,0,0,0,1014.861718
0,0,0,0,0,0,0,0,80027.0,0,0,0,0,0,1014.861718
0,0,0,0,0,0,0,0,80027.0,0,0,0,0,0,1014.861718
0,0,0,0,0,0,0,0,10035.0,0,0,0,0,0,1720.0015379999995
0,0,0,0,0,0,0,0,78577.0,0,0,0,0,0,1016.702718
0,0,0,0,0,0,0,0,78577.0,0,0,0,0,0,1016.702718
0,0,0,0,0,0,0,0,78577.0,0,0,0,0,0,1016.702718
736187,0,0,0,0,0,0,0,84084.0,0,0,0,0,0,1028.07052
736187,0,0,0,0,0,0,0,84084.0,0,0,0,0,0,1028.07052
736187,0,0,0,0,0,0,0,84084.0,0,0,0,0,0,1028.07052
736187,0,0,0,0,0,0,0,84084.0,0,0,0,0,0,1028.07052
0,0,0,0,0,0,0,0,78521.0,0,0,0,0,0,1016.702718
736187,0,0,0,0,0,0,0,10011.0,0,0,0,0,0,1634.2864999999997
736187,0,0,0,0,0,0,0,10011.0,0,0,0,0,0,1634.2864999999997
0,0,0,0,0,0,0,0,19140.0,0,0,0,0,0,1365.6374599999995
0,0,0,0,0,0,0,0,59102.0,0,0,0,0,0,1133.037544
0,0,0,0,0,0,0,0,23320.0,0,0,0,0,0,1302.1393939999998
0,0,0,0,0,0,0,0,97030.0,0,0,0,0,0,1048.076349
0,0,0,0,0,0,0,0,48146.0,0,0,0,0,0,1131.1612920000002
0,0,0,0,0,0,0,0,48146.0,0,0,0,0,0,1131.1612920000002
0,0,0,0,0,0,0,0,97030.0,0,0,0,0,0,1048.076349
0,0,0,0,0,0,0,0,19143.0,0,0,0,0,0,1365.6374599999995
736274,0,0,0,0,0,0,0,71203.0,0,0,0,0,0,1061.7147320000001
736274,0,0,0,0,0,0,0,71203.0,0,0,0,0,0,1061.7147320000001
736274,0,0,0,0,0,0,0,71203.0,0,0,0,0,0,1061.7147320000001
736274,0,0,0,0,0,0,0,71203.0,0,0,0,0,0,1061.7147320000001
736274,0,0,0,0,0,0,0,71203.0,0,0,0,0,0,1061.7147320000001
736763,736916,0,0,0,0,0,0,91104.0,0,0,0,0,0,1031.2421489999997
736454,736577,0,0,0,0,0,0,37421.0,0,0,0,0,0,1041.970496
737007,737037,0,0,0,0,0,0,90805.0,0,0,0,0,0,1224.7824089999995
737007,737037,0,0,0,0,0,0,90805.0,0,0,0,0,0,1224.7824089999995
737007,737037,0,0,0,0,0,0,90805.0,0,0,0,0,0,1224.7824089999995
0,735999,0,0,0,0,0,0,45373.0,0,0,0,0,0,1142.8485780000003
736856,736978,0,0,0,0,0,0,55407.0,0,0,0,0,0,1225.7834419999997
736856,736978,0,0,0,0,0,0,55407.0,0,0,0,0,0,1225.7834419999997
0,735698,0,0,0,0,0,0,98105.0,0,0,0,0,0,1089.0880929999998
736729,736788,0,0,0,0,0,0,31907.0,0,0,0,0,0,1035.49388
736729,736788,0,0,0,0,0,0,31907.0,0,0,0,0,0,1035.49388
736855,737008,0,0,0,0,0,0,83642.0,0,0,0,0,0,1024.4578679999995
736855,737008,0,0,0,0,0,0,83642.0,0,0,0,0,0,1024.4578679999995
736855,737008,0,0,0,0,0,0,83642.0,0,0,0,0,0,1024.4578679999995
736576,0,0,0,0,0,0,0,48227.0,0,0,0,0,0,1066.713832
736576,0,0,0,0,0,0,0,48227.0,0,0,0,0,0,1066.713832
0,735972,0,0,0,0,0,0,60623.0,0,0,0,0,0,1166.490848
0,0,0,0,0,0,0,0,94110.0,0,0,0,0,0,1038.179099
0,0,0,0,0,0,0,0,94110.0,0,0,0,0,0,1038.179099
0,0,0,0,0,0,0,0,94110.0,0,0,0,0,0,1038.179099
0,0,0,0,0,0,0,0,94110.0,0,0,0,0,0,1038.179099
736521,736674,0,0,0,0,0,0,43055.0,0,0,0,0,0,1006.3003559999997
736756,736878,0,0,0,0,0,0,75081.0,0,0,0,0,0,1083.2061959999999
0,0,0,0,0,0,0,0,19711.0,0,0,0,0,0,1365.6374599999995
0,0,0,0,0,0,0,0,19711.0,0,0,0,0,0,1365.6374599999995
0,0,0,0,0,0,0,0,87105.0,0,0,0,0,0,1026.954284
0,0,0,0,0,0,0,0,87105.0,0,0,0,0,0,1026.954284
0,0,0,0,0,0,0,0,87105.0,0,0,0,0,0,1026.954284
0,0,0,0,0,0,0,0,87105.0,0,0,0,0,0,1026.954284
0,0,0,0,0,0,0,0,87105.0,0,0,0,0,0,1026.954284
0,0,0,0,0,0,0,0,43615.0,0,0,0,0,0,1118.4940360000003
0,0,0,0,0,0,0,0,19711.0,0,0,0,0,0,1365.6374599999995
0,0,0,0,0,0,0,0,19711.0,0,0,0,0,0,1365.6374599999995
0,0,0,0,0,0,0,0,19711.0,0,0,0,0,0,1365.6374599999995
736389,736450,0,0,0,0,0,0,90045.0,0,0,0,0,0,1036.0626529999997
736033,736186,0,0,0,0,0,0,90032.0,0,0,0,0,0,1060.8297729999995
0,0,0,0,0,0,0,0,75217.0,0,0,0,0,0,1100.3046960000001
0,0,0,0,0,0,0,0,75217.0,0,0,0,0,0,1100.3046960000001
0,0,0,0,0,0,0,0,75217.0,0,0,0,0,0,1100.3046960000001
0,0,0,0,0,0,0,0,92037.0,0,0,0,0,0,1021.7960989999998
736793,736823,0,0,0,0,0,0,92307.0,0,0,0,0,0,1012.1575489999997
736793,736823,0,0,0,0,0,0,92307.0,0,0,0,0,0,1012.1575489999997
0,736731,0,0,0,0,0,0,40214.0,0,0,0,0,0,1076.3147960000001
0,736731,0,0,0,0,0,0,40214.0,0,0,0,0,0,1076.3147960000001
0,735659,0,0,0,0,0,0,10024.0,0,0,0,0,0,1738.6900579999995
736939,0,0,0,0,0,0,0,77070.0,0,0,0,0,0,1052.5434160000002
736939,0,0,0,0,0,0,0,77070.0,0,0,0,0,0,1052.5434160000002
736939,0,0,0,0,0,0,0,77070.0,0,0,0,0,0,1052.5434160000002
736939,0,0,0,0,0,0,0,77070.0,0,0,0,0,0,1052.5434160000002
0,736729,0,0,0,0,0,0,42420.0,0,0,0,0,0,1076.3147960000001
0,736729,0,0,0,0,0,0,42420.0,0,0,0,0,0,1076.3147960000001
736391,736544,0,0,0,0,0,0,19711.0,0,0,0,0,0,1244.0379639999999
736391,736544,0,0,0,0,0,0,19711.0,0,0,0,0,0,1244.0379639999999
736391,736544,0,0,0,0,0,0,19711.0,0,0,0,0,0,1244.0379639999999
0,0,0,0,0,0,0,0,60440.0,0,0,0,0,0,1100.3046960000001
0,0,0,0,0,0,0,0,60440.0,0,0,0,0,0,1100.3046960000001
0,0,0,0,0,0,0,0,60440.0,0,0,0,0,0,1100.3046960000001
0,0,0,0,0,0,0,0,60440.0,0,0,0,0,0,1100.3046960000001
0,736699,0,0,0,0,0,0,76106.0,0,0,0,0,0,1109.127466
0,736699,0,0,0,0,0,0,76106.0,0,0,0,0,0,1109.127466
0,0,0,0,0,0,0,0,10024.0,0,0,0,0,0,1743.6276379999993
0,0,0,0,0,0,0,0,10024.0,0,0,0,0,0,1743.6276379999993
0,0,0,0,0,0,0,0,2908.0,0,0,0,0,0,1749.7338779999993
0,0,0,0,0,0,0,0,2908.0,0,0,0,0,0,1749.7338779999993
736553,736675,0,0,0,0,0,0,43229.0,0,0,0,0,0,1006.3003559999997
0,0,0,0,0,0,0,0,10024.0,0,0,0,0,0,1743.6276379999993
0,0,0,0,0,0,0,0,77070.0,0,0,0,0,0,1070.2188320000002
736974,0,0,0,0,0,0,0,60505.0,0,0,0,0,0,1063.619912
0,0,0,0,0,0,0,0,65807.0,0,0,0,0,0,1100.3046960000001
0,0,0,0,0,0,0,0,65807.0,0,0,0,0,0,1100.3046960000001
0,0,0,0,0,0,0,0,65807.0,0,0,0,0,0,1100.3046960000001
0,0,0,0,0,0,0,0,65807.0,0,0,0,0,0,1100.3046960000001
0,0,0,0,0,0,0,0,65807.0,0,0,0,0,0,1100.3046960000001
0,0,0,0,0,0,0,0,98105.0,0,0,0,0,0,1056.132109
0,0,0,0,0,0,0,0,98105.0,0,0,0,0,0,1056.132109
0,0,0,0,0,0,0,0,98105.0,0,0,0,0,0,1056.132109
0,0,0,0,0,0,0,0,98105.0,0,0,0,0,0,1056.132109
0,0,0,0,0,0,0,0,98105.0,0,0,0,0,0,1056.132109
0,0,0,0,0,0,0,0,98105.0,0,0,0,0,0,1056.132109
736274,736304,0,0,0,0,0,0,33801.0,0,0,0,0,0,1074.1039159999998
736274,736304,0,0,0,0,0,0,33801.0,0,0,0,0,0,1074.1039159999998
736274,736304,0,0,0,0,0,0,33801.0,0,0,0,0,0,1074.1039159999998
736274,736304,0,0,0,0,0,0,33801.0,0,0,0,0,0,1074.1039159999998
736274,736304,0,0,0,0,0,0,33801.0,0,0,0,0,0,1074.1039159999998
736274,736304,0,0,0,0,0,0,33801.0,0,0,0,0,0,1074.1039159999998
736274,736304,0,0,0,0,0,0,33801.0,0,0,0,0,0,1074.1039159999998
736274,736304,0,0,0,0,0,0,33801.0,0,0,0,0,0,1074.1039159999998
736915,737037,0,0,0,0,0,0,19134.0,0,0,0,0,0,1297.2125419999995
736735,736855,0,0,0,0,0,0,10011.0,0,0,0,0,0,1457.71808
0,0,0,0,0,0,0,0,90049.0,0,0,0,0,0,1021.7960989999998
0,0,0,0,0,0,0,0,90049.0,0,0,0,0,0,1021.7960989999998
0,0,0,0,0,0,0,0,90049.0,0,0,0,0,0,1021.7960989999998
0,0,0,0,0,0,0,0,90049.0,0,0,0,0,0,1021.7960989999998
0,0,0,0,0,0,0,0,11572.0,0,0,0,0,0,1724.4191099999994
0,0,0,0,0,0,0,0,11572.0,0,0,0,0,0,1724.4191099999994
737039,0,0,0,0,0,0,0,75081.0,0,0,0,0,0,1249.0090679999996
737039,0,0,0,0,0,0,0,75081.0,0,0,0,0,0,1249.0090679999996
737039,0,0,0,0,0,0,0,75081.0,0,0,0,0,0,1249.0090679999996
737039,0,0,0,0,0,0,0,75081.0,0,0,0,0,0,1249.0090679999996
737039,0,0,0,0,0,0,0,75081.0,0,0,0,0,0,1249.0090679999996
737039,0,0,0,0,0,0,0,75081.0,0,0,0,0,0,1249.0090679999996
0,0,0,0,0,0,0,0,10035.0,0,0,0,0,0,1720.0015379999995
735944,735944,0,0,0,0,0,0,78207.0,0,0,0,0,0,1089.7776659999997
0,0,0,0,0,0,0,0,45231.0,0,0,0,0,0,1121.2394960000001
0,0,0,0,0,0,0,0,45231.0,0,0,0,0,0,1121.2394960000001
736458,736642,0,0,0,0,0,0,78745.0,0,0,0,0,0,1009.3438679999996
737000,0,0,0,0,0,0,0,98105.0,0,0,0,0,0,1054.7989209999998
737000,0,0,0,0,0,0,0,98105.0,0,0,0,0,0,1054.7989209999998
0,735664,0,0,0,0,0,0,90004.0,0,0,0,0,0,1073.3892029999997
736516,736608,0,0,0,0,0,0,10035.0,0,0,0,0,0,1464.0378259999995
0,0,0,0,0,0,0,0,98103.0,0,0,0,0,0,1048.076349
0,0,0,0,0,0,0,0,43055.0,0,0,0,0,0,1118.4940360000003
0,0,0,0,0,0,0,0,43055.0,0,0,0,0,0,1118.4940360000003
0,0,0,0,0,0,0,0,43055.0,0,0,0,0,0,1118.4940360000003
0,0,0,0,0,0,0,0,43055.0,0,0,0,0,0,1118.4940360000003
0,0,0,0,0,0,0,0,55369.0,0,0,0,0,0,1259.116032
735665,735726,0,0,0,0,0,0,85301.0,0,0,0,0,0,1056.3143279999997
0,0,0,0,0,0,0,0,10009.0,0,0,0,0,0,1742.9310379999993
0,0,0,0,0,0,0,0,10009.0,0,0,0,0,0,1742.9310379999993
0,0,0,0,0,0,0,0,28540.0,0,0,0,0,0,1216.254424
0,0,0,0,0,0,0,0,28540.0,0,0,0,0,0,1216.254424
735941,0,0,0,0,0,0,0,77070.0,0,0,0,0,0,1097.5304
0,0,0,0,0,0,0,0,94109.0,0,0,0,0,0,1038.179099
0,0,0,0,0,0,0,0,94109.0,0,0,0,0,0,1038.179099
0,0,0,0,0,0,0,0,94109.0,0,0,0,0,0,1038.179099
0,0,0,0,0,0,0,0,94109.0,0,0,0,0,0,1038.179099
0,0,0,0,0,0,0,0,94109.0,0,0,0,0,0,1038.179099
0,0,0,0,0,0,0,0,94109.0,0,0,0,0,0,1038.179099
0,0,0,0,0,0,0,0,48911.0,0,0,0,0,0,1127.0040120000003
0,736394,0,0,0,0,0,0,32303.0,0,0,0,0,0,1184.0919520000002
0,736394,0,0,0,0,0,0,32303.0,0,0,0,0,0,1184.0919520000002
0,0,0,0,0,0,0,0,29203.0,0,0,0,0,0,1216.254424
0,0,0,0,0,0,0,0,60623.0,0,0,0,0,0,1100.3046960000001
0,0,0,0,0,0,0,0,60623.0,0,0,0,0,0,1100.3046960000001
0,0,0,0,0,0,0,0,60623.0,0,0,0,0,0,1100.3046960000001
737009,0,0,0,0,0,0,0,48227.0,0,0,0,0,0,1172.2723919999999
0,0,0,0,0,0,0,0,80525.0,0,0,0,0,0,1014.447608
0,0,0,0,0,0,0,0,80525.0,0,0,0,0,0,1014.447608
736976,736976,0,0,0,0,0,0,10024.0,0,0,0,0,0,1456.2841159999998
736826,737010,0,0,0,0,0,0,10011.0,0,0,0,0,0,1423.8040759999997
736826,737010,0,0,0,0,0,0,10011.0,0,0,0,0,0,1423.8040759999997
736826,737010,0,0,0,0,0,0,10011.0,0,0,0,0,0,1423.8040759999997
736948,737039,0,0,0,0,0,0,21044.0,0,0,0,0,0,1253.5010459999994
736948,737039,0,0,0,0,0,0,21044.0,0,0,0,0,0,1253.5010459999994
736948,737039,0,0,0,0,0,0,21044.0,0,0,0,0,0,1253.5010459999994
736948,737039,0,0,0,0,0,0,21044.0,0,0,0,0,0,1253.5010459999994
735790,735852,0,0,0,0,0,0,77041.0,0,0,0,0,0,1116.057788
735790,735852,0,0,0,0,0,0,77041.0,0,0,0,0,0,1116.057788
737031,0,0,0,0,0,0,0,1852.0,0,0,0,0,0,1717.9249399999994
0,0,0,0,0,0,0,0,95695.0,0,0,0,0,0,1048.076349
0,0,0,0,0,0,0,0,95695.0,0,0,0,0,0,1048.076349
0,736330,0,0,0,0,0,0,60610.0,0,0,0,0,0,1145.900442
736735,736916,0,0,0,0,0,0,10035.0,0,0,0,0,0,1475.6281159999999
736790,736912,0,0,0,0,0,0,77489.0,0,0,0,0,0,1031.6996059999997
735607,735697,0,0,0,0,0,0,77036.0,0,0,0,0,0,1153.229528
735607,735697,0,0,0,0,0,0,77036.0,0,0,0,0,0,1153.229528
736549,0,0,0,0,0,0,0,39212.0,0,0,0,0,0,1061.3704399999997
0,0,0,0,0,0,0,0,10009.0,0,0,0,0,0,1742.9310379999993
736244,736244,0,0,0,0,0,0,85281.0,0,0,0,0,0,1017.5726759999997
735610,735791,0,0,0,0,0,0,28540.0,0,0,0,0,0,1205.821262
0,0,0,0,0,0,0,0,19134.0,0,0,0,0,0,1404.99292
0,0,0,0,0,0,0,0,44312.0,0,0,0,0,0,1130.9557560000003
0,0,0,0,0,0,0,0,44312.0,0,0,0,0,0,1130.9557560000003
735882,0,0,0,0,0,0,0,92037.0,0,0,0,0,0,1025.8137269999997
735882,0,0,0,0,0,0,0,92037.0,0,0,0,0,0,1025.8137269999997
735882,0,0,0,0,0,0,0,92037.0,0,0,0,0,0,1025.8137269999997
735882,0,0,0,0,0,0,0,92037.0,0,0,0,0,0,1025.8137269999997
735882,0,0,0,0,0,0,0,92037.0,0,0,0,0,0,1025.8137269999997
735882,0,0,0,0,0,0,0,92037.0,0,0,0,0,0,1025.8137269999997
736573,0,0,0,0,0,0,0,93727.0,0,0,0,0,0,1015.8735459999996
736573,0,0,0,0,0,0,0,93727.0,0,0,0,0,0,1015.8735459999996
0,0,0,0,0,0,0,0,77581.0,0,0,0,0,0,1010.713668
0,0,0,0,0,0,0,0,77581.0,0,0,0,0,0,1010.713668
0,0,0,0,0,0,0,0,47374.0,0,0,0,0,0,1115.7379360000004
0,736335,0,0,0,0,0,0,19134.0,0,0,0,0,0,1381.3928999999996
0,736335,0,0,0,0,0,0,19134.0,0,0,0,0,0,1381.3928999999996
736913,736974,0,0,0,0,0,0,94403.0,0,0,0,0,0,1042.5126969999997
0,0,0,0,0,0,0,0,94601.0,0,0,0,0,0,1048.9307489999999
736978,0,0,0,0,0,0,0,10024.0,0,0,0,0,0,1610.7398199999998
736978,0,0,0,0,0,0,0,10024.0,0,0,0,0,0,1610.7398199999998
736004,736186,0,0,0,0,0,0,8701.0,0,0,0,0,0,1586.8486899999998
736004,736186,0,0,0,0,0,0,8701.0,0,0,0,0,0,1586.8486899999998
736004,736186,0,0,0,0,0,0,8701.0,0,0,0,0,0,1586.8486899999998
735639,735728,0,0,0,0,0,0,85281.0,0,0,0,0,0,1056.3143279999997
735639,735728,0,0,0,0,0,0,85281.0,0,0,0,0,0,1056.3143279999997
735639,735728,0,0,0,0,0,0,85281.0,0,0,0,0,0,1056.3143279999997
735639,735728,0,0,0,0,0,0,85281.0,0,0,0,0,0,1056.3143279999997
735639,735728,0,0,0,0,0,0,85281.0,0,0,0,0,0,1056.3143279999997
735639,735728,0,0,0,0,0,0,85281.0,0,0,0,0,0,1056.3143279999997
735639,735728,0,0,0,0,0,0,85281.0,0,0,0,0,0,1056.3143279999997
735910,0,0,0,0,0,0,0,10035.0,0,0,0,0,0,1698.9920339999994
736703,736823,0,0,0,0,0,0,10009.0,0,0,0,0,0,1436.5751300000002
0,0,0,0,0,0,0,0,77095.0,0,0,0,0,0,1049.1600080000003
0,0,0,0,0,0,0,0,77095.0,0,0,0,0,0,1049.1600080000003
0,0,0,0,0,0,0,0,77095.0,0,0,0,0,0,1049.1600080000003
0,0,0,0,0,0,0,0,92503.0,0,0,0,0,0,1027.027459
0,0,0,0,0,0,0,0,6824.0,0,0,0,0,0,1750.2965979999994
736365,736365,0,0,0,0,0,0,10024.0,0,0,0,0,0,1475.8733259999997
736365,736365,0,0,0,0,0,0,10024.0,0,0,0,0,0,1475.8733259999997
0,0,0,0,0,0,0,0,77095.0,0,0,0,0,0,1049.1600080000003
0,0,0,0,0,0,0,0,77095.0,0,0,0,0,0,1049.1600080000003
0,0,0,0,0,0,0,0,77095.0,0,0,0,0,0,1049.1600080000003
736331,736390,0,0,0,0,0,0,22204.0,0,0,0,0,0,1164.445886
0,736818,0,0,0,0,0,0,60623.0,0,0,0,0,0,1090.773412
736706,736826,0,0,0,0,0,0,75051.0,0,0,0,0,0,1065.813436
736706,736826,0,0,0,0,0,0,75051.0,0,0,0,0,0,1065.813436
736979,737040,0,0,0,0,0,0,98103.0,0,0,0,0,0,1089.6878609999999
736979,737040,0,0,0,0,0,0,98103.0,0,0,0,0,0,1089.6878609999999
736979,737040,0,0,0,0,0,0,98103.0,0,0,0,0,0,1089.6878609999999
0,0,0,0,0,0,0,0,98103.0,0,0,0,0,0,1048.076349
0,0,0,0,0,0,0,0,98103.0,0,0,0,0,0,1048.076349
0,0,0,0,0,0,0,0,49505.0,0,0,0,0,0,1127.0040120000003
0,0,0,0,0,0,0,0,19120.0,0,0,0,0,0,1404.99292
0,0,0,0,0,0,0,0,60610.0,0,0,0,0,0,1100.3046960000001
0,0,0,0,0,0,0,0,60610.0,0,0,0,0,0,1100.3046960000001
736548,0,0,0,0,0,0,0,98105.0,0,0,0,0,0,1039.9426609999996
736548,0,0,0,0,0,0,0,98105.0,0,0,0,0,0,1039.9426609999996
736215,0,0,0,0,0,0,0,32216.0,0,0,0,0,0,1093.25944
736584,0,0,0,0,0,0,0,37064.0,0,0,0,0,0,1053.4960199999998
736584,0,0,0,0,0,0,0,37064.0,0,0,0,0,0,1053.4960199999998
0,0,0,0,0,0,0,0,60035.0,0,0,0,0,0,1133.037544
0,0,0,0,0,0,0,0,77506.0,0,0,0,0,0,1023.2569080000001
0,0,0,0,0,0,0,0,94109.0,0,0,0,0,0,1038.179099
0,0,0,0,0,0,0,0,94109.0,0,0,0,0,0,1038.179099
0,0,0,0,0,0,0,0,94109.0,0,0,0,0,0,1038.179099
736422,736544,0,0,0,0,0,0,33180.0,0,0,0,0,0,1067.125396
735912,0,0,0,0,0,0,0,19120.0,0,0,0,0,0,1382.5373599999998
735912,0,0,0,0,0,0,0,19120.0,0,0,0,0,0,1382.5373599999998
0,0,0,0,0,0,0,0,35601.0,0,0,0,0,0,1194.7120960000002
0,0,0,0,0,0,0,0,35601.0,0,0,0,0,0,1194.7120960000002
0,0,0,0,0,0,0,0,57103.0,0,0,0,0,0,1133.037544
0,0,0,0,0,0,0,0,57103.0,0,0,0,0,0,1133.037544
0,0,0,0,0,0,0,0,93277.0,0,0,0,0,0,1027.342234
736209,0,0,0,0,0,0,0,90049.0,0,0,0,0,0,1001.5896709999996
736911,737033,0,0,0,0,0,0,90032.0,0,0,0,0,0,1079.2518449999998
736736,736856,0,0,0,0,0,0,66212.0,0,0,0,0,0,1081.2246159999997
736736,736856,0,0,0,0,0,0,66212.0,0,0,0,0,0,1081.2246159999997
735722,735845,0,0,0,0,0,0,22304.0,0,0,0,0,0,1264.9812919999997
735722,735845,0,0,0,0,0,0,22304.0,0,0,0,0,0,1264.9812919999997
735722,735845,0,0,0,0,0,0,22304.0,0,0,0,0,0,1264.9812919999997
735722,735845,0,0,0,0,0,0,22304.0,0,0,0,0,0,1264.9812919999997
735722,735845,0,0,0,0,0,0,22304.0,0,0,0,0,0,1264.9812919999997
0,0,0,0,0,0,0,0,27604.0,0,0,0,0,0,1253.799104
0,0,0,0,0,0,0,0,27604.0,0,0,0,0,0,1253.799104
0,735759,0,0,0,0,0,0,10035.0,0,0,0,0,0,1704.505597999999
735941,0,0,0,0,0,0,0,45014.0,0,0,0,0,0,1132.63924
0,0,0,0,0,0,0,0,74403.0,0,0,0,0,0,1100.3046960000001
0,0,0,0,0,0,0,0,74403.0,0,0,0,0,0,1100.3046960000001
0,0,0,0,0,0,0,0,92592.0,0,0,0,0,0,1027.342234
0,0,0,0,0,0,0,0,92592.0,0,0,0,0,0,1027.342234
0,0,0,0,0,0,0,0,92592.0,0,0,0,0,0,1027.342234
0,0,0,0,0,0,0,0,92592.0,0,0,0,0,0,1027.342234
0,736430,0,0,0,0,0,0,48310.0,0,0,0,0,0,1133.5242480000002
0,0,0,0,0,0,0,0,92024.0,0,0,0,0,0,1021.7960989999998
0,0,0,0,0,0,0,0,92024.0,0,0,0,0,0,1021.7960989999998
0,0,0,0,0,0,0,0,75081.0,0,0,0,0,0,1100.3046960000001
736704,736763,0,0,0,0,0,0,10035.0,0,0,0,0,0,1451.63557
0,0,0,0,0,0,0,0,85023.0,0,0,0,0,0,1005.7666279999999
0,0,0,0,0,0,0,0,85023.0,0,0,0,0,0,1005.7666279999999
0,0,0,0,0,0,0,0,94122.0,0,0,0,0,0,1048.9307489999999
0,0,0,0,0,0,0,0,19140.0,0,0,0,0,0,1365.6374599999995
0,0,0,0,0,0,0,0,19140.0,0,0,0,0,0,1365.6374599999995
0,0,0,0,0,0,0,0,19140.0,0,0,0,0,0,1365.6374599999995
0,0,0,0,0,0,0,0,19140.0,0,0,0,0,0,1365.6374599999995
0,0,0,0,0,0,0,0,19140.0,0,0,0,0,0,1365.6374599999995
0,735964,0,0,0,0,0,0,78041.0,0,0,0,0,0,1073.22328
0,735964,0,0,0,0,0,0,78041.0,0,0,0,0,0,1073.22328
0,735964,0,0,0,0,0,0,78041.0,0,0,0,0,0,1073.22328
0,735964,0,0,0,0,0,0,78041.0,0,0,0,0,0,1073.22328
0,735964,0,0,0,0,0,0,78041.0,0,0,0,0,0,1073.22328
736095,736279,0,0,0,0,0,0,10009.0,0,0,0,0,0,1488.6637059999996
0,0,0,0,0,0,0,0,10035.0,0,0,0,0,0,1720.0015379999995
0,0,0,0,0,0,0,0,39503.0,0,0,0,0,0,1157.8494960000003
0,735608,0,0,0,0,0,0,92037.0,0,0,0,0,0,1080.8253029999998
0,735608,0,0,0,0,0,0,92037.0,0,0,0,0,0,1080.8253029999998
0,0,0,0,0,0,0,0,11572.0,0,0,0,0,0,1724.4191099999994
0,0,0,0,0,0,0,0,11572.0,0,0,0,0,0,1724.4191099999994
736978,0,0,0,0,0,0,0,78664.0,0,0,0,0,0,1000.9522699999999
736277,0,0,0,0,0,0,0,92374.0,0,0,0,0,0,1005.3813509999997
736277,0,0,0,0,0,0,0,92374.0,0,0,0,0,0,1005.3813509999997
0,0,0,0,0,0,0,0,38401.0,0,0,0,0,0,1159.0822960000003
0,0,0,0,0,0,0,0,38401.0,0,0,0,0,0,1159.0822960000003
0,0,0,0,0,0,0,0,38401.0,0,0,0,0,0,1159.0822960000003
0,0,0,0,0,0,0,0,10009.0,0,0,0,0,0,1742.9310379999993
0,0,0,0,0,0,0,0,10009.0,0,0,0,0,0,1742.9310379999993
735913,0,0,0,0,0,0,0,77095.0,0,0,0,0,0,1052.617508
735913,0,0,0,0,0,0,0,77095.0,0,0,0,0,0,1052.617508
735913,0,0,0,0,0,0,0,77095.0,0,0,0,0,0,1052.617508
735913,0,0,0,0,0,0,0,77095.0,0,0,0,0,0,1052.617508
735913,0,0,0,0,0,0,0,77095.0,0,0,0,0,0,1052.617508
735913,0,0,0,0,0,0,0,77095.0,0,0,0,0,0,1052.617508
735913,0,0,0,0,0,0,0,77095.0,0,0,0,0,0,1052.617508
0,0,0,0,0,0,0,0,60653.0,0,0,0,0,0,1100.3046960000001
0,0,0,0,0,0,0,0,60653.0,0,0,0,0,0,1100.3046960000001
0,0,0,0,0,0,0,0,60653.0,0,0,0,0,0,1100.3046960000001
0,0,0,0,0,0,0,0,94601.0,0,0,0,0,0,1048.9307489999999
0,0,0,0,0,0,0,0,94601.0,0,0,0,0,0,1048.9307489999999
0,0,0,0,0,0,0,0,94601.0,0,0,0,0,0,1048.9307489999999
0,0,0,0,0,0,0,0,94601.0,0,0,0,0,0,1048.9307489999999
0,0,0,0,0,0,0,0,94601.0,0,0,0,0,0,1048.9307489999999
0,0,0,0,0,0,0,0,94601.0,0,0,0,0,0,1048.9307489999999
0,0,0,0,0,0,0,0,94601.0,0,0,0,0,0,1048.9307489999999
0,736338,0,0,0,0,0,0,2169.0,0,0,0,0,0,1631.5247139999994
0,736338,0,0,0,0,0,0,2169.0,0,0,0,0,0,1631.5247139999994
0,736338,0,0,0,0,0,0,2169.0,0,0,0,0,0,1631.5247139999994
0,736338,0,0,0,0,0,0,2169.0,0,0,0,0,0,1631.5247139999994
0,736338,0,0,0,0,0,0,2169.0,0,0,0,0,0,1631.5247139999994
0,736338,0,0,0,0,0,0,2169.0,0,0,0,0,0,1631.5247139999994
0,0,0,0,0,0,0,0,92399.0,0,0,0,0,0,1027.027459
736825,736886,0,0,0,0,0,0,60623.0,0,0,0,0,0,1078.8026119999997
0,0,0,0,0,0,0,0,98105.0,0,0,0,0,0,1056.132109
0,0,0,0,0,0,0,0,10024.0,0,0,0,0,0,1743.6276379999993
0,0,0,0,0,0,0,0,92037.0,0,0,0,0,0,1021.7960989999998
0,0,0,0,0,0,0,0,92037.0,0,0,0,0,0,1021.7960989999998
0,0,0,0,0,0,0,0,6010.0,0,0,0,0,0,1750.9024779999995
0,0,0,0,0,0,0,0,6010.0,0,0,0,0,0,1750.9024779999995
0,0,0,0,0,0,0,0,6010.0,0,0,0,0,0,1750.9024779999995
0,0,0,0,0,0,0,0,6010.0,0,0,0,0,0,1750.9024779999995
736884,0,0,0,0,0,0,0,60610.0,0,0,0,0,0,1063.619912
736485,736607,0,0,0,0,0,0,60610.0,0,0,0,0,0,1081.3247059999999
736485,736607,0,0,0,0,0,0,60610.0,0,0,0,0,0,1081.3247059999999
736060,736182,0,0,0,0,0,0,10024.0,0,0,0,0,0,1495.3767699999996
736060,736182,0,0,0,0,0,0,10024.0,0,0,0,0,0,1495.3767699999996
0,0,0,0,0,0,0,0,2151.0,0,0,0,0,0,1749.7338779999993
0,0,0,0,0,0,0,0,2151.0,0,0,0,0,0,1749.7338779999993
0,0,0,0,0,0,0,0,77036.0,0,0,0,0,0,1108.4913520000002
0,735631,0,0,0,0,0,0,92691.0,0,0,0,0,0,1070.4756379999997
735848,0,0,0,0,0,0,0,75217.0,0,0,0,0,0,1108.3147520000002
735848,0,0,0,0,0,0,0,75217.0,0,0,0,0,0,1108.3147520000002
0,0,0,0,0,0,0,0,89115.0,0,0,0,0,0,1029.9250639999998
0,0,0,0,0,0,0,0,89115.0,0,0,0,0,0,1029.9250639999998
0,0,0,0,0,0,0,0,73071.0,0,0,0,0,0,1100.3046960000001
0,0,0,0,0,0,0,0,94122.0,0,0,0,0,0,1048.9307489999999
0,0,0,0,0,0,0,0,94122.0,0,0,0,0,0,1048.9307489999999
736066,736249,0,0,0,0,0,0,11550.0,0,0,0,0,0,1516.2479419999997
736066,736249,0,0,0,0,0,0,11550.0,0,0,0,0,0,1516.2479419999997
736066,736249,0,0,0,0,0,0,11550.0,0,0,0,0,0,1516.2479419999997
736066,736249,0,0,0,0,0,0,11550.0,0,0,0,0,0,1516.2479419999997
736340,736430,0,0,0,0,0,0,77301.0,0,0,0,0,0,1060.6751819999997
0,0,0,0,0,0,0,0,77095.0,0,0,0,0,0,1049.1600080000003
0,0,0,0,0,0,0,0,77095.0,0,0,0,0,0,1049.1600080000003
0,0,0,0,0,0,0,0,19120.0,0,0,0,0,0,1404.99292
0,0,0,0,0,0,0,0,33614.0,0,0,0,0,0,1194.7120960000002
736066,736219,0,0,0,0,0,0,10035.0,0,0,0,0,0,1510.9343299999996
736066,736219,0,0,0,0,0,0,10035.0,0,0,0,0,0,1510.9343299999996
736066,736219,0,0,0,0,0,0,10035.0,0,0,0,0,0,1510.9343299999996
736885,737008,0,0,0,0,0,0,28205.0,0,0,0,0,0,1055.1741639999998
736885,737008,0,0,0,0,0,0,28205.0,0,0,0,0,0,1055.1741639999998
736885,737008,0,0,0,0,0,0,28205.0,0,0,0,0,0,1055.1741639999998
736885,737008,0,0,0,0,0,0,28205.0,0,0,0,0,0,1055.1741639999998
736885,737008,0,0,0,0,0,0,28205.0,0,0,0,0,0,1055.1741639999998
0,0,0,0,0,0,0,0,75081.0,0,0,0,0,0,1100.3046960000001
735849,0,0,0,0,0,0,0,98103.0,0,0,0,0,0,1070.820317
735849,0,0,0,0,0,0,0,98103.0,0,0,0,0,0,1070.820317
0,0,0,0,0,0,0,0,77506.0,0,0,0,0,0,1023.2569080000001
736973,736973,0,0,0,0,0,0,19143.0,0,0,0,0,0,1200.6694819999998
736701,736913,0,0,0,0,0,0,46203.0,0,0,0,0,0,1037.0903319999998
736701,736913,0,0,0,0,0,0,46203.0,0,0,0,0,0,1037.0903319999998
736701,736913,0,0,0,0,0,0,46203.0,0,0,0,0,0,1037.0903319999998
0,0,0,0,0,0,0,0,40475.0,0,0,0,0,0,1118.4940360000003
0,0,0,0,0,0,0,0,40475.0,0,0,0,0,0,1118.4940360000003
0,0,0,0,0,0,0,0,40475.0,0,0,0,0,0,1118.4940360000003
0,0,0,0,0,0,0,0,40475.0,0,0,0,0,0,1118.4940360000003
736059,736089,0,0,0,0,0,0,60477.0,0,0,0,0,0,1123.2114899999997
0,736820,0,0,0,0,0,0,77095.0,0,0,0,0,0,1040.1885880000002
0,0,0,0,0,0,0,0,90004.0,0,0,0,0,0,1030.255799
0,0,0,0,0,0,0,0,43229.0,0,0,0,0,0,1118.4940360000003
0,0,0,0,0,0,0,0,43229.0,0,0,0,0,0,1118.4940360000003
0,0,0,0,0,0,0,0,43229.0,0,0,0,0,0,1118.4940360000003
0,0,0,0,0,0,0,0,43229.0,0,0,0,0,0,1118.4940360000003
0,736850,0,0,0,0,0,0,43229.0,0,0,0,0,0,1075.5726800000002
0,0,0,0,0,0,0,0,94122.0,0,0,0,0,0,1048.9307489999999
0,0,0,0,0,0,0,0,94122.0,0,0,0,0,0,1048.9307489999999
0,0,0,0,0,0,0,0,94122.0,0,0,0,0,0,1048.9307489999999
0,0,0,0,0,0,0,0,94122.0,0,0,0,0,0,1048.9307489999999
0,0,0,0,0,0,0,0,94122.0,0,0,0,0,0,1048.9307489999999
736369,736369,0,0,0,0,0,0,53711.0,0,0,0,0,0,1055.1883079999998
736369,736369,0,0,0,0,0,0,53711.0,0,0,0,0,0,1055.1883079999998
0,735999,0,0,0,0,0,0,80013.0,0,0,0,0,0,1069.09703
0,735999,0,0,0,0,0,0,80013.0,0,0,0,0,0,1069.09703
736124,0,0,0,0,0,0,0,10024.0,0,0,0,0,0,1601.3695099999998
0,736394,0,0,0,0,0,0,90004.0,0,0,0,0,0,1087.9935609999998
0,736394,0,0,0,0,0,0,90004.0,0,0,0,0,0,1087.9935609999998
0,736394,0,0,0,0,0,0,90004.0,0,0,0,0,0,1087.9935609999998
0,736394,0,0,0,0,0,0,90004.0,0,0,0,0,0,1087.9935609999998
0,736394,0,0,0,0,0,0,90004.0,0,0,0,0,0,1087.9935609999998
0,0,0,0,0,0,0,0,52001.0,0,0,0,0,0,1137.4537320000002
0,0,0,0,0,0,0,0,52001.0,0,0,0,0,0,1137.4537320000002
736760,736852,0,0,0,0,0,0,43130.0,0,0,0,0,0,1016.3059599999999
736760,736852,0,0,0,0,0,0,43130.0,0,0,0,0,0,1016.3059599999999
736760,736852,0,0,0,0,0,0,43130.0,0,0,0,0,0,1016.3059599999999
736918,736949,0,0,0,0,0,0,90301.0,0,0,0,0,0,1038.9310349999996
736918,736949,0,0,0,0,0,0,90301.0,0,0,0,0,0,1038.9310349999996
736918,736949,0,0,0,0,0,0,90301.0,0,0,0,0,0,1038.9310349999996
736826,736949,0,0,0,0,0,0,98006.0,0,0,0,0,0,1040.6046869999998
736826,736949,0,0,0,0,0,0,98006.0,0,0,0,0,0,1040.6046869999998
0,0,0,0,0,0,0,0,60610.0,0,0,0,0,0,1100.3046960000001
0,0,0,0,0,0,0,0,60610.0,0,0,0,0,0,1100.3046960000001
0,0,0,0,0,0,0,0,75217.0,0,0,0,0,0,1100.3046960000001
0,0,0,0,0,0,0,0,75217.0,0,0,0,0,0,1100.3046960000001
0,0,0,0,0,0,0,0,75217.0,0,0,0,0,0,1100.3046960000001
0,0,0,0,0,0,0,0,94122.0,0,0,0,0,0,1048.9307489999999
735905,0,0,0,0,0,0,0,10024.0,0,0,0,0,0,1686.6870739999995
0,0,0,0,0,0,0,0,10011.0,0,0,0,0,0,1747.7220079999993
0,0,0,0,0,0,0,0,10011.0,0,0,0,0,0,1747.7220079999993
0,736368,0,0,0,0,0,0,19140.0,0,0,0,0,0,1342.0374399999998
736304,0,0,0,0,0,0,0,19711.0,0,0,0,0,0,1272.1621039999998
736488,736518,0,0,0,0,0,0,10024.0,0,0,0,0,0,1476.0490659999996
737004,0,0,0,0,0,0,0,36830.0,0,0,0,0,0,1064.48408
736520,0,0,0,0,0,0,0,90049.0,0,0,0,0,0,1001.5896709999996
735819,0,0,0,0,0,0,0,94110.0,0,0,0,0,0,1053.6665669999998
735819,0,0,0,0,0,0,0,94110.0,0,0,0,0,0,1053.6665669999998
735819,0,0,0,0,0,0,0,94110.0,0,0,0,0,0,1053.6665669999998
0,0,0,0,0,0,0,0,27604.0,0,0,0,0,0,1253.799104
735966,735997,0,0,0,0,0,0,31204.0,0,0,0,0,0,1197.5945559999998
736214,0,0,0,0,0,0,0,37211.0,0,0,0,0,0,1055.9504200000001
0,0,0,0,0,0,0,0,37211.0,0,0,0,0,0,1159.0822960000003
0,0,0,0,0,0,0,0,19143.0,0,0,0,0,0,1365.6374599999995
0,0,0,0,0,0,0,0,19143.0,0,0,0,0,0,1365.6374599999995
0,0,0,0,0,0,0,0,19143.0,0,0,0,0,0,1365.6374599999995
0,0,0,0,0,0,0,0,19143.0,0,0,0,0,0,1365.6374599999995
0,0,0,0,0,0,0,0,19143.0,0,0,0,0,0,1365.6374599999995
736825,736978,0,0,0,0,0,0,75081.0,0,0,0,0,0,1082.4126999999999
0,0,0,0,0,0,0,0,8861.0,0,0,0,0,0,1742.9310379999993
0,0,0,0,0,0,0,0,32216.0,0,0,0,0,0,1194.7120960000002
736765,736826,0,0,0,0,0,0,32216.0,0,0,0,0,0,1040.6021
736246,0,0,0,0,0,0,0,2151.0,0,0,0,0,0,1594.3030899999999
736246,0,0,0,0,0,0,0,2151.0,0,0,0,0,0,1594.3030899999999
736246,0,0,0,0,0,0,0,2151.0,0,0,0,0,0,1594.3030899999999
0,0,0,0,0,0,0,0,39212.0,0,0,0,0,0,1157.8494960000003
736119,736241,0,0,0,0,0,0,28540.0,0,0,0,0,0,1086.038996
736341,736461,0,0,0,0,0,0,94122.0,0,0,0,0,0,1043.4359949999996
737039,0,0,0,0,0,0,0,43229.0,0,0,0,0,0,1249.1453319999998
737039,0,0,0,0,0,0,0,43229.0,0,0,0,0,0,1249.1453319999998
736756,736970,0,0,0,0,0,0,48127.0,0,0,0,0,0,1053.5189959999998
736756,736970,0,0,0,0,0,0,48127.0,0,0,0,0,0,1053.5189959999998
0,0,0,0,0,0,0,0,66212.0,0,0,0,0,0,1100.3046960000001
0,0,0,0,0,0,0,0,66212.0,0,0,0,0,0,1100.3046960000001
0,735727,0,0,0,0,0,0,87505.0,0,0,0,0,0,1073.0584679999997
736553,0,0,0,0,0,0,0,94110.0,0,0,0,0,0,1021.9896509999995
736553,0,0,0,0,0,0,0,94110.0,0,0,0,0,0,1021.9896509999995
736553,0,0,0,0,0,0,0,94110.0,0,0,0,0,0,1021.9896509999995
735783,735875,0,0,0,0,0,0,36608.0,0,0,0,0,0,1131.517514
0,0,0,0,0,0,0,0,22153.0,0,0,0,0,0,1330.8185939999996
0,0,0,0,0,0,0,0,22153.0,0,0,0,0,0,1330.8185939999996
0,0,0,0,0,0,0,0,22153.0,0,0,0,0,0,1330.8185939999996
0,0,0,0,0,0,0,0,19711.0,0,0,0,0,0,1365.6374599999995
0,0,0,0,0,0,0,0,28601.0,0,0,0,0,0,1216.254424
736823,737007,0,0,0,0,0,0,33311.0,0,0,0,0,0,1056.3814639999996
736001,736122,0,0,0,0,0,0,60188.0,0,0,0,0,0,1161.9804939999997
736001,736122,0,0,0,0,0,0,60188.0,0,0,0,0,0,1161.9804939999997
736001,736122,0,0,0,0,0,0,60188.0,0,0,0,0,0,1161.9804939999997
736001,736122,0,0,0,0,0,0,60188.0,0,0,0,0,0,1161.9804939999997
736001,736122,0,0,0,0,0,0,60188.0,0,0,0,0,0,1161.9804939999997
0,0,0,0,0,0,0,0,56301.0,0,0,0,0,0,1133.037544
0,0,0,0,0,0,0,0,56301.0,0,0,0,0,0,1133.037544
0,0,0,0,0,0,0,0,56301.0,0,0,0,0,0,1133.037544
736549,0,0,0,0,0,0,0,90036.0,0,0,0,0,0,1013.3158209999997
736549,0,0,0,0,0,0,0,90036.0,0,0,0,0,0,1013.3158209999997
736549,0,0,0,0,0,0,0,90036.0,0,0,0,0,0,1013.3158209999997
0,736398,0,0,0,0,0,0,36608.0,0,0,0,0,0,1156.0921520000002
0,736398,0,0,0,0,0,0,36608.0,0,0,0,0,0,1156.0921520000002
0,736398,0,0,0,0,0,0,36608.0,0,0,0,0,0,1156.0921520000002
736971,736971,0,0,0,0,0,0,78745.0,0,0,0,0,0,1028.7262079999998
736971,736971,0,0,0,0,0,0,78745.0,0,0,0,0,0,1028.7262079999998
0,0,0,0,0,0,0,0,10009.0,0,0,0,0,0,1742.9310379999993
0,0,0,0,0,0,0,0,75023.0,0,0,0,0,0,1100.3046960000001
0,0,0,0,0,0,0,0,75023.0,0,0,0,0,0,1100.3046960000001
0,0,0,0,0,0,0,0,75023.0,0,0,0,0,0,1100.3046960000001
0,0,0,0,0,0,0,0,75023.0,0,0,0,0,0,1100.3046960000001
0,0,0,0,0,0,0,0,75023.0,0,0,0,0,0,1100.3046960000001
0,0,0,0,0,0,0,0,75023.0,0,0,0,0,0,1100.3046960000001
0,0,0,0,0,0,0,0,75023.0,0,0,0,0,0,1100.3046960000001
736793,736854,0,0,0,0,0,0,60653.0,0,0,0,0,0,1072.300276
736793,736854,0,0,0,0,0,0,60653.0,0,0,0,0,0,1072.300276
736793,736854,0,0,0,0,0,0,60653.0,0,0,0,0,0,1072.300276
0,0,0,0,0,0,0,0,39212.0,0,0,0,0,0,1157.8494960000003
736580,736671,0,0,0,0,0,0,28314.0,0,0,0,0,0,1035.7713959999999
736580,736671,0,0,0,0,0,0,28314.0,0,0,0,0,0,1035.7713959999999
736580,736671,0,0,0,0,0,0,28314.0,0,0,0,0,0,1035.7713959999999
0,0,0,0,0,0,0,0,60505.0,0,0,0,0,0,1100.3046960000001
736241,0,0,0,0,0,0,0,95823.0,0,0,0,0,0,1031.1413009999997
0,0,0,0,0,0,0,0,50315.0,0,0,0,0,0,1151.4111720000003
0,0,0,0,0,0,0,0,50315.0,0,0,0,0,0,1151.4111720000003
736458,736611,0,0,0,0,0,0,92105.0,0,0,0,0,0,1030.0597729999995
0,0,0,0,0,0,0,0,75081.0,0,0,0,0,0,1100.3046960000001
736979,0,0,0,0,0,0,0,39212.0,0,0,0,0,0,1065.2388999999998
736979,0,0,0,0,0,0,0,39212.0,0,0,0,0,0,1065.2388999999998
736979,0,0,0,0,0,0,0,39212.0,0,0,0,0,0,1065.2388999999998
0,0,0,0,0,0,0,0,92024.0,0,0,0,0,0,1021.7960989999998
0,0,0,0,0,0,0,0,32839.0,0,0,0,0,0,1194.7120960000002
0,0,0,0,0,0,0,0,47905.0,0,0,0,0,0,1115.7379360000004
0,0,0,0,0,0,0,0,10035.0,0,0,0,0,0,1720.0015379999995
0,0,0,0,0,0,0,0,90049.0,0,0,0,0,0,1021.7960989999998
0,0,0,0,0,0,0,0,90049.0,0,0,0,0,0,1021.7960989999998
0,0,0,0,0,0,0,0,90049.0,0,0,0,0,0,1021.7960989999998
0,0,0,0,0,0,0,0,90049.0,0,0,0,0,0,1021.7960989999998
0,0,0,0,0,0,0,0,10024.0,0,0,0,0,0,1743.6276379999993
735846,735846,0,0,0,0,0,0,42420.0,0,0,0,0,0,1109.742798
735846,735846,0,0,0,0,0,0,42420.0,0,0,0,0,0,1109.742798
735846,735846,0,0,0,0,0,0,42420.0,0,0,0,0,0,1109.742798
735846,735846,0,0,0,0,0,0,42420.0,0,0,0,0,0,1109.742798
0,0,0,0,0,0,0,0,43229.0,0,0,0,0,0,1118.4940360000003
0,0,0,0,0,0,0,0,43229.0,0,0,0,0,0,1118.4940360000003
0,0,0,0,0,0,0,0,43229.0,0,0,0,0,0,1118.4940360000003
0,0,0,0,0,0,0,0,77840.0,0,0,0,0,0,1015.049928
0,0,0,0,0,0,0,0,77840.0,0,0,0,0,0,1015.049928
0,736705,0,0,0,0,0,0,40475.0,0,0,0,0,0,1083.5571520000003
0,736705,0,0,0,0,0,0,40475.0,0,0,0,0,0,1083.5571520000003
0,736705,0,0,0,0,0,0,40475.0,0,0,0,0,0,1083.5571520000003
0,736705,0,0,0,0,0,0,40475.0,0,0,0,0,0,1083.5571520000003
0,736364,0,0,0,0,0,0,60653.0,0,0,0,0,0,1145.900442
0,736364,0,0,0,0,0,0,60653.0,0,0,0,0,0,1145.900442
0,736364,0,0,0,0,0,0,60653.0,0,0,0,0,0,1145.900442
0,0,0,0,0,0,0,0,19120.0,0,0,0,0,0,1404.99292
0,0,0,0,0,0,0,0,90036.0,0,0,0,0,0,1034.961929
0,0,0,0,0,0,0,0,90036.0,0,0,0,0,0,1034.961929
736706,736826,0,0,0,0,0,0,90008.0,0,0,0,0,0,1031.5290969999996
736706,736826,0,0,0,0,0,0,90008.0,0,0,0,0,0,1031.5290969999996
736886,737039,0,0,0,0,0,0,94122.0,0,0,0,0,0,1077.2283909999996
736886,737039,0,0,0,0,0,0,94122.0,0,0,0,0,0,1077.2283909999996
736793,736946,0,0,0,0,0,0,44312.0,0,0,0,0,0,1045.6519199999998
736793,736946,0,0,0,0,0,0,44312.0,0,0,0,0,0,1045.6519199999998
736793,736946,0,0,0,0,0,0,44312.0,0,0,0,0,0,1045.6519199999998
736793,736946,0,0,0,0,0,0,44312.0,0,0,0,0,0,1045.6519199999998
736395,736487,0,0,0,0,0,0,90049.0,0,0,0,0,0,1036.0626529999997
736395,736487,0,0,0,0,0,0,90049.0,0,0,0,0,0,1036.0626529999997
736884,0,0,0,0,0,0,0,64055.0,0,0,0,0,0,1067.610392
736581,0,0,0,0,0,0,0,75220.0,0,0,0,0,0,1061.7147320000001
736760,736760,0,0,0,0,0,0,98105.0,0,0,0,0,0,1022.1790289999999
736760,736760,0,0,0,0,0,0,98105.0,0,0,0,0,0,1022.1790289999999
736760,736760,0,0,0,0,0,0,98105.0,0,0,0,0,0,1022.1790289999999
736760,736760,0,0,0,0,0,0,98105.0,0,0,0,0,0,1022.1790289999999
0,736791,0,0,0,0,0,0,75150.0,0,0,0,0,0,1086.377846
736883,737036,0,0,0,0,0,0,11561.0,0,0,0,0,0,1466.9582859999998
736883,737036,0,0,0,0,0,0,11561.0,0,0,0,0,0,1466.9582859999998
0,0,0,0,0,0,0,0,33161.0,0,0,0,0,0,1194.7120960000002
736516,736639,0,0,0,0,0,0,93309.0,0,0,0,0,0,1014.9353769999997
736516,736639,0,0,0,0,0,0,93309.0,0,0,0,0,0,1014.9353769999997
0,0,0,0,0,0,0,0,39212.0,0,0,0,0,0,1157.8494960000003
0,0,0,0,0,0,0,0,39212.0,0,0,0,0,0,1157.8494960000003
0,0,0,0,0,0,0,0,39212.0,0,0,0,0,0,1157.8494960000003
736704,736885,0,0,0,0,0,0,68025.0,0,0,0,0,0,1081.5857919999999
736249,0,0,0,0,0,0,0,49201.0,0,0,0,0,0,1069.168232
736249,0,0,0,0,0,0,0,49201.0,0,0,0,0,0,1069.168232
736249,0,0,0,0,0,0,0,49201.0,0,0,0,0,0,1069.168232
736249,0,0,0,0,0,0,0,49201.0,0,0,0,0,0,1069.168232
736762,736915,0,0,0,0,0,0,94122.0,0,0,0,0,0,1041.9937989999996
0,0,0,0,0,0,0,0,43130.0,0,0,0,0,0,1118.4940360000003
0,0,0,0,0,0,0,0,70506.0,0,0,0,0,0,1100.3046960000001
0,0,0,0,0,0,0,0,40475.0,0,0,0,0,0,1118.4940360000003
0,0,0,0,0,0,0,0,40475.0,0,0,0,0,0,1118.4940360000003
0,0,0,0,0,0,0,0,77070.0,0,0,0,0,0,1070.2188320000002
736461,736522,0,0,0,0,0,0,10024.0,0,0,0,0,0,1476.0490659999996
736642,0,0,0,0,0,0,0,43615.0,0,0,0,0,0,1061.3704399999997
736642,0,0,0,0,0,0,0,43615.0,0,0,0,0,0,1061.3704399999997
736949,0,0,0,0,0,0,0,19143.0,0,0,0,0,0,1240.659514
735850,0,0,0,0,0,0,0,19140.0,0,0,0,0,0,1362.7533439999997
735850,0,0,0,0,0,0,0,19140.0,0,0,0,0,0,1362.7533439999997
735850,0,0,0,0,0,0,0,19140.0,0,0,0,0,0,1362.7533439999997
735850,0,0,0,0,0,0,0,19140.0,0,0,0,0,0,1362.7533439999997
0,0,0,0,0,0,0,0,80219.0,0,0,0,0,0,1014.861718
0,0,0,0,0,0,0,0,19143.0,0,0,0,0,0,1365.6374599999995
0,0,0,0,0,0,0,0,19143.0,0,0,0,0,0,1365.6374599999995
0,0,0,0,0,0,0,0,21044.0,0,0,0,0,0,1362.1825639999995
0,0,0,0,0,0,0,0,21044.0,0,0,0,0,0,1362.1825639999995
0,0,0,0,0,0,0,0,21044.0,0,0,0,0,0,1362.1825639999995
736666,0,0,0,0,0,0,0,10024.0,0,0,0,0,0,1582.3723499999999
0,0,0,0,0,0,0,0,10035.0,0,0,0,0,0,1720.0015379999995
0,735662,0,0,0,0,0,0,43055.0,0,0,0,0,0,1150.3329600000002
0,735662,0,0,0,0,0,0,43055.0,0,0,0,0,0,1150.3329600000002
0,735662,0,0,0,0,0,0,43055.0,0,0,0,0,0,1150.3329600000002
0,736341,0,0,0,0,0,0,75217.0,0,0,0,0,0,1145.064662
736035,736188,0,0,0,0,0,0,19134.0,0,0,0,0,0,1309.4289279999998
736035,736188,0,0,0,0,0,0,19134.0,0,0,0,0,0,1309.4289279999998
0,0,0,0,0,0,0,0,78207.0,0,0,0,0,0,1014.0066380000001
0,0,0,0,0,0,0,0,78207.0,0,0,0,0,0,1014.0066380000001
736458,736581,0,0,0,0,0,0,19120.0,0,0,0,0,0,1288.8775439999997
736793,736915,0,0,0,0,0,0,90004.0,0,0,0,0,0,1050.6136969999995
736793,736915,0,0,0,0,0,0,90004.0,0,0,0,0,0,1050.6136969999995
736793,736915,0,0,0,0,0,0,90004.0,0,0,0,0,0,1050.6136969999995
0,0,0,0,0,0,0,0,37167.0,0,0,0,0,0,1159.0822960000003
0,0,0,0,0,0,0,0,37167.0,0,0,0,0,0,1159.0822960000003
0,0,0,0,0,0,0,0,31204.0,0,0,0,0,0,1194.7120960000002
0,0,0,0,0,0,0,0,31204.0,0,0,0,0,0,1194.7120960000002
0,0,0,0,0,0,0,0,94109.0,0,0,0,0,0,1038.179099
0,0,0,0,0,0,0,0,94109.0,0,0,0,0,0,1038.179099
0,0,0,0,0,0,0,0,94109.0,0,0,0,0,0,1038.179099
0,0,0,0,0,0,0,0,94109.0,0,0,0,0,0,1038.179099
735849,0,0,0,0,0,0,0,98103.0,0,0,0,0,0,1070.820317
0,0,0,0,0,0,0,0,43229.0,0,0,0,0,0,1118.4940360000003
0,0,0,0,0,0,0,0,43229.0,0,0,0,0,0,1118.4940360000003
736758,736911,0,0,0,0,0,0,90004.0,0,0,0,0,0,1050.6136969999995
736758,736911,0,0,0,0,0,0,90004.0,0,0,0,0,0,1050.6136969999995
736613,0,0,0,0,0,0,0,45503.0,0,0,0,0,0,1058.899316
736613,0,0,0,0,0,0,0,45503.0,0,0,0,0,0,1058.899316
736613,0,0,0,0,0,0,0,45503.0,0,0,0,0,0,1058.899316
736613,0,0,0,0,0,0,0,45503.0,0,0,0,0,0,1058.899316
736613,0,0,0,0,0,0,0,45503.0,0,0,0,0,0,1058.899316
736613,0,0,0,0,0,0,0,45503.0,0,0,0,0,0,1058.899316
736613,0,0,0,0,0,0,0,45503.0,0,0,0,0,0,1058.899316
736613,0,0,0,0,0,0,0,45503.0,0,0,0,0,0,1058.899316
736613,0,0,0,0,0,0,0,45503.0,0,0,0,0,0,1058.899316
0,0,0,0,0,0,0,0,90008.0,0,0,0,0,0,1030.255799
0,0,0,0,0,0,0,0,90008.0,0,0,0,0,0,1030.255799
0,0,0,0,0,0,0,0,90008.0,0,0,0,0,0,1030.255799
0,0,0,0,0,0,0,0,90008.0,0,0,0,0,0,1030.255799
0,0,0,0,0,0,0,0,90045.0,0,0,0,0,0,1021.7960989999998
0,0,0,0,0,0,0,0,90045.0,0,0,0,0,0,1021.7960989999998
0,0,0,0,0,0,0,0,38109.0,0,0,0,0,0,1159.0822960000003
0,0,0,0,0,0,0,0,38109.0,0,0,0,0,0,1159.0822960000003
736949,737010,0,0,0,0,0,0,48234.0,0,0,0,0,0,1051.4917959999998
736949,737010,0,0,0,0,0,0,48234.0,0,0,0,0,0,1051.4917959999998
736949,737010,0,0,0,0,0,0,48234.0,0,0,0,0,0,1051.4917959999998
736949,737010,0,0,0,0,0,0,48234.0,0,0,0,0,0,1051.4917959999998
0,736823,0,0,0,0,0,0,46226.0,0,0,0,0,0,1078.3181400000003
0,0,0,0,0,0,0,0,32216.0,0,0,0,0,0,1194.7120960000002
736915,0,0,0,0,0,0,0,43017.0,0,0,0,0,0,1065.2388999999998
736301,0,0,0,0,0,0,0,33317.0,0,0,0,0,0,1093.25944
736301,0,0,0,0,0,0,0,33317.0,0,0,0,0,0,1093.25944
736301,0,0,0,0,0,0,0,33317.0,0,0,0,0,0,1093.25944
0,0,0,0,0,0,0,0,85301.0,0,0,0,0,0,1006.5456479999999
0,0,0,0,0,0,0,0,49201.0,0,0,0,0,0,1127.0040120000003
736760,736944,0,0,0,0,0,0,2169.0,0,0,0,0,0,1412.0716359999997
736760,736944,0,0,0,0,0,0,2169.0,0,0,0,0,0,1412.0716359999997
735822,0,0,0,0,0,0,0,97301.0,0,0,0,0,0,1063.5638169999997
735822,0,0,0,0,0,0,0,97301.0,0,0,0,0,0,1063.5638169999997
735822,0,0,0,0,0,0,0,97301.0,0,0,0,0,0,1063.5638169999997
735822,0,0,0,0,0,0,0,97301.0,0,0,0,0,0,1063.5638169999997
735822,0,0,0,0,0,0,0,97301.0,0,0,0,0,0,1063.5638169999997
735822,0,0,0,0,0,0,0,97301.0,0,0,0,0,0,1063.5638169999997
735822,0,0,0,0,0,0,0,97301.0,0,0,0,0,0,1063.5638169999997
735822,0,0,0,0,0,0,0,97301.0,0,0,0,0,0,1063.5638169999997
736545,0,0,0,0,0,0,0,45373.0,0,0,0,0,0,1058.899316
736545,0,0,0,0,0,0,0,45373.0,0,0,0,0,0,1058.899316
736856,737009,0,0,0,0,0,0,19143.0,0,0,0,0,0,1200.6694819999998
736856,737009,0,0,0,0,0,0,19143.0,0,0,0,0,0,1200.6694819999998
736096,736219,0,0,0,0,0,0,92105.0,0,0,0,0,0,1040.0717949999996
736214,0,0,0,0,0,0,0,20735.0,0,0,0,0,0,1271.161608
736214,0,0,0,0,0,0,0,20735.0,0,0,0,0,0,1271.161608
736214,0,0,0,0,0,0,0,20735.0,0,0,0,0,0,1271.161608
736214,0,0,0,0,0,0,0,20735.0,0,0,0,0,0,1271.161608
736214,0,0,0,0,0,0,0,20735.0,0,0,0,0,0,1271.161608
736214,0,0,0,0,0,0,0,20735.0,0,0,0,0,0,1271.161608
736214,0,0,0,0,0,0,0,20735.0,0,0,0,0,0,1271.161608
736214,0,0,0,0,0,0,0,20735.0,0,0,0,0,0,1271.161608
736214,0,0,0,0,0,0,0,20735.0,0,0,0,0,0,1271.161608
0,0,0,0,0,0,0,0,92503.0,0,0,0,0,0,1027.027459
0,0,0,0,0,0,0,0,34952.0,0,0,0,0,0,1194.7120960000002
736731,736820,0,0,0,0,0,0,85204.0,0,0,0,0,0,1006.7623799999997
736731,736820,0,0,0,0,0,0,85204.0,0,0,0,0,0,1006.7623799999997
0,736005,0,0,0,0,0,0,80219.0,0,0,0,0,0,1069.09703
0,736005,0,0,0,0,0,0,80219.0,0,0,0,0,0,1069.09703
0,736005,0,0,0,0,0,0,80219.0,0,0,0,0,0,1069.09703
0,736005,0,0,0,0,0,0,80219.0,0,0,0,0,0,1069.09703
0,0,0,0,0,0,0,0,22153.0,0,0,0,0,0,1330.8185939999996
0,0,0,0,0,0,0,0,22153.0,0,0,0,0,0,1330.8185939999996
0,0,0,0,0,0,0,0,22153.0,0,0,0,0,0,1330.8185939999996
0,0,0,0,0,0,0,0,98115.0,0,0,0,0,0,1056.132109
0,0,0,0,0,0,0,0,85281.0,0,0,0,0,0,1006.5456479999999
0,0,0,0,0,0,0,0,10701.0,0,0,0,0,0,1720.0015379999995
0,0,0,0,0,0,0,0,14609.0,0,0,0,0,0,2048.773129999999
736573,0,0,0,0,0,0,0,43615.0,0,0,0,0,0,1061.3704399999997
0,0,0,0,0,0,0,0,35601.0,0,0,0,0,0,1194.7120960000002
0,0,0,0,0,0,0,0,35601.0,0,0,0,0,0,1194.7120960000002
0,0,0,0,0,0,0,0,35601.0,0,0,0,0,0,1194.7120960000002
0,0,0,0,0,0,0,0,35601.0,0,0,0,0,0,1194.7120960000002
0,0,0,0,0,0,0,0,75220.0,0,0,0,0,0,1100.3046960000001
0,0,0,0,0,0,0,0,75150.0,0,0,0,0,0,1100.3046960000001
0,0,0,0,0,0,0,0,75150.0,0,0,0,0,0,1100.3046960000001
0,0,0,0,0,0,0,0,75150.0,0,0,0,0,0,1100.3046960000001
0,0,0,0,0,0,0,0,90045.0,0,0,0,0,0,1021.7960989999998
0,0,0,0,0,0,0,0,90045.0,0,0,0,0,0,1021.7960989999998
0,0,0,0,0,0,0,0,98103.0,0,0,0,0,0,1048.076349
0,0,0,0,0,0,0,0,98103.0,0,0,0,0,0,1048.076349
735822,735883,0,0,0,0,0,0,98502.0,0,0,0,0,0,1102.1042349999998
735822,735883,0,0,0,0,0,0,98502.0,0,0,0,0,0,1102.1042349999998
0,736731,0,0,0,0,0,0,68104.0,0,0,0,0,0,1091.343458
0,0,0,0,0,0,0,0,31907.0,0,0,0,0,0,1194.7120960000002
0,0,0,0,0,0,0,0,31907.0,0,0,0,0,0,1194.7120960000002
0,0,0,0,0,0,0,0,47201.0,0,0,0,0,0,1115.7379360000004
0,0,0,0,0,0,0,0,39212.0,0,0,0,0,0,1157.8494960000003
0,0,0,0,0,0,0,0,39212.0,0,0,0,0,0,1157.8494960000003
0,0,0,0,0,0,0,0,77070.0,0,0,0,0,0,1070.2188320000002
0,736055,0,0,0,0,0,0,85023.0,0,0,0,0,0,1069.9601899999998
736757,736818,0,0,0,0,0,0,60653.0,0,0,0,0,0,1061.868576
0,736726,0,0,0,0,0,0,80219.0,0,0,0,0,0,1019.4680060000001
736455,736639,0,0,0,0,0,0,19711.0,0,0,0,0,0,1222.7612239999999
736455,736639,0,0,0,0,0,0,19711.0,0,0,0,0,0,1222.7612239999999
736455,736639,0,0,0,0,0,0,19711.0,0,0,0,0,0,1222.7612239999999
0,0,0,0,0,0,0,0,20735.0,0,0,0,0,0,1362.1825639999995
0,0,0,0,0,0,0,0,20735.0,0,0,0,0,0,1362.1825639999995
0,0,0,0,0,0,0,0,20735.0,0,0,0,0,0,1362.1825639999995
0,0,0,0,0,0,0,0,20735.0,0,0,0,0,0,1362.1825639999995
0,0,0,0,0,0,0,0,20735.0,0,0,0,0,0,1362.1825639999995
736848,737001,0,0,0,0,0,0,10011.0,0,0,0,0,0,1423.8040759999997
736848,737001,0,0,0,0,0,0,10011.0,0,0,0,0,0,1423.8040759999997
0,0,0,0,0,0,0,0,19711.0,0,0,0,0,0,1365.6374599999995
0,0,0,0,0,0,0,0,19711.0,0,0,0,0,0,1365.6374599999995
736584,0,0,0,0,0,0,0,49201.0,0,0,0,0,0,1066.713832
736584,0,0,0,0,0,0,0,49201.0,0,0,0,0,0,1066.713832
736584,0,0,0,0,0,0,0,49201.0,0,0,0,0,0,1066.713832
0,0,0,0,0,0,0,0,10011.0,0,0,0,0,0,1747.7220079999993
0,0,0,0,0,0,0,0,10011.0,0,0,0,0,0,1747.7220079999993
0,0,0,0,0,0,0,0,10011.0,0,0,0,0,0,1747.7220079999993
0,0,0,0,0,0,0,0,29730.0,0,0,0,0,0,1216.254424
0,0,0,0,0,0,0,0,31907.0,0,0,0,0,0,1194.7120960000002
0,0,0,0,0,0,0,0,31907.0,0,0,0,0,0,1194.7120960000002
0,0,0,0,0,0,0,0,90301.0,0,0,0,0,0,1021.7960989999998
0,0,0,0,0,0,0,0,90301.0,0,0,0,0,0,1021.7960989999998
0,0,0,0,0,0,0,0,90301.0,0,0,0,0,0,1021.7960989999998
0,0,0,0,0,0,0,0,90301.0,0,0,0,0,0,1021.7960989999998
0,0,0,0,0,0,0,0,90301.0,0,0,0,0,0,1021.7960989999998
0,0,0,0,0,0,0,0,90301.0,0,0,0,0,0,1021.7960989999998
0,0,0,0,0,0,0,0,90301.0,0,0,0,0,0,1021.7960989999998
0,0,0,0,0,0,0,0,90301.0,0,0,0,0,0,1021.7960989999998
736391,736483,0,0,0,0,0,0,79762.0,0,0,0,0,0,1020.3355759999996
736391,736483,0,0,0,0,0,0,79762.0,0,0,0,0,0,1020.3355759999996
0,736422,0,0,0,0,0,0,43055.0,0,0,0,0,0,1125.0142720000001
0,0,0,0,0,0,0,0,90049.0,0,0,0,0,0,1021.7960989999998
0,0,0,0,0,0,0,0,90049.0,0,0,0,0,0,1021.7960989999998
0,0,0,0,0,0,0,0,90049.0,0,0,0,0,0,1021.7960989999998
737033,0,0,0,0,0,0,0,2149.0,0,0,0,0,0,1717.9249399999994
0,0,0,0,0,0,0,0,53214.0,0,0,0,0,0,1137.4537320000002
0,0,0,0,0,0,0,0,53214.0,0,0,0,0,0,1137.4537320000002
0,736728,0,0,0,0,0,0,60623.0,0,0,0,0,0,1093.0842540000003
0,0,0,0,0,0,0,0,77036.0,0,0,0,0,0,1108.4913520000002
0,0,0,0,0,0,0,0,77036.0,0,0,0,0,0,1108.4913520000002
736188,736249,0,0,0,0,0,0,77036.0,0,0,0,0,0,1132.1517780000001
0,0,0,0,0,0,0,0,33012.0,0,0,0,0,0,1194.7120960000002
0,0,0,0,0,0,0,0,33012.0,0,0,0,0,0,1194.7120960000002
0,0,0,0,0,0,0,0,94122.0,0,0,0,0,0,1048.9307489999999
736668,0,0,0,0,0,0,0,19140.0,0,0,0,0,0,1255.384284
735757,735910,0,0,0,0,0,0,29203.0,0,0,0,0,0,1179.0963219999999
735906,0,0,0,0,0,0,0,33180.0,0,0,0,0,0,1172.256536
735906,0,0,0,0,0,0,0,33180.0,0,0,0,0,0,1172.256536
735906,0,0,0,0,0,0,0,33180.0,0,0,0,0,0,1172.256536
735906,0,0,0,0,0,0,0,33180.0,0,0,0,0,0,1172.256536
736028,736181,0,0,0,0,0,0,91911.0,0,0,0,0,0,1074.6111109999995
0,736737,0,0,0,0,0,0,33180.0,0,0,0,0,0,1135.3924760000002
0,0,0,0,0,0,0,0,10035.0,0,0,0,0,0,1720.0015379999995
0,0,0,0,0,0,0,0,66502.0,0,0,0,0,0,1100.3046960000001
736214,0,0,0,0,0,0,0,19120.0,0,0,0,0,0,1313.9719639999998
0,0,0,0,0,0,0,0,38109.0,0,0,0,0,0,1159.0822960000003
0,0,0,0,0,0,0,0,38109.0,0,0,0,0,0,1159.0822960000003
0,736792,0,0,0,0,0,0,33311.0,0,0,0,0,0,1136.6252760000002
0,0,0,0,0,0,0,0,43229.0,0,0,0,0,0,1118.4940360000003
0,736430,0,0,0,0,0,0,90045.0,0,0,0,0,0,1075.4769009999998
736428,736581,0,0,0,0,0,0,77041.0,0,0,0,0,0,1073.2917719999998
736428,736581,0,0,0,0,0,0,77041.0,0,0,0,0,0,1073.2917719999998
0,0,0,0,0,0,0,0,68104.0,0,0,0,0,0,1100.3046960000001
735725,735909,0,0,0,0,0,0,90004.0,0,0,0,0,0,1083.2728049999996
0,0,0,0,0,0,0,0,16602.0,0,0,0,0,0,1504.9355999999998
0,0,0,0,0,0,0,0,16602.0,0,0,0,0,0,1504.9355999999998
0,735975,0,0,0,0,0,0,10024.0,0,0,0,0,0,1691.259557999999
0,735631,0,0,0,0,0,0,92037.0,0,0,0,0,0,1064.9295029999996
0,735631,0,0,0,0,0,0,92037.0,0,0,0,0,0,1064.9295029999996
0,735631,0,0,0,0,0,0,92037.0,0,0,0,0,0,1064.9295029999996
0,0,0,0,0,0,0,0,33178.0,0,0,0,0,0,1194.7120960000002
736795,736825,0,0,0,0,0,0,27405.0,0,0,0,0,0,1078.14678
736795,736825,0,0,0,0,0,0,27405.0,0,0,0,0,0,1078.14678
0,0,0,0,0,0,0,0,28540.0,0,0,0,0,0,1216.254424
0,0,0,0,0,0,0,0,28540.0,0,0,0,0,0,1216.254424
0,0,0,0,0,0,0,0,28540.0,0,0,0,0,0,1216.254424
0,0,0,0,0,0,0,0,28540.0,0,0,0,0,0,1216.254424
0,0,0,0,0,0,0,0,28540.0,0,0,0,0,0,1216.254424
0,0,0,0,0,0,0,0,28540.0,0,0,0,0,0,1216.254424
736309,0,0,0,0,0,0,0,33317.0,0,0,0,0,0,1090.80504
736309,0,0,0,0,0,0,0,33317.0,0,0,0,0,0,1090.80504
736309,0,0,0,0,0,0,0,33317.0,0,0,0,0,0,1090.80504
736309,0,0,0,0,0,0,0,33317.0,0,0,0,0,0,1090.80504
736309,0,0,0,0,0,0,0,33317.0,0,0,0,0,0,1090.80504
736309,0,0,0,0,0,0,0,33317.0,0,0,0,0,0,1090.80504
736817,736817,0,0,0,0,0,0,53209.0,0,0,0,0,0,1036.9197319999998
736095,736218,0,0,0,0,0,0,62301.0,0,0,0,0,0,1099.2606479999997
736548,736548,0,0,0,0,0,0,32216.0,0,0,0,0,0,1067.125396
736548,736548,0,0,0,0,0,0,32216.0,0,0,0,0,0,1067.125396
0,0,0,0,0,0,0,0,36608.0,0,0,0,0,0,1159.0822960000003
0,0,0,0,0,0,0,0,36608.0,0,0,0,0,0,1159.0822960000003
0,0,0,0,0,0,0,0,36608.0,0,0,0,0,0,1159.0822960000003
736947,0,0,0,0,0,0,0,10024.0,0,0,0,0,0,1599.2932999999998
736947,0,0,0,0,0,0,0,10024.0,0,0,0,0,0,1599.2932999999998
736947,0,0,0,0,0,0,0,10024.0,0,0,0,0,0,1599.2932999999998
736947,0,0,0,0,0,0,0,10024.0,0,0,0,0,0,1599.2932999999998
0,0,0,0,0,0,0,0,10011.0,0,0,0,0,0,1747.7220079999993
0,0,0,0,0,0,0,0,10011.0,0,0,0,0,0,1747.7220079999993
0,0,0,0,0,0,0,0,10011.0,0,0,0,0,0,1747.7220079999993
735789,735942,0,0,0,0,0,0,75217.0,0,0,0,0,0,1152.526958
736880,737003,0,0,0,0,0,0,48234.0,0,0,0,0,0,1051.4917959999998
736880,737003,0,0,0,0,0,0,48234.0,0,0,0,0,0,1051.4917959999998
736880,737003,0,0,0,0,0,0,48234.0,0,0,0,0,0,1051.4917959999998
736880,737003,0,0,0,0,0,0,48234.0,0,0,0,0,0,1051.4917959999998
0,0,0,0,0,0,0,0,19901.0,0,0,0,0,0,1365.6374599999995
0,0,0,0,0,0,0,0,19901.0,0,0,0,0,0,1365.6374599999995
0,0,0,0,0,0,0,0,43229.0,0,0,0,0,0,1118.4940360000003
0,0,0,0,0,0,0,0,43229.0,0,0,0,0,0,1118.4940360000003
735814,0,0,0,0,0,0,0,85301.0,0,0,0,0,0,1022.0331159999998
735814,0,0,0,0,0,0,0,85301.0,0,0,0,0,0,1022.0331159999998
0,735637,0,0,0,0,0,0,89031.0,0,0,0,0,0,1073.0584679999997
0,735637,0,0,0,0,0,0,89031.0,0,0,0,0,0,1073.0584679999997
0,735637,0,0,0,0,0,0,89031.0,0,0,0,0,0,1073.0584679999997
0,735637,0,0,0,0,0,0,89031.0,0,0,0,0,0,1073.0584679999997
735816,735938,0,0,0,0,0,0,37620.0,0,0,0,0,0,1131.517514
0,0,0,0,0,0,0,0,90049.0,0,0,0,0,0,1021.7960989999998
0,0,0,0,0,0,0,0,90049.0,0,0,0,0,0,1021.7960989999998
0,0,0,0,0,0,0,0,90049.0,0,0,0,0,0,1021.7960989999998
0,0,0,0,0,0,0,0,90049.0,0,0,0,0,0,1021.7960989999998
0,0,0,0,0,0,0,0,90049.0,0,0,0,0,0,1021.7960989999998
0,0,0,0,0,0,0,0,48187.0,0,0,0,0,0,1131.1612920000002
0,0,0,0,0,0,0,0,72701.0,0,0,0,0,0,1100.3046960000001
0,0,0,0,0,0,0,0,72701.0,0,0,0,0,0,1100.3046960000001
736066,736219,0,0,0,0,0,0,65807.0,0,0,0,0,0,1104.8854519999998
0,0,0,0,0,0,0,0,2169.0,0,0,0,0,0,1749.7338779999993
0,0,0,0,0,0,0,0,61107.0,0,0,0,0,0,1100.3046960000001
736851,736973,0,0,0,0,0,0,94122.0,0,0,0,0,0,1040.6046869999998
736851,736973,0,0,0,0,0,0,94122.0,0,0,0,0,0,1040.6046869999998
0,0,0,0,0,0,0,0,78207.0,0,0,0,0,0,1014.0066380000001
0,0,0,0,0,0,0,0,78207.0,0,0,0,0,0,1014.0066380000001
0,0,0,0,0,0,0,0,78207.0,0,0,0,0,0,1014.0066380000001
0,0,0,0,0,0,0,0,80229.0,0,0,0,0,0,1014.861718
0,0,0,0,0,0,0,0,60653.0,0,0,0,0,0,1100.3046960000001
0,0,0,0,0,0,0,0,60653.0,0,0,0,0,0,1100.3046960000001
735662,735876,0,0,0,0,0,0,10701.0,0,0,0,0,0,1645.2281939999996
735662,735876,0,0,0,0,0,0,10701.0,0,0,0,0,0,1645.2281939999996
0,0,0,0,0,0,0,0,92037.0,0,0,0,0,0,1021.7960989999998
0,736035,0,0,0,0,0,0,61821.0,0,0,0,0,0,1166.490848
0,0,0,0,0,0,0,0,94122.0,0,0,0,0,0,1048.9307489999999
0,0,0,0,0,0,0,0,46226.0,0,0,0,0,0,1115.7379360000004
0,0,0,0,0,0,0,0,92105.0,0,0,0,0,0,1027.027459
0,0,0,0,0,0,0,0,92105.0,0,0,0,0,0,1027.027459
0,0,0,0,0,0,0,0,92105.0,0,0,0,0,0,1027.027459
0,0,0,0,0,0,0,0,92105.0,0,0,0,0,0,1027.027459
0,0,0,0,0,0,0,0,92105.0,0,0,0,0,0,1027.027459
0,0,0,0,0,0,0,0,92105.0,0,0,0,0,0,1027.027459
736458,736519,0,0,0,0,0,0,37604.0,0,0,0,0,0,1041.970496
736458,736519,0,0,0,0,0,0,37604.0,0,0,0,0,0,1041.970496
736458,736519,0,0,0,0,0,0,37604.0,0,0,0,0,0,1041.970496
736458,736519,0,0,0,0,0,0,37604.0,0,0,0,0,0,1041.970496
0,736371,0,0,0,0,0,0,33614.0,0,0,0,0,0,1184.0919520000002
735722,735783,0,0,0,0,0,0,62521.0,0,0,0,0,0,1130.023984
735722,735783,0,0,0,0,0,0,62521.0,0,0,0,0,0,1130.023984
0,0,0,0,0,0,0,0,85234.0,0,0,0,0,0,1006.5456479999999
0,0,0,0,0,0,0,0,85234.0,0,0,0,0,0,1006.5456479999999
0,0,0,0,0,0,0,0,85234.0,0,0,0,0,0,1006.5456479999999
0,0,0,0,0,0,0,0,85234.0,0,0,0,0,0,1006.5456479999999
735725,735939,0,0,0,0,0,0,37918.0,0,0,0,0,0,1131.517514
0,736727,0,0,0,0,0,0,60653.0,0,0,0,0,0,1093.0842540000003
736391,736544,0,0,0,0,0,0,47401.0,0,0,0,0,0,1043.922232
735635,735755,0,0,0,0,0,0,30076.0,0,0,0,0,0,1173.5722619999997
735635,735755,0,0,0,0,0,0,30076.0,0,0,0,0,0,1173.5722619999997
735635,735755,0,0,0,0,0,0,30076.0,0,0,0,0,0,1173.5722619999997
0,0,0,0,0,0,0,0,90036.0,0,0,0,0,0,1034.961929
0,0,0,0,0,0,0,0,90036.0,0,0,0,0,0,1034.961929
0,0,0,0,0,0,0,0,90036.0,0,0,0,0,0,1034.961929
736613,0,0,0,0,0,0,0,77036.0,0,0,0,0,0,1068.804532
0,0,0,0,0,0,0,0,60440.0,0,0,0,0,0,1100.3046960000001
736699,736819,0,0,0,0,0,0,71854.0,0,0,0,0,0,1065.813436
736887,737040,0,0,0,0,0,0,78207.0,0,0,0,0,0,1057.1252019999997
736887,737040,0,0,0,0,0,0,78207.0,0,0,0,0,0,1057.1252019999997
0,736796,0,0,0,0,0,0,78539.0,0,0,0,0,0,1019.5375540000001
736887,736949,0,0,0,0,0,0,43615.0,0,0,0,0,0,1030.8780239999999
736024,736177,0,0,0,0,0,0,77520.0,0,0,0,0,0,1112.0895439999997
0,0,0,0,0,0,0,0,19143.0,0,0,0,0,0,1365.6374599999995
736004,736155,0,0,0,0,0,0,90045.0,0,0,0,0,0,1113.3801149999995
736088,736241,0,0,0,0,0,0,19143.0,0,0,0,0,0,1270.0734679999996
736088,736241,0,0,0,0,0,0,19143.0,0,0,0,0,0,1270.0734679999996
736088,736241,0,0,0,0,0,0,19143.0,0,0,0,0,0,1270.0734679999996
736088,736241,0,0,0,0,0,0,19143.0,0,0,0,0,0,1270.0734679999996
736088,736241,0,0,0,0,0,0,19143.0,0,0,0,0,0,1270.0734679999996
736088,736241,0,0,0,0,0,0,19143.0,0,0,0,0,0,1270.0734679999996
736088,736241,0,0,0,0,0,0,19143.0,0,0,0,0,0,1270.0734679999996
736088,736241,0,0,0,0,0,0,19143.0,0,0,0,0,0,1270.0734679999996
736820,736851,0,0,0,0,0,0,77581.0,0,0,0,0,0,1001.1174539999997
0,0,0,0,0,0,0,0,10035.0,0,0,0,0,0,1720.0015379999995
0,0,0,0,0,0,0,0,10035.0,0,0,0,0,0,1720.0015379999995
0,0,0,0,0,0,0,0,85023.0,0,0,0,0,0,1005.7666279999999
0,0,0,0,0,0,0,0,85023.0,0,0,0,0,0,1005.7666279999999
0,0,0,0,0,0,0,0,85023.0,0,0,0,0,0,1005.7666279999999
0,0,0,0,0,0,0,0,85023.0,0,0,0,0,0,1005.7666279999999
0,0,0,0,0,0,0,0,85023.0,0,0,0,0,0,1005.7666279999999
735975,736157,0,0,0,0,0,0,23320.0,0,0,0,0,0,1301.0216879999998
735975,736157,0,0,0,0,0,0,23320.0,0,0,0,0,0,1301.0216879999998
0,736367,0,0,0,0,0,0,60610.0,0,0,0,0,0,1145.900442
0,736703,0,0,0,0,0,0,60623.0,0,0,0,0,0,1101.2642460000002
0,736703,0,0,0,0,0,0,60623.0,0,0,0,0,0,1101.2642460000002
0,0,0,0,0,0,0,0,98103.0,0,0,0,0,0,1048.076349
0,0,0,0,0,0,0,0,98103.0,0,0,0,0,0,1048.076349
0,0,0,0,0,0,0,0,98103.0,0,0,0,0,0,1048.076349
0,0,0,0,0,0,0,0,98103.0,0,0,0,0,0,1048.076349
0,0,0,0,0,0,0,0,78550.0,0,0,0,0,0,1016.702718
0,0,0,0,0,0,0,0,78550.0,0,0,0,0,0,1016.702718
0,0,0,0,0,0,0,0,78550.0,0,0,0,0,0,1016.702718
0,736369,0,0,0,0,0,0,19140.0,0,0,0,0,0,1342.0374399999998
0,736369,0,0,0,0,0,0,19140.0,0,0,0,0,0,1342.0374399999998
736734,736915,0,0,0,0,0,0,93309.0,0,0,0,0,0,1031.2421489999997
736734,736915,0,0,0,0,0,0,93309.0,0,0,0,0,0,1031.2421489999997
736734,736915,0,0,0,0,0,0,93309.0,0,0,0,0,0,1031.2421489999997
0,0,0,0,0,0,0,0,75051.0,0,0,0,0,0,1100.3046960000001
0,0,0,0,0,0,0,0,75051.0,0,0,0,0,0,1100.3046960000001
0,0,0,0,0,0,0,0,75051.0,0,0,0,0,0,1100.3046960000001
736614,736614,0,0,0,0,0,0,46142.0,0,0,0,0,0,1039.4441719999998
0,0,0,0,0,0,0,0,10024.0,0,0,0,0,0,1743.6276379999993
0,0,0,0,0,0,0,0,10024.0,0,0,0,0,0,1743.6276379999993
0,0,0,0,0,0,0,0,38109.0,0,0,0,0,0,1159.0822960000003
0,0,0,0,0,0,0,0,14215.0,0,0,0,0,0,2048.773129999999
0,0,0,0,0,0,0,0,90036.0,0,0,0,0,0,1034.961929
0,0,0,0,0,0,0,0,33030.0,0,0,0,0,0,1194.7120960000002
0,0,0,0,0,0,0,0,33030.0,0,0,0,0,0,1194.7120960000002
0,0,0,0,0,0,0,0,77506.0,0,0,0,0,0,1023.2569080000001
0,0,0,0,0,0,0,0,77506.0,0,0,0,0,0,1023.2569080000001
0,0,0,0,0,0,0,0,77506.0,0,0,0,0,0,1023.2569080000001
0,0,0,0,0,0,0,0,77506.0,0,0,0,0,0,1023.2569080000001
0,0,0,0,0,0,0,0,11520.0,0,0,0,0,0,1724.4191099999994
736332,736544,0,0,0,0,0,0,80219.0,0,0,0,0,0,1028.6129059999994
0,0,0,0,0,0,0,0,2169.0,0,0,0,0,0,1749.7338779999993
735692,735845,0,0,0,0,0,0,48205.0,0,0,0,0,0,1111.28125
735692,735845,0,0,0,0,0,0,48205.0,0,0,0,0,0,1111.28125
0,736395,0,0,0,0,0,0,94109.0,0,0,0,0,0,1068.0816129999998
0,736366,0,0,0,0,0,0,37211.0,0,0,0,0,0,1156.0921520000002
0,736366,0,0,0,0,0,0,37211.0,0,0,0,0,0,1156.0921520000002
0,736366,0,0,0,0,0,0,37211.0,0,0,0,0,0,1156.0921520000002
0,0,0,0,0,0,0,0,48227.0,0,0,0,0,0,1127.0040120000003
0,0,0,0,0,0,0,0,48227.0,0,0,0,0,0,1127.0040120000003
0,0,0,0,0,0,0,0,90045.0,0,0,0,0,0,1021.7960989999998
0,0,0,0,0,0,0,0,90045.0,0,0,0,0,0,1021.7960989999998
0,0,0,0,0,0,0,0,19140.0,0,0,0,0,0,1365.6374599999995
735943,0,0,0,0,0,0,0,28806.0,0,0,0,0,0,1217.652932
736333,736484,0,0,0,0,0,0,10024.0,0,0,0,0,0,1487.4845859999996
0,0,0,0,0,0,0,0,80906.0,0,0,0,0,0,1014.447608
735969,736090,0,0,0,0,0,0,78207.0,0,0,0,0,0,1097.5966079999998
735969,736090,0,0,0,0,0,0,78207.0,0,0,0,0,0,1097.5966079999998
0,0,0,0,0,0,0,0,90036.0,0,0,0,0,0,1034.961929
0,0,0,0,0,0,0,0,48310.0,0,0,0,0,0,1127.0040120000003
0,736364,0,0,0,0,0,0,10009.0,0,0,0,0,0,1624.7218739999994
0,736364,0,0,0,0,0,0,10009.0,0,0,0,0,0,1624.7218739999994
0,736364,0,0,0,0,0,0,10009.0,0,0,0,0,0,1624.7218739999994
0,736364,0,0,0,0,0,0,10009.0,0,0,0,0,0,1624.7218739999994
0,0,0,0,0,0,0,0,23223.0,0,0,0,0,0,1302.1393939999998
736735,736885,0,0,0,0,0,0,98105.0,0,0,0,0,0,1042.6684989999997
736735,736885,0,0,0,0,0,0,98105.0,0,0,0,0,0,1042.6684989999997
0,0,0,0,0,0,0,0,10024.0,0,0,0,0,0,1743.6276379999993
0,0,0,0,0,0,0,0,10024.0,0,0,0,0,0,1743.6276379999993
0,0,0,0,0,0,0,0,98115.0,0,0,0,0,0,1056.132109
736517,736579,0,0,0,0,0,0,90045.0,0,0,0,0,0,1043.2064929999997
736517,736579,0,0,0,0,0,0,90045.0,0,0,0,0,0,1043.2064929999997
736517,736579,0,0,0,0,0,0,90045.0,0,0,0,0,0,1043.2064929999997
0,0,0,0,0,0,0,0,90712.0,0,0,0,0,0,1021.7960989999998
736910,0,0,0,0,0,0,0,7060.0,0,0,0,0,0,1571.4303199999997
736910,0,0,0,0,0,0,0,7060.0,0,0,0,0,0,1571.4303199999997
0,0,0,0,0,0,0,0,38401.0,0,0,0,0,0,1159.0822960000003
0,0,0,0,0,0,0,0,2895.0,0,0,0,0,0,1749.7338779999993
735668,735821,0,0,0,0,0,0,17602.0,0,0,0,0,0,1381.1384079999998
735968,736089,0,0,0,0,0,0,33614.0,0,0,0,0,0,1195.3301879999997
735968,736089,0,0,0,0,0,0,33614.0,0,0,0,0,0,1195.3301879999997
735968,736089,0,0,0,0,0,0,33614.0,0,0,0,0,0,1195.3301879999997
736179,736301,0,0,0,0,0,0,53142.0,0,0,0,0,0,1093.4399680000001
736179,736301,0,0,0,0,0,0,53142.0,0,0,0,0,0,1093.4399680000001
736179,736301,0,0,0,0,0,0,53142.0,0,0,0,0,0,1093.4399680000001
736179,736301,0,0,0,0,0,0,53142.0,0,0,0,0,0,1093.4399680000001
736179,736301,0,0,0,0,0,0,53142.0,0,0,0,0,0,1093.4399680000001
0,0,0,0,0,0,0,0,34952.0,0,0,0,0,0,1194.7120960000002
735912,0,0,0,0,0,0,0,98115.0,0,0,0,0,0,1057.4863329999998
735912,0,0,0,0,0,0,0,98115.0,0,0,0,0,0,1057.4863329999998
736391,736544,0,0,0,0,0,0,78207.0,0,0,0,0,0,1031.6869559999998
736391,736544,0,0,0,0,0,0,78207.0,0,0,0,0,0,1031.6869559999998
736391,736544,0,0,0,0,0,0,78207.0,0,0,0,0,0,1031.6869559999998
736249,0,0,0,0,0,0,0,30076.0,0,0,0,0,0,1114.8017679999998
736249,0,0,0,0,0,0,0,30076.0,0,0,0,0,0,1114.8017679999998
736249,0,0,0,0,0,0,0,30076.0,0,0,0,0,0,1114.8017679999998
0,0,0,0,0,0,0,0,80027.0,0,0,0,0,0,1014.861718
736695,736815,0,0,0,0,0,0,90036.0,0,0,0,0,0,1027.7789319999997
0,0,0,0,0,0,0,0,19143.0,0,0,0,0,0,1365.6374599999995
0,0,0,0,0,0,0,0,19143.0,0,0,0,0,0,1365.6374599999995
0,0,0,0,0,0,0,0,54880.0,0,0,0,0,0,1158.372832
0,0,0,0,0,0,0,0,30318.0,0,0,0,0,0,1216.254424
0,0,0,0,0,0,0,0,30318.0,0,0,0,0,0,1216.254424
0,0,0,0,0,0,0,0,30318.0,0,0,0,0,0,1216.254424
0,0,0,0,0,0,0,0,30318.0,0,0,0,0,0,1216.254424
0,0,0,0,0,0,0,0,30318.0,0,0,0,0,0,1216.254424
0,0,0,0,0,0,0,0,30318.0,0,0,0,0,0,1216.254424
0,0,0,0,0,0,0,0,30318.0,0,0,0,0,0,1216.254424
0,0,0,0,0,0,0,0,19013.0,0,0,0,0,0,1434.3321199999998
0,0,0,0,0,0,0,0,19013.0,0,0,0,0,0,1434.3321199999998
0,0,0,0,0,0,0,0,19013.0,0,0,0,0,0,1434.3321199999998
0,0,0,0,0,0,0,0,94110.0,0,0,0,0,0,1038.179099
0,0,0,0,0,0,0,0,94110.0,0,0,0,0,0,1038.179099
737006,0,0,0,0,0,0,0,76021.0,0,0,0,0,0,1175.907532
737006,0,0,0,0,0,0,0,76021.0,0,0,0,0,0,1175.907532
737006,0,0,0,0,0,0,0,76021.0,0,0,0,0,0,1175.907532
737006,0,0,0,0,0,0,0,76021.0,0,0,0,0,0,1175.907532
0,0,0,0,0,0,0,0,70506.0,0,0,0,0,0,1100.3046960000001
0,0,0,0,0,0,0,0,70506.0,0,0,0,0,0,1100.3046960000001
0,0,0,0,0,0,0,0,98042.0,0,0,0,0,0,1048.076349
0,0,0,0,0,0,0,0,98042.0,0,0,0,0,0,1048.076349
0,0,0,0,0,0,0,0,98042.0,0,0,0,0,0,1048.076349
736675,736675,0,0,0,0,0,0,44052.0,0,0,0,0,0,1008.7209359999998
736675,736675,0,0,0,0,0,0,44052.0,0,0,0,0,0,1008.7209359999998
0,736330,0,0,0,0,0,0,60623.0,0,0,0,0,0,1145.900442
0,735995,0,0,0,0,0,0,94110.0,0,0,0,0,0,1093.638057
0,735995,0,0,0,0,0,0,94110.0,0,0,0,0,0,1093.638057
0,735995,0,0,0,0,0,0,94110.0,0,0,0,0,0,1093.638057
0,735995,0,0,0,0,0,0,94110.0,0,0,0,0,0,1093.638057
0,735995,0,0,0,0,0,0,94110.0,0,0,0,0,0,1093.638057
0,735995,0,0,0,0,0,0,94110.0,0,0,0,0,0,1093.638057
0,735995,0,0,0,0,0,0,94110.0,0,0,0,0,0,1093.638057
0,0,0,0,0,0,0,0,94110.0,0,0,0,0,0,1038.179099
735998,736149,0,0,0,0,0,0,77070.0,0,0,0,0,0,1157.2459579999997
0,0,0,0,0,0,0,0,60653.0,0,0,0,0,0,1100.3046960000001
0,0,0,0,0,0,0,0,10035.0,0,0,0,0,0,1720.0015379999995
0,0,0,0,0,0,0,0,10035.0,0,0,0,0,0,1720.0015379999995
0,0,0,0,0,0,0,0,10011.0,0,0,0,0,0,1747.7220079999993
0,0,0,0,0,0,0,0,10011.0,0,0,0,0,0,1747.7220079999993
0,735667,0,0,0,0,0,0,19134.0,0,0,0,0,0,1418.0582439999998
0,735667,0,0,0,0,0,0,19134.0,0,0,0,0,0,1418.0582439999998
0,735667,0,0,0,0,0,0,19134.0,0,0,0,0,0,1418.0582439999998
0,735667,0,0,0,0,0,0,19134.0,0,0,0,0,0,1418.0582439999998
0,735667,0,0,0,0,0,0,19134.0,0,0,0,0,0,1418.0582439999998
0,735667,0,0,0,0,0,0,19134.0,0,0,0,0,0,1418.0582439999998
0,0,0,0,0,0,0,0,60610.0,0,0,0,0,0,1100.3046960000001
0,0,0,0,0,0,0,0,94601.0,0,0,0,0,0,1048.9307489999999
0,0,0,0,0,0,0,0,94601.0,0,0,0,0,0,1048.9307489999999
736340,736521,0,0,0,0,0,0,60610.0,0,0,0,0,0,1087.301438
0,0,0,0,0,0,0,0,98105.0,0,0,0,0,0,1056.132109
736605,0,0,0,0,0,0,0,19143.0,0,0,0,0,0,1253.6993839999998
0,0,0,0,0,0,0,0,28027.0,0,0,0,0,0,1253.799104
0,0,0,0,0,0,0,0,28027.0,0,0,0,0,0,1253.799104
735609,735729,0,0,0,0,0,0,28205.0,0,0,0,0,0,1237.087662
735609,735729,0,0,0,0,0,0,28205.0,0,0,0,0,0,1237.087662
735609,735729,0,0,0,0,0,0,28205.0,0,0,0,0,0,1237.087662
735609,735729,0,0,0,0,0,0,28205.0,0,0,0,0,0,1237.087662
0,0,0,0,0,0,0,0,75081.0,0,0,0,0,0,1100.3046960000001
0,0,0,0,0,0,0,0,75081.0,0,0,0,0,0,1100.3046960000001
0,0,0,0,0,0,0,0,75081.0,0,0,0,0,0,1100.3046960000001
736127,736188,0,0,0,0,0,0,46203.0,0,0,0,0,0,1063.4915619999997
0,0,0,0,0,0,0,0,74012.0,0,0,0,0,0,1100.3046960000001
0,0,0,0,0,0,0,0,33023.0,0,0,0,0,0,1194.7120960000002
0,0,0,0,0,0,0,0,33023.0,0,0,0,0,0,1194.7120960000002
0,0,0,0,0,0,0,0,68104.0,0,0,0,0,0,1100.3046960000001
0,0,0,0,0,0,0,0,68104.0,0,0,0,0,0,1100.3046960000001
0,0,0,0,0,0,0,0,68104.0,0,0,0,0,0,1100.3046960000001
0,0,0,0,0,0,0,0,28540.0,0,0,0,0,0,1216.254424
0,0,0,0,0,0,0,0,97224.0,0,0,0,0,0,1048.076349
0,0,0,0,0,0,0,0,97224.0,0,0,0,0,0,1048.076349
0,0,0,0,0,0,0,0,62521.0,0,0,0,0,0,1100.3046960000001
0,0,0,0,0,0,0,0,62521.0,0,0,0,0,0,1100.3046960000001
736884,736946,0,0,0,0,0,0,85023.0,0,0,0,0,0,1024.4578679999995
736427,736488,0,0,0,0,0,0,95823.0,0,0,0,0,0,1041.8359949999997
736427,736488,0,0,0,0,0,0,95823.0,0,0,0,0,0,1041.8359949999997
736427,736488,0,0,0,0,0,0,95823.0,0,0,0,0,0,1041.8359949999997
0,0,0,0,0,0,0,0,72401.0,0,0,0,0,0,1100.3046960000001
736333,736453,0,0,0,0,0,0,10035.0,0,0,0,0,0,1503.0421459999995
736333,736453,0,0,0,0,0,0,10035.0,0,0,0,0,0,1503.0421459999995
736333,736453,0,0,0,0,0,0,10035.0,0,0,0,0,0,1503.0421459999995
0,0,0,0,0,0,0,0,44312.0,0,0,0,0,0,1130.9557560000003
0,0,0,0,0,0,0,0,41042.0,0,0,0,0,0,1118.4940360000003
0,0,0,0,0,0,0,0,41042.0,0,0,0,0,0,1118.4940360000003
0,0,0,0,0,0,0,0,41042.0,0,0,0,0,0,1118.4940360000003
0,0,0,0,0,0,0,0,55407.0,0,0,0,0,0,1259.116032
0,0,0,0,0,0,0,0,55407.0,0,0,0,0,0,1259.116032
0,0,0,0,0,0,0,0,55407.0,0,0,0,0,0,1259.116032
0,0,0,0,0,0,0,0,55407.0,0,0,0,0,0,1259.116032
0,0,0,0,0,0,0,0,77095.0,0,0,0,0,0,1049.1600080000003
0,0,0,0,0,0,0,0,77095.0,0,0,0,0,0,1049.1600080000003
0,0,0,0,0,0,0,0,77095.0,0,0,0,0,0,1049.1600080000003
0,0,0,0,0,0,0,0,68025.0,0,0,0,0,0,1100.3046960000001
736883,0,0,0,0,0,0,0,92105.0,0,0,0,0,0,1011.2770109999998
736883,0,0,0,0,0,0,0,92105.0,0,0,0,0,0,1011.2770109999998
0,0,0,0,0,0,0,0,77041.0,0,0,0,0,0,1074.552944
736154,736154,0,0,0,0,0,0,10011.0,0,0,0,0,0,1519.0617959999997
736154,736154,0,0,0,0,0,0,10011.0,0,0,0,0,0,1519.0617959999997
0,736330,0,0,0,0,0,0,48227.0,0,0,0,0,0,1133.5242480000002
0,736330,0,0,0,0,0,0,48227.0,0,0,0,0,0,1133.5242480000002
0,736330,0,0,0,0,0,0,48227.0,0,0,0,0,0,1133.5242480000002
0,736330,0,0,0,0,0,0,48227.0,0,0,0,0,0,1133.5242480000002
735999,736150,0,0,0,0,0,0,77095.0,0,0,0,0,0,1137.992644
735999,736150,0,0,0,0,0,0,77095.0,0,0,0,0,0,1137.992644
0,0,0,0,0,0,0,0,98105.0,0,0,0,0,0,1056.132109
0,0,0,0,0,0,0,0,90036.0,0,0,0,0,0,1034.961929
0,0,0,0,0,0,0,0,90036.0,0,0,0,0,0,1034.961929
0,0,0,0,0,0,0,0,90036.0,0,0,0,0,0,1034.961929
0,0,0,0,0,0,0,0,90036.0,0,0,0,0,0,1034.961929
736793,736976,0,0,0,0,0,0,19120.0,0,0,0,0,0,1229.4822019999997
737003,737033,0,0,0,0,0,0,98103.0,0,0,0,0,0,1093.7021169999998
737003,737033,0,0,0,0,0,0,98103.0,0,0,0,0,0,1093.7021169999998
737003,737033,0,0,0,0,0,0,98103.0,0,0,0,0,0,1093.7021169999998
735907,0,0,0,0,0,0,0,13601.0,0,0,0,0,0,1794.8399259999994
0,0,0,0,0,0,0,0,32216.0,0,0,0,0,0,1194.7120960000002
736850,736942,0,0,0,0,0,0,22204.0,0,0,0,0,0,1103.3885739999998
0,0,0,0,0,0,0,0,28205.0,0,0,0,0,0,1216.254424
0,0,0,0,0,0,0,0,28205.0,0,0,0,0,0,1216.254424
0,736058,0,0,0,0,0,0,98103.0,0,0,0,0,0,1105.340817
0,0,0,0,0,0,0,0,60623.0,0,0,0,0,0,1100.3046960000001
736001,736214,0,0,0,0,0,0,33021.0,0,0,0,0,0,1159.7773899999997
736001,736214,0,0,0,0,0,0,33021.0,0,0,0,0,0,1159.7773899999997
735819,0,0,0,0,0,0,0,23320.0,0,0,0,0,0,1291.998778
735819,0,0,0,0,0,0,0,23320.0,0,0,0,0,0,1291.998778
736735,736916,0,0,0,0,0,0,90036.0,0,0,0,0,0,1046.8635319999996
736735,736916,0,0,0,0,0,0,90036.0,0,0,0,0,0,1046.8635319999996
0,0,0,0,0,0,0,0,22304.0,0,0,0,0,0,1302.1393939999998
0,736695,0,0,0,0,0,0,77536.0,0,0,0,0,0,1056.683256
736706,736796,0,0,0,0,0,0,19120.0,0,0,0,0,0,1239.321228
736706,736796,0,0,0,0,0,0,19120.0,0,0,0,0,0,1239.321228
0,0,0,0,0,0,0,0,67212.0,0,0,0,0,0,1100.3046960000001
0,0,0,0,0,0,0,0,48640.0,0,0,0,0,0,1127.0040120000003
0,736847,0,0,0,0,0,0,94110.0,0,0,0,0,0,1022.1493729999999
0,736847,0,0,0,0,0,0,94110.0,0,0,0,0,0,1022.1493729999999
0,736847,0,0,0,0,0,0,94110.0,0,0,0,0,0,1022.1493729999999
0,736066,0,0,0,0,0,0,11520.0,0,0,0,0,0,1687.3220699999993
0,0,0,0,0,0,0,0,78745.0,0,0,0,0,0,1016.702718
0,0,0,0,0,0,0,0,78745.0,0,0,0,0,0,1016.702718
0,0,0,0,0,0,0,0,78745.0,0,0,0,0,0,1016.702718
0,0,0,0,0,0,0,0,78745.0,0,0,0,0,0,1016.702718
736884,737007,0,0,0,0,0,0,19134.0,0,0,0,0,0,1240.0249419999996
736884,737007,0,0,0,0,0,0,19134.0,0,0,0,0,0,1240.0249419999996
736884,737007,0,0,0,0,0,0,19134.0,0,0,0,0,0,1240.0249419999996
0,736754,0,0,0,0,0,0,37620.0,0,0,0,0,0,1107.3926760000002
0,736754,0,0,0,0,0,0,37620.0,0,0,0,0,0,1107.3926760000002
736096,736219,0,0,0,0,0,0,19140.0,0,0,0,0,0,1262.9515639999997
736096,736219,0,0,0,0,0,0,19140.0,0,0,0,0,0,1262.9515639999997
735609,735821,0,0,0,0,0,0,60610.0,0,0,0,0,0,1146.1397279999999
0,0,0,0,0,0,0,0,31907.0,0,0,0,0,0,1194.7120960000002
0,0,0,0,0,0,0,0,10035.0,0,0,0,0,0,1720.0015379999995
0,0,0,0,0,0,0,0,10035.0,0,0,0,0,0,1720.0015379999995
0,0,0,0,0,0,0,0,3820.0,0,0,0,0,0,1749.7338779999993
0,0,0,0,0,0,0,0,3820.0,0,0,0,0,0,1749.7338779999993
0,0,0,0,0,0,0,0,80013.0,0,0,0,0,0,1014.861718
0,0,0,0,0,0,0,0,80013.0,0,0,0,0,0,1014.861718
736179,0,0,0,0,0,0,0,11561.0,0,0,0,0,0,1626.0067819999997
735912,0,0,0,0,0,0,0,91104.0,0,0,0,0,0,1024.5900029999998
735912,0,0,0,0,0,0,0,91104.0,0,0,0,0,0,1024.5900029999998
0,0,0,0,0,0,0,0,85204.0,0,0,0,0,0,1005.7666279999999
0,0,0,0,0,0,0,0,85204.0,0,0,0,0,0,1005.7666279999999
0,0,0,0,0,0,0,0,93727.0,0,0,0,0,0,1032.062994
736336,736336,0,0,0,0,0,0,29203.0,0,0,0,0,0,1078.560916
736336,736336,0,0,0,0,0,0,29203.0,0,0,0,0,0,1078.560916
736336,736336,0,0,0,0,0,0,29203.0,0,0,0,0,0,1078.560916
0,0,0,0,0,0,0,0,92704.0,0,0,0,0,0,1027.342234
735783,735936,0,0,0,0,0,0,29203.0,0,0,0,0,0,1179.0963219999999
735783,735936,0,0,0,0,0,0,29203.0,0,0,0,0,0,1179.0963219999999
0,0,0,0,0,0,0,0,90045.0,0,0,0,0,0,1021.7960989999998
736848,736970,0,0,0,0,0,0,94109.0,0,0,0,0,0,1029.8530369999996
736885,737008,0,0,0,0,0,0,77036.0,0,0,0,0,0,1084.3942799999998
736855,737038,0,0,0,0,0,0,10035.0,0,0,0,0,0,1462.0442739999996
736855,737038,0,0,0,0,0,0,10035.0,0,0,0,0,0,1462.0442739999996
736855,737038,0,0,0,0,0,0,10035.0,0,0,0,0,0,1462.0442739999996
736461,736522,0,0,0,0,0,0,2038.0,0,0,0,0,0,1476.0653059999997
0,0,0,0,0,0,0,0,21215.0,0,0,0,0,0,1369.0632739999994
0,0,0,0,0,0,0,0,78501.0,0,0,0,0,0,1016.702718
0,0,0,0,0,0,0,0,78501.0,0,0,0,0,0,1016.702718
0,0,0,0,0,0,0,0,78501.0,0,0,0,0,0,1016.702718
0,736339,0,0,0,0,0,0,52240.0,0,0,0,0,0,1138.8777880000002
0,0,0,0,0,0,0,0,19711.0,0,0,0,0,0,1365.6374599999995
736183,736183,0,0,0,0,0,0,77070.0,0,0,0,0,0,1109.138102
0,0,0,0,0,0,0,0,83704.0,0,0,0,0,0,1013.919368
0,0,0,0,0,0,0,0,83704.0,0,0,0,0,0,1013.919368
0,0,0,0,0,0,0,0,92105.0,0,0,0,0,0,1027.027459
736545,0,0,0,0,0,0,0,90032.0,0,0,0,0,0,1013.3158209999997
0,0,0,0,0,0,0,0,10024.0,0,0,0,0,0,1743.6276379999993
736400,736553,0,0,0,0,0,0,19134.0,0,0,0,0,0,1288.8775439999997
736400,736553,0,0,0,0,0,0,19134.0,0,0,0,0,0,1288.8775439999997
736249,736249,0,0,0,0,0,0,10024.0,0,0,0,0,0,1480.3974459999995
736249,736249,0,0,0,0,0,0,10024.0,0,0,0,0,0,1480.3974459999995
736249,736249,0,0,0,0,0,0,10024.0,0,0,0,0,0,1480.3974459999995
736249,736249,0,0,0,0,0,0,10024.0,0,0,0,0,0,1480.3974459999995
0,735640,0,0,0,0,0,0,2920.0,0,0,0,0,0,1744.7962979999998
0,735640,0,0,0,0,0,0,2920.0,0,0,0,0,0,1744.7962979999998
0,735640,0,0,0,0,0,0,2920.0,0,0,0,0,0,1744.7962979999998
0,735640,0,0,0,0,0,0,2920.0,0,0,0,0,0,1744.7962979999998
0,735640,0,0,0,0,0,0,2920.0,0,0,0,0,0,1744.7962979999998
0,735640,0,0,0,0,0,0,2920.0,0,0,0,0,0,1744.7962979999998
0,735640,0,0,0,0,0,0,2920.0,0,0,0,0,0,1744.7962979999998
736949,0,0,0,0,0,0,0,60623.0,0,0,0,0,0,1063.619912
735723,735846,0,0,0,0,0,0,40475.0,0,0,0,0,0,1102.486298
735723,735846,0,0,0,0,0,0,40475.0,0,0,0,0,0,1102.486298
735723,735846,0,0,0,0,0,0,40475.0,0,0,0,0,0,1102.486298
736422,736544,0,0,0,0,0,0,46544.0,0,0,0,0,0,1047.3737919999999
0,735700,0,0,0,0,0,0,10550.0,0,0,0,0,0,1730.3349979999991
0,0,0,0,0,0,0,0,90004.0,0,0,0,0,0,1030.255799
736698,736757,0,0,0,0,0,0,94110.0,0,0,0,0,0,1010.7526789999997
736698,736757,0,0,0,0,0,0,94110.0,0,0,0,0,0,1010.7526789999997
737004,0,0,0,0,0,0,0,98103.0,0,0,0,0,0,1045.997561
737004,0,0,0,0,0,0,0,98103.0,0,0,0,0,0,1045.997561
737004,0,0,0,0,0,0,0,98103.0,0,0,0,0,0,1045.997561
737004,0,0,0,0,0,0,0,98103.0,0,0,0,0,0,1045.997561
737004,0,0,0,0,0,0,0,98103.0,0,0,0,0,0,1045.997561
0,736398,0,0,0,0,0,0,62301.0,0,0,0,0,0,1145.900442
0,0,0,0,0,0,0,0,60623.0,0,0,0,0,0,1100.3046960000001
737009,0,0,0,0,0,0,0,50322.0,0,0,0,0,0,1177.517712
736085,736238,0,0,0,0,0,0,98103.0,0,0,0,0,0,1051.5165349999997
0,0,0,0,0,0,0,0,47374.0,0,0,0,0,0,1115.7379360000004
736821,736974,0,0,0,0,0,0,75220.0,0,0,0,0,0,1082.4126999999999
736821,736974,0,0,0,0,0,0,75220.0,0,0,0,0,0,1082.4126999999999
736821,736974,0,0,0,0,0,0,75220.0,0,0,0,0,0,1082.4126999999999
736821,736974,0,0,0,0,0,0,75220.0,0,0,0,0,0,1082.4126999999999
736821,736974,0,0,0,0,0,0,75220.0,0,0,0,0,0,1082.4126999999999
0,0,0,0,0,0,0,0,19143.0,0,0,0,0,0,1365.6374599999995
0,0,0,0,0,0,0,0,19143.0,0,0,0,0,0,1365.6374599999995
0,0,0,0,0,0,0,0,61107.0,0,0,0,0,0,1100.3046960000001
0,736762,0,0,0,0,0,0,19134.0,0,0,0,0,0,1339.410844
0,0,0,0,0,0,0,0,98105.0,0,0,0,0,0,1056.132109
0,737150,0,0,0,0,0,0,49505.0,0,0,0,0,0,1092.553104
0,0,0,0,0,0,0,0,90004.0,0,0,0,0,0,1030.255799
0,0,0,0,0,0,0,0,90004.0,0,0,0,0,0,1030.255799
736423,736453,0,0,0,0,0,0,22153.0,0,0,0,0,0,1190.555046
736423,736453,0,0,0,0,0,0,22153.0,0,0,0,0,0,1190.555046
0,0,0,0,0,0,0,0,90036.0,0,0,0,0,0,1034.961929
0,736796,0,0,0,0,0,0,21215.0,0,0,0,0,0,1304.713998
0,736796,0,0,0,0,0,0,21215.0,0,0,0,0,0,1304.713998
0,736796,0,0,0,0,0,0,21215.0,0,0,0,0,0,1304.713998
736341,736461,0,0,0,0,0,0,6824.0,0,0,0,0,0,1478.5082259999995
736341,736461,0,0,0,0,0,0,6824.0,0,0,0,0,0,1478.5082259999995
0,0,0,0,0,0,0,0,10011.0,0,0,0,0,0,1747.7220079999993
0,0,0,0,0,0,0,0,33801.0,0,0,0,0,0,1194.7120960000002
0,0,0,0,0,0,0,0,33801.0,0,0,0,0,0,1194.7120960000002
0,0,0,0,0,0,0,0,33801.0,0,0,0,0,0,1194.7120960000002
0,0,0,0,0,0,0,0,61032.0,0,0,0,0,0,1100.3046960000001
0,0,0,0,0,0,0,0,61032.0,0,0,0,0,0,1100.3046960000001
0,0,0,0,0,0,0,0,61032.0,0,0,0,0,0,1100.3046960000001
736063,736216,0,0,0,0,0,0,97504.0,0,0,0,0,0,1051.5656049999996
0,0,0,0,0,0,0,0,98103.0,0,0,0,0,0,1048.076349
0,736736,0,0,0,0,0,0,10035.0,0,0,0,0,0,1583.0271179999995
0,0,0,0,0,0,0,0,6824.0,0,0,0,0,0,1750.2965979999994
736883,737006,0,0,0,0,0,0,56560.0,0,0,0,0,0,1115.1656479999997
0,0,0,0,0,0,0,0,31907.0,0,0,0,0,0,1194.7120960000002
736764,736917,0,0,0,0,0,0,19143.0,0,0,0,0,0,1191.2814139999998
736460,736583,0,0,0,0,0,0,77036.0,0,0,0,0,0,1101.811178
736460,736583,0,0,0,0,0,0,77036.0,0,0,0,0,0,1101.811178
736460,736583,0,0,0,0,0,0,77036.0,0,0,0,0,0,1101.811178
736460,736583,0,0,0,0,0,0,77036.0,0,0,0,0,0,1101.811178
736460,736583,0,0,0,0,0,0,77036.0,0,0,0,0,0,1101.811178
0,0,0,0,0,0,0,0,98115.0,0,0,0,0,0,1056.132109
0,0,0,0,0,0,0,0,38301.0,0,0,0,0,0,1159.0822960000003
0,0,0,0,0,0,0,0,21215.0,0,0,0,0,0,1369.0632739999994
0,0,0,0,0,0,0,0,84107.0,0,0,0,0,0,1013.919368
0,0,0,0,0,0,0,0,84107.0,0,0,0,0,0,1013.919368
0,0,0,0,0,0,0,0,98105.0,0,0,0,0,0,1056.132109
736214,0,0,0,0,0,0,0,75220.0,0,0,0,0,0,1061.7147320000001
0,0,0,0,0,0,0,0,98105.0,0,0,0,0,0,1056.132109
0,0,0,0,0,0,0,0,8701.0,0,0,0,0,0,1742.9310379999993
0,0,0,0,0,0,0,0,8701.0,0,0,0,0,0,1742.9310379999993
0,0,0,0,0,0,0,0,8701.0,0,0,0,0,0,1742.9310379999993
0,0,0,0,0,0,0,0,10011.0,0,0,0,0,0,1747.7220079999993
0,0,0,0,0,0,0,0,10011.0,0,0,0,0,0,1747.7220079999993
0,0,0,0,0,0,0,0,46203.0,0,0,0,0,0,1115.7379360000004
0,0,0,0,0,0,0,0,46203.0,0,0,0,0,0,1115.7379360000004
0,0,0,0,0,0,0,0,77642.0,0,0,0,0,0,1015.049928
0,0,0,0,0,0,0,0,77642.0,0,0,0,0,0,1015.049928
0,0,0,0,0,0,0,0,77642.0,0,0,0,0,0,1015.049928
0,737119,0,0,0,0,0,0,37211.0,0,0,0,0,0,1129.065516
0,0,0,0,0,0,0,0,77095.0,0,0,0,0,0,1049.1600080000003
0,0,0,0,0,0,0,0,77095.0,0,0,0,0,0,1049.1600080000003
736949,0,0,0,0,0,0,0,90004.0,0,0,0,0,0,1014.5053509999998
736949,0,0,0,0,0,0,0,90004.0,0,0,0,0,0,1014.5053509999998
736949,0,0,0,0,0,0,0,90004.0,0,0,0,0,0,1014.5053509999998
736970,0,0,0,0,0,0,0,19140.0,0,0,0,0,0,1239.528534
0,0,0,0,0,0,0,0,97756.0,0,0,0,0,0,1048.076349
736760,736974,0,0,0,0,0,0,95610.0,0,0,0,0,0,1040.6046869999998
736793,736976,0,0,0,0,0,0,90032.0,0,0,0,0,0,1045.4744199999996
0,0,0,0,0,0,0,0,32303.0,0,0,0,0,0,1194.7120960000002
0,0,0,0,0,0,0,0,32303.0,0,0,0,0,0,1194.7120960000002
0,0,0,0,0,0,0,0,32303.0,0,0,0,0,0,1194.7120960000002
0,0,0,0,0,0,0,0,32303.0,0,0,0,0,0,1194.7120960000002
0,0,0,0,0,0,0,0,32303.0,0,0,0,0,0,1194.7120960000002
0,0,0,0,0,0,0,0,44107.0,0,0,0,0,0,1118.4940360000003
736429,736429,0,0,0,0,0,0,75056.0,0,0,0,0,0,1089.264718
0,0,0,0,0,0,0,0,98105.0,0,0,0,0,0,1056.132109
0,0,0,0,0,0,0,0,98105.0,0,0,0,0,0,1056.132109
0,0,0,0,0,0,0,0,90032.0,0,0,0,0,0,1034.961929
0,0,0,0,0,0,0,0,90032.0,0,0,0,0,0,1034.961929
735699,735913,0,0,0,0,0,0,90045.0,0,0,0,0,0,1076.2527849999997
735699,735913,0,0,0,0,0,0,90045.0,0,0,0,0,0,1076.2527849999997
735699,735913,0,0,0,0,0,0,90045.0,0,0,0,0,0,1076.2527849999997
735699,735913,0,0,0,0,0,0,90045.0,0,0,0,0,0,1076.2527849999997
735699,735913,0,0,0,0,0,0,90045.0,0,0,0,0,0,1076.2527849999997
735819,735941,0,0,0,0,0,0,11561.0,0,0,0,0,0,1654.4016059999994
0,735970,0,0,0,0,0,0,90045.0,0,0,0,0,0,1087.4324769999996
0,735970,0,0,0,0,0,0,90045.0,0,0,0,0,0,1087.4324769999996
0,735970,0,0,0,0,0,0,90045.0,0,0,0,0,0,1087.4324769999996
0,736002,0,0,0,0,0,0,94110.0,0,0,0,0,0,1093.638057
736887,737010,0,0,0,0,0,0,23223.0,0,0,0,0,0,1103.3885739999998
0,736024,0,0,0,0,0,0,87105.0,0,0,0,0,0,1094.396172
0,736024,0,0,0,0,0,0,87105.0,0,0,0,0,0,1094.396172
0,0,0,0,0,0,0,0,44312.0,0,0,0,0,0,1130.9557560000003
0,0,0,0,0,0,0,0,44312.0,0,0,0,0,0,1130.9557560000003
0,0,0,0,0,0,0,0,44312.0,0,0,0,0,0,1130.9557560000003
0,0,0,0,0,0,0,0,44312.0,0,0,0,0,0,1130.9557560000003
0,0,0,0,0,0,0,0,44312.0,0,0,0,0,0,1130.9557560000003
0,0,0,0,0,0,0,0,7060.0,0,0,0,0,0,1742.9310379999993
0,0,0,0,0,0,0,0,7060.0,0,0,0,0,0,1742.9310379999993
736698,736879,0,0,0,0,0,0,10011.0,0,0,0,0,0,1442.6756899999998
736763,736947,0,0,0,0,0,0,33012.0,0,0,0,0,0,1057.2013639999998
736763,736947,0,0,0,0,0,0,33012.0,0,0,0,0,0,1057.2013639999998
736703,736854,0,0,0,0,0,0,98052.0,0,0,0,0,0,1033.3408989999998
736703,736854,0,0,0,0,0,0,98052.0,0,0,0,0,0,1033.3408989999998
0,0,0,0,0,0,0,0,32114.0,0,0,0,0,0,1194.7120960000002
0,0,0,0,0,0,0,0,32114.0,0,0,0,0,0,1194.7120960000002
0,0,0,0,0,0,0,0,86442.0,0,0,0,0,0,1026.954284
0,0,0,0,0,0,0,0,86442.0,0,0,0,0,0,1026.954284
0,735975,0,0,0,0,0,0,90049.0,0,0,0,0,0,1087.4324769999996
0,735975,0,0,0,0,0,0,90049.0,0,0,0,0,0,1087.4324769999996
0,736703,0,0,0,0,0,0,37064.0,0,0,0,0,0,1114.6350320000001
0,0,0,0,0,0,0,0,46368.0,0,0,0,0,0,1115.7379360000004
0,0,0,0,0,0,0,0,22204.0,0,0,0,0,0,1302.1393939999998
0,0,0,0,0,0,0,0,94110.0,0,0,0,0,0,1038.179099
0,0,0,0,0,0,0,0,94110.0,0,0,0,0,0,1038.179099
0,0,0,0,0,0,0,0,94110.0,0,0,0,0,0,1038.179099
0,0,0,0,0,0,0,0,94110.0,0,0,0,0,0,1038.179099
0,0,0,0,0,0,0,0,10801.0,0,0,0,0,0,1715.3671099999992
0,0,0,0,0,0,0,0,10801.0,0,0,0,0,0,1715.3671099999992
0,0,0,0,0,0,0,0,85204.0,0,0,0,0,0,1005.7666279999999
0,0,0,0,0,0,0,0,85204.0,0,0,0,0,0,1005.7666279999999
737002,0,0,0,0,0,0,0,43130.0,0,0,0,0,0,1072.3584999999998
737002,0,0,0,0,0,0,0,43130.0,0,0,0,0,0,1072.3584999999998
736979,737040,0,0,0,0,0,0,95207.0,0,0,0,0,0,1089.6878609999999
736979,737040,0,0,0,0,0,0,95207.0,0,0,0,0,0,1089.6878609999999
0,0,0,0,0,0,0,0,28806.0,0,0,0,0,0,1216.254424
736066,736157,0,0,0,0,0,0,37042.0,0,0,0,0,0,1094.7746179999997
736066,736157,0,0,0,0,0,0,37042.0,0,0,0,0,0,1094.7746179999997
737010,737010,0,0,0,0,0,0,60505.0,0,0,0,0,0,1184.2085179999997
737010,737010,0,0,0,0,0,0,60505.0,0,0,0,0,0,1184.2085179999997
737010,737010,0,0,0,0,0,0,60505.0,0,0,0,0,0,1184.2085179999997
0,0,0,0,0,0,0,0,2886.0,0,0,0,0,0,1749.7338779999993
0,0,0,0,0,0,0,0,70506.0,0,0,0,0,0,1100.3046960000001
0,0,0,0,0,0,0,0,58103.0,0,0,0,0,0,1133.037544
0,0,0,0,0,0,0,0,58103.0,0,0,0,0,0,1133.037544
0,0,0,0,0,0,0,0,58103.0,0,0,0,0,0,1133.037544
0,0,0,0,0,0,0,0,58103.0,0,0,0,0,0,1133.037544
0,0,0,0,0,0,0,0,58103.0,0,0,0,0,0,1133.037544
737007,0,0,0,0,0,0,0,60623.0,0,0,0,0,0,1171.9170519999998
737007,0,0,0,0,0,0,0,60623.0,0,0,0,0,0,1171.9170519999998
736460,736613,0,0,0,0,0,0,46226.0,0,0,0,0,0,1027.0010519999998
736460,736613,0,0,0,0,0,0,46226.0,0,0,0,0,0,1027.0010519999998
736460,736613,0,0,0,0,0,0,46226.0,0,0,0,0,0,1027.0010519999998
0,0,0,0,0,0,0,0,46514.0,0,0,0,0,0,1115.7379360000004
0,0,0,0,0,0,0,0,46514.0,0,0,0,0,0,1115.7379360000004
0,0,0,0,0,0,0,0,44240.0,0,0,0,0,0,1130.9557560000003
0,0,0,0,0,0,0,0,91776.0,0,0,0,0,0,1021.7960989999998
0,0,0,0,0,0,0,0,91776.0,0,0,0,0,0,1021.7960989999998
0,0,0,0,0,0,0,0,91776.0,0,0,0,0,0,1021.7960989999998
0,736006,0,0,0,0,0,0,42420.0,0,0,0,0,0,1145.6046780000001
0,736006,0,0,0,0,0,0,42420.0,0,0,0,0,0,1145.6046780000001
0,0,0,0,0,0,0,0,94110.0,0,0,0,0,0,1038.179099
0,0,0,0,0,0,0,0,94110.0,0,0,0,0,0,1038.179099
0,0,0,0,0,0,0,0,60035.0,0,0,0,0,0,1133.037544
0,0,0,0,0,0,0,0,60035.0,0,0,0,0,0,1133.037544
0,0,0,0,0,0,0,0,60035.0,0,0,0,0,0,1133.037544
0,0,0,0,0,0,0,0,60035.0,0,0,0,0,0,1133.037544
0,736371,0,0,0,0,0,0,94122.0,0,0,0,0,0,1078.8332629999998
0,736371,0,0,0,0,0,0,94122.0,0,0,0,0,0,1078.8332629999998
0,0,0,0,0,0,0,0,10035.0,0,0,0,0,0,1720.0015379999995
0,0,0,0,0,0,0,0,10035.0,0,0,0,0,0,1720.0015379999995
0,0,0,0,0,0,0,0,10035.0,0,0,0,0,0,1720.0015379999995
0,0,0,0,0,0,0,0,10035.0,0,0,0,0,0,1720.0015379999995
736550,736672,0,0,0,0,0,0,75081.0,0,0,0,0,0,1078.543918
736550,736672,0,0,0,0,0,0,75081.0,0,0,0,0,0,1078.543918
0,0,0,0,0,0,0,0,45503.0,0,0,0,0,0,1115.7379360000004
0,0,0,0,0,0,0,0,45503.0,0,0,0,0,0,1115.7379360000004
0,0,0,0,0,0,0,0,92024.0,0,0,0,0,0,1021.7960989999998
735786,735909,0,0,0,0,0,0,19120.0,0,0,0,0,0,1376.6512279999995
735786,735909,0,0,0,0,0,0,19120.0,0,0,0,0,0,1376.6512279999995
0,0,0,0,0,0,0,0,21044.0,0,0,0,0,0,1362.1825639999995
0,0,0,0,0,0,0,0,21044.0,0,0,0,0,0,1362.1825639999995
0,0,0,0,0,0,0,0,21044.0,0,0,0,0,0,1362.1825639999995
0,0,0,0,0,0,0,0,80906.0,0,0,0,0,0,1014.447608
735638,735697,0,0,0,0,0,0,10009.0,0,0,0,0,0,1652.6711139999998
736091,736244,0,0,0,0,0,0,19140.0,0,0,0,0,0,1270.0734679999996
736091,736244,0,0,0,0,0,0,19140.0,0,0,0,0,0,1270.0734679999996
0,0,0,0,0,0,0,0,47201.0,0,0,0,0,0,1115.7379360000004
0,0,0,0,0,0,0,0,47201.0,0,0,0,0,0,1115.7379360000004
0,0,0,0,0,0,0,0,47201.0,0,0,0,0,0,1115.7379360000004
735754,735907,0,0,0,0,0,0,90004.0,0,0,0,0,0,1083.2728049999996
735754,735907,0,0,0,0,0,0,90004.0,0,0,0,0,0,1083.2728049999996
0,0,0,0,0,0,0,0,10024.0,0,0,0,0,0,1743.6276379999993
0,0,0,0,0,0,0,0,10024.0,0,0,0,0,0,1743.6276379999993
0,0,0,0,0,0,0,0,10024.0,0,0,0,0,0,1743.6276379999993
0,0,0,0,0,0,0,0,1841.0,0,0,0,0,0,1749.7338779999993
0,735761,0,0,0,0,0,0,94122.0,0,0,0,0,0,1081.886733
0,735761,0,0,0,0,0,0,94122.0,0,0,0,0,0,1081.886733
736941,737032,0,0,0,0,0,0,48205.0,0,0,0,0,0,1083.452996
0,0,0,0,0,0,0,0,45011.0,0,0,0,0,0,1130.9557560000003
0,0,0,0,0,0,0,0,43229.0,0,0,0,0,0,1118.4940360000003
0,0,0,0,0,0,0,0,60610.0,0,0,0,0,0,1100.3046960000001
735691,735844,0,0,0,0,0,0,33063.0,0,0,0,0,0,1167.1473139999998
0,0,0,0,0,0,0,0,30328.0,0,0,0,0,0,1204.3054160000002
0,0,0,0,0,0,0,0,30328.0,0,0,0,0,0,1204.3054160000002
0,0,0,0,0,0,0,0,30328.0,0,0,0,0,0,1204.3054160000002
0,0,0,0,0,0,0,0,30328.0,0,0,0,0,0,1204.3054160000002
0,0,0,0,0,0,0,0,30328.0,0,0,0,0,0,1204.3054160000002
0,0,0,0,0,0,0,0,87105.0,0,0,0,0,0,1026.954284
0,0,0,0,0,0,0,0,74133.0,0,0,0,0,0,1100.3046960000001
0,0,0,0,0,0,0,0,7050.0,0,0,0,0,0,1742.9310379999993
736399,736552,0,0,0,0,0,0,42420.0,0,0,0,0,0,1049.844916
736399,736552,0,0,0,0,0,0,42420.0,0,0,0,0,0,1049.844916
736399,736552,0,0,0,0,0,0,42420.0,0,0,0,0,0,1049.844916
736399,736552,0,0,0,0,0,0,42420.0,0,0,0,0,0,1049.844916
736399,736552,0,0,0,0,0,0,42420.0,0,0,0,0,0,1049.844916
736393,736546,0,0,0,0,0,0,60653.0,0,0,0,0,0,1087.301438
736393,736546,0,0,0,0,0,0,60653.0,0,0,0,0,0,1087.301438
736393,736546,0,0,0,0,0,0,60653.0,0,0,0,0,0,1087.301438
0,736726,0,0,0,0,0,0,77642.0,0,0,0,0,0,1023.5942560000002
0,736726,0,0,0,0,0,0,77642.0,0,0,0,0,0,1023.5942560000002
0,0,0,0,0,0,0,0,48185.0,0,0,0,0,0,1131.1612920000002
0,0,0,0,0,0,0,0,48185.0,0,0,0,0,0,1131.1612920000002
0,0,0,0,0,0,0,0,48185.0,0,0,0,0,0,1131.1612920000002
0,0,0,0,0,0,0,0,48185.0,0,0,0,0,0,1131.1612920000002
0,0,0,0,0,0,0,0,47401.0,0,0,0,0,0,1115.7379360000004
0,0,0,0,0,0,0,0,47401.0,0,0,0,0,0,1115.7379360000004
0,0,0,0,0,0,0,0,47401.0,0,0,0,0,0,1115.7379360000004
0,0,0,0,0,0,0,0,47401.0,0,0,0,0,0,1115.7379360000004
0,0,0,0,0,0,0,0,90032.0,0,0,0,0,0,1034.961929
0,0,0,0,0,0,0,0,90032.0,0,0,0,0,0,1034.961929
0,0,0,0,0,0,0,0,90032.0,0,0,0,0,0,1034.961929
736426,736487,0,0,0,0,0,0,94109.0,0,0,0,0,0,1032.6843449999997
736426,736487,0,0,0,0,0,0,94109.0,0,0,0,0,0,1032.6843449999997
736426,736487,0,0,0,0,0,0,94109.0,0,0,0,0,0,1032.6843449999997
736426,736487,0,0,0,0,0,0,94109.0,0,0,0,0,0,1032.6843449999997
736032,736185,0,0,0,0,0,0,94110.0,0,0,0,0,0,1041.6683549999996
736032,736185,0,0,0,0,0,0,94110.0,0,0,0,0,0,1041.6683549999996
736883,737036,0,0,0,0,0,0,95123.0,0,0,0,0,0,1090.8014709999998
0,0,0,0,0,0,0,0,80219.0,0,0,0,0,0,1014.861718
0,736704,0,0,0,0,0,0,80013.0,0,0,0,0,0,1027.647998
0,736704,0,0,0,0,0,0,80013.0,0,0,0,0,0,1027.647998
0,736704,0,0,0,0,0,0,80013.0,0,0,0,0,0,1027.647998
0,736704,0,0,0,0,0,0,80013.0,0,0,0,0,0,1027.647998
0,736704,0,0,0,0,0,0,80013.0,0,0,0,0,0,1027.647998
0,736704,0,0,0,0,0,0,80013.0,0,0,0,0,0,1027.647998
736153,736276,0,0,0,0,0,0,83704.0,0,0,0,0,0,1029.3489959999997
0,736706,0,0,0,0,0,0,10035.0,0,0,0,0,0,1582.3639939999994
0,736706,0,0,0,0,0,0,10035.0,0,0,0,0,0,1582.3639939999994
0,736706,0,0,0,0,0,0,10035.0,0,0,0,0,0,1582.3639939999994
0,736706,0,0,0,0,0,0,10035.0,0,0,0,0,0,1582.3639939999994
736911,737033,0,0,0,0,0,0,19140.0,0,0,0,0,0,1232.6306819999998
0,0,0,0,0,0,0,0,44060.0,0,0,0,0,0,1118.4940360000003
0,0,0,0,0,0,0,0,44060.0,0,0,0,0,0,1118.4940360000003
0,0,0,0,0,0,0,0,44060.0,0,0,0,0,0,1118.4940360000003
0,0,0,0,0,0,0,0,44060.0,0,0,0,0,0,1118.4940360000003
0,0,0,0,0,0,0,0,44060.0,0,0,0,0,0,1118.4940360000003
0,0,0,0,0,0,0,0,44060.0,0,0,0,0,0,1118.4940360000003
0,0,0,0,0,0,0,0,73505.0,0,0,0,0,0,1100.3046960000001
0,0,0,0,0,0,0,0,73505.0,0,0,0,0,0,1100.3046960000001
0,0,0,0,0,0,0,0,10024.0,0,0,0,0,0,1743.6276379999993
736399,736552,0,0,0,0,0,0,90049.0,0,0,0,0,0,1043.2064929999997
736399,736552,0,0,0,0,0,0,90049.0,0,0,0,0,0,1043.2064929999997
736399,736552,0,0,0,0,0,0,90049.0,0,0,0,0,0,1043.2064929999997
736399,736552,0,0,0,0,0,0,90049.0,0,0,0,0,0,1043.2064929999997
736399,736552,0,0,0,0,0,0,90049.0,0,0,0,0,0,1043.2064929999997
736399,736552,0,0,0,0,0,0,90049.0,0,0,0,0,0,1043.2064929999997
736399,736552,0,0,0,0,0,0,90049.0,0,0,0,0,0,1043.2064929999997
736093,736277,0,0,0,0,0,0,77036.0,0,0,0,0,0,1106.3013779999999
736093,736277,0,0,0,0,0,0,77036.0,0,0,0,0,0,1106.3013779999999
736093,736277,0,0,0,0,0,0,77036.0,0,0,0,0,0,1106.3013779999999
0,0,0,0,0,0,0,0,90032.0,0,0,0,0,0,1034.961929
735610,735669,0,0,0,0,0,0,43229.0,0,0,0,0,0,1160.477638
735610,735669,0,0,0,0,0,0,43229.0,0,0,0,0,0,1160.477638
735610,735669,0,0,0,0,0,0,43229.0,0,0,0,0,0,1160.477638
735610,735669,0,0,0,0,0,0,43229.0,0,0,0,0,0,1160.477638
0,0,0,0,0,0,0,0,90032.0,0,0,0,0,0,1034.961929
0,0,0,0,0,0,0,0,90032.0,0,0,0,0,0,1034.961929
736737,736949,0,0,0,0,0,0,19140.0,0,0,0,0,0,1227.7973019999997
0,0,0,0,0,0,0,0,94110.0,0,0,0,0,0,1038.179099
736606,0,0,0,0,0,0,0,93309.0,0,0,0,0,0,1005.6961259999996
736606,0,0,0,0,0,0,0,93309.0,0,0,0,0,0,1005.6961259999996
0,735695,0,0,0,0,0,0,77095.0,0,0,0,0,0,1084.830386
0,735695,0,0,0,0,0,0,77095.0,0,0,0,0,0,1084.830386
0,0,0,0,0,0,0,0,90045.0,0,0,0,0,0,1021.7960989999998
0,0,0,0,0,0,0,0,90045.0,0,0,0,0,0,1021.7960989999998
0,0,0,0,0,0,0,0,90045.0,0,0,0,0,0,1021.7960989999998
0,0,0,0,0,0,0,0,90045.0,0,0,0,0,0,1021.7960989999998
0,0,0,0,0,0,0,0,90045.0,0,0,0,0,0,1021.7960989999998
0,0,0,0,0,0,0,0,90045.0,0,0,0,0,0,1021.7960989999998
0,0,0,0,0,0,0,0,90036.0,0,0,0,0,0,1034.961929
736613,0,0,0,0,0,0,0,65807.0,0,0,0,0,0,1061.7147320000001
736613,0,0,0,0,0,0,0,65807.0,0,0,0,0,0,1061.7147320000001
736370,736398,0,0,0,0,0,0,85023.0,0,0,0,0,0,1019.4021359999996
736489,736550,0,0,0,0,0,0,77070.0,0,0,0,0,0,1073.2917719999998
0,736340,0,0,0,0,0,0,23666.0,0,0,0,0,0,1221.6366320000002
0,0,0,0,0,0,0,0,74133.0,0,0,0,0,0,1100.3046960000001
0,0,0,0,0,0,0,0,98105.0,0,0,0,0,0,1056.132109
0,0,0,0,0,0,0,0,98105.0,0,0,0,0,0,1056.132109
0,736339,0,0,0,0,0,0,94109.0,0,0,0,0,0,1068.0816129999998
736973,0,0,0,0,0,0,0,32216.0,0,0,0,0,0,1089.04684
0,0,0,0,0,0,0,0,47374.0,0,0,0,0,0,1115.7379360000004
0,0,0,0,0,0,0,0,47374.0,0,0,0,0,0,1115.7379360000004
0,0,0,0,0,0,0,0,80027.0,0,0,0,0,0,1014.861718
735640,735760,0,0,0,0,0,0,10024.0,0,0,0,0,0,1612.1281339999996
735640,735760,0,0,0,0,0,0,10024.0,0,0,0,0,0,1612.1281339999996
0,0,0,0,0,0,0,0,13440.0,0,0,0,0,0,1782.0985099999994
0,0,0,0,0,0,0,0,13440.0,0,0,0,0,0,1782.0985099999994
0,0,0,0,0,0,0,0,13440.0,0,0,0,0,0,1782.0985099999994
736915,736976,0,0,0,0,0,0,43302.0,0,0,0,0,0,1030.8780239999999
0,0,0,0,0,0,0,0,77041.0,0,0,0,0,0,1074.552944
0,0,0,0,0,0,0,0,10009.0,0,0,0,0,0,1742.9310379999993
0,0,0,0,0,0,0,0,10009.0,0,0,0,0,0,1742.9310379999993
735881,735881,0,0,0,0,0,0,95336.0,0,0,0,0,0,1085.9554349999999
735881,735881,0,0,0,0,0,0,95336.0,0,0,0,0,0,1085.9554349999999
0,0,0,0,0,0,0,0,90004.0,0,0,0,0,0,1030.255799
736913,737035,0,0,0,0,0,0,98115.0,0,0,0,0,0,1063.0156089999996
736913,737035,0,0,0,0,0,0,98115.0,0,0,0,0,0,1063.0156089999996
736913,737035,0,0,0,0,0,0,98115.0,0,0,0,0,0,1063.0156089999996
736913,737035,0,0,0,0,0,0,98115.0,0,0,0,0,0,1063.0156089999996
0,735997,0,0,0,0,0,0,2908.0,0,0,0,0,0,1697.3657979999991
0,735997,0,0,0,0,0,0,2908.0,0,0,0,0,0,1697.3657979999991
0,0,0,0,0,0,0,0,60653.0,0,0,0,0,0,1100.3046960000001
0,0,0,0,0,0,0,0,73120.0,0,0,0,0,0,1100.3046960000001
736305,0,0,0,0,0,0,0,60610.0,0,0,0,0,0,1059.751452
736305,0,0,0,0,0,0,0,60610.0,0,0,0,0,0,1059.751452
736305,0,0,0,0,0,0,0,60610.0,0,0,0,0,0,1059.751452
736305,0,0,0,0,0,0,0,60610.0,0,0,0,0,0,1059.751452
736305,0,0,0,0,0,0,0,60610.0,0,0,0,0,0,1059.751452
736305,0,0,0,0,0,0,0,60610.0,0,0,0,0,0,1059.751452
736305,0,0,0,0,0,0,0,60610.0,0,0,0,0,0,1059.751452
0,736730,0,0,0,0,0,0,6040.0,0,0,0,0,0,1585.5062579999994
0,0,0,0,0,0,0,0,90049.0,0,0,0,0,0,1021.7960989999998
0,735995,0,0,0,0,0,0,94122.0,0,0,0,0,0,1104.3897069999998
0,735995,0,0,0,0,0,0,94122.0,0,0,0,0,0,1104.3897069999998
0,736332,0,0,0,0,0,0,54601.0,0,0,0,0,0,1151.5727180000001
0,0,0,0,0,0,0,0,29501.0,0,0,0,0,0,1216.254424
0,0,0,0,0,0,0,0,29501.0,0,0,0,0,0,1216.254424
0,0,0,0,0,0,0,0,85301.0,0,0,0,0,0,1006.5456479999999
0,736085,0,0,0,0,0,0,79907.0,0,0,0,0,0,1076.9159719999998
735723,735815,0,0,0,0,0,0,78207.0,0,0,0,0,0,1059.5606179999997
736066,736219,0,0,0,0,0,0,90049.0,0,0,0,0,0,1045.0466629999996
736066,736219,0,0,0,0,0,0,90049.0,0,0,0,0,0,1045.0466629999996
736066,736219,0,0,0,0,0,0,90049.0,0,0,0,0,0,1045.0466629999996
0,0,0,0,0,0,0,0,33023.0,0,0,0,0,0,1194.7120960000002
735853,0,0,0,0,0,0,0,85204.0,0,0,0,0,0,1028.5105959999999
736765,736979,0,0,0,0,0,0,28314.0,0,0,0,0,0,1057.2013639999998
736765,736979,0,0,0,0,0,0,28314.0,0,0,0,0,0,1057.2013639999998
736765,736979,0,0,0,0,0,0,28314.0,0,0,0,0,0,1057.2013639999998
736187,0,0,0,0,0,0,0,77095.0,0,0,0,0,0,1065.4144360000003
0,0,0,0,0,0,0,0,95123.0,0,0,0,0,0,1048.076349
0,0,0,0,0,0,0,0,67212.0,0,0,0,0,0,1100.3046960000001
0,0,0,0,0,0,0,0,67212.0,0,0,0,0,0,1100.3046960000001
0,0,0,0,0,0,0,0,90036.0,0,0,0,0,0,1034.961929
736675,0,0,0,0,0,0,0,49201.0,0,0,0,0,0,1069.134412
736675,0,0,0,0,0,0,0,49201.0,0,0,0,0,0,1069.134412
736675,0,0,0,0,0,0,0,49201.0,0,0,0,0,0,1069.134412
736675,0,0,0,0,0,0,0,49201.0,0,0,0,0,0,1069.134412
735906,0,0,0,0,0,0,0,83501.0,0,0,0,0,0,1015.2735919999998
736213,0,0,0,0,0,0,0,23666.0,0,0,0,0,0,1152.346448
0,735637,0,0,0,0,0,0,10035.0,0,0,0,0,0,1730.3349979999991
0,736123,0,0,0,0,0,0,39401.0,0,0,0,0,0,1173.18539
0,0,0,0,0,0,0,0,19140.0,0,0,0,0,0,1365.6374599999995
736608,736669,0,0,0,0,0,0,19140.0,0,0,0,0,0,1202.7969239999998
0,0,0,0,0,0,0,0,90045.0,0,0,0,0,0,1021.7960989999998
736736,736795,0,0,0,0,0,0,94526.0,0,0,0,0,0,1022.9091989999998
736736,736795,0,0,0,0,0,0,94526.0,0,0,0,0,0,1022.9091989999998
736736,736795,0,0,0,0,0,0,94526.0,0,0,0,0,0,1022.9091989999998
736736,736795,0,0,0,0,0,0,94526.0,0,0,0,0,0,1022.9091989999998
736736,736795,0,0,0,0,0,0,94526.0,0,0,0,0,0,1022.9091989999998
736736,736795,0,0,0,0,0,0,94526.0,0,0,0,0,0,1022.9091989999998
0,0,0,0,0,0,0,0,90004.0,0,0,0,0,0,1030.255799
0,0,0,0,0,0,0,0,90004.0,0,0,0,0,0,1030.255799
0,0,0,0,0,0,0,0,90004.0,0,0,0,0,0,1030.255799
0,0,0,0,0,0,0,0,90004.0,0,0,0,0,0,1030.255799
0,0,0,0,0,0,0,0,90004.0,0,0,0,0,0,1030.255799
0,0,0,0,0,0,0,0,90004.0,0,0,0,0,0,1030.255799
736461,736614,0,0,0,0,0,0,20016.0,0,0,0,0,0,1241.5924639999998
0,736703,0,0,0,0,0,0,53209.0,0,0,0,0,0,1101.577948
0,736703,0,0,0,0,0,0,53209.0,0,0,0,0,0,1101.577948
0,0,0,0,0,0,0,0,21215.0,0,0,0,0,0,1369.0632739999994
0,0,0,0,0,0,0,0,21215.0,0,0,0,0,0,1369.0632739999994
0,0,0,0,0,0,0,0,21215.0,0,0,0,0,0,1369.0632739999994
0,0,0,0,0,0,0,0,28540.0,0,0,0,0,0,1216.254424
0,0,0,0,0,0,0,0,28540.0,0,0,0,0,0,1216.254424
0,0,0,0,0,0,0,0,28540.0,0,0,0,0,0,1216.254424
0,0,0,0,0,0,0,0,28540.0,0,0,0,0,0,1216.254424
0,736000,0,0,0,0,0,0,14609.0,0,0,0,0,0,1995.057789999999
0,736000,0,0,0,0,0,0,14609.0,0,0,0,0,0,1995.057789999999
0,736000,0,0,0,0,0,0,14609.0,0,0,0,0,0,1995.057789999999
0,736000,0,0,0,0,0,0,14609.0,0,0,0,0,0,1995.057789999999
736948,0,0,0,0,0,0,0,92054.0,0,0,0,0,0,1007.4853309999997
0,0,0,0,0,0,0,0,39503.0,0,0,0,0,0,1157.8494960000003
0,736846,0,0,0,0,0,0,32216.0,0,0,0,0,0,1142.8303520000002
0,736846,0,0,0,0,0,0,32216.0,0,0,0,0,0,1142.8303520000002
736458,736611,0,0,0,0,0,0,77070.0,0,0,0,0,0,1067.31504
736458,736611,0,0,0,0,0,0,77070.0,0,0,0,0,0,1067.31504
736063,736154,0,0,0,0,0,0,77095.0,0,0,0,0,0,1099.22364
0,0,0,0,0,0,0,0,2149.0,0,0,0,0,0,1749.7338779999993
0,0,0,0,0,0,0,0,2149.0,0,0,0,0,0,1749.7338779999993
0,0,0,0,0,0,0,0,90049.0,0,0,0,0,0,1021.7960989999998
0,0,0,0,0,0,0,0,90049.0,0,0,0,0,0,1021.7960989999998
736094,736186,0,0,0,0,0,0,19805.0,0,0,0,0,0,1262.9515639999997
736946,0,0,0,0,0,0,0,38401.0,0,0,0,0,0,1066.4716999999998
736946,0,0,0,0,0,0,0,38401.0,0,0,0,0,0,1066.4716999999998
736946,0,0,0,0,0,0,0,38401.0,0,0,0,0,0,1066.4716999999998
736946,0,0,0,0,0,0,0,38401.0,0,0,0,0,0,1066.4716999999998
0,0,0,0,0,0,0,0,10011.0,0,0,0,0,0,1747.7220079999993
0,0,0,0,0,0,0,0,10011.0,0,0,0,0,0,1747.7220079999993
0,0,0,0,0,0,0,0,10011.0,0,0,0,0,0,1747.7220079999993
0,0,0,0,0,0,0,0,10011.0,0,0,0,0,0,1747.7220079999993
0,0,0,0,0,0,0,0,48858.0,0,0,0,0,0,1127.0040120000003
736761,736914,0,0,0,0,0,0,94122.0,0,0,0,0,0,1041.9937989999996
736761,736914,0,0,0,0,0,0,94122.0,0,0,0,0,0,1041.9937989999996
0,0,0,0,0,0,0,0,94122.0,0,0,0,0,0,1048.9307489999999
0,0,0,0,0,0,0,0,94122.0,0,0,0,0,0,1048.9307489999999
737031,0,0,0,0,0,0,0,94122.0,0,0,0,0,0,1209.0350609999998
0,0,0,0,0,0,0,0,90045.0,0,0,0,0,0,1021.7960989999998
0,0,0,0,0,0,0,0,90045.0,0,0,0,0,0,1021.7960989999998
0,0,0,0,0,0,0,0,90045.0,0,0,0,0,0,1021.7960989999998
736642,0,0,0,0,0,0,0,23602.0,0,0,0,0,0,1145.396368
736642,0,0,0,0,0,0,0,23602.0,0,0,0,0,0,1145.396368
0,0,0,0,0,0,0,0,80525.0,0,0,0,0,0,1014.447608
0,0,0,0,0,0,0,0,80525.0,0,0,0,0,0,1014.447608
736002,736123,0,0,0,0,0,0,98105.0,0,0,0,0,0,1122.0808849999996
736002,736123,0,0,0,0,0,0,98105.0,0,0,0,0,0,1122.0808849999996
736671,0,0,0,0,0,0,0,10011.0,0,0,0,0,0,1586.46672
0,735724,0,0,0,0,0,0,23223.0,0,0,0,0,0,1314.8746179999998
0,736334,0,0,0,0,0,0,10009.0,0,0,0,0,0,1624.7218739999994
0,0,0,0,0,0,0,0,98103.0,0,0,0,0,0,1048.076349
0,0,0,0,0,0,0,0,98103.0,0,0,0,0,0,1048.076349
736910,737032,0,0,0,0,0,0,94110.0,0,0,0,0,0,1072.0818569999997
736910,737032,0,0,0,0,0,0,94110.0,0,0,0,0,0,1072.0818569999997
0,0,0,0,0,0,0,0,8861.0,0,0,0,0,0,1742.9310379999993
0,0,0,0,0,0,0,0,8861.0,0,0,0,0,0,1742.9310379999993
0,0,0,0,0,0,0,0,94110.0,0,0,0,0,0,1038.179099
735723,735876,0,0,0,0,0,0,61032.0,0,0,0,0,0,1130.023984
736028,736150,0,0,0,0,0,0,19140.0,0,0,0,0,0,1291.4055639999997
736028,736150,0,0,0,0,0,0,19140.0,0,0,0,0,0,1291.4055639999997
736028,736150,0,0,0,0,0,0,19140.0,0,0,0,0,0,1291.4055639999997
736028,736150,0,0,0,0,0,0,19140.0,0,0,0,0,0,1291.4055639999997
736028,736150,0,0,0,0,0,0,19140.0,0,0,0,0,0,1291.4055639999997
736028,736150,0,0,0,0,0,0,19140.0,0,0,0,0,0,1291.4055639999997
736028,736150,0,0,0,0,0,0,19140.0,0,0,0,0,0,1291.4055639999997
0,0,0,0,0,0,0,0,32216.0,0,0,0,0,0,1194.7120960000002
0,0,0,0,0,0,0,0,33024.0,0,0,0,0,0,1194.7120960000002
0,0,0,0,0,0,0,0,33024.0,0,0,0,0,0,1194.7120960000002
736603,0,0,0,0,0,0,0,98115.0,0,0,0,0,0,1039.9426609999996
736603,0,0,0,0,0,0,0,98115.0,0,0,0,0,0,1039.9426609999996
736850,737003,0,0,0,0,0,0,76106.0,0,0,0,0,0,1082.4126999999999
736850,737003,0,0,0,0,0,0,76106.0,0,0,0,0,0,1082.4126999999999
736850,737003,0,0,0,0,0,0,76106.0,0,0,0,0,0,1082.4126999999999
0,736488,0,0,0,0,0,0,48205.0,0,0,0,0,0,1133.5242480000002
0,736488,0,0,0,0,0,0,48205.0,0,0,0,0,0,1133.5242480000002
0,736488,0,0,0,0,0,0,48205.0,0,0,0,0,0,1133.5242480000002
0,736488,0,0,0,0,0,0,48205.0,0,0,0,0,0,1133.5242480000002
0,0,0,0,0,0,0,0,19120.0,0,0,0,0,0,1404.99292
0,0,0,0,0,0,0,0,84321.0,0,0,0,0,0,1013.919368
0,0,0,0,0,0,0,0,84321.0,0,0,0,0,0,1013.919368
0,0,0,0,0,0,0,0,84321.0,0,0,0,0,0,1013.919368
0,0,0,0,0,0,0,0,84321.0,0,0,0,0,0,1013.919368
0,0,0,0,0,0,0,0,84321.0,0,0,0,0,0,1013.919368
0,0,0,0,0,0,0,0,13021.0,0,0,0,0,0,1782.0985099999994
736341,736341,0,0,0,0,0,0,27604.0,0,0,0,0,0,1104.6700759999999
0,736397,0,0,0,0,0,0,19120.0,0,0,0,0,0,1381.3928999999996
0,736397,0,0,0,0,0,0,19120.0,0,0,0,0,0,1381.3928999999996
0,736397,0,0,0,0,0,0,19120.0,0,0,0,0,0,1381.3928999999996
0,736397,0,0,0,0,0,0,19120.0,0,0,0,0,0,1381.3928999999996
0,0,0,0,0,0,0,0,47374.0,0,0,0,0,0,1115.7379360000004
0,736757,0,0,0,0,0,0,17602.0,0,0,0,0,0,1368.7500439999997
0,0,0,0,0,0,0,0,85705.0,0,0,0,0,0,1026.954284
0,0,0,0,0,0,0,0,85705.0,0,0,0,0,0,1026.954284
0,0,0,0,0,0,0,0,85705.0,0,0,0,0,0,1026.954284
0,0,0,0,0,0,0,0,85705.0,0,0,0,0,0,1026.954284
0,0,0,0,0,0,0,0,85705.0,0,0,0,0,0,1026.954284
0,0,0,0,0,0,0,0,48205.0,0,0,0,0,0,1127.0040120000003
0,0,0,0,0,0,0,0,48205.0,0,0,0,0,0,1127.0040120000003
0,0,0,0,0,0,0,0,48205.0,0,0,0,0,0,1127.0040120000003
0,0,0,0,0,0,0,0,48205.0,0,0,0,0,0,1127.0040120000003
0,0,0,0,0,0,0,0,48205.0,0,0,0,0,0,1127.0040120000003
737003,0,0,0,0,0,0,0,78745.0,0,0,0,0,0,1008.0718699999998
737003,0,0,0,0,0,0,0,78745.0,0,0,0,0,0,1008.0718699999998
737003,0,0,0,0,0,0,0,78745.0,0,0,0,0,0,1008.0718699999998
737003,0,0,0,0,0,0,0,78745.0,0,0,0,0,0,1008.0718699999998
0,0,0,0,0,0,0,0,77095.0,0,0,0,0,0,1049.1600080000003
0,0,0,0,0,0,0,0,6708.0,0,0,0,0,0,1750.2965979999994
0,0,0,0,0,0,0,0,6708.0,0,0,0,0,0,1750.2965979999994
0,0,0,0,0,0,0,0,6708.0,0,0,0,0,0,1750.2965979999994
0,0,0,0,0,0,0,0,90049.0,0,0,0,0,0,1021.7960989999998
0,0,0,0,0,0,0,0,90049.0,0,0,0,0,0,1021.7960989999998
0,0,0,0,0,0,0,0,90049.0,0,0,0,0,0,1021.7960989999998
0,0,0,0,0,0,0,0,90049.0,0,0,0,0,0,1021.7960989999998
0,0,0,0,0,0,0,0,19120.0,0,0,0,0,0,1404.99292
0,0,0,0,0,0,0,0,77340.0,0,0,0,0,0,1049.1600080000003
0,0,0,0,0,0,0,0,77340.0,0,0,0,0,0,1049.1600080000003
0,0,0,0,0,0,0,0,97206.0,0,0,0,0,0,1048.076349
736303,0,0,0,0,0,0,0,80027.0,0,0,0,0,0,993.2156099999997
736765,736887,0,0,0,0,0,0,98115.0,0,0,0,0,0,1041.5969389999998
736310,0,0,0,0,0,0,0,21215.0,0,0,0,0,0,1275.5879179999997
736247,736278,0,0,0,0,0,0,94109.0,0,0,0,0,0,1032.6843449999997
0,0,0,0,0,0,0,0,90004.0,0,0,0,0,0,1030.255799
0,0,0,0,0,0,0,0,90004.0,0,0,0,0,0,1030.255799
735785,735908,0,0,0,0,0,0,60505.0,0,0,0,0,0,1130.023984
736703,736884,0,0,0,0,0,0,98103.0,0,0,0,0,0,1041.9937989999996
0,0,0,0,0,0,0,0,30605.0,0,0,0,0,0,1194.7120960000002
736644,0,0,0,0,0,0,0,32712.0,0,0,0,0,0,1086.30936
736644,0,0,0,0,0,0,0,32712.0,0,0,0,0,0,1086.30936
0,0,0,0,0,0,0,0,10009.0,0,0,0,0,0,1742.9310379999993
0,0,0,0,0,0,0,0,10009.0,0,0,0,0,0,1742.9310379999993
735790,735943,0,0,0,0,0,0,94110.0,0,0,0,0,0,1103.5216589999995
0,0,0,0,0,0,0,0,75217.0,0,0,0,0,0,1100.3046960000001
0,0,0,0,0,0,0,0,92105.0,0,0,0,0,0,1027.027459
0,0,0,0,0,0,0,0,92105.0,0,0,0,0,0,1027.027459
0,0,0,0,0,0,0,0,92105.0,0,0,0,0,0,1027.027459
0,0,0,0,0,0,0,0,92105.0,0,0,0,0,0,1027.027459
736514,736667,0,0,0,0,0,0,10035.0,0,0,0,0,0,1445.2065859999996
0,0,0,0,0,0,0,0,4240.0,0,0,0,0,0,1752.3436779999995
0,0,0,0,0,0,0,0,4240.0,0,0,0,0,0,1752.3436779999995
0,0,0,0,0,0,0,0,4240.0,0,0,0,0,0,1752.3436779999995
0,0,0,0,0,0,0,0,90805.0,0,0,0,0,0,1021.7960989999998
0,0,0,0,0,0,0,0,90805.0,0,0,0,0,0,1021.7960989999998
737039,0,0,0,0,0,0,0,98115.0,0,0,0,0,0,1245.0003929999998
737039,0,0,0,0,0,0,0,98115.0,0,0,0,0,0,1245.0003929999998
737039,0,0,0,0,0,0,0,98115.0,0,0,0,0,0,1245.0003929999998
736817,736817,0,0,0,0,0,0,55901.0,0,0,0,0,0,1100.593584
736817,736817,0,0,0,0,0,0,55901.0,0,0,0,0,0,1100.593584
736817,736817,0,0,0,0,0,0,55901.0,0,0,0,0,0,1100.593584
736817,736817,0,0,0,0,0,0,55901.0,0,0,0,0,0,1100.593584
736391,736391,0,0,0,0,0,0,94110.0,0,0,0,0,0,1032.6843449999997
736391,736391,0,0,0,0,0,0,94110.0,0,0,0,0,0,1032.6843449999997
0,0,0,0,0,0,0,0,98103.0,0,0,0,0,0,1048.076349
736520,736582,0,0,0,0,0,0,99207.0,0,0,0,0,0,1055.5732049999997
736584,0,0,0,0,0,0,0,37064.0,0,0,0,0,0,1053.4960199999998
0,0,0,0,0,0,0,0,38301.0,0,0,0,0,0,1159.0822960000003
736310,0,0,0,0,0,0,0,78745.0,0,0,0,0,0,995.0566099999998
736755,736908,0,0,0,0,0,0,33024.0,0,0,0,0,0,1058.356036
736755,736908,0,0,0,0,0,0,33024.0,0,0,0,0,0,1058.356036
0,0,0,0,0,0,0,0,19143.0,0,0,0,0,0,1365.6374599999995
0,736819,0,0,0,0,0,0,61832.0,0,0,0,0,0,1090.773412
735668,735790,0,0,0,0,0,0,10009.0,0,0,0,0,0,1616.9555939999998
735668,735790,0,0,0,0,0,0,10009.0,0,0,0,0,0,1616.9555939999998
735668,735790,0,0,0,0,0,0,10009.0,0,0,0,0,0,1616.9555939999998
0,736785,0,0,0,0,0,0,43229.0,0,0,0,0,0,1069.3676040000003
0,736785,0,0,0,0,0,0,43229.0,0,0,0,0,0,1069.3676040000003
0,0,0,0,0,0,0,0,91911.0,0,0,0,0,0,1021.7960989999998
0,0,0,0,0,0,0,0,94110.0,0,0,0,0,0,1038.179099
0,0,0,0,0,0,0,0,10009.0,0,0,0,0,0,1742.9310379999993
736210,736301,0,0,0,0,0,0,78207.0,0,0,0,0,0,1023.4185359999997
736210,736301,0,0,0,0,0,0,78207.0,0,0,0,0,0,1023.4185359999997
736731,736759,0,0,0,0,0,0,28540.0,0,0,0,0,0,1034.26108
0,0,0,0,0,0,0,0,94109.0,0,0,0,0,0,1038.179099
0,0,0,0,0,0,0,0,94109.0,0,0,0,0,0,1038.179099
0,735668,0,0,0,0,0,0,85323.0,0,0,0,0,0,1046.4307259999998
0,0,0,0,0,0,0,0,60610.0,0,0,0,0,0,1100.3046960000001
0,0,0,0,0,0,0,0,60610.0,0,0,0,0,0,1100.3046960000001
0,0,0,0,0,0,0,0,60610.0,0,0,0,0,0,1100.3046960000001
0,0,0,0,0,0,0,0,92025.0,0,0,0,0,0,1021.7960989999998
0,0,0,0,0,0,0,0,11561.0,0,0,0,0,0,1724.4191099999994
0,0,0,0,0,0,0,0,11561.0,0,0,0,0,0,1724.4191099999994
736886,737009,0,0,0,0,0,0,19711.0,0,0,0,0,0,1200.6694819999998
735817,735878,0,0,0,0,0,0,14215.0,0,0,0,0,0,1888.9705659999995
735790,735943,0,0,0,0,0,0,77070.0,0,0,0,0,0,1138.560762
735790,735943,0,0,0,0,0,0,77070.0,0,0,0,0,0,1138.560762
735790,735943,0,0,0,0,0,0,77070.0,0,0,0,0,0,1138.560762
0,736696,0,0,0,0,0,0,67212.0,0,0,0,0,0,1117.9662739999999
736280,0,0,0,0,0,0,0,80906.0,0,0,0,0,0,992.8014999999998
736280,0,0,0,0,0,0,0,80906.0,0,0,0,0,0,992.8014999999998
736280,0,0,0,0,0,0,0,80906.0,0,0,0,0,0,992.8014999999998
736280,0,0,0,0,0,0,0,80906.0,0,0,0,0,0,992.8014999999998
736280,0,0,0,0,0,0,0,80906.0,0,0,0,0,0,992.8014999999998
736280,0,0,0,0,0,0,0,80906.0,0,0,0,0,0,992.8014999999998
736280,0,0,0,0,0,0,0,80906.0,0,0,0,0,0,992.8014999999998
736280,0,0,0,0,0,0,0,80906.0,0,0,0,0,0,992.8014999999998
736280,0,0,0,0,0,0,0,80906.0,0,0,0,0,0,992.8014999999998
0,736061,0,0,0,0,0,0,10011.0,0,0,0,0,0,1705.5181479999994
0,0,0,0,0,0,0,0,90036.0,0,0,0,0,0,1034.961929
0,0,0,0,0,0,0,0,30062.0,0,0,0,0,0,1216.254424
0,0,0,0,0,0,0,0,32216.0,0,0,0,0,0,1194.7120960000002
0,0,0,0,0,0,0,0,32216.0,0,0,0,0,0,1194.7120960000002
0,0,0,0,0,0,0,0,32216.0,0,0,0,0,0,1194.7120960000002
0,0,0,0,0,0,0,0,32216.0,0,0,0,0,0,1194.7120960000002
0,0,0,0,0,0,0,0,32216.0,0,0,0,0,0,1194.7120960000002
0,0,0,0,0,0,0,0,32216.0,0,0,0,0,0,1194.7120960000002
0,0,0,0,0,0,0,0,32216.0,0,0,0,0,0,1194.7120960000002
0,0,0,0,0,0,0,0,19140.0,0,0,0,0,0,1365.6374599999995
0,0,0,0,0,0,0,0,19140.0,0,0,0,0,0,1365.6374599999995
0,0,0,0,0,0,0,0,90008.0,0,0,0,0,0,1030.255799
0,0,0,0,0,0,0,0,90008.0,0,0,0,0,0,1030.255799
0,0,0,0,0,0,0,0,90008.0,0,0,0,0,0,1030.255799
0,0,0,0,0,0,0,0,19134.0,0,0,0,0,0,1404.99292
0,0,0,0,0,0,0,0,54703.0,0,0,0,0,0,1150.3552320000001
0,0,0,0,0,0,0,0,54703.0,0,0,0,0,0,1150.3552320000001
0,0,0,0,0,0,0,0,19134.0,0,0,0,0,0,1404.99292
0,0,0,0,0,0,0,0,19134.0,0,0,0,0,0,1404.99292
0,0,0,0,0,0,0,0,19134.0,0,0,0,0,0,1404.99292
736546,736607,0,0,0,0,0,0,90004.0,0,0,0,0,0,1049.4313209999996
0,0,0,0,0,0,0,0,19134.0,0,0,0,0,0,1404.99292
0,0,0,0,0,0,0,0,19134.0,0,0,0,0,0,1404.99292
0,0,0,0,0,0,0,0,19134.0,0,0,0,0,0,1404.99292
0,0,0,0,0,0,0,0,19134.0,0,0,0,0,0,1404.99292
736912,0,0,0,0,0,0,0,6360.0,0,0,0,0,0,1574.5860799999998
736149,736272,0,0,0,0,0,0,78207.0,0,0,0,0,0,1030.7569159999998
736149,736272,0,0,0,0,0,0,78207.0,0,0,0,0,0,1030.7569159999998
736609,736640,0,0,0,0,0,0,85364.0,0,0,0,0,0,1021.7444559999997
0,0,0,0,0,0,0,0,43229.0,0,0,0,0,0,1118.4940360000003
0,0,0,0,0,0,0,0,43229.0,0,0,0,0,0,1118.4940360000003
0,0,0,0,0,0,0,0,43229.0,0,0,0,0,0,1118.4940360000003
737039,0,0,0,0,0,0,0,90036.0,0,0,0,0,0,1218.373553
735609,735821,0,0,0,0,0,0,40475.0,0,0,0,0,0,1129.211238
735609,735821,0,0,0,0,0,0,40475.0,0,0,0,0,0,1129.211238
0,0,0,0,0,0,0,0,10035.0,0,0,0,0,0,1720.0015379999995
735790,735943,0,0,0,0,0,0,54401.0,0,0,0,0,0,1152.2234980000003
735790,735943,0,0,0,0,0,0,54401.0,0,0,0,0,0,1152.2234980000003
735790,735943,0,0,0,0,0,0,54401.0,0,0,0,0,0,1152.2234980000003
735790,735943,0,0,0,0,0,0,54401.0,0,0,0,0,0,1152.2234980000003
736824,736977,0,0,0,0,0,0,94110.0,0,0,0,0,0,1029.8530369999996
736824,736977,0,0,0,0,0,0,94110.0,0,0,0,0,0,1029.8530369999996
736824,736977,0,0,0,0,0,0,94110.0,0,0,0,0,0,1029.8530369999996
736700,736759,0,0,0,0,0,0,43017.0,0,0,0,0,0,1009.96494
736700,736759,0,0,0,0,0,0,43017.0,0,0,0,0,0,1009.96494
736700,736759,0,0,0,0,0,0,43017.0,0,0,0,0,0,1009.96494
0,0,0,0,0,0,0,0,42420.0,0,0,0,0,0,1118.4940360000003
0,0,0,0,0,0,0,0,43402.0,0,0,0,0,0,1118.4940360000003
0,736794,0,0,0,0,0,0,38109.0,0,0,0,0,0,1108.6254760000002
736521,736583,0,0,0,0,0,0,8701.0,0,0,0,0,0,1473.6130659999994
735692,735722,0,0,0,0,0,0,90008.0,0,0,0,0,0,1083.2728049999996
0,0,0,0,0,0,0,0,14609.0,0,0,0,0,0,2048.773129999999
0,0,0,0,0,0,0,0,97301.0,0,0,0,0,0,1048.076349
0,0,0,0,0,0,0,0,97301.0,0,0,0,0,0,1048.076349
0,0,0,0,0,0,0,0,97301.0,0,0,0,0,0,1048.076349
735819,0,0,0,0,0,0,0,99301.0,0,0,0,0,0,1074.395257
735819,0,0,0,0,0,0,0,99301.0,0,0,0,0,0,1074.395257
735819,0,0,0,0,0,0,0,99301.0,0,0,0,0,0,1074.395257
735819,0,0,0,0,0,0,0,99301.0,0,0,0,0,0,1074.395257
735944,0,0,0,0,0,0,0,94601.0,0,0,0,0,0,1074.139041
735944,0,0,0,0,0,0,0,94601.0,0,0,0,0,0,1074.139041
735944,0,0,0,0,0,0,0,94601.0,0,0,0,0,0,1074.139041
0,0,0,0,0,0,0,0,90004.0,0,0,0,0,0,1030.255799
0,0,0,0,0,0,0,0,90004.0,0,0,0,0,0,1030.255799
0,0,0,0,0,0,0,0,90004.0,0,0,0,0,0,1030.255799
0,0,0,0,0,0,0,0,60302.0,0,0,0,0,0,1100.3046960000001
0,0,0,0,0,0,0,0,7960.0,0,0,0,0,0,1742.9310379999993
735906,0,0,0,0,0,0,0,78745.0,0,0,0,0,0,1018.0569419999998
736613,0,0,0,0,0,0,0,10011.0,0,0,0,0,0,1584.7818199999997
736613,0,0,0,0,0,0,0,10011.0,0,0,0,0,0,1584.7818199999997
0,0,0,0,0,0,0,0,10024.0,0,0,0,0,0,1743.6276379999993
0,0,0,0,0,0,0,0,98103.0,0,0,0,0,0,1048.076349
0,0,0,0,0,0,0,0,98103.0,0,0,0,0,0,1048.076349
0,0,0,0,0,0,0,0,98103.0,0,0,0,0,0,1048.076349
0,0,0,0,0,0,0,0,98103.0,0,0,0,0,0,1048.076349
0,0,0,0,0,0,0,0,17602.0,0,0,0,0,0,1434.3321199999998
0,0,0,0,0,0,0,0,17602.0,0,0,0,0,0,1434.3321199999998
0,0,0,0,0,0,0,0,77095.0,0,0,0,0,0,1049.1600080000003
0,0,0,0,0,0,0,0,77095.0,0,0,0,0,0,1049.1600080000003
0,0,0,0,0,0,0,0,77095.0,0,0,0,0,0,1049.1600080000003
0,0,0,0,0,0,0,0,77095.0,0,0,0,0,0,1049.1600080000003
735641,735791,0,0,0,0,0,0,43229.0,0,0,0,0,0,1091.525238
735667,735851,0,0,0,0,0,0,27707.0,0,0,0,0,0,1216.6410019999998
735667,735851,0,0,0,0,0,0,27707.0,0,0,0,0,0,1216.6410019999998
0,0,0,0,0,0,0,0,32503.0,0,0,0,0,0,1194.7120960000002
736736,736825,0,0,0,0,0,0,42420.0,0,0,0,0,0,1021.48086
736736,736825,0,0,0,0,0,0,42420.0,0,0,0,0,0,1021.48086
736736,736825,0,0,0,0,0,0,42420.0,0,0,0,0,0,1021.48086
736736,736825,0,0,0,0,0,0,42420.0,0,0,0,0,0,1021.48086
736909,0,0,0,0,0,0,0,92804.0,0,0,0,0,0,1011.5917859999997
736909,0,0,0,0,0,0,0,92804.0,0,0,0,0,0,1011.5917859999997
0,0,0,0,0,0,0,0,48227.0,0,0,0,0,0,1127.0040120000003
0,736341,0,0,0,0,0,0,30062.0,0,0,0,0,0,1184.0919520000002
0,736341,0,0,0,0,0,0,30062.0,0,0,0,0,0,1184.0919520000002
0,736341,0,0,0,0,0,0,30062.0,0,0,0,0,0,1184.0919520000002
0,736341,0,0,0,0,0,0,30062.0,0,0,0,0,0,1184.0919520000002
0,0,0,0,0,0,0,0,98103.0,0,0,0,0,0,1048.076349
0,0,0,0,0,0,0,0,98103.0,0,0,0,0,0,1048.076349
0,0,0,0,0,0,0,0,98103.0,0,0,0,0,0,1048.076349
0,0,0,0,0,0,0,0,98103.0,0,0,0,0,0,1048.076349
0,0,0,0,0,0,0,0,98103.0,0,0,0,0,0,1048.076349
0,0,0,0,0,0,0,0,98103.0,0,0,0,0,0,1048.076349
0,0,0,0,0,0,0,0,98103.0,0,0,0,0,0,1048.076349
0,0,0,0,0,0,0,0,44134.0,0,0,0,0,0,1130.9557560000003
0,0,0,0,0,0,0,0,44134.0,0,0,0,0,0,1130.9557560000003
0,0,0,0,0,0,0,0,97030.0,0,0,0,0,0,1048.076349
0,0,0,0,0,0,0,0,92804.0,0,0,0,0,0,1027.342234
0,0,0,0,0,0,0,0,92804.0,0,0,0,0,0,1027.342234
736878,737031,0,0,0,0,0,0,10035.0,0,0,0,0,0,1435.1201859999994
736878,737031,0,0,0,0,0,0,10035.0,0,0,0,0,0,1435.1201859999994
735610,735669,0,0,0,0,0,0,77070.0,0,0,0,0,0,1116.057788
0,0,0,0,0,0,0,0,3301.0,0,0,0,0,0,1749.7338779999993
0,0,0,0,0,0,0,0,3301.0,0,0,0,0,0,1749.7338779999993
0,0,0,0,0,0,0,0,45014.0,0,0,0,0,0,1130.9557560000003
0,0,0,0,0,0,0,0,45014.0,0,0,0,0,0,1130.9557560000003
0,0,0,0,0,0,0,0,37604.0,0,0,0,0,0,1159.0822960000003
0,0,0,0,0,0,0,0,37604.0,0,0,0,0,0,1159.0822960000003
0,0,0,0,0,0,0,0,37604.0,0,0,0,0,0,1159.0822960000003
0,0,0,0,0,0,0,0,37604.0,0,0,0,0,0,1159.0822960000003
0,0,0,0,0,0,0,0,37604.0,0,0,0,0,0,1159.0822960000003
0,0,0,0,0,0,0,0,98105.0,0,0,0,0,0,1056.132109
0,0,0,0,0,0,0,0,98105.0,0,0,0,0,0,1056.132109
736947,737008,0,0,0,0,0,0,77573.0,0,0,0,0,0,1019.6247279999998
736947,737008,0,0,0,0,0,0,77573.0,0,0,0,0,0,1019.6247279999998
736361,736511,0,0,0,0,0,0,20877.0,0,0,0,0,0,1240.5830679999997
736361,736511,0,0,0,0,0,0,20877.0,0,0,0,0,0,1240.5830679999997
0,0,0,0,0,0,0,0,60653.0,0,0,0,0,0,1100.3046960000001
0,0,0,0,0,0,0,0,35810.0,0,0,0,0,0,1194.7120960000002
0,0,0,0,0,0,0,0,35810.0,0,0,0,0,0,1194.7120960000002
0,0,0,0,0,0,0,0,35810.0,0,0,0,0,0,1194.7120960000002
0,0,0,0,0,0,0,0,35810.0,0,0,0,0,0,1194.7120960000002
736976,0,0,0,0,0,0,0,1841.0,0,0,0,0,0,1598.2692799999998
0,0,0,0,0,0,0,0,60623.0,0,0,0,0,0,1100.3046960000001
736706,736857,0,0,0,0,0,0,6824.0,0,0,0,0,0,1445.83145
736706,736857,0,0,0,0,0,0,6824.0,0,0,0,0,0,1445.83145
735638,735666,0,0,0,0,0,0,10009.0,0,0,0,0,0,1652.6711139999998
735638,735666,0,0,0,0,0,0,10009.0,0,0,0,0,0,1652.6711139999998
0,0,0,0,0,0,0,0,98103.0,0,0,0,0,0,1048.076349
0,736064,0,0,0,0,0,0,80013.0,0,0,0,0,0,1071.4971159999996
0,736064,0,0,0,0,0,0,80013.0,0,0,0,0,0,1071.4971159999996
0,736064,0,0,0,0,0,0,80013.0,0,0,0,0,0,1071.4971159999996
0,0,0,0,0,0,0,0,84043.0,0,0,0,0,0,1013.919368
736846,0,0,0,0,0,0,0,35401.0,0,0,0,0,0,1091.38512
0,0,0,0,0,0,0,0,94109.0,0,0,0,0,0,1038.179099
0,0,0,0,0,0,0,0,94109.0,0,0,0,0,0,1038.179099
0,0,0,0,0,0,0,0,94109.0,0,0,0,0,0,1038.179099
736117,0,0,0,0,0,0,0,19805.0,0,0,0,0,0,1286.5515839999998
736117,0,0,0,0,0,0,0,19805.0,0,0,0,0,0,1286.5515839999998
736117,0,0,0,0,0,0,0,19805.0,0,0,0,0,0,1286.5515839999998
0,0,0,0,0,0,0,0,47905.0,0,0,0,0,0,1115.7379360000004
736458,736489,0,0,0,0,0,0,90278.0,0,0,0,0,0,1043.2064929999997
736458,736489,0,0,0,0,0,0,90278.0,0,0,0,0,0,1043.2064929999997
736458,736489,0,0,0,0,0,0,90278.0,0,0,0,0,0,1043.2064929999997
735698,735851,0,0,0,0,0,0,98115.0,0,0,0,0,0,1098.9716949999997
0,736737,0,0,0,0,0,0,90045.0,0,0,0,0,0,1036.0944829999999
0,736737,0,0,0,0,0,0,90045.0,0,0,0,0,0,1036.0944829999999
0,736340,0,0,0,0,0,0,10009.0,0,0,0,0,0,1624.7218739999994
736213,0,0,0,0,0,0,0,48073.0,0,0,0,0,0,1073.3255120000001
736918,737040,0,0,0,0,0,0,94109.0,0,0,0,0,0,1078.9362109999997
0,0,0,0,0,0,0,0,10009.0,0,0,0,0,0,1742.9310379999993
735847,0,0,0,0,0,0,0,89031.0,0,0,0,0,0,1052.6690319999998
735847,0,0,0,0,0,0,0,89031.0,0,0,0,0,0,1052.6690319999998
735847,0,0,0,0,0,0,0,89031.0,0,0,0,0,0,1052.6690319999998
0,0,0,0,0,0,0,0,75007.0,0,0,0,0,0,1100.3046960000001
0,0,0,0,0,0,0,0,75007.0,0,0,0,0,0,1100.3046960000001
0,0,0,0,0,0,0,0,90008.0,0,0,0,0,0,1030.255799
0,0,0,0,0,0,0,0,90008.0,0,0,0,0,0,1030.255799
735782,735813,0,0,0,0,0,0,98103.0,0,0,0,0,0,1090.9159349999998
735782,735813,0,0,0,0,0,0,98103.0,0,0,0,0,0,1090.9159349999998
735782,735813,0,0,0,0,0,0,98103.0,0,0,0,0,0,1090.9159349999998
0,0,0,0,0,0,0,0,33311.0,0,0,0,0,0,1194.7120960000002
0,0,0,0,0,0,0,0,38401.0,0,0,0,0,0,1159.0822960000003
736002,736092,0,0,0,0,0,0,2908.0,0,0,0,0,0,1608.5409299999997
736002,736092,0,0,0,0,0,0,2908.0,0,0,0,0,0,1608.5409299999997
736002,736092,0,0,0,0,0,0,2908.0,0,0,0,0,0,1608.5409299999997
736002,736092,0,0,0,0,0,0,2908.0,0,0,0,0,0,1608.5409299999997
736491,736583,0,0,0,0,0,0,32216.0,0,0,0,0,0,1073.986176
736491,736583,0,0,0,0,0,0,32216.0,0,0,0,0,0,1073.986176
736491,736583,0,0,0,0,0,0,32216.0,0,0,0,0,0,1073.986176
736491,736583,0,0,0,0,0,0,32216.0,0,0,0,0,0,1073.986176
736521,736674,0,0,0,0,0,0,92054.0,0,0,0,0,0,1010.9196969999997
0,0,0,0,0,0,0,0,32216.0,0,0,0,0,0,1194.7120960000002
736157,736219,0,0,0,0,0,0,10024.0,0,0,0,0,0,1489.3603059999996
736157,736219,0,0,0,0,0,0,10024.0,0,0,0,0,0,1489.3603059999996
736157,736219,0,0,0,0,0,0,10024.0,0,0,0,0,0,1489.3603059999996
736584,0,0,0,0,0,0,0,60610.0,0,0,0,0,0,1059.751452
736584,0,0,0,0,0,0,0,60610.0,0,0,0,0,0,1059.751452
736584,0,0,0,0,0,0,0,60610.0,0,0,0,0,0,1059.751452
0,0,0,0,0,0,0,0,92646.0,0,0,0,0,0,1027.342234
736491,736613,0,0,0,0,0,0,92105.0,0,0,0,0,0,1030.0597729999995
736124,736246,0,0,0,0,0,0,37211.0,0,0,0,0,0,1058.039196
735666,735666,0,0,0,0,0,0,10009.0,0,0,0,0,0,1663.6321739999996
0,0,0,0,0,0,0,0,80906.0,0,0,0,0,0,1014.447608
0,0,0,0,0,0,0,0,80906.0,0,0,0,0,0,1014.447608
0,0,0,0,0,0,0,0,80906.0,0,0,0,0,0,1014.447608
0,736793,0,0,0,0,0,0,94110.0,0,0,0,0,0,1022.1493729999999
0,736793,0,0,0,0,0,0,94110.0,0,0,0,0,0,1022.1493729999999
736887,0,0,0,0,0,0,0,60653.0,0,0,0,0,0,1063.619912
0,0,0,0,0,0,0,0,38109.0,0,0,0,0,0,1159.0822960000003
0,0,0,0,0,0,0,0,38109.0,0,0,0,0,0,1159.0822960000003
0,0,0,0,0,0,0,0,38109.0,0,0,0,0,0,1159.0822960000003
735699,735882,0,0,0,0,0,0,10011.0,0,0,0,0,0,1621.7465639999996
736970,0,0,0,0,0,0,0,27604.0,0,0,0,0,0,1148.133848
736970,0,0,0,0,0,0,0,27604.0,0,0,0,0,0,1148.133848
0,736421,0,0,0,0,0,0,90045.0,0,0,0,0,0,1075.4769009999998
0,736421,0,0,0,0,0,0,90045.0,0,0,0,0,0,1075.4769009999998
736880,737033,0,0,0,0,0,0,90004.0,0,0,0,0,0,1079.2518449999998
0,0,0,0,0,0,0,0,23602.0,0,0,0,0,0,1253.799104
0,0,0,0,0,0,0,0,23602.0,0,0,0,0,0,1253.799104
736520,736673,0,0,0,0,0,0,90032.0,0,0,0,0,0,1026.5410799999997
0,735634,0,0,0,0,0,0,39212.0,0,0,0,0,0,1180.1780400000002
736248,0,0,0,0,0,0,0,47374.0,0,0,0,0,0,1057.9021559999999
736218,0,0,0,0,0,0,0,10035.0,0,0,0,0,0,1582.9076899999993
736218,0,0,0,0,0,0,0,10035.0,0,0,0,0,0,1582.9076899999993
736154,0,0,0,0,0,0,0,19134.0,0,0,0,0,0,1325.9070439999998
736154,0,0,0,0,0,0,0,19134.0,0,0,0,0,0,1325.9070439999998
736154,0,0,0,0,0,0,0,19134.0,0,0,0,0,0,1325.9070439999998
737003,0,0,0,0,0,0,0,85023.0,0,0,0,0,0,998.9767799999997
0,0,0,0,0,0,0,0,44105.0,0,0,0,0,0,1118.4940360000003
0,0,0,0,0,0,0,0,44105.0,0,0,0,0,0,1118.4940360000003
0,0,0,0,0,0,0,0,44105.0,0,0,0,0,0,1118.4940360000003
0,0,0,0,0,0,0,0,43615.0,0,0,0,0,0,1118.4940360000003
0,0,0,0,0,0,0,0,43615.0,0,0,0,0,0,1118.4940360000003
0,0,0,0,0,0,0,0,90008.0,0,0,0,0,0,1030.255799
0,0,0,0,0,0,0,0,90008.0,0,0,0,0,0,1030.255799
0,0,0,0,0,0,0,0,90008.0,0,0,0,0,0,1030.255799
0,0,0,0,0,0,0,0,10011.0,0,0,0,0,0,1747.7220079999993
0,0,0,0,0,0,0,0,92037.0,0,0,0,0,0,1021.7960989999998
0,0,0,0,0,0,0,0,92037.0,0,0,0,0,0,1021.7960989999998
0,0,0,0,0,0,0,0,92037.0,0,0,0,0,0,1021.7960989999998
0,736761,0,0,0,0,0,0,73120.0,0,0,0,0,0,1085.145046
0,736761,0,0,0,0,0,0,73120.0,0,0,0,0,0,1085.145046
0,736761,0,0,0,0,0,0,73120.0,0,0,0,0,0,1085.145046
0,736761,0,0,0,0,0,0,73120.0,0,0,0,0,0,1085.145046
735638,735788,0,0,0,0,0,0,60653.0,0,0,0,0,0,1130.023984
0,736727,0,0,0,0,0,0,94109.0,0,0,0,0,0,1026.891605
0,736727,0,0,0,0,0,0,94109.0,0,0,0,0,0,1026.891605
0,736727,0,0,0,0,0,0,94109.0,0,0,0,0,0,1026.891605
0,736726,0,0,0,0,0,0,8360.0,0,0,0,0,0,1576.8716939999995
0,736726,0,0,0,0,0,0,8360.0,0,0,0,0,0,1576.8716939999995
736215,0,0,0,0,0,0,0,53209.0,0,0,0,0,0,1075.419832
735753,735936,0,0,0,0,0,0,98115.0,0,0,0,0,0,1098.9716949999997
735753,735936,0,0,0,0,0,0,98115.0,0,0,0,0,0,1098.9716949999997
0,0,0,0,0,0,0,0,60540.0,0,0,0,0,0,1100.3046960000001
736275,736305,0,0,0,0,0,0,19805.0,0,0,0,0,0,1251.0164839999998
736275,736305,0,0,0,0,0,0,19805.0,0,0,0,0,0,1251.0164839999998
736275,736305,0,0,0,0,0,0,19805.0,0,0,0,0,0,1251.0164839999998
736613,0,0,0,0,0,0,0,90036.0,0,0,0,0,0,1013.3158209999997
736613,0,0,0,0,0,0,0,90036.0,0,0,0,0,0,1013.3158209999997
736613,0,0,0,0,0,0,0,90036.0,0,0,0,0,0,1013.3158209999997
736613,0,0,0,0,0,0,0,90036.0,0,0,0,0,0,1013.3158209999997
736613,0,0,0,0,0,0,0,90036.0,0,0,0,0,0,1013.3158209999997
736613,0,0,0,0,0,0,0,90036.0,0,0,0,0,0,1013.3158209999997
736613,0,0,0,0,0,0,0,90036.0,0,0,0,0,0,1013.3158209999997
0,735692,0,0,0,0,0,0,60610.0,0,0,0,0,0,1135.710074
0,735692,0,0,0,0,0,0,60610.0,0,0,0,0,0,1135.710074
0,0,0,0,0,0,0,0,98198.0,0,0,0,0,0,1056.132109
736156,736279,0,0,0,0,0,0,19140.0,0,0,0,0,0,1262.9515639999997
0,0,0,0,0,0,0,0,30318.0,0,0,0,0,0,1216.254424
736024,736177,0,0,0,0,0,0,75217.0,0,0,0,0,0,1173.2189039999998
736024,736177,0,0,0,0,0,0,75217.0,0,0,0,0,0,1173.2189039999998
736024,736177,0,0,0,0,0,0,75217.0,0,0,0,0,0,1173.2189039999998
736185,736277,0,0,0,0,0,0,92553.0,0,0,0,0,0,1068.4816049999995
736185,736277,0,0,0,0,0,0,92553.0,0,0,0,0,0,1068.4816049999995
736392,736514,0,0,0,0,0,0,19140.0,0,0,0,0,0,1244.0379639999999
736461,736522,0,0,0,0,0,0,40324.0,0,0,0,0,0,1049.844916
736461,736522,0,0,0,0,0,0,40324.0,0,0,0,0,0,1049.844916
736181,736303,0,0,0,0,0,0,55407.0,0,0,0,0,0,1282.3409139999994
736181,736303,0,0,0,0,0,0,55407.0,0,0,0,0,0,1282.3409139999994
736181,736303,0,0,0,0,0,0,55407.0,0,0,0,0,0,1282.3409139999994
0,0,0,0,0,0,0,0,19805.0,0,0,0,0,0,1365.6374599999995
0,736887,0,0,0,0,0,0,27217.0,0,0,0,0,0,1198.128968
0,736887,0,0,0,0,0,0,27217.0,0,0,0,0,0,1198.128968
0,0,0,0,0,0,0,0,90008.0,0,0,0,0,0,1030.255799
735818,735940,0,0,0,0,0,0,48183.0,0,0,0,0,0,1115.4385300000001
735818,735940,0,0,0,0,0,0,48183.0,0,0,0,0,0,1115.4385300000001
735818,735940,0,0,0,0,0,0,48183.0,0,0,0,0,0,1115.4385300000001
735818,735940,0,0,0,0,0,0,48183.0,0,0,0,0,0,1115.4385300000001
735818,735940,0,0,0,0,0,0,48183.0,0,0,0,0,0,1115.4385300000001
736095,736095,0,0,0,0,0,0,94109.0,0,0,0,0,0,1065.5678209999996
0,0,0,0,0,0,0,0,90049.0,0,0,0,0,0,1021.7960989999998
0,0,0,0,0,0,0,0,77070.0,0,0,0,0,0,1070.2188320000002
0,0,0,0,0,0,0,0,77070.0,0,0,0,0,0,1070.2188320000002
0,0,0,0,0,0,0,0,77070.0,0,0,0,0,0,1070.2188320000002
737009,0,0,0,0,0,0,0,53209.0,0,0,0,0,0,1177.517712
0,0,0,0,0,0,0,0,94122.0,0,0,0,0,0,1048.9307489999999
0,0,0,0,0,0,0,0,94122.0,0,0,0,0,0,1048.9307489999999
0,0,0,0,0,0,0,0,44105.0,0,0,0,0,0,1118.4940360000003
736550,736672,0,0,0,0,0,0,28110.0,0,0,0,0,0,1073.316076
736550,736672,0,0,0,0,0,0,28110.0,0,0,0,0,0,1073.316076
736486,736578,0,0,0,0,0,0,1852.0,0,0,0,0,0,1481.5494259999998
0,0,0,0,0,0,0,0,75081.0,0,0,0,0,0,1100.3046960000001
736087,736210,0,0,0,0,0,0,19120.0,0,0,0,0,0,1309.4289279999998
736087,736210,0,0,0,0,0,0,19120.0,0,0,0,0,0,1309.4289279999998
736087,736210,0,0,0,0,0,0,19120.0,0,0,0,0,0,1309.4289279999998
736792,736883,0,0,0,0,0,0,80538.0,0,0,0,0,0,1026.3752199999997
736792,736883,0,0,0,0,0,0,80538.0,0,0,0,0,0,1026.3752199999997
0,737119,0,0,0,0,0,0,80538.0,0,0,0,0,0,1023.0832439999998
0,0,0,0,0,0,0,0,2895.0,0,0,0,0,0,1749.7338779999993
735761,735883,0,0,0,0,0,0,60610.0,0,0,0,0,0,1130.023984
735761,735883,0,0,0,0,0,0,60610.0,0,0,0,0,0,1130.023984
735761,735883,0,0,0,0,0,0,60610.0,0,0,0,0,0,1130.023984
735761,735883,0,0,0,0,0,0,60610.0,0,0,0,0,0,1130.023984
735761,735883,0,0,0,0,0,0,60610.0,0,0,0,0,0,1130.023984
735761,735883,0,0,0,0,0,0,60610.0,0,0,0,0,0,1130.023984
736153,736306,0,0,0,0,0,0,93309.0,0,0,0,0,0,1042.6312049999997
0,0,0,0,0,0,0,0,75217.0,0,0,0,0,0,1100.3046960000001
0,0,0,0,0,0,0,0,75217.0,0,0,0,0,0,1100.3046960000001
0,0,0,0,0,0,0,0,75217.0,0,0,0,0,0,1100.3046960000001
0,0,0,0,0,0,0,0,19140.0,0,0,0,0,0,1365.6374599999995
0,0,0,0,0,0,0,0,19140.0,0,0,0,0,0,1365.6374599999995
0,0,0,0,0,0,0,0,32725.0,0,0,0,0,0,1194.7120960000002
0,0,0,0,0,0,0,0,31907.0,0,0,0,0,0,1194.7120960000002
0,0,0,0,0,0,0,0,37211.0,0,0,0,0,0,1159.0822960000003
0,0,0,0,0,0,0,0,37211.0,0,0,0,0,0,1159.0822960000003
0,0,0,0,0,0,0,0,19134.0,0,0,0,0,0,1404.99292
0,0,0,0,0,0,0,0,19134.0,0,0,0,0,0,1404.99292
0,0,0,0,0,0,0,0,19134.0,0,0,0,0,0,1404.99292
0,0,0,0,0,0,0,0,60610.0,0,0,0,0,0,1100.3046960000001
0,736362,0,0,0,0,0,0,75220.0,0,0,0,0,0,1145.064662
0,0,0,0,0,0,0,0,88220.0,0,0,0,0,0,1029.9250639999998
0,0,0,0,0,0,0,0,19134.0,0,0,0,0,0,1404.99292
737009,0,0,0,0,0,0,0,10009.0,0,0,0,0,0,1701.0217999999993
0,736033,0,0,0,0,0,0,11572.0,0,0,0,0,0,1687.3220699999993
0,736033,0,0,0,0,0,0,11572.0,0,0,0,0,0,1687.3220699999993
0,736033,0,0,0,0,0,0,11572.0,0,0,0,0,0,1687.3220699999993
735692,735814,0,0,0,0,0,0,70506.0,0,0,0,0,0,1130.023984
735692,735814,0,0,0,0,0,0,70506.0,0,0,0,0,0,1130.023984
735692,735814,0,0,0,0,0,0,70506.0,0,0,0,0,0,1130.023984
735692,735814,0,0,0,0,0,0,70506.0,0,0,0,0,0,1130.023984
0,0,0,0,0,0,0,0,10009.0,0,0,0,0,0,1742.9310379999993
0,0,0,0,0,0,0,0,10009.0,0,0,0,0,0,1742.9310379999993
0,0,0,0,0,0,0,0,10009.0,0,0,0,0,0,1742.9310379999993
0,0,0,0,0,0,0,0,10009.0,0,0,0,0,0,1742.9310379999993
0,0,0,0,0,0,0,0,10009.0,0,0,0,0,0,1742.9310379999993
0,0,0,0,0,0,0,0,10009.0,0,0,0,0,0,1742.9310379999993
0,0,0,0,0,0,0,0,10009.0,0,0,0,0,0,1742.9310379999993
0,737180,0,0,0,0,0,0,92804.0,0,0,0,0,0,1040.151733
0,0,0,0,0,0,0,0,32725.0,0,0,0,0,0,1194.7120960000002
0,0,0,0,0,0,0,0,10009.0,0,0,0,0,0,1742.9310379999993
0,0,0,0,0,0,0,0,10009.0,0,0,0,0,0,1742.9310379999993
0,0,0,0,0,0,0,0,98103.0,0,0,0,0,0,1048.076349
0,0,0,0,0,0,0,0,92105.0,0,0,0,0,0,1027.027459
0,0,0,0,0,0,0,0,73120.0,0,0,0,0,0,1100.3046960000001
0,736824,0,0,0,0,0,0,10550.0,0,0,0,0,0,1590.4649939999995
0,736824,0,0,0,0,0,0,10550.0,0,0,0,0,0,1590.4649939999995
736187,736309,0,0,0,0,0,0,94109.0,0,0,0,0,0,1068.4816049999995
736333,736453,0,0,0,0,0,0,10009.0,0,0,0,0,0,1486.7879859999998
736333,736453,0,0,0,0,0,0,10009.0,0,0,0,0,0,1486.7879859999998
736333,736453,0,0,0,0,0,0,10009.0,0,0,0,0,0,1486.7879859999998
736727,736877,0,0,0,0,0,0,90045.0,0,0,0,0,0,1038.4121369999996
736727,736877,0,0,0,0,0,0,90045.0,0,0,0,0,0,1038.4121369999996
736727,736877,0,0,0,0,0,0,90045.0,0,0,0,0,0,1038.4121369999996
0,0,0,0,0,0,0,0,85224.0,0,0,0,0,0,1005.7666279999999
0,0,0,0,0,0,0,0,85224.0,0,0,0,0,0,1005.7666279999999
0,0,0,0,0,0,0,0,11561.0,0,0,0,0,0,1724.4191099999994
736848,736970,0,0,0,0,0,0,94109.0,0,0,0,0,0,1029.8530369999996
0,0,0,0,0,0,0,0,59601.0,0,0,0,0,0,1133.037544
0,735756,0,0,0,0,0,0,10011.0,0,0,0,0,0,1716.9550279999996
0,735756,0,0,0,0,0,0,10011.0,0,0,0,0,0,1716.9550279999996
736153,736184,0,0,0,0,0,0,63122.0,0,0,0,0,0,1099.2606479999997
736153,736184,0,0,0,0,0,0,63122.0,0,0,0,0,0,1099.2606479999997
0,736791,0,0,0,0,0,0,60653.0,0,0,0,0,0,1084.3962660000002
0,736791,0,0,0,0,0,0,60653.0,0,0,0,0,0,1084.3962660000002
0,736791,0,0,0,0,0,0,60653.0,0,0,0,0,0,1084.3962660000002
0,0,0,0,0,0,0,0,85345.0,0,0,0,0,0,1006.5456479999999
0,0,0,0,0,0,0,0,85345.0,0,0,0,0,0,1006.5456479999999
0,735726,0,0,0,0,0,0,98103.0,0,0,0,0,0,1081.0323329999999
0,0,0,0,0,0,0,0,48180.0,0,0,0,0,0,1131.1612920000002
736122,736275,0,0,0,0,0,0,91104.0,0,0,0,0,0,1038.8395249999996
735882,0,0,0,0,0,0,0,48640.0,0,0,0,0,0,1104.2388520000002
735882,0,0,0,0,0,0,0,48640.0,0,0,0,0,0,1104.2388520000002
735882,0,0,0,0,0,0,0,48640.0,0,0,0,0,0,1104.2388520000002
735882,0,0,0,0,0,0,0,48640.0,0,0,0,0,0,1104.2388520000002
735882,0,0,0,0,0,0,0,48640.0,0,0,0,0,0,1104.2388520000002
735882,0,0,0,0,0,0,0,48640.0,0,0,0,0,0,1104.2388520000002
0,0,0,0,0,0,0,0,48205.0,0,0,0,0,0,1127.0040120000003
0,0,0,0,0,0,0,0,48205.0,0,0,0,0,0,1127.0040120000003
0,0,0,0,0,0,0,0,48205.0,0,0,0,0,0,1127.0040120000003
736179,736240,0,0,0,0,0,0,81001.0,0,0,0,0,0,1053.1191559999997
0,0,0,0,0,0,0,0,76706.0,0,0,0,0,0,1108.4913520000002
0,0,0,0,0,0,0,0,76706.0,0,0,0,0,0,1108.4913520000002
736460,736552,0,0,0,0,0,0,94109.0,0,0,0,0,0,1036.0365049999996
0,0,0,0,0,0,0,0,10024.0,0,0,0,0,0,1743.6276379999993
0,0,0,0,0,0,0,0,90036.0,0,0,0,0,0,1034.961929
0,0,0,0,0,0,0,0,90036.0,0,0,0,0,0,1034.961929
0,0,0,0,0,0,0,0,90036.0,0,0,0,0,0,1034.961929
737037,0,0,0,0,0,0,0,2895.0,0,0,0,0,0,1789.898839999999
737037,0,0,0,0,0,0,0,2895.0,0,0,0,0,0,1789.898839999999
0,0,0,0,0,0,0,0,31907.0,0,0,0,0,0,1194.7120960000002
0,0,0,0,0,0,0,0,31907.0,0,0,0,0,0,1194.7120960000002
736247,0,0,0,0,0,0,0,32216.0,0,0,0,0,0,1093.25944
0,736035,0,0,0,0,0,0,19140.0,0,0,0,0,0,1354.9161839999997
0,0,0,0,0,0,0,0,47201.0,0,0,0,0,0,1115.7379360000004
0,0,0,0,0,0,0,0,47201.0,0,0,0,0,0,1115.7379360000004
0,0,0,0,0,0,0,0,77506.0,0,0,0,0,0,1023.2569080000001
0,0,0,0,0,0,0,0,77506.0,0,0,0,0,0,1023.2569080000001
736819,736942,0,0,0,0,0,0,94122.0,0,0,0,0,0,1040.6046869999998
0,735610,0,0,0,0,0,0,29203.0,0,0,0,0,0,1244.885448
0,735610,0,0,0,0,0,0,29203.0,0,0,0,0,0,1244.885448
0,735610,0,0,0,0,0,0,29203.0,0,0,0,0,0,1244.885448
0,735610,0,0,0,0,0,0,29203.0,0,0,0,0,0,1244.885448
735876,0,0,0,0,0,0,0,98031.0,0,0,0,0,0,1070.820317
735876,0,0,0,0,0,0,0,98031.0,0,0,0,0,0,1070.820317
736391,736544,0,0,0,0,0,0,78664.0,0,0,0,0,0,1030.4449959999995
736391,736544,0,0,0,0,0,0,78664.0,0,0,0,0,0,1030.4449959999995
736391,736544,0,0,0,0,0,0,78664.0,0,0,0,0,0,1030.4449959999995
736391,736544,0,0,0,0,0,0,78664.0,0,0,0,0,0,1030.4449959999995
0,0,0,0,0,0,0,0,94601.0,0,0,0,0,0,1048.9307489999999
0,0,0,0,0,0,0,0,94601.0,0,0,0,0,0,1048.9307489999999
736307,0,0,0,0,0,0,0,13021.0,0,0,0,0,0,1646.5065819999998
736307,0,0,0,0,0,0,0,13021.0,0,0,0,0,0,1646.5065819999998
736307,0,0,0,0,0,0,0,13021.0,0,0,0,0,0,1646.5065819999998
736307,0,0,0,0,0,0,0,13021.0,0,0,0,0,0,1646.5065819999998
736307,0,0,0,0,0,0,0,13021.0,0,0,0,0,0,1646.5065819999998
736307,0,0,0,0,0,0,0,13021.0,0,0,0,0,0,1646.5065819999998
736299,0,0,0,0,0,0,0,19711.0,0,0,0,0,0,1274.6165039999998
736303,0,0,0,0,0,0,0,10024.0,0,0,0,0,0,1592.40665
0,0,0,0,0,0,0,0,92374.0,0,0,0,0,0,1027.027459
0,0,0,0,0,0,0,0,92374.0,0,0,0,0,0,1027.027459
0,0,0,0,0,0,0,0,92374.0,0,0,0,0,0,1027.027459
0,0,0,0,0,0,0,0,92374.0,0,0,0,0,0,1027.027459
736946,0,0,0,0,0,0,0,48066.0,0,0,0,0,0,1074.739572
0,0,0,0,0,0,0,0,90049.0,0,0,0,0,0,1021.7960989999998
736973,0,0,0,0,0,0,0,10011.0,0,0,0,0,0,1598.16232
736703,736703,0,0,0,0,0,0,48205.0,0,0,0,0,0,1032.3195080000003
0,0,0,0,0,0,0,0,48234.0,0,0,0,0,0,1127.0040120000003
0,0,0,0,0,0,0,0,65807.0,0,0,0,0,0,1100.3046960000001
0,0,0,0,0,0,0,0,65807.0,0,0,0,0,0,1100.3046960000001
0,0,0,0,0,0,0,0,65807.0,0,0,0,0,0,1100.3046960000001
737037,0,0,0,0,0,0,0,90036.0,0,0,0,0,0,1238.7836729999997
0,0,0,0,0,0,0,0,10011.0,0,0,0,0,0,1747.7220079999993
0,0,0,0,0,0,0,0,10011.0,0,0,0,0,0,1747.7220079999993
0,0,0,0,0,0,0,0,10011.0,0,0,0,0,0,1747.7220079999993
0,735610,0,0,0,0,0,0,94109.0,0,0,0,0,0,1087.030883
0,0,0,0,0,0,0,0,93727.0,0,0,0,0,0,1032.062994
0,0,0,0,0,0,0,0,93727.0,0,0,0,0,0,1032.062994
0,0,0,0,0,0,0,0,93727.0,0,0,0,0,0,1032.062994
0,0,0,0,0,0,0,0,93727.0,0,0,0,0,0,1032.062994
0,0,0,0,0,0,0,0,71854.0,0,0,0,0,0,1100.3046960000001
0,0,0,0,0,0,0,0,94110.0,0,0,0,0,0,1038.179099
0,0,0,0,0,0,0,0,46203.0,0,0,0,0,0,1115.7379360000004
0,0,0,0,0,0,0,0,21044.0,0,0,0,0,0,1362.1825639999995
0,0,0,0,0,0,0,0,21044.0,0,0,0,0,0,1362.1825639999995
0,0,0,0,0,0,0,0,21044.0,0,0,0,0,0,1362.1825639999995
736642,0,0,0,0,0,0,0,95123.0,0,0,0,0,0,1031.1413009999997
736642,0,0,0,0,0,0,0,95123.0,0,0,0,0,0,1031.1413009999997
0,0,0,0,0,0,0,0,98115.0,0,0,0,0,0,1056.132109
736792,736914,0,0,0,0,0,0,75007.0,0,0,0,0,0,1083.5673719999998
0,0,0,0,0,0,0,0,22204.0,0,0,0,0,0,1302.1393939999998
736368,736427,0,0,0,0,0,0,90032.0,0,0,0,0,0,1051.8457629999998
736368,736427,0,0,0,0,0,0,90032.0,0,0,0,0,0,1051.8457629999998
736368,736427,0,0,0,0,0,0,90032.0,0,0,0,0,0,1051.8457629999998
0,0,0,0,0,0,0,0,60423.0,0,0,0,0,0,1100.3046960000001
736764,736825,0,0,0,0,0,0,98105.0,0,0,0,0,0,1023.5838989999997
0,0,0,0,0,0,0,0,19143.0,0,0,0,0,0,1365.6374599999995
736675,0,0,0,0,0,0,0,31907.0,0,0,0,0,0,1088.7299400000002
736675,0,0,0,0,0,0,0,31907.0,0,0,0,0,0,1088.7299400000002
0,736005,0,0,0,0,0,0,23464.0,0,0,0,0,0,1291.088018
735782,735905,0,0,0,0,0,0,98198.0,0,0,0,0,0,1098.9716949999997
736087,736148,0,0,0,0,0,0,18018.0,0,0,0,0,0,1330.7261799999999
736087,736148,0,0,0,0,0,0,18018.0,0,0,0,0,0,1330.7261799999999
736549,0,0,0,0,0,0,0,73120.0,0,0,0,0,0,1061.7147320000001
736754,736907,0,0,0,0,0,0,91730.0,0,0,0,0,0,1031.2421489999997
736947,737008,0,0,0,0,0,0,90032.0,0,0,0,0,0,1047.3824299999997
0,0,0,0,0,0,0,0,19120.0,0,0,0,0,0,1404.99292
735788,735880,0,0,0,0,0,0,77036.0,0,0,0,0,0,1137.1137840000001
735788,735880,0,0,0,0,0,0,77036.0,0,0,0,0,0,1137.1137840000001
735788,735880,0,0,0,0,0,0,77036.0,0,0,0,0,0,1137.1137840000001
735788,735880,0,0,0,0,0,0,77036.0,0,0,0,0,0,1137.1137840000001
735788,735880,0,0,0,0,0,0,77036.0,0,0,0,0,0,1137.1137840000001
0,736763,0,0,0,0,0,0,98103.0,0,0,0,0,0,1031.496153
0,736763,0,0,0,0,0,0,98103.0,0,0,0,0,0,1031.496153
0,736763,0,0,0,0,0,0,98103.0,0,0,0,0,0,1031.496153
0,0,0,0,0,0,0,0,10701.0,0,0,0,0,0,1720.0015379999995
737007,737007,0,0,0,0,0,0,94110.0,0,0,0,0,0,1155.6038549999996
737007,737007,0,0,0,0,0,0,94110.0,0,0,0,0,0,1155.6038549999996
0,0,0,0,0,0,0,0,90008.0,0,0,0,0,0,1030.255799
0,0,0,0,0,0,0,0,90008.0,0,0,0,0,0,1030.255799
0,0,0,0,0,0,0,0,33142.0,0,0,0,0,0,1194.7120960000002
736156,736218,0,0,0,0,0,0,0.0,0,0,0,0,0,1489.3765459999997
0,0,0,0,0,0,0,0,72701.0,0,0,0,0,0,1100.3046960000001
0,0,0,0,0,0,0,0,72701.0,0,0,0,0,0,1100.3046960000001
0,0,0,0,0,0,0,0,79762.0,0,0,0,0,0,1014.861718
735791,0,0,0,0,0,0,0,23464.0,0,0,0,0,0,1291.998778
736884,737007,0,0,0,0,0,0,53209.0,0,0,0,0,0,1051.4917959999998
736885,737038,0,0,0,0,0,0,48234.0,0,0,0,0,0,1087.66836
736093,736246,0,0,0,0,0,0,55901.0,0,0,0,0,0,1154.5394579999997
736093,736246,0,0,0,0,0,0,55901.0,0,0,0,0,0,1154.5394579999997
0,735692,0,0,0,0,0,0,98105.0,0,0,0,0,0,1089.0880929999998
0,735692,0,0,0,0,0,0,98105.0,0,0,0,0,0,1089.0880929999998
736819,736850,0,0,0,0,0,0,80027.0,0,0,0,0,0,1007.6958199999997
736819,736850,0,0,0,0,0,0,80027.0,0,0,0,0,0,1007.6958199999997
736819,736850,0,0,0,0,0,0,80027.0,0,0,0,0,0,1007.6958199999997
0,736819,0,0,0,0,0,0,94122.0,0,0,0,0,0,1032.901023
735819,0,0,0,0,0,0,0,77036.0,0,0,0,0,0,1108.1480520000002
735819,0,0,0,0,0,0,0,77036.0,0,0,0,0,0,1108.1480520000002
735819,0,0,0,0,0,0,0,77036.0,0,0,0,0,0,1108.1480520000002
0,0,0,0,0,0,0,0,33180.0,0,0,0,0,0,1194.7120960000002
0,0,0,0,0,0,0,0,44256.0,0,0,0,0,0,1130.9557560000003
0,0,0,0,0,0,0,0,55113.0,0,0,0,0,0,1158.372832
736787,736940,0,0,0,0,0,0,77041.0,0,0,0,0,0,1061.331534
0,0,0,0,0,0,0,0,10701.0,0,0,0,0,0,1720.0015379999995
0,0,0,0,0,0,0,0,10701.0,0,0,0,0,0,1720.0015379999995
0,0,0,0,0,0,0,0,92037.0,0,0,0,0,0,1021.7960989999998
0,0,0,0,0,0,0,0,92037.0,0,0,0,0,0,1021.7960989999998
0,736394,0,0,0,0,0,0,22153.0,0,0,0,0,0,1298.986222
0,736394,0,0,0,0,0,0,22153.0,0,0,0,0,0,1298.986222
0,736394,0,0,0,0,0,0,22153.0,0,0,0,0,0,1298.986222
0,0,0,0,0,0,0,0,62521.0,0,0,0,0,0,1100.3046960000001
0,0,0,0,0,0,0,0,75043.0,0,0,0,0,0,1100.3046960000001
0,0,0,0,0,0,0,0,11572.0,0,0,0,0,0,1724.4191099999994
0,0,0,0,0,0,0,0,11572.0,0,0,0,0,0,1724.4191099999994
0,0,0,0,0,0,0,0,11572.0,0,0,0,0,0,1724.4191099999994
0,0,0,0,0,0,0,0,77095.0,0,0,0,0,0,1049.1600080000003
0,0,0,0,0,0,0,0,77095.0,0,0,0,0,0,1049.1600080000003
0,0,0,0,0,0,0,0,77095.0,0,0,0,0,0,1049.1600080000003
0,0,0,0,0,0,0,0,27834.0,0,0,0,0,0,1253.799104
0,0,0,0,0,0,0,0,27834.0,0,0,0,0,0,1253.799104
0,736819,0,0,0,0,0,0,94110.0,0,0,0,0,0,1022.1493729999999
0,736819,0,0,0,0,0,0,94110.0,0,0,0,0,0,1022.1493729999999
736365,736546,0,0,0,0,0,0,27405.0,0,0,0,0,0,1104.6700759999999
736735,736824,0,0,0,0,0,0,37918.0,0,0,0,0,0,1022.7136599999999
736735,736824,0,0,0,0,0,0,37918.0,0,0,0,0,0,1022.7136599999999
736735,736824,0,0,0,0,0,0,37918.0,0,0,0,0,0,1022.7136599999999
736735,736824,0,0,0,0,0,0,37918.0,0,0,0,0,0,1022.7136599999999
736735,736824,0,0,0,0,0,0,37918.0,0,0,0,0,0,1022.7136599999999
736735,736824,0,0,0,0,0,0,37918.0,0,0,0,0,0,1022.7136599999999
736735,736824,0,0,0,0,0,0,37918.0,0,0,0,0,0,1022.7136599999999
0,0,0,0,0,0,0,0,68801.0,0,0,0,0,0,1100.3046960000001
736066,736219,0,0,0,0,0,0,90712.0,0,0,0,0,0,1056.0227349999996
736066,736219,0,0,0,0,0,0,90712.0,0,0,0,0,0,1056.0227349999996
0,0,0,0,0,0,0,0,1841.0,0,0,0,0,0,1749.7338779999993
735750,735811,0,0,0,0,0,0,90049.0,0,0,0,0,0,1076.2527849999997
736087,736210,0,0,0,0,0,0,77036.0,0,0,0,0,0,1111.975252
0,0,0,0,0,0,0,0,10035.0,0,0,0,0,0,1720.0015379999995
736428,736550,0,0,0,0,0,0,10011.0,0,0,0,0,0,1485.6275559999995
736428,736550,0,0,0,0,0,0,10011.0,0,0,0,0,0,1485.6275559999995
736428,736550,0,0,0,0,0,0,10011.0,0,0,0,0,0,1485.6275559999995
0,735607,0,0,0,0,0,0,19711.0,0,0,0,0,0,1394.5985839999996
0,735607,0,0,0,0,0,0,19711.0,0,0,0,0,0,1394.5985839999996
0,735607,0,0,0,0,0,0,19711.0,0,0,0,0,0,1394.5985839999996
0,0,0,0,0,0,0,0,98105.0,0,0,0,0,0,1056.132109
0,0,0,0,0,0,0,0,85254.0,0,0,0,0,0,1006.5456479999999
736218,0,0,0,0,0,0,0,11572.0,0,0,0,0,0,1588.2213019999995
736218,0,0,0,0,0,0,0,11572.0,0,0,0,0,0,1588.2213019999995
736218,0,0,0,0,0,0,0,11572.0,0,0,0,0,0,1588.2213019999995
736218,0,0,0,0,0,0,0,11572.0,0,0,0,0,0,1588.2213019999995
0,0,0,0,0,0,0,0,75220.0,0,0,0,0,0,1100.3046960000001
0,0,0,0,0,0,0,0,75220.0,0,0,0,0,0,1100.3046960000001
736278,0,0,0,0,0,0,0,14609.0,0,0,0,0,0,1889.0070219999998
0,0,0,0,0,0,0,0,90045.0,0,0,0,0,0,1021.7960989999998
0,0,0,0,0,0,0,0,90045.0,0,0,0,0,0,1021.7960989999998
0,0,0,0,0,0,0,0,90045.0,0,0,0,0,0,1021.7960989999998
736055,736238,0,0,0,0,0,0,55125.0,0,0,0,0,0,1136.060298
736055,736238,0,0,0,0,0,0,55125.0,0,0,0,0,0,1136.060298
736949,0,0,0,0,0,0,0,60068.0,0,0,0,0,0,1102.34492
736489,736672,0,0,0,0,0,0,75217.0,0,0,0,0,0,1064.14791
736489,736672,0,0,0,0,0,0,75217.0,0,0,0,0,0,1064.14791
736397,736489,0,0,0,0,0,0,71203.0,0,0,0,0,0,1089.264718
0,0,0,0,0,0,0,0,90004.0,0,0,0,0,0,1030.255799
0,0,0,0,0,0,0,0,90004.0,0,0,0,0,0,1030.255799
0,736398,0,0,0,0,0,0,94109.0,0,0,0,0,0,1068.0816129999998
735726,735910,0,0,0,0,0,0,94122.0,0,0,0,0,0,1091.7703349999997
735726,735910,0,0,0,0,0,0,94122.0,0,0,0,0,0,1091.7703349999997
735726,735910,0,0,0,0,0,0,94122.0,0,0,0,0,0,1091.7703349999997
0,0,0,0,0,0,0,0,28314.0,0,0,0,0,0,1216.254424
736943,736973,0,0,0,0,0,0,75217.0,0,0,0,0,0,1084.3207099999997
0,736726,0,0,0,0,0,0,67212.0,0,0,0,0,0,1093.0842540000003
0,736726,0,0,0,0,0,0,67212.0,0,0,0,0,0,1093.0842540000003
0,0,0,0,0,0,0,0,97477.0,0,0,0,0,0,1048.076349
0,0,0,0,0,0,0,0,77041.0,0,0,0,0,0,1074.552944
736973,0,0,0,0,0,0,0,98103.0,0,0,0,0,0,1037.0369609999998
736973,0,0,0,0,0,0,0,98103.0,0,0,0,0,0,1037.0369609999998
736973,0,0,0,0,0,0,0,98103.0,0,0,0,0,0,1037.0369609999998
736976,0,0,0,0,0,0,0,44312.0,0,0,0,0,0,1077.985596
736910,737032,0,0,0,0,0,0,48237.0,0,0,0,0,0,1083.452996
736910,737032,0,0,0,0,0,0,48237.0,0,0,0,0,0,1083.452996
0,0,0,0,0,0,0,0,77041.0,0,0,0,0,0,1074.552944
0,0,0,0,0,0,0,0,77041.0,0,0,0,0,0,1074.552944
0,0,0,0,0,0,0,0,77041.0,0,0,0,0,0,1074.552944
0,0,0,0,0,0,0,0,98103.0,0,0,0,0,0,1048.076349
0,0,0,0,0,0,0,0,98103.0,0,0,0,0,0,1048.076349
735730,735791,0,0,0,0,0,0,19134.0,0,0,0,0,0,1376.6512279999995
735730,735791,0,0,0,0,0,0,19134.0,0,0,0,0,0,1376.6512279999995
0,0,0,0,0,0,0,0,90045.0,0,0,0,0,0,1021.7960989999998
0,0,0,0,0,0,0,0,90045.0,0,0,0,0,0,1021.7960989999998
736458,736519,0,0,0,0,0,0,77070.0,0,0,0,0,0,1073.2917719999998
736458,736519,0,0,0,0,0,0,77070.0,0,0,0,0,0,1073.2917719999998
736458,736519,0,0,0,0,0,0,77070.0,0,0,0,0,0,1073.2917719999998
0,736760,0,0,0,0,0,0,19143.0,0,0,0,0,0,1300.055384
0,736760,0,0,0,0,0,0,19143.0,0,0,0,0,0,1300.055384
737031,0,0,0,0,0,0,0,72756.0,0,0,0,0,0,1231.8654119999997
0,0,0,0,0,0,0,0,90045.0,0,0,0,0,0,1021.7960989999998
0,0,0,0,0,0,0,0,90045.0,0,0,0,0,0,1021.7960989999998
0,0,0,0,0,0,0,0,90045.0,0,0,0,0,0,1021.7960989999998
736978,737039,0,0,0,0,0,0,98105.0,0,0,0,0,0,1077.9030909999997
0,0,0,0,0,0,0,0,19805.0,0,0,0,0,0,1365.6374599999995
0,0,0,0,0,0,0,0,19805.0,0,0,0,0,0,1365.6374599999995
0,0,0,0,0,0,0,0,19805.0,0,0,0,0,0,1365.6374599999995
0,0,0,0,0,0,0,0,19805.0,0,0,0,0,0,1365.6374599999995
0,0,0,0,0,0,0,0,84604.0,0,0,0,0,0,1013.919368
0,0,0,0,0,0,0,0,94110.0,0,0,0,0,0,1038.179099
0,0,0,0,0,0,0,0,90004.0,0,0,0,0,0,1030.255799
0,736370,0,0,0,0,0,0,43130.0,0,0,0,0,0,1125.0142720000001
736576,0,0,0,0,0,0,0,90004.0,0,0,0,0,0,1008.6096909999998
0,0,0,0,0,0,0,0,98103.0,0,0,0,0,0,1048.076349
0,0,0,0,0,0,0,0,98103.0,0,0,0,0,0,1048.076349
0,0,0,0,0,0,0,0,10024.0,0,0,0,0,0,1743.6276379999993
0,0,0,0,0,0,0,0,10024.0,0,0,0,0,0,1743.6276379999993
0,0,0,0,0,0,0,0,90045.0,0,0,0,0,0,1021.7960989999998
0,0,0,0,0,0,0,0,90045.0,0,0,0,0,0,1021.7960989999998
0,0,0,0,0,0,0,0,90045.0,0,0,0,0,0,1021.7960989999998
736918,0,0,0,0,0,0,0,94109.0,0,0,0,0,0,1027.8853109999995
736918,0,0,0,0,0,0,0,94109.0,0,0,0,0,0,1027.8853109999995
736918,0,0,0,0,0,0,0,94109.0,0,0,0,0,0,1027.8853109999995
736918,0,0,0,0,0,0,0,94109.0,0,0,0,0,0,1027.8853109999995
0,0,0,0,0,0,0,0,88101.0,0,0,0,0,0,1029.9250639999998
0,0,0,0,0,0,0,0,88101.0,0,0,0,0,0,1029.9250639999998
736642,0,0,0,0,0,0,0,67212.0,0,0,0,0,0,1061.7147320000001
0,0,0,0,0,0,0,0,60653.0,0,0,0,0,0,1100.3046960000001
0,0,0,0,0,0,0,0,60653.0,0,0,0,0,0,1100.3046960000001
0,0,0,0,0,0,0,0,60653.0,0,0,0,0,0,1100.3046960000001
735759,735820,0,0,0,0,0,0,68104.0,0,0,0,0,0,1130.023984
0,0,0,0,0,0,0,0,77041.0,0,0,0,0,0,1074.552944
0,0,0,0,0,0,0,0,77041.0,0,0,0,0,0,1074.552944
0,736364,0,0,0,0,0,0,19134.0,0,0,0,0,0,1381.3928999999996
0,736364,0,0,0,0,0,0,19134.0,0,0,0,0,0,1381.3928999999996
0,736726,0,0,0,0,0,0,90045.0,0,0,0,0,0,1034.061593
736764,736825,0,0,0,0,0,0,40475.0,0,0,0,0,0,1021.48086
0,0,0,0,0,0,0,0,6708.0,0,0,0,0,0,1750.2965979999994
736400,736492,0,0,0,0,0,0,90045.0,0,0,0,0,0,1043.2064929999997
736400,736492,0,0,0,0,0,0,90045.0,0,0,0,0,0,1043.2064929999997
0,0,0,0,0,0,0,0,90036.0,0,0,0,0,0,1034.961929
736369,736428,0,0,0,0,0,0,94122.0,0,0,0,0,0,1043.4359949999996
735727,735788,0,0,0,0,0,0,33710.0,0,0,0,0,0,1167.1473139999998
0,0,0,0,0,0,0,0,44107.0,0,0,0,0,0,1118.4940360000003
0,0,0,0,0,0,0,0,44107.0,0,0,0,0,0,1118.4940360000003
0,0,0,0,0,0,0,0,44107.0,0,0,0,0,0,1118.4940360000003
0,0,0,0,0,0,0,0,85224.0,0,0,0,0,0,1005.7666279999999
0,0,0,0,0,0,0,0,90008.0,0,0,0,0,0,1030.255799
0,0,0,0,0,0,0,0,90008.0,0,0,0,0,0,1030.255799
735725,735817,0,0,0,0,0,0,32137.0,0,0,0,0,0,1167.1473139999998
735725,735817,0,0,0,0,0,0,32137.0,0,0,0,0,0,1167.1473139999998
735725,735817,0,0,0,0,0,0,32137.0,0,0,0,0,0,1167.1473139999998
736423,736576,0,0,0,0,0,0,10035.0,0,0,0,0,0,1497.0907459999996
0,0,0,0,0,0,0,0,33458.0,0,0,0,0,0,1194.7120960000002
736946,0,0,0,0,0,0,0,85301.0,0,0,0,0,0,990.7951999999998
0,0,0,0,0,0,0,0,10035.0,0,0,0,0,0,1720.0015379999995
0,0,0,0,0,0,0,0,10035.0,0,0,0,0,0,1720.0015379999995
0,0,0,0,0,0,0,0,10035.0,0,0,0,0,0,1720.0015379999995
0,0,0,0,0,0,0,0,77041.0,0,0,0,0,0,1074.552944
0,0,0,0,0,0,0,0,10035.0,0,0,0,0,0,1720.0015379999995
0,0,0,0,0,0,0,0,10035.0,0,0,0,0,0,1720.0015379999995
735941,0,0,0,0,0,0,0,66062.0,0,0,0,0,0,1112.5973760000002
735941,0,0,0,0,0,0,0,66062.0,0,0,0,0,0,1112.5973760000002
735941,0,0,0,0,0,0,0,66062.0,0,0,0,0,0,1112.5973760000002
735941,0,0,0,0,0,0,0,66062.0,0,0,0,0,0,1112.5973760000002
0,0,0,0,0,0,0,0,89431.0,0,0,0,0,0,1021.7723239999998
0,0,0,0,0,0,0,0,61107.0,0,0,0,0,0,1100.3046960000001
0,736730,0,0,0,0,0,0,19143.0,0,0,0,0,0,1300.055384
0,736730,0,0,0,0,0,0,19143.0,0,0,0,0,0,1300.055384
0,737091,0,0,0,0,0,0,98026.0,0,0,0,0,0,1050.903383
0,737091,0,0,0,0,0,0,98026.0,0,0,0,0,0,1050.903383
736793,736854,0,0,0,0,0,0,94122.0,0,0,0,0,0,1033.3408989999998
736793,736854,0,0,0,0,0,0,94122.0,0,0,0,0,0,1033.3408989999998
0,0,0,0,0,0,0,0,28806.0,0,0,0,0,0,1216.254424
0,736794,0,0,0,0,0,0,90032.0,0,0,0,0,0,1037.7707560000001
0,0,0,0,0,0,0,0,85254.0,0,0,0,0,0,1006.5456479999999
0,0,0,0,0,0,0,0,85254.0,0,0,0,0,0,1006.5456479999999
0,0,0,0,0,0,0,0,85254.0,0,0,0,0,0,1006.5456479999999
0,0,0,0,0,0,0,0,85254.0,0,0,0,0,0,1006.5456479999999
0,0,0,0,0,0,0,0,77095.0,0,0,0,0,0,1049.1600080000003
736578,0,0,0,0,0,0,0,94109.0,0,0,0,0,0,1021.9896509999995
0,0,0,0,0,0,0,0,92105.0,0,0,0,0,0,1027.027459
0,0,0,0,0,0,0,0,92105.0,0,0,0,0,0,1027.027459
0,736425,0,0,0,0,0,0,45011.0,0,0,0,0,0,1137.4759920000001
0,0,0,0,0,0,0,0,80134.0,0,0,0,0,0,1014.861718
0,0,0,0,0,0,0,0,80134.0,0,0,0,0,0,1014.861718
0,0,0,0,0,0,0,0,80134.0,0,0,0,0,0,1014.861718
0,0,0,0,0,0,0,0,68025.0,0,0,0,0,0,1100.3046960000001
0,0,0,0,0,0,0,0,55369.0,0,0,0,0,0,1259.116032
0,0,0,0,0,0,0,0,55369.0,0,0,0,0,0,1259.116032
0,0,0,0,0,0,0,0,55369.0,0,0,0,0,0,1259.116032
0,0,0,0,0,0,0,0,19711.0,0,0,0,0,0,1365.6374599999995
0,735692,0,0,0,0,0,0,33180.0,0,0,0,0,0,1217.0406400000002
736916,0,0,0,0,0,0,0,92105.0,0,0,0,0,0,1011.2770109999998
736916,0,0,0,0,0,0,0,92105.0,0,0,0,0,0,1011.2770109999998
736916,0,0,0,0,0,0,0,92105.0,0,0,0,0,0,1011.2770109999998
736916,0,0,0,0,0,0,0,92105.0,0,0,0,0,0,1011.2770109999998
0,736786,0,0,0,0,0,0,33142.0,0,0,0,0,0,1136.6252760000002
735944,0,0,0,0,0,0,0,33178.0,0,0,0,0,0,1196.110604
0,0,0,0,0,0,0,0,78207.0,0,0,0,0,0,1014.0066380000001
736698,736788,0,0,0,0,0,0,32216.0,0,0,0,0,0,1035.49388
736698,736788,0,0,0,0,0,0,32216.0,0,0,0,0,0,1035.49388
736698,736788,0,0,0,0,0,0,32216.0,0,0,0,0,0,1035.49388
736698,736788,0,0,0,0,0,0,32216.0,0,0,0,0,0,1035.49388
0,0,0,0,0,0,0,0,77070.0,0,0,0,0,0,1070.2188320000002
0,0,0,0,0,0,0,0,94122.0,0,0,0,0,0,1048.9307489999999
0,0,0,0,0,0,0,0,94122.0,0,0,0,0,0,1048.9307489999999
0,0,0,0,0,0,0,0,94122.0,0,0,0,0,0,1048.9307489999999
736063,736185,0,0,0,0,0,0,19140.0,0,0,0,0,0,1270.0734679999996
737034,0,0,0,0,0,0,0,43302.0,0,0,0,0,0,1193.4884799999998
0,0,0,0,0,0,0,0,10024.0,0,0,0,0,0,1743.6276379999993
0,0,0,0,0,0,0,0,10024.0,0,0,0,0,0,1743.6276379999993
0,0,0,0,0,0,0,0,10024.0,0,0,0,0,0,1743.6276379999993
0,0,0,0,0,0,0,0,10024.0,0,0,0,0,0,1743.6276379999993
0,0,0,0,0,0,0,0,10024.0,0,0,0,0,0,1743.6276379999993
736736,736856,0,0,0,0,0,0,19140.0,0,0,0,0,0,1228.5907979999997
736736,736856,0,0,0,0,0,0,19140.0,0,0,0,0,0,1228.5907979999997
736736,736856,0,0,0,0,0,0,19140.0,0,0,0,0,0,1228.5907979999997
736736,736856,0,0,0,0,0,0,19140.0,0,0,0,0,0,1228.5907979999997
736551,736551,0,0,0,0,0,0,90036.0,0,0,0,0,0,1066.0538959999997
736545,0,0,0,0,0,0,0,30080.0,0,0,0,0,0,1107.823248
736186,736308,0,0,0,0,0,0,94122.0,0,0,0,0,0,1079.2332549999996
0,0,0,0,0,0,0,0,60653.0,0,0,0,0,0,1100.3046960000001
0,0,0,0,0,0,0,0,60653.0,0,0,0,0,0,1100.3046960000001
0,735632,0,0,0,0,0,0,97504.0,0,0,0,0,0,1081.0323329999999
0,735632,0,0,0,0,0,0,97504.0,0,0,0,0,0,1081.0323329999999
0,735969,0,0,0,0,0,0,10009.0,0,0,0,0,0,1690.562957999999
0,735969,0,0,0,0,0,0,10009.0,0,0,0,0,0,1690.562957999999
0,735969,0,0,0,0,0,0,10009.0,0,0,0,0,0,1690.562957999999
0,0,0,0,0,0,0,0,35810.0,0,0,0,0,0,1194.7120960000002
736796,736949,0,0,0,0,0,0,19134.0,0,0,0,0,0,1229.4822019999997
736796,736949,0,0,0,0,0,0,19134.0,0,0,0,0,0,1229.4822019999997
736796,736949,0,0,0,0,0,0,19134.0,0,0,0,0,0,1229.4822019999997
736796,736949,0,0,0,0,0,0,19134.0,0,0,0,0,0,1229.4822019999997
736796,736949,0,0,0,0,0,0,19134.0,0,0,0,0,0,1229.4822019999997
736455,736516,0,0,0,0,0,0,95051.0,0,0,0,0,0,1046.7881549999997
736455,736516,0,0,0,0,0,0,95051.0,0,0,0,0,0,1046.7881549999997
736614,736675,0,0,0,0,0,0,90805.0,0,0,0,0,0,1043.4617649999998
0,736819,0,0,0,0,0,0,90008.0,0,0,0,0,0,1041.520921
0,0,0,0,0,0,0,0,93101.0,0,0,0,0,0,1027.342234
736181,736242,0,0,0,0,0,0,10009.0,0,0,0,0,0,1517.4863259999997
0,736058,0,0,0,0,0,0,32216.0,0,0,0,0,0,1204.682358
736853,737006,0,0,0,0,0,0,75104.0,0,0,0,0,0,1082.4126999999999
736737,736857,0,0,0,0,0,0,68104.0,0,0,0,0,0,1081.2246159999997
736486,736516,0,0,0,0,0,0,72209.0,0,0,0,0,0,1089.264718
736486,736516,0,0,0,0,0,0,72209.0,0,0,0,0,0,1089.264718
736486,736516,0,0,0,0,0,0,72209.0,0,0,0,0,0,1089.264718
736486,736516,0,0,0,0,0,0,72209.0,0,0,0,0,0,1089.264718
736486,736516,0,0,0,0,0,0,72209.0,0,0,0,0,0,1089.264718
736486,736516,0,0,0,0,0,0,72209.0,0,0,0,0,0,1089.264718
736486,736516,0,0,0,0,0,0,72209.0,0,0,0,0,0,1089.264718
0,0,0,0,0,0,0,0,68701.0,0,0,0,0,0,1100.3046960000001
0,0,0,0,0,0,0,0,60653.0,0,0,0,0,0,1100.3046960000001
0,0,0,0,0,0,0,0,60653.0,0,0,0,0,0,1100.3046960000001
0,0,0,0,0,0,0,0,60653.0,0,0,0,0,0,1100.3046960000001
0,0,0,0,0,0,0,0,85705.0,0,0,0,0,0,1026.954284
0,0,0,0,0,0,0,0,85705.0,0,0,0,0,0,1026.954284
0,0,0,0,0,0,0,0,85705.0,0,0,0,0,0,1026.954284
0,0,0,0,0,0,0,0,3301.0,0,0,0,0,0,1749.7338779999993
736884,736915,0,0,0,0,0,0,84020.0,0,0,0,0,0,1025.8469799999996
736884,736915,0,0,0,0,0,0,84020.0,0,0,0,0,0,1025.8469799999996
0,735610,0,0,0,0,0,0,94109.0,0,0,0,0,0,1087.030883
0,735610,0,0,0,0,0,0,94109.0,0,0,0,0,0,1087.030883
735943,0,0,0,0,0,0,0,77036.0,0,0,0,0,0,1119.6871760000001
735943,0,0,0,0,0,0,0,77036.0,0,0,0,0,0,1119.6871760000001
735943,0,0,0,0,0,0,0,77036.0,0,0,0,0,0,1119.6871760000001
735943,0,0,0,0,0,0,0,77036.0,0,0,0,0,0,1119.6871760000001
735943,0,0,0,0,0,0,0,77036.0,0,0,0,0,0,1119.6871760000001
736735,736855,0,0,0,0,0,0,36116.0,0,0,0,0,0,1041.47766
0,0,0,0,0,0,0,0,39212.0,0,0,0,0,0,1157.8494960000003
0,0,0,0,0,0,0,0,39212.0,0,0,0,0,0,1157.8494960000003
736127,736249,0,0,0,0,0,0,89031.0,0,0,0,0,0,1054.1472779999997
736127,736249,0,0,0,0,0,0,89031.0,0,0,0,0,0,1054.1472779999997
736127,736249,0,0,0,0,0,0,89031.0,0,0,0,0,0,1054.1472779999997
0,736729,0,0,0,0,0,0,30318.0,0,0,0,0,0,1135.3924760000002
0,736729,0,0,0,0,0,0,30318.0,0,0,0,0,0,1135.3924760000002
0,736729,0,0,0,0,0,0,30318.0,0,0,0,0,0,1135.3924760000002
0,0,0,0,0,0,0,0,60610.0,0,0,0,0,0,1100.3046960000001
0,0,0,0,0,0,0,0,60610.0,0,0,0,0,0,1100.3046960000001
0,0,0,0,0,0,0,0,60610.0,0,0,0,0,0,1100.3046960000001
0,0,0,0,0,0,0,0,60610.0,0,0,0,0,0,1100.3046960000001
0,0,0,0,0,0,0,0,60610.0,0,0,0,0,0,1100.3046960000001
0,0,0,0,0,0,0,0,60610.0,0,0,0,0,0,1100.3046960000001
0,0,0,0,0,0,0,0,60610.0,0,0,0,0,0,1100.3046960000001
735730,735853,0,0,0,0,0,0,43229.0,0,0,0,0,0,1102.486298
735730,735853,0,0,0,0,0,0,43229.0,0,0,0,0,0,1102.486298
735730,735853,0,0,0,0,0,0,43229.0,0,0,0,0,0,1102.486298
735730,735853,0,0,0,0,0,0,43229.0,0,0,0,0,0,1102.486298
735730,735853,0,0,0,0,0,0,43229.0,0,0,0,0,0,1102.486298
736675,0,0,0,0,0,0,0,91104.0,0,0,0,0,0,1004.0102509999997
736675,0,0,0,0,0,0,0,91104.0,0,0,0,0,0,1004.0102509999997
736946,0,0,0,0,0,0,0,90004.0,0,0,0,0,0,1014.5053509999998
736946,0,0,0,0,0,0,0,90004.0,0,0,0,0,0,1014.5053509999998
736946,0,0,0,0,0,0,0,90004.0,0,0,0,0,0,1014.5053509999998
736794,736916,0,0,0,0,0,0,20735.0,0,0,0,0,0,1200.5174779999998
736577,0,0,0,0,0,0,0,10024.0,0,0,0,0,0,1580.6590099999996
0,0,0,0,0,0,0,0,92037.0,0,0,0,0,0,1021.7960989999998
0,736796,0,0,0,0,0,0,10011.0,0,0,0,0,0,1581.0799679999996
0,736796,0,0,0,0,0,0,10011.0,0,0,0,0,0,1581.0799679999996
0,736796,0,0,0,0,0,0,10011.0,0,0,0,0,0,1581.0799679999996
0,0,0,0,0,0,0,0,93534.0,0,0,0,0,0,1027.342234
0,0,0,0,0,0,0,0,59405.0,0,0,0,0,0,1133.037544
736553,736645,0,0,0,0,0,0,94110.0,0,0,0,0,0,1029.3313849999997
736553,736645,0,0,0,0,0,0,94110.0,0,0,0,0,0,1029.3313849999997
0,0,0,0,0,0,0,0,8701.0,0,0,0,0,0,1742.9310379999993
0,0,0,0,0,0,0,0,8701.0,0,0,0,0,0,1742.9310379999993
0,0,0,0,0,0,0,0,44105.0,0,0,0,0,0,1118.4940360000003
0,0,0,0,0,0,0,0,1841.0,0,0,0,0,0,1749.7338779999993
0,0,0,0,0,0,0,0,1841.0,0,0,0,0,0,1749.7338779999993
0,0,0,0,0,0,0,0,3301.0,0,0,0,0,0,1749.7338779999993
0,0,0,0,0,0,0,0,21215.0,0,0,0,0,0,1369.0632739999994
0,0,0,0,0,0,0,0,21215.0,0,0,0,0,0,1369.0632739999994
735667,735667,0,0,0,0,0,0,43229.0,0,0,0,0,0,1133.752698
735667,735667,0,0,0,0,0,0,43229.0,0,0,0,0,0,1133.752698
735667,735667,0,0,0,0,0,0,43229.0,0,0,0,0,0,1133.752698
0,0,0,0,0,0,0,0,77041.0,0,0,0,0,0,1074.552944
0,0,0,0,0,0,0,0,77041.0,0,0,0,0,0,1074.552944
736035,736157,0,0,0,0,0,0,10011.0,0,0,0,0,0,1566.8668799999996
0,0,0,0,0,0,0,0,27405.0,0,0,0,0,0,1253.799104
0,0,0,0,0,0,0,0,27405.0,0,0,0,0,0,1253.799104
0,0,0,0,0,0,0,0,10024.0,0,0,0,0,0,1743.6276379999993
736127,736280,0,0,0,0,0,0,94109.0,0,0,0,0,0,1042.6312049999997
0,736823,0,0,0,0,0,0,71203.0,0,0,0,0,0,1092.7549920000001
736094,736155,0,0,0,0,0,0,45231.0,0,0,0,0,0,1098.5575699999997
0,0,0,0,0,0,0,0,98105.0,0,0,0,0,0,1056.132109
0,0,0,0,0,0,0,0,98105.0,0,0,0,0,0,1056.132109
736362,736512,0,0,0,0,0,0,10011.0,0,0,0,0,0,1480.1434359999996
0,0,0,0,0,0,0,0,10035.0,0,0,0,0,0,1720.0015379999995
0,0,0,0,0,0,0,0,10035.0,0,0,0,0,0,1720.0015379999995
0,0,0,0,0,0,0,0,10035.0,0,0,0,0,0,1720.0015379999995
0,736791,0,0,0,0,0,0,38109.0,0,0,0,0,0,1108.6254760000002
0,0,0,0,0,0,0,0,92105.0,0,0,0,0,0,1027.027459
0,0,0,0,0,0,0,0,54601.0,0,0,0,0,0,1150.3552320000001
0,0,0,0,0,0,0,0,54601.0,0,0,0,0,0,1150.3552320000001
0,0,0,0,0,0,0,0,54601.0,0,0,0,0,0,1150.3552320000001
0,0,0,0,0,0,0,0,54601.0,0,0,0,0,0,1150.3552320000001
0,0,0,0,0,0,0,0,90032.0,0,0,0,0,0,1034.961929
0,0,0,0,0,0,0,0,90032.0,0,0,0,0,0,1034.961929
0,735608,0,0,0,0,0,0,98115.0,0,0,0,0,0,1104.9838929999999
0,735608,0,0,0,0,0,0,98115.0,0,0,0,0,0,1104.9838929999999
0,736701,0,0,0,0,0,0,33180.0,0,0,0,0,0,1142.6348320000002
0,736701,0,0,0,0,0,0,33180.0,0,0,0,0,0,1142.6348320000002
0,0,0,0,0,0,0,0,19143.0,0,0,0,0,0,1365.6374599999995
735904,0,0,0,0,0,0,0,23320.0,0,0,0,0,0,1279.683834
735904,0,0,0,0,0,0,0,23320.0,0,0,0,0,0,1279.683834
735904,0,0,0,0,0,0,0,23320.0,0,0,0,0,0,1279.683834
0,0,0,0,0,0,0,0,10009.0,0,0,0,0,0,1742.9310379999993
736096,736127,0,0,0,0,0,0,48104.0,0,0,0,0,0,1101.3603659999999
736762,736915,0,0,0,0,0,0,91941.0,0,0,0,0,0,1031.2421489999997
736762,736915,0,0,0,0,0,0,91941.0,0,0,0,0,0,1031.2421489999997
0,736729,0,0,0,0,0,0,48126.0,0,0,0,0,0,1094.4836120000002
0,0,0,0,0,0,0,0,92024.0,0,0,0,0,0,1021.7960989999998
0,0,0,0,0,0,0,0,92024.0,0,0,0,0,0,1021.7960989999998
0,0,0,0,0,0,0,0,44107.0,0,0,0,0,0,1118.4940360000003
736729,736818,0,0,0,0,0,0,6450.0,0,0,0,0,0,1443.8431800000003
736333,736453,0,0,0,0,0,0,31907.0,0,0,0,0,0,1078.560916
0,0,0,0,0,0,0,0,30076.0,0,0,0,0,0,1216.254424
0,0,0,0,0,0,0,0,98105.0,0,0,0,0,0,1056.132109
0,0,0,0,0,0,0,0,7960.0,0,0,0,0,0,1742.9310379999993
736055,736208,0,0,0,0,0,0,22304.0,0,0,0,0,0,1179.0949399999997
736736,736886,0,0,0,0,0,0,84106.0,0,0,0,0,0,1025.8469799999996
0,0,0,0,0,0,0,0,92307.0,0,0,0,0,0,1027.027459
0,0,0,0,0,0,0,0,92307.0,0,0,0,0,0,1027.027459
0,0,0,0,0,0,0,0,92307.0,0,0,0,0,0,1027.027459
0,0,0,0,0,0,0,0,92307.0,0,0,0,0,0,1027.027459
736855,737008,0,0,0,0,0,0,10009.0,0,0,0,0,0,1423.8040759999997
735699,735913,0,0,0,0,0,0,90805.0,0,0,0,0,0,1076.2527849999997
0,0,0,0,0,0,0,0,97301.0,0,0,0,0,0,1048.076349
0,0,0,0,0,0,0,0,97301.0,0,0,0,0,0,1048.076349
0,0,0,0,0,0,0,0,97301.0,0,0,0,0,0,1048.076349
0,0,0,0,0,0,0,0,97301.0,0,0,0,0,0,1048.076349
0,0,0,0,0,0,0,0,97301.0,0,0,0,0,0,1048.076349
0,0,0,0,0,0,0,0,97301.0,0,0,0,0,0,1048.076349
0,0,0,0,0,0,0,0,97301.0,0,0,0,0,0,1048.076349
0,736339,0,0,0,0,0,0,80013.0,0,0,0,0,0,1061.1984139999997
0,736339,0,0,0,0,0,0,80013.0,0,0,0,0,0,1061.1984139999997
0,0,0,0,0,0,0,0,43055.0,0,0,0,0,0,1118.4940360000003
0,0,0,0,0,0,0,0,43055.0,0,0,0,0,0,1118.4940360000003
0,0,0,0,0,0,0,0,43055.0,0,0,0,0,0,1118.4940360000003
0,0,0,0,0,0,0,0,43055.0,0,0,0,0,0,1118.4940360000003
736639,0,0,0,0,0,0,0,98103.0,0,0,0,0,0,1031.1413009999997
736639,0,0,0,0,0,0,0,98103.0,0,0,0,0,0,1031.1413009999997
736639,0,0,0,0,0,0,0,98103.0,0,0,0,0,0,1031.1413009999997
736213,736274,0,0,0,0,0,0,83201.0,0,0,0,0,0,1019.4021359999996
736213,736274,0,0,0,0,0,0,83201.0,0,0,0,0,0,1019.4021359999996
0,736764,0,0,0,0,0,0,75081.0,0,0,0,0,0,1085.145046
0,736764,0,0,0,0,0,0,75081.0,0,0,0,0,0,1085.145046
0,0,0,0,0,0,0,0,98105.0,0,0,0,0,0,1056.132109
0,735635,0,0,0,0,0,0,98115.0,0,0,0,0,0,1089.0880929999998
0,735635,0,0,0,0,0,0,98115.0,0,0,0,0,0,1089.0880929999998
0,736085,0,0,0,0,0,0,60610.0,0,0,0,0,0,1164.22648
0,736396,0,0,0,0,0,0,49423.0,0,0,0,0,0,1133.5242480000002
0,736396,0,0,0,0,0,0,49423.0,0,0,0,0,0,1133.5242480000002
0,0,0,0,0,0,0,0,74012.0,0,0,0,0,0,1100.3046960000001
0,0,0,0,0,0,0,0,74012.0,0,0,0,0,0,1100.3046960000001
735633,735814,0,0,0,0,0,0,30605.0,0,0,0,0,0,1156.186254
735633,735814,0,0,0,0,0,0,30605.0,0,0,0,0,0,1156.186254
735633,735814,0,0,0,0,0,0,30605.0,0,0,0,0,0,1156.186254
736095,736095,0,0,0,0,0,0,98105.0,0,0,0,0,0,1081.7153209999994
0,0,0,0,0,0,0,0,32712.0,0,0,0,0,0,1194.7120960000002
0,0,0,0,0,0,0,0,32712.0,0,0,0,0,0,1194.7120960000002
0,0,0,0,0,0,0,0,32712.0,0,0,0,0,0,1194.7120960000002
0,0,0,0,0,0,0,0,77070.0,0,0,0,0,0,1070.2188320000002
736249,0,0,0,0,0,0,0,21215.0,0,0,0,0,0,1278.0423179999998
736249,0,0,0,0,0,0,0,21215.0,0,0,0,0,0,1278.0423179999998
736249,0,0,0,0,0,0,0,21215.0,0,0,0,0,0,1278.0423179999998
736249,0,0,0,0,0,0,0,21215.0,0,0,0,0,0,1278.0423179999998
736249,0,0,0,0,0,0,0,21215.0,0,0,0,0,0,1278.0423179999998
736454,736515,0,0,0,0,0,0,94109.0,0,0,0,0,0,1036.0365049999996
0,0,0,0,0,0,0,0,60623.0,0,0,0,0,0,1100.3046960000001
0,0,0,0,0,0,0,0,60623.0,0,0,0,0,0,1100.3046960000001
736460,736460,0,0,0,0,0,0,78041.0,0,0,0,0,0,1024.4618259999997
736764,736917,0,0,0,0,0,0,94109.0,0,0,0,0,0,1031.2421489999997
0,0,0,0,0,0,0,0,44105.0,0,0,0,0,0,1118.4940360000003
0,0,0,0,0,0,0,0,44105.0,0,0,0,0,0,1118.4940360000003
0,0,0,0,0,0,0,0,43302.0,0,0,0,0,0,1118.4940360000003
0,0,0,0,0,0,0,0,43302.0,0,0,0,0,0,1118.4940360000003
0,0,0,0,0,0,0,0,43302.0,0,0,0,0,0,1118.4940360000003
735668,735821,0,0,0,0,0,0,6824.0,0,0,0,0,0,1624.3211539999995
0,0,0,0,0,0,0,0,10009.0,0,0,0,0,0,1742.9310379999993
736181,0,0,0,0,0,0,0,10024.0,0,0,0,0,0,1630.1921299999997
736181,0,0,0,0,0,0,0,10024.0,0,0,0,0,0,1630.1921299999997
736181,0,0,0,0,0,0,0,10024.0,0,0,0,0,0,1630.1921299999997
736181,0,0,0,0,0,0,0,10024.0,0,0,0,0,0,1630.1921299999997
736181,0,0,0,0,0,0,0,10024.0,0,0,0,0,0,1630.1921299999997
0,0,0,0,0,0,0,0,60653.0,0,0,0,0,0,1100.3046960000001
735601,735721,0,0,0,0,0,0,10035.0,0,0,0,0,0,1718.6297139999992
0,0,0,0,0,0,0,0,23223.0,0,0,0,0,0,1302.1393939999998
736217,736308,0,0,0,0,0,0,48104.0,0,0,0,0,0,1061.7999879999998
736217,736308,0,0,0,0,0,0,48104.0,0,0,0,0,0,1061.7999879999998
736217,736308,0,0,0,0,0,0,48104.0,0,0,0,0,0,1061.7999879999998
736217,736308,0,0,0,0,0,0,48104.0,0,0,0,0,0,1061.7999879999998
0,736729,0,0,0,0,0,0,47905.0,0,0,0,0,0,1079.0602560000002
0,0,0,0,0,0,0,0,97477.0,0,0,0,0,0,1048.076349
0,0,0,0,0,0,0,0,97477.0,0,0,0,0,0,1048.076349
0,0,0,0,0,0,0,0,97477.0,0,0,0,0,0,1048.076349
0,0,0,0,0,0,0,0,94109.0,0,0,0,0,0,1038.179099
0,0,0,0,0,0,0,0,60653.0,0,0,0,0,0,1100.3046960000001
0,0,0,0,0,0,0,0,10011.0,0,0,0,0,0,1747.7220079999993
736059,736181,0,0,0,0,0,0,77095.0,0,0,0,0,0,1099.22364
736918,0,0,0,0,0,0,0,53711.0,0,0,0,0,0,1076.833892
736918,0,0,0,0,0,0,0,53711.0,0,0,0,0,0,1076.833892
736918,0,0,0,0,0,0,0,53711.0,0,0,0,0,0,1076.833892
736918,0,0,0,0,0,0,0,53711.0,0,0,0,0,0,1076.833892
736918,0,0,0,0,0,0,0,53711.0,0,0,0,0,0,1076.833892
0,736732,0,0,0,0,0,0,6460.0,0,0,0,0,0,1584.9003779999996
0,736732,0,0,0,0,0,0,6460.0,0,0,0,0,0,1584.9003779999996
0,736732,0,0,0,0,0,0,6460.0,0,0,0,0,0,1584.9003779999996
0,735664,0,0,0,0,0,0,10024.0,0,0,0,0,0,1738.6900579999995
0,0,0,0,0,0,0,0,90049.0,0,0,0,0,0,1021.7960989999998
0,0,0,0,0,0,0,0,90049.0,0,0,0,0,0,1021.7960989999998
0,736846,0,0,0,0,0,0,94109.0,0,0,0,0,0,1022.1493729999999
0,0,0,0,0,0,0,0,94533.0,0,0,0,0,0,1048.9307489999999
0,0,0,0,0,0,0,0,94533.0,0,0,0,0,0,1048.9307489999999
0,0,0,0,0,0,0,0,94533.0,0,0,0,0,0,1048.9307489999999
0,0,0,0,0,0,0,0,94533.0,0,0,0,0,0,1048.9307489999999
0,0,0,0,0,0,0,0,94533.0,0,0,0,0,0,1048.9307489999999
0,0,0,0,0,0,0,0,94533.0,0,0,0,0,0,1048.9307489999999
0,0,0,0,0,0,0,0,94533.0,0,0,0,0,0,1048.9307489999999
736553,736675,0,0,0,0,0,0,27834.0,0,0,0,0,0,1073.316076
736553,736675,0,0,0,0,0,0,27834.0,0,0,0,0,0,1073.316076
736553,736675,0,0,0,0,0,0,27834.0,0,0,0,0,0,1073.316076
0,0,0,0,0,0,0,0,11561.0,0,0,0,0,0,1724.4191099999994
0,735724,0,0,0,0,0,0,60089.0,0,0,0,0,0,1169.598342
0,0,0,0,0,0,0,0,92037.0,0,0,0,0,0,1021.7960989999998
0,0,0,0,0,0,0,0,92037.0,0,0,0,0,0,1021.7960989999998
736390,736604,0,0,0,0,0,0,40475.0,0,0,0,0,0,1029.472176
0,736027,0,0,0,0,0,0,22153.0,0,0,0,0,0,1320.0973179999999
0,0,0,0,0,0,0,0,76106.0,0,0,0,0,0,1100.3046960000001
0,0,0,0,0,0,0,0,76106.0,0,0,0,0,0,1100.3046960000001
736276,0,0,0,0,0,0,0,27604.0,0,0,0,0,0,1152.346448
0,0,0,0,0,0,0,0,33012.0,0,0,0,0,0,1194.7120960000002
0,0,0,0,0,0,0,0,90032.0,0,0,0,0,0,1034.961929
0,0,0,0,0,0,0,0,90032.0,0,0,0,0,0,1034.961929
737036,0,0,0,0,0,0,0,92630.0,0,0,0,0,0,1221.8949619999999
737036,0,0,0,0,0,0,0,92630.0,0,0,0,0,0,1221.8949619999999
736034,736095,0,0,0,0,0,0,11561.0,0,0,0,0,0,1572.9259619999998
736246,736307,0,0,0,0,0,0,98103.0,0,0,0,0,0,1041.8359949999997
735821,0,0,0,0,0,0,0,96003.0,0,0,0,0,0,1063.5638169999997
736551,0,0,0,0,0,0,0,78207.0,0,0,0,0,0,992.3605299999998
736915,737037,0,0,0,0,0,0,77070.0,0,0,0,0,0,1109.6361579999998
0,735966,0,0,0,0,0,0,1453.0,0,0,0,0,0,1697.3657979999991
0,735966,0,0,0,0,0,0,1453.0,0,0,0,0,0,1697.3657979999991
0,0,0,0,0,0,0,0,90032.0,0,0,0,0,0,1034.961929
0,0,0,0,0,0,0,0,90032.0,0,0,0,0,0,1034.961929
0,735975,0,0,0,0,0,0,65807.0,0,0,0,0,0,1165.6550679999998
0,736489,0,0,0,0,0,0,76706.0,0,0,0,0,0,1153.2513179999999
736667,0,0,0,0,0,0,0,90036.0,0,0,0,0,0,1015.7364009999998
736667,0,0,0,0,0,0,0,90036.0,0,0,0,0,0,1015.7364009999998
736431,736553,0,0,0,0,0,0,13021.0,0,0,0,0,0,1560.689638
736431,736584,0,0,0,0,0,0,94109.0,0,0,0,0,0,1041.4931649999996
735913,0,0,0,0,0,0,0,90008.0,0,0,0,0,0,1031.6100229999997
735913,0,0,0,0,0,0,0,90008.0,0,0,0,0,0,1031.6100229999997
735998,736211,0,0,0,0,0,0,90049.0,0,0,0,0,0,1083.8156669999996
736310,0,0,0,0,0,0,0,95928.0,0,0,0,0,0,1031.1413009999997
736310,0,0,0,0,0,0,0,95928.0,0,0,0,0,0,1031.1413009999997
736310,0,0,0,0,0,0,0,95928.0,0,0,0,0,0,1031.1413009999997
736735,736916,0,0,0,0,0,0,97477.0,0,0,0,0,0,1041.9937989999996
736735,736916,0,0,0,0,0,0,97477.0,0,0,0,0,0,1041.9937989999996
736735,736916,0,0,0,0,0,0,97477.0,0,0,0,0,0,1041.9937989999996
736735,736916,0,0,0,0,0,0,97477.0,0,0,0,0,0,1041.9937989999996
736971,0,0,0,0,0,0,0,32216.0,0,0,0,0,0,1089.04684
736971,0,0,0,0,0,0,0,32216.0,0,0,0,0,0,1089.04684
0,736735,0,0,0,0,0,0,93309.0,0,0,0,0,0,1028.924495
0,736735,0,0,0,0,0,0,93309.0,0,0,0,0,0,1028.924495
0,736735,0,0,0,0,0,0,93309.0,0,0,0,0,0,1028.924495
0,736735,0,0,0,0,0,0,93309.0,0,0,0,0,0,1028.924495
0,736735,0,0,0,0,0,0,93309.0,0,0,0,0,0,1028.924495
0,735667,0,0,0,0,0,0,10011.0,0,0,0,0,0,1742.7844279999997
0,735667,0,0,0,0,0,0,10011.0,0,0,0,0,0,1742.7844279999997
0,735667,0,0,0,0,0,0,10011.0,0,0,0,0,0,1742.7844279999997
0,735667,0,0,0,0,0,0,10011.0,0,0,0,0,0,1742.7844279999997
0,0,0,0,0,0,0,0,60610.0,0,0,0,0,0,1100.3046960000001
735909,0,0,0,0,0,0,0,79907.0,0,0,0,0,0,1016.2159419999998
735909,0,0,0,0,0,0,0,79907.0,0,0,0,0,0,1016.2159419999998
0,0,0,0,0,0,0,0,91360.0,0,0,0,0,0,1021.7960989999998
737033,0,0,0,0,0,0,0,45503.0,0,0,0,0,0,1191.0173559999998
0,0,0,0,0,0,0,0,75220.0,0,0,0,0,0,1100.3046960000001
0,0,0,0,0,0,0,0,75220.0,0,0,0,0,0,1100.3046960000001
736428,736519,0,0,0,0,0,0,37918.0,0,0,0,0,0,1051.077716
736428,736519,0,0,0,0,0,0,37918.0,0,0,0,0,0,1051.077716
736428,736519,0,0,0,0,0,0,37918.0,0,0,0,0,0,1051.077716
736482,736635,0,0,0,0,0,0,37421.0,0,0,0,0,0,1015.2096359999999
0,0,0,0,0,0,0,0,92037.0,0,0,0,0,0,1021.7960989999998
0,0,0,0,0,0,0,0,92037.0,0,0,0,0,0,1021.7960989999998
0,0,0,0,0,0,0,0,92037.0,0,0,0,0,0,1021.7960989999998
736001,736030,0,0,0,0,0,0,10024.0,0,0,0,0,0,1650.8030739999997
0,0,0,0,0,0,0,0,33614.0,0,0,0,0,0,1194.7120960000002
0,0,0,0,0,0,0,0,13501.0,0,0,0,0,0,1782.0985099999994
0,0,0,0,0,0,0,0,13501.0,0,0,0,0,0,1782.0985099999994
0,0,0,0,0,0,0,0,13501.0,0,0,0,0,0,1782.0985099999994
0,0,0,0,0,0,0,0,13501.0,0,0,0,0,0,1782.0985099999994
0,0,0,0,0,0,0,0,13501.0,0,0,0,0,0,1782.0985099999994
737033,0,0,0,0,0,0,0,94122.0,0,0,0,0,0,1209.0350609999998
737033,0,0,0,0,0,0,0,94122.0,0,0,0,0,0,1209.0350609999998
737033,0,0,0,0,0,0,0,94122.0,0,0,0,0,0,1209.0350609999998
737033,0,0,0,0,0,0,0,94122.0,0,0,0,0,0,1209.0350609999998
735634,735634,0,0,0,0,0,0,43229.0,0,0,0,0,0,1122.791638
736762,736854,0,0,0,0,0,0,10035.0,0,0,0,0,0,1434.8500199999999
736762,736854,0,0,0,0,0,0,10035.0,0,0,0,0,0,1434.8500199999999
736762,736854,0,0,0,0,0,0,10035.0,0,0,0,0,0,1434.8500199999999
736762,736854,0,0,0,0,0,0,10035.0,0,0,0,0,0,1434.8500199999999
736400,736522,0,0,0,0,0,0,47374.0,0,0,0,0,0,1043.922232
736400,736522,0,0,0,0,0,0,47374.0,0,0,0,0,0,1043.922232
0,0,0,0,0,0,0,0,92105.0,0,0,0,0,0,1027.027459
0,0,0,0,0,0,0,0,28027.0,0,0,0,0,0,1253.799104
0,0,0,0,0,0,0,0,28027.0,0,0,0,0,0,1253.799104
736213,0,0,0,0,0,0,0,33178.0,0,0,0,0,0,1093.25944
736213,0,0,0,0,0,0,0,33178.0,0,0,0,0,0,1093.25944
736213,0,0,0,0,0,0,0,33178.0,0,0,0,0,0,1093.25944
0,736765,0,0,0,0,0,0,90036.0,0,0,0,0,0,1036.3658860000003
0,736027,0,0,0,0,0,0,98115.0,0,0,0,0,0,1111.5910669999998
0,0,0,0,0,0,0,0,22204.0,0,0,0,0,0,1302.1393939999998
0,0,0,0,0,0,0,0,22204.0,0,0,0,0,0,1302.1393939999998
0,0,0,0,0,0,0,0,92105.0,0,0,0,0,0,1027.027459
0,0,0,0,0,0,0,0,92105.0,0,0,0,0,0,1027.027459
0,0,0,0,0,0,0,0,92105.0,0,0,0,0,0,1027.027459
0,0,0,0,0,0,0,0,92105.0,0,0,0,0,0,1027.027459
0,0,0,0,0,0,0,0,92105.0,0,0,0,0,0,1027.027459
0,0,0,0,0,0,0,0,92105.0,0,0,0,0,0,1027.027459
0,0,0,0,0,0,0,0,92105.0,0,0,0,0,0,1027.027459
736248,0,0,0,0,0,0,0,55113.0,0,0,0,0,0,1119.071648
736248,0,0,0,0,0,0,0,55113.0,0,0,0,0,0,1119.071648
736248,0,0,0,0,0,0,0,55113.0,0,0,0,0,0,1119.071648
736248,0,0,0,0,0,0,0,55113.0,0,0,0,0,0,1119.071648
736248,0,0,0,0,0,0,0,55113.0,0,0,0,0,0,1119.071648
735880,0,0,0,0,0,0,0,23464.0,0,0,0,0,0,1289.036118
736092,736276,0,0,0,0,0,0,75220.0,0,0,0,0,0,1103.2398219999998
736092,736276,0,0,0,0,0,0,75220.0,0,0,0,0,0,1103.2398219999998
736092,736276,0,0,0,0,0,0,75220.0,0,0,0,0,0,1103.2398219999998
736092,736276,0,0,0,0,0,0,75220.0,0,0,0,0,0,1103.2398219999998
736762,736884,0,0,0,0,0,0,94521.0,0,0,0,0,0,1041.9937989999996
735974,736187,0,0,0,0,0,0,72032.0,0,0,0,0,0,1151.7534759999999
0,736059,0,0,0,0,0,0,19120.0,0,0,0,0,0,1394.8662199999997
736334,736424,0,0,0,0,0,0,72209.0,0,0,0,0,0,1089.264718
736334,736424,0,0,0,0,0,0,72209.0,0,0,0,0,0,1089.264718
736334,736424,0,0,0,0,0,0,72209.0,0,0,0,0,0,1089.264718
735726,735787,0,0,0,0,0,0,6450.0,0,0,0,0,0,1624.3211539999995
735726,735787,0,0,0,0,0,0,6450.0,0,0,0,0,0,1624.3211539999995
735726,735787,0,0,0,0,0,0,6450.0,0,0,0,0,0,1624.3211539999995
736420,736542,0,0,0,0,0,0,19143.0,0,0,0,0,0,1244.0379639999999
736420,736542,0,0,0,0,0,0,19143.0,0,0,0,0,0,1244.0379639999999
736521,736674,0,0,0,0,0,0,82001.0,0,0,0,0,0,1003.0819879999996
0,0,0,0,0,0,0,0,92804.0,0,0,0,0,0,1027.342234
0,0,0,0,0,0,0,0,47401.0,0,0,0,0,0,1115.7379360000004
0,736757,0,0,0,0,0,0,31907.0,0,0,0,0,0,1135.3924760000002
736790,736790,0,0,0,0,0,0,72401.0,0,0,0,0,0,1060.533146
736790,736790,0,0,0,0,0,0,72401.0,0,0,0,0,0,1060.533146
736149,736211,0,0,0,0,0,0,19140.0,0,0,0,0,0,1262.9515639999997
0,0,0,0,0,0,0,0,1841.0,0,0,0,0,0,1749.7338779999993
0,0,0,0,0,0,0,0,1841.0,0,0,0,0,0,1749.7338779999993
0,0,0,0,0,0,0,0,1841.0,0,0,0,0,0,1749.7338779999993
736458,736642,0,0,0,0,0,0,10011.0,0,0,0,0,0,1437.1428159999996
0,0,0,0,0,0,0,0,92105.0,0,0,0,0,0,1027.027459
0,0,0,0,0,0,0,0,92105.0,0,0,0,0,0,1027.027459
0,0,0,0,0,0,0,0,92105.0,0,0,0,0,0,1027.027459
0,0,0,0,0,0,0,0,94109.0,0,0,0,0,0,1038.179099
0,0,0,0,0,0,0,0,94109.0,0,0,0,0,0,1038.179099
0,0,0,0,0,0,0,0,94110.0,0,0,0,0,0,1038.179099
0,0,0,0,0,0,0,0,94110.0,0,0,0,0,0,1038.179099
736916,737008,0,0,0,0,0,0,2920.0,0,0,0,0,0,1425.791236
736150,736303,0,0,0,0,0,0,42301.0,0,0,0,0,0,1065.9136159999998
0,0,0,0,0,0,0,0,21215.0,0,0,0,0,0,1369.0632739999994
0,0,0,0,0,0,0,0,60610.0,0,0,0,0,0,1100.3046960000001
0,0,0,0,0,0,0,0,60610.0,0,0,0,0,0,1100.3046960000001
0,0,0,0,0,0,0,0,60610.0,0,0,0,0,0,1100.3046960000001
736976,0,0,0,0,0,0,0,30318.0,0,0,0,0,0,1110.589168
736946,0,0,0,0,0,0,0,90036.0,0,0,0,0,0,1019.2114809999998
735609,735821,0,0,0,0,0,0,90049.0,0,0,0,0,0,1076.2527849999997
735609,735821,0,0,0,0,0,0,90049.0,0,0,0,0,0,1076.2527849999997
736392,736576,0,0,0,0,0,0,47374.0,0,0,0,0,0,1043.922232
736392,736576,0,0,0,0,0,0,47374.0,0,0,0,0,0,1043.922232
737029,0,0,0,0,0,0,0,94110.0,0,0,0,0,0,1198.2834109999997
0,0,0,0,0,0,0,0,94122.0,0,0,0,0,0,1048.9307489999999
0,736372,0,0,0,0,0,0,7090.0,0,0,0,0,0,1624.7218739999994
736856,736856,0,0,0,0,0,0,94122.0,0,0,0,0,0,1040.3019589999997
736856,736856,0,0,0,0,0,0,94122.0,0,0,0,0,0,1040.3019589999997
736856,736856,0,0,0,0,0,0,94122.0,0,0,0,0,0,1040.3019589999997
736856,736856,0,0,0,0,0,0,94122.0,0,0,0,0,0,1040.3019589999997
736856,736856,0,0,0,0,0,0,94122.0,0,0,0,0,0,1040.3019589999997
736372,736522,0,0,0,0,0,0,95123.0,0,0,0,0,0,1046.7881549999997
736372,736522,0,0,0,0,0,0,95123.0,0,0,0,0,0,1046.7881549999997
736372,736522,0,0,0,0,0,0,95123.0,0,0,0,0,0,1046.7881549999997
736372,736522,0,0,0,0,0,0,95123.0,0,0,0,0,0,1046.7881549999997
0,0,0,0,0,0,0,0,98115.0,0,0,0,0,0,1056.132109
0,0,0,0,0,0,0,0,42301.0,0,0,0,0,0,1118.4940360000003
0,0,0,0,0,0,0,0,10035.0,0,0,0,0,0,1720.0015379999995
0,0,0,0,0,0,0,0,10035.0,0,0,0,0,0,1720.0015379999995
0,0,0,0,0,0,0,0,10035.0,0,0,0,0,0,1720.0015379999995
0,0,0,0,0,0,0,0,10035.0,0,0,0,0,0,1720.0015379999995
0,0,0,0,0,0,0,0,10035.0,0,0,0,0,0,1720.0015379999995
0,0,0,0,0,0,0,0,10035.0,0,0,0,0,0,1720.0015379999995
0,0,0,0,0,0,0,0,10035.0,0,0,0,0,0,1720.0015379999995
0,0,0,0,0,0,0,0,10035.0,0,0,0,0,0,1720.0015379999995
0,0,0,0,0,0,0,0,10035.0,0,0,0,0,0,1720.0015379999995
0,0,0,0,0,0,0,0,10035.0,0,0,0,0,0,1720.0015379999995
0,0,0,0,0,0,0,0,10011.0,0,0,0,0,0,1747.7220079999993
0,0,0,0,0,0,0,0,22153.0,0,0,0,0,0,1330.8185939999996
736759,736912,0,0,0,0,0,0,98226.0,0,0,0,0,0,1041.5969389999998
735814,735936,0,0,0,0,0,0,35601.0,0,0,0,0,0,1167.1473139999998
735912,0,0,0,0,0,0,0,72701.0,0,0,0,0,0,1088.743308
735912,0,0,0,0,0,0,0,72701.0,0,0,0,0,0,1088.743308
736882,736944,0,0,0,0,0,0,19120.0,0,0,0,0,0,1240.0249419999996
736882,736944,0,0,0,0,0,0,19120.0,0,0,0,0,0,1240.0249419999996
736882,736944,0,0,0,0,0,0,19120.0,0,0,0,0,0,1240.0249419999996
736882,736944,0,0,0,0,0,0,19120.0,0,0,0,0,0,1240.0249419999996
736882,736944,0,0,0,0,0,0,19120.0,0,0,0,0,0,1240.0249419999996
736882,736944,0,0,0,0,0,0,19120.0,0,0,0,0,0,1240.0249419999996
736426,736426,0,0,0,0,0,0,98103.0,0,0,0,0,0,1041.8359949999997
736426,736426,0,0,0,0,0,0,98103.0,0,0,0,0,0,1041.8359949999997
736426,736426,0,0,0,0,0,0,98103.0,0,0,0,0,0,1041.8359949999997
0,0,0,0,0,0,0,0,75023.0,0,0,0,0,0,1100.3046960000001
0,0,0,0,0,0,0,0,75023.0,0,0,0,0,0,1100.3046960000001
737038,0,0,0,0,0,0,0,90049.0,0,0,0,0,0,1227.0575229999997
737038,0,0,0,0,0,0,0,90049.0,0,0,0,0,0,1227.0575229999997
736488,0,0,0,0,0,0,0,90032.0,0,0,0,0,0,1013.3158209999997
0,0,0,0,0,0,0,0,90036.0,0,0,0,0,0,1034.961929
0,0,0,0,0,0,0,0,90036.0,0,0,0,0,0,1034.961929
0,0,0,0,0,0,0,0,90036.0,0,0,0,0,0,1034.961929
0,0,0,0,0,0,0,0,90036.0,0,0,0,0,0,1034.961929
0,0,0,0,0,0,0,0,50315.0,0,0,0,0,0,1151.4111720000003
736817,736817,0,0,0,0,0,0,38671.0,0,0,0,0,0,1021.48086
736817,736817,0,0,0,0,0,0,38671.0,0,0,0,0,0,1021.48086
736817,736817,0,0,0,0,0,0,38671.0,0,0,0,0,0,1021.48086
736817,736817,0,0,0,0,0,0,38671.0,0,0,0,0,0,1021.48086
0,0,0,0,0,0,0,0,77041.0,0,0,0,0,0,1074.552944
0,0,0,0,0,0,0,0,10009.0,0,0,0,0,0,1742.9310379999993
735913,0,0,0,0,0,0,0,19601.0,0,0,0,0,0,1343.1818999999998
735913,0,0,0,0,0,0,0,19601.0,0,0,0,0,0,1343.1818999999998
736666,0,0,0,0,0,0,0,94109.0,0,0,0,0,0,1024.4102309999996
736666,0,0,0,0,0,0,0,94109.0,0,0,0,0,0,1024.4102309999996
736666,0,0,0,0,0,0,0,94109.0,0,0,0,0,0,1024.4102309999996
736666,0,0,0,0,0,0,0,94109.0,0,0,0,0,0,1024.4102309999996
736939,0,0,0,0,0,0,0,90045.0,0,0,0,0,0,1007.4853309999997
735913,0,0,0,0,0,0,0,90004.0,0,0,0,0,0,1031.6100229999997
735913,0,0,0,0,0,0,0,90004.0,0,0,0,0,0,1031.6100229999997
735913,0,0,0,0,0,0,0,90004.0,0,0,0,0,0,1031.6100229999997
0,0,0,0,0,0,0,0,94109.0,0,0,0,0,0,1038.179099
0,0,0,0,0,0,0,0,94109.0,0,0,0,0,0,1038.179099
0,0,0,0,0,0,0,0,94109.0,0,0,0,0,0,1038.179099
0,0,0,0,0,0,0,0,10009.0,0,0,0,0,0,1742.9310379999993
0,0,0,0,0,0,0,0,92105.0,0,0,0,0,0,1027.027459
0,0,0,0,0,0,0,0,92105.0,0,0,0,0,0,1027.027459
0,0,0,0,0,0,0,0,92105.0,0,0,0,0,0,1027.027459
0,0,0,0,0,0,0,0,92105.0,0,0,0,0,0,1027.027459
736847,737000,0,0,0,0,0,0,10024.0,0,0,0,0,0,1423.8040759999997
0,0,0,0,0,0,0,0,10011.0,0,0,0,0,0,1747.7220079999993
736551,0,0,0,0,0,0,0,28205.0,0,0,0,0,0,1107.823248
0,0,0,0,0,0,0,0,66212.0,0,0,0,0,0,1100.3046960000001
0,0,0,0,0,0,0,0,66212.0,0,0,0,0,0,1100.3046960000001
0,0,0,0,0,0,0,0,85204.0,0,0,0,0,0,1005.7666279999999
735788,0,0,0,0,0,0,0,74133.0,0,0,0,0,0,1101.0582520000003
735788,0,0,0,0,0,0,0,74133.0,0,0,0,0,0,1101.0582520000003
735788,0,0,0,0,0,0,0,74133.0,0,0,0,0,0,1101.0582520000003
735788,0,0,0,0,0,0,0,74133.0,0,0,0,0,0,1101.0582520000003
0,0,0,0,0,0,0,0,10035.0,0,0,0,0,0,1720.0015379999995
0,0,0,0,0,0,0,0,19143.0,0,0,0,0,0,1365.6374599999995
0,0,0,0,0,0,0,0,39401.0,0,0,0,0,0,1157.8494960000003
0,0,0,0,0,0,0,0,39401.0,0,0,0,0,0,1157.8494960000003
0,0,0,0,0,0,0,0,39401.0,0,0,0,0,0,1157.8494960000003
0,0,0,0,0,0,0,0,39401.0,0,0,0,0,0,1157.8494960000003
0,0,0,0,0,0,0,0,39401.0,0,0,0,0,0,1157.8494960000003
0,0,0,0,0,0,0,0,39401.0,0,0,0,0,0,1157.8494960000003
0,0,0,0,0,0,0,0,90049.0,0,0,0,0,0,1021.7960989999998
0,0,0,0,0,0,0,0,90049.0,0,0,0,0,0,1021.7960989999998
0,0,0,0,0,0,0,0,90049.0,0,0,0,0,0,1021.7960989999998
736645,736645,0,0,0,0,0,0,43229.0,0,0,0,0,0,1012.2976159999998
736645,736645,0,0,0,0,0,0,43229.0,0,0,0,0,0,1012.2976159999998
736645,736645,0,0,0,0,0,0,43229.0,0,0,0,0,0,1012.2976159999998
736645,736645,0,0,0,0,0,0,43229.0,0,0,0,0,0,1012.2976159999998
736645,736645,0,0,0,0,0,0,43229.0,0,0,0,0,0,1012.2976159999998
735883,0,0,0,0,0,0,0,83605.0,0,0,0,0,0,1016.4973159999998
735883,0,0,0,0,0,0,0,83605.0,0,0,0,0,0,1016.4973159999998
735883,0,0,0,0,0,0,0,83605.0,0,0,0,0,0,1016.4973159999998
0,0,0,0,0,0,0,0,85023.0,0,0,0,0,0,1005.7666279999999
0,0,0,0,0,0,0,0,85023.0,0,0,0,0,0,1005.7666279999999
0,0,0,0,0,0,0,0,33142.0,0,0,0,0,0,1194.7120960000002
736884,737007,0,0,0,0,0,0,90004.0,0,0,0,0,0,1049.2245849999997
736005,736156,0,0,0,0,0,0,12180.0,0,0,0,0,0,1649.2784619999998
737010,0,0,0,0,0,0,0,2740.0,0,0,0,0,0,1705.6187599999996
736698,736757,0,0,0,0,0,0,29501.0,0,0,0,0,0,1034.26108
0,736389,0,0,0,0,0,0,90049.0,0,0,0,0,0,1075.4769009999998
0,736389,0,0,0,0,0,0,90049.0,0,0,0,0,0,1075.4769009999998
0,736389,0,0,0,0,0,0,90049.0,0,0,0,0,0,1075.4769009999998
0,736389,0,0,0,0,0,0,90049.0,0,0,0,0,0,1075.4769009999998
0,736389,0,0,0,0,0,0,90049.0,0,0,0,0,0,1075.4769009999998
736605,736636,0,0,0,0,0,0,90008.0,0,0,0,0,0,1048.7029329999996
736605,736636,0,0,0,0,0,0,90008.0,0,0,0,0,0,1048.7029329999996
735753,735936,0,0,0,0,0,0,90049.0,0,0,0,0,0,1076.2527849999997
735753,735936,0,0,0,0,0,0,90049.0,0,0,0,0,0,1076.2527849999997
735753,735936,0,0,0,0,0,0,90049.0,0,0,0,0,0,1076.2527849999997
735753,735936,0,0,0,0,0,0,90049.0,0,0,0,0,0,1076.2527849999997
735728,735881,0,0,0,0,0,0,43229.0,0,0,0,0,0,1102.486298
0,0,0,0,0,0,0,0,70065.0,0,0,0,0,0,1100.3046960000001
0,0,0,0,0,0,0,0,70065.0,0,0,0,0,0,1100.3046960000001
0,0,0,0,0,0,0,0,75104.0,0,0,0,0,0,1100.3046960000001
0,0,0,0,0,0,0,0,2908.0,0,0,0,0,0,1749.7338779999993
0,0,0,0,0,0,0,0,43130.0,0,0,0,0,0,1118.4940360000003
0,0,0,0,0,0,0,0,43130.0,0,0,0,0,0,1118.4940360000003
0,736728,0,0,0,0,0,0,98115.0,0,0,0,0,0,1041.297925
0,736728,0,0,0,0,0,0,98115.0,0,0,0,0,0,1041.297925
0,0,0,0,0,0,0,0,28540.0,0,0,0,0,0,1216.254424
0,0,0,0,0,0,0,0,90049.0,0,0,0,0,0,1021.7960989999998
736852,736852,0,0,0,0,0,0,33142.0,0,0,0,0,0,1038.5749
0,736695,0,0,0,0,0,0,3060.0,0,0,0,0,0,1583.6745339999998
0,0,0,0,0,0,0,0,10011.0,0,0,0,0,0,1747.7220079999993
0,0,0,0,0,0,0,0,90036.0,0,0,0,0,0,1034.961929
0,0,0,0,0,0,0,0,75007.0,0,0,0,0,0,1100.3046960000001
0,0,0,0,0,0,0,0,75007.0,0,0,0,0,0,1100.3046960000001
736428,736550,0,0,0,0,0,0,40324.0,0,0,0,0,0,1049.844916
736428,736550,0,0,0,0,0,0,40324.0,0,0,0,0,0,1049.844916
736428,736550,0,0,0,0,0,0,40324.0,0,0,0,0,0,1049.844916
736428,736550,0,0,0,0,0,0,40324.0,0,0,0,0,0,1049.844916
0,0,0,0,0,0,0,0,90008.0,0,0,0,0,0,1030.255799
0,0,0,0,0,0,0,0,90008.0,0,0,0,0,0,1030.255799
736421,736543,0,0,0,0,0,0,85635.0,0,0,0,0,0,1052.1065379999998
0,0,0,0,0,0,0,0,37918.0,0,0,0,0,0,1159.0822960000003
0,0,0,0,0,0,0,0,37918.0,0,0,0,0,0,1159.0822960000003
736032,736185,0,0,0,0,0,0,85705.0,0,0,0,0,0,1052.8221279999996
736578,0,0,0,0,0,0,0,55407.0,0,0,0,0,0,1224.5549479999997
736156,736279,0,0,0,0,0,0,33142.0,0,0,0,0,0,1086.038996
736156,736279,0,0,0,0,0,0,33142.0,0,0,0,0,0,1086.038996
0,0,0,0,0,0,0,0,77036.0,0,0,0,0,0,1108.4913520000002
0,0,0,0,0,0,0,0,53209.0,0,0,0,0,0,1137.4537320000002
0,0,0,0,0,0,0,0,53209.0,0,0,0,0,0,1137.4537320000002
0,0,0,0,0,0,0,0,43130.0,0,0,0,0,0,1118.4940360000003
0,0,0,0,0,0,0,0,43130.0,0,0,0,0,0,1118.4940360000003
0,0,0,0,0,0,0,0,43130.0,0,0,0,0,0,1118.4940360000003
0,0,0,0,0,0,0,0,78539.0,0,0,0,0,0,1016.702718
0,0,0,0,0,0,0,0,78539.0,0,0,0,0,0,1016.702718
735632,735813,0,0,0,0,0,0,10009.0,0,0,0,0,0,1643.6805339999994
735632,735813,0,0,0,0,0,0,10009.0,0,0,0,0,0,1643.6805339999994
0,736024,0,0,0,0,0,0,19120.0,0,0,0,0,0,1394.2716439999997
736241,0,0,0,0,0,0,0,14609.0,0,0,0,0,0,1889.0070219999998
736241,0,0,0,0,0,0,0,14609.0,0,0,0,0,0,1889.0070219999998
0,0,0,0,0,0,0,0,92037.0,0,0,0,0,0,1021.7960989999998
0,0,0,0,0,0,0,0,92037.0,0,0,0,0,0,1021.7960989999998
0,0,0,0,0,0,0,0,92037.0,0,0,0,0,0,1021.7960989999998
736088,736149,0,0,0,0,0,0,19120.0,0,0,0,0,0,1330.7610239999997
0,0,0,0,0,0,0,0,38134.0,0,0,0,0,0,1159.0822960000003
0,0,0,0,0,0,0,0,90712.0,0,0,0,0,0,1021.7960989999998
0,0,0,0,0,0,0,0,90712.0,0,0,0,0,0,1021.7960989999998
0,0,0,0,0,0,0,0,90712.0,0,0,0,0,0,1021.7960989999998
0,0,0,0,0,0,0,0,19120.0,0,0,0,0,0,1404.99292
0,736420,0,0,0,0,0,0,78745.0,0,0,0,0,0,1063.0394139999999
0,736420,0,0,0,0,0,0,78745.0,0,0,0,0,0,1063.0394139999999
0,736420,0,0,0,0,0,0,78745.0,0,0,0,0,0,1063.0394139999999
0,0,0,0,0,0,0,0,90008.0,0,0,0,0,0,1030.255799
0,0,0,0,0,0,0,0,90008.0,0,0,0,0,0,1030.255799
736338,736519,0,0,0,0,0,0,10011.0,0,0,0,0,0,1480.1434359999996
736338,736519,0,0,0,0,0,0,10011.0,0,0,0,0,0,1480.1434359999996
736338,736519,0,0,0,0,0,0,10011.0,0,0,0,0,0,1480.1434359999996
736338,736519,0,0,0,0,0,0,10011.0,0,0,0,0,0,1480.1434359999996
736822,736914,0,0,0,0,0,0,77070.0,0,0,0,0,0,1062.4862059999998
0,0,0,0,0,0,0,0,79424.0,0,0,0,0,0,1014.861718
0,0,0,0,0,0,0,0,77095.0,0,0,0,0,0,1049.1600080000003
0,0,0,0,0,0,0,0,77095.0,0,0,0,0,0,1049.1600080000003
0,0,0,0,0,0,0,0,77095.0,0,0,0,0,0,1049.1600080000003
0,0,0,0,0,0,0,0,77095.0,0,0,0,0,0,1049.1600080000003
0,0,0,0,0,0,0,0,77095.0,0,0,0,0,0,1049.1600080000003
0,0,0,0,0,0,0,0,92627.0,0,0,0,0,0,1027.342234
0,0,0,0,0,0,0,0,30076.0,0,0,0,0,0,1216.254424
0,0,0,0,0,0,0,0,80538.0,0,0,0,0,0,1014.447608
0,0,0,0,0,0,0,0,10035.0,0,0,0,0,0,1720.0015379999995
0,0,0,0,0,0,0,0,10035.0,0,0,0,0,0,1720.0015379999995
0,0,0,0,0,0,0,0,10035.0,0,0,0,0,0,1720.0015379999995
0,0,0,0,0,0,0,0,10035.0,0,0,0,0,0,1720.0015379999995
0,0,0,0,0,0,0,0,10035.0,0,0,0,0,0,1720.0015379999995
0,0,0,0,0,0,0,0,10035.0,0,0,0,0,0,1720.0015379999995
0,0,0,0,0,0,0,0,10035.0,0,0,0,0,0,1720.0015379999995
0,0,0,0,0,0,0,0,10035.0,0,0,0,0,0,1720.0015379999995
0,0,0,0,0,0,0,0,10035.0,0,0,0,0,0,1720.0015379999995
0,0,0,0,0,0,0,0,10035.0,0,0,0,0,0,1720.0015379999995
0,0,0,0,0,0,0,0,10035.0,0,0,0,0,0,1720.0015379999995
0,0,0,0,0,0,0,0,10035.0,0,0,0,0,0,1720.0015379999995
0,0,0,0,0,0,0,0,10035.0,0,0,0,0,0,1720.0015379999995
0,0,0,0,0,0,0,0,10035.0,0,0,0,0,0,1720.0015379999995
0,0,0,0,0,0,0,0,19143.0,0,0,0,0,0,1365.6374599999995
0,0,0,0,0,0,0,0,33178.0,0,0,0,0,0,1194.7120960000002
0,0,0,0,0,0,0,0,75051.0,0,0,0,0,0,1100.3046960000001
0,0,0,0,0,0,0,0,75051.0,0,0,0,0,0,1100.3046960000001
736642,0,0,0,0,0,0,0,60653.0,0,0,0,0,0,1059.751452
736642,0,0,0,0,0,0,0,60653.0,0,0,0,0,0,1059.751452
736674,0,0,0,0,0,0,0,44134.0,0,0,0,0,0,1076.537716
736674,0,0,0,0,0,0,0,44134.0,0,0,0,0,0,1076.537716
736674,0,0,0,0,0,0,0,44134.0,0,0,0,0,0,1076.537716
736674,0,0,0,0,0,0,0,44134.0,0,0,0,0,0,1076.537716
736674,0,0,0,0,0,0,0,44134.0,0,0,0,0,0,1076.537716
0,0,0,0,0,0,0,0,94061.0,0,0,0,0,0,1038.179099
0,0,0,0,0,0,0,0,10011.0,0,0,0,0,0,1747.7220079999993
0,0,0,0,0,0,0,0,10011.0,0,0,0,0,0,1747.7220079999993
0,0,0,0,0,0,0,0,97477.0,0,0,0,0,0,1048.076349
0,0,0,0,0,0,0,0,97477.0,0,0,0,0,0,1048.076349
0,0,0,0,0,0,0,0,97477.0,0,0,0,0,0,1048.076349
0,0,0,0,0,0,0,0,97477.0,0,0,0,0,0,1048.076349
736796,736949,0,0,0,0,0,0,60610.0,0,0,0,0,0,1078.4678399999998
0,736093,0,0,0,0,0,0,76021.0,0,0,0,0,0,1163.3907
736759,736881,0,0,0,0,0,0,90036.0,0,0,0,0,0,1046.8635319999996
736759,736881,0,0,0,0,0,0,90036.0,0,0,0,0,0,1046.8635319999996
736759,736881,0,0,0,0,0,0,90036.0,0,0,0,0,0,1046.8635319999996
0,736484,0,0,0,0,0,0,10009.0,0,0,0,0,0,1624.8976139999993
0,0,0,0,0,0,0,0,94109.0,0,0,0,0,0,1038.179099
0,736729,0,0,0,0,0,0,23464.0,0,0,0,0,0,1221.277446
0,736729,0,0,0,0,0,0,23464.0,0,0,0,0,0,1221.277446
0,0,0,0,0,0,0,0,10011.0,0,0,0,0,0,1747.7220079999993
0,0,0,0,0,0,0,0,37087.0,0,0,0,0,0,1159.0822960000003
0,0,0,0,0,0,0,0,90045.0,0,0,0,0,0,1021.7960989999998
736430,736430,0,0,0,0,0,0,91911.0,0,0,0,0,0,1028.8926649999996
0,0,0,0,0,0,0,0,78501.0,0,0,0,0,0,1016.702718
0,0,0,0,0,0,0,0,78501.0,0,0,0,0,0,1016.702718
0,736430,0,0,0,0,0,0,33021.0,0,0,0,0,0,1184.0919520000002
0,735692,0,0,0,0,0,0,94110.0,0,0,0,0,0,1071.135083
0,0,0,0,0,0,0,0,93454.0,0,0,0,0,0,1027.342234
736944,0,0,0,0,0,0,0,6040.0,0,0,0,0,0,1602.44906
736944,0,0,0,0,0,0,0,6040.0,0,0,0,0,0,1602.44906
736944,0,0,0,0,0,0,0,6040.0,0,0,0,0,0,1602.44906
736944,0,0,0,0,0,0,0,6040.0,0,0,0,0,0,1602.44906
0,736701,0,0,0,0,0,0,68104.0,0,0,0,0,0,1101.2642460000002
0,0,0,0,0,0,0,0,95123.0,0,0,0,0,0,1048.076349
0,0,0,0,0,0,0,0,94122.0,0,0,0,0,0,1048.9307489999999
0,0,0,0,0,0,0,0,94122.0,0,0,0,0,0,1048.9307489999999
0,0,0,0,0,0,0,0,94109.0,0,0,0,0,0,1038.179099
0,0,0,0,0,0,0,0,90805.0,0,0,0,0,0,1021.7960989999998
736545,736637,0,0,0,0,0,0,31907.0,0,0,0,0,0,1041.768656
0,0,0,0,0,0,0,0,94110.0,0,0,0,0,0,1038.179099
736760,736913,0,0,0,0,0,0,90004.0,0,0,0,0,0,1050.6136969999995
0,0,0,0,0,0,0,0,19120.0,0,0,0,0,0,1404.99292
0,0,0,0,0,0,0,0,19120.0,0,0,0,0,0,1404.99292
0,0,0,0,0,0,0,0,19120.0,0,0,0,0,0,1404.99292
0,0,0,0,0,0,0,0,19120.0,0,0,0,0,0,1404.99292
736396,736457,0,0,0,0,0,0,74133.0,0,0,0,0,0,1089.264718
736396,736457,0,0,0,0,0,0,74133.0,0,0,0,0,0,1089.264718
736400,736584,0,0,0,0,0,0,90049.0,0,0,0,0,0,1048.6631529999995
0,0,0,0,0,0,0,0,33801.0,0,0,0,0,0,1194.7120960000002
0,0,0,0,0,0,0,0,33801.0,0,0,0,0,0,1194.7120960000002
0,0,0,0,0,0,0,0,33801.0,0,0,0,0,0,1194.7120960000002
0,0,0,0,0,0,0,0,33801.0,0,0,0,0,0,1194.7120960000002
0,0,0,0,0,0,0,0,33801.0,0,0,0,0,0,1194.7120960000002
0,0,0,0,0,0,0,0,33801.0,0,0,0,0,0,1194.7120960000002
0,0,0,0,0,0,0,0,33801.0,0,0,0,0,0,1194.7120960000002
0,0,0,0,0,0,0,0,77036.0,0,0,0,0,0,1108.4913520000002
0,0,0,0,0,0,0,0,90008.0,0,0,0,0,0,1030.255799
0,0,0,0,0,0,0,0,22153.0,0,0,0,0,0,1330.8185939999996
0,0,0,0,0,0,0,0,10035.0,0,0,0,0,0,1720.0015379999995
0,0,0,0,0,0,0,0,10035.0,0,0,0,0,0,1720.0015379999995
735637,735818,0,0,0,0,0,0,65807.0,0,0,0,0,0,1130.023984
735637,735818,0,0,0,0,0,0,65807.0,0,0,0,0,0,1130.023984
735637,735818,0,0,0,0,0,0,65807.0,0,0,0,0,0,1130.023984
0,0,0,0,0,0,0,0,29203.0,0,0,0,0,0,1216.254424
0,0,0,0,0,0,0,0,29203.0,0,0,0,0,0,1216.254424
0,0,0,0,0,0,0,0,29203.0,0,0,0,0,0,1216.254424
0,0,0,0,0,0,0,0,29203.0,0,0,0,0,0,1216.254424
0,0,0,0,0,0,0,0,29203.0,0,0,0,0,0,1216.254424
0,0,0,0,0,0,0,0,29203.0,0,0,0,0,0,1216.254424
0,0,0,0,0,0,0,0,29203.0,0,0,0,0,0,1216.254424
0,0,0,0,0,0,0,0,29203.0,0,0,0,0,0,1216.254424
0,0,0,0,0,0,0,0,29203.0,0,0,0,0,0,1216.254424
736645,0,0,0,0,0,0,0,97206.0,0,0,0,0,0,1031.1413009999997
736153,736306,0,0,0,0,0,0,19120.0,0,0,0,0,0,1302.3070239999997
0,0,0,0,0,0,0,0,10035.0,0,0,0,0,0,1720.0015379999995
0,0,0,0,0,0,0,0,10035.0,0,0,0,0,0,1720.0015379999995
0,0,0,0,0,0,0,0,10035.0,0,0,0,0,0,1720.0015379999995
736788,736910,0,0,0,0,0,0,60016.0,0,0,0,0,0,1118.3475199999998
0,0,0,0,0,0,0,0,10035.0,0,0,0,0,0,1720.0015379999995
0,0,0,0,0,0,0,0,98103.0,0,0,0,0,0,1048.076349
0,0,0,0,0,0,0,0,77095.0,0,0,0,0,0,1049.1600080000003
0,0,0,0,0,0,0,0,77095.0,0,0,0,0,0,1049.1600080000003
0,0,0,0,0,0,0,0,77095.0,0,0,0,0,0,1049.1600080000003
0,0,0,0,0,0,0,0,19143.0,0,0,0,0,0,1365.6374599999995
0,0,0,0,0,0,0,0,19143.0,0,0,0,0,0,1365.6374599999995
0,0,0,0,0,0,0,0,47201.0,0,0,0,0,0,1115.7379360000004
0,0,0,0,0,0,0,0,47201.0,0,0,0,0,0,1115.7379360000004
0,0,0,0,0,0,0,0,47201.0,0,0,0,0,0,1115.7379360000004
0,0,0,0,0,0,0,0,60201.0,0,0,0,0,0,1100.3046960000001
0,0,0,0,0,0,0,0,60201.0,0,0,0,0,0,1100.3046960000001
0,0,0,0,0,0,0,0,92307.0,0,0,0,0,0,1027.027459
0,0,0,0,0,0,0,0,43229.0,0,0,0,0,0,1118.4940360000003
736706,736765,0,0,0,0,0,0,43302.0,0,0,0,0,0,1009.96494
0,0,0,0,0,0,0,0,77095.0,0,0,0,0,0,1049.1600080000003
0,0,0,0,0,0,0,0,77095.0,0,0,0,0,0,1049.1600080000003
0,0,0,0,0,0,0,0,77095.0,0,0,0,0,0,1049.1600080000003
0,736763,0,0,0,0,0,0,43302.0,0,0,0,0,0,1068.1348040000003
0,0,0,0,0,0,0,0,98103.0,0,0,0,0,0,1048.076349
0,0,0,0,0,0,0,0,98103.0,0,0,0,0,0,1048.076349
0,0,0,0,0,0,0,0,98103.0,0,0,0,0,0,1048.076349
737039,0,0,0,0,0,0,0,98632.0,0,0,0,0,0,1245.0003929999998
737039,0,0,0,0,0,0,0,98632.0,0,0,0,0,0,1245.0003929999998
735912,0,0,0,0,0,0,0,90278.0,0,0,0,0,0,1024.5900029999998
0,736035,0,0,0,0,0,0,10035.0,0,0,0,0,0,1682.9044979999992
0,736035,0,0,0,0,0,0,10035.0,0,0,0,0,0,1682.9044979999992
0,736002,0,0,0,0,0,0,40214.0,0,0,0,0,0,1145.6046780000001
0,0,0,0,0,0,0,0,48183.0,0,0,0,0,0,1131.1612920000002
0,0,0,0,0,0,0,0,48183.0,0,0,0,0,0,1131.1612920000002
0,0,0,0,0,0,0,0,48183.0,0,0,0,0,0,1131.1612920000002
0,0,0,0,0,0,0,0,90045.0,0,0,0,0,0,1021.7960989999998
0,0,0,0,0,0,0,0,37075.0,0,0,0,0,0,1159.0822960000003
0,0,0,0,0,0,0,0,37075.0,0,0,0,0,0,1159.0822960000003
0,0,0,0,0,0,0,0,37075.0,0,0,0,0,0,1159.0822960000003
736094,736217,0,0,0,0,0,0,97206.0,0,0,0,0,0,1049.2234449999996
736094,736217,0,0,0,0,0,0,97206.0,0,0,0,0,0,1049.2234449999996
735640,735790,0,0,0,0,0,0,75061.0,0,0,0,0,0,1130.023984
0,0,0,0,0,0,0,0,44105.0,0,0,0,0,0,1118.4940360000003
0,0,0,0,0,0,0,0,44105.0,0,0,0,0,0,1118.4940360000003
737005,0,0,0,0,0,0,0,50701.0,0,0,0,0,0,1083.953492
737007,737007,0,0,0,0,0,0,98105.0,0,0,0,0,0,1167.0302049999998
737007,737007,0,0,0,0,0,0,98105.0,0,0,0,0,0,1167.0302049999998
737007,737007,0,0,0,0,0,0,98105.0,0,0,0,0,0,1167.0302049999998
737007,737007,0,0,0,0,0,0,98105.0,0,0,0,0,0,1167.0302049999998
737007,737007,0,0,0,0,0,0,98105.0,0,0,0,0,0,1167.0302049999998
0,0,0,0,0,0,0,0,19120.0,0,0,0,0,0,1404.99292
0,0,0,0,0,0,0,0,10009.0,0,0,0,0,0,1742.9310379999993
736310,0,0,0,0,0,0,0,95123.0,0,0,0,0,0,1031.1413009999997
736310,0,0,0,0,0,0,0,95123.0,0,0,0,0,0,1031.1413009999997
0,736340,0,0,0,0,0,0,90008.0,0,0,0,0,0,1087.9935609999998
0,0,0,0,0,0,0,0,3301.0,0,0,0,0,0,1749.7338779999993
0,0,0,0,0,0,0,0,38401.0,0,0,0,0,0,1159.0822960000003
0,0,0,0,0,0,0,0,98006.0,0,0,0,0,0,1048.076349
0,0,0,0,0,0,0,0,98105.0,0,0,0,0,0,1056.132109
0,0,0,0,0,0,0,0,98105.0,0,0,0,0,0,1056.132109
0,0,0,0,0,0,0,0,98105.0,0,0,0,0,0,1056.132109
0,736790,0,0,0,0,0,0,47201.0,0,0,0,0,0,1072.1130640000003
0,736790,0,0,0,0,0,0,47201.0,0,0,0,0,0,1072.1130640000003
0,736790,0,0,0,0,0,0,47201.0,0,0,0,0,0,1072.1130640000003
0,736790,0,0,0,0,0,0,47201.0,0,0,0,0,0,1072.1130640000003
735641,735700,0,0,0,0,0,0,60623.0,0,0,0,0,0,1130.023984
735783,735783,0,0,0,0,0,0,30062.0,0,0,0,0,0,1184.5333219999998
735783,735783,0,0,0,0,0,0,30062.0,0,0,0,0,0,1184.5333219999998
736185,0,0,0,0,0,0,0,36116.0,0,0,0,0,0,1110.67512
736946,0,0,0,0,0,0,0,75023.0,0,0,0,0,0,1067.610392
736124,736185,0,0,0,0,0,0,33319.0,0,0,0,0,0,1086.0880659999998
736736,736856,0,0,0,0,0,0,43229.0,0,0,0,0,0,1033.6987199999999
0,0,0,0,0,0,0,0,10009.0,0,0,0,0,0,1742.9310379999993
0,0,0,0,0,0,0,0,47374.0,0,0,0,0,0,1115.7379360000004
736303,0,0,0,0,0,0,0,98115.0,0,0,0,0,0,1039.9426609999996
0,0,0,0,0,0,0,0,11561.0,0,0,0,0,0,1724.4191099999994
0,0,0,0,0,0,0,0,61107.0,0,0,0,0,0,1100.3046960000001
736819,736972,0,0,0,0,0,0,31907.0,0,0,0,0,0,1057.2013639999998
736490,736490,0,0,0,0,0,0,74133.0,0,0,0,0,0,1089.264718
735668,735821,0,0,0,0,0,0,37211.0,0,0,0,0,0,1131.517514
735668,735821,0,0,0,0,0,0,37211.0,0,0,0,0,0,1131.517514
735973,736064,0,0,0,0,0,0,2138.0,0,0,0,0,0,1674.1360739999996
735973,736064,0,0,0,0,0,0,2138.0,0,0,0,0,0,1674.1360739999996
736737,736857,0,0,0,0,0,0,94601.0,0,0,0,0,0,1040.3019589999997
736737,736857,0,0,0,0,0,0,94601.0,0,0,0,0,0,1040.3019589999997
736737,736857,0,0,0,0,0,0,94601.0,0,0,0,0,0,1040.3019589999997
737010,737040,0,0,0,0,0,0,60067.0,0,0,0,0,0,1257.8799399999996
0,0,0,0,0,0,0,0,98105.0,0,0,0,0,0,1056.132109
0,0,0,0,0,0,0,0,98105.0,0,0,0,0,0,1056.132109
0,0,0,0,0,0,0,0,98105.0,0,0,0,0,0,1056.132109
0,0,0,0,0,0,0,0,98105.0,0,0,0,0,0,1056.132109
0,0,0,0,0,0,0,0,98105.0,0,0,0,0,0,1056.132109
0,0,0,0,0,0,0,0,98105.0,0,0,0,0,0,1056.132109
0,0,0,0,0,0,0,0,98105.0,0,0,0,0,0,1056.132109
737033,0,0,0,0,0,0,0,45231.0,0,0,0,0,0,1196.5189159999998
0,0,0,0,0,0,0,0,43302.0,0,0,0,0,0,1118.4940360000003
0,0,0,0,0,0,0,0,43302.0,0,0,0,0,0,1118.4940360000003
0,0,0,0,0,0,0,0,90049.0,0,0,0,0,0,1021.7960989999998
0,0,0,0,0,0,0,0,90049.0,0,0,0,0,0,1021.7960989999998
0,0,0,0,0,0,0,0,44107.0,0,0,0,0,0,1118.4940360000003
0,0,0,0,0,0,0,0,37087.0,0,0,0,0,0,1159.0822960000003
735817,735939,0,0,0,0,0,0,94122.0,0,0,0,0,0,1094.0151509999998
735817,735939,0,0,0,0,0,0,94122.0,0,0,0,0,0,1094.0151509999998
0,0,0,0,0,0,0,0,95928.0,0,0,0,0,0,1048.076349
0,0,0,0,0,0,0,0,95928.0,0,0,0,0,0,1048.076349
736737,736826,0,0,0,0,0,0,24153.0,0,0,0,0,0,1078.14678
0,0,0,0,0,0,0,0,90008.0,0,0,0,0,0,1030.255799
0,0,0,0,0,0,0,0,90008.0,0,0,0,0,0,1030.255799
0,0,0,0,0,0,0,0,10024.0,0,0,0,0,0,1743.6276379999993
0,735964,0,0,0,0,0,0,1915.0,0,0,0,0,0,1697.3657979999991
0,735964,0,0,0,0,0,0,1915.0,0,0,0,0,0,1697.3657979999991
0,735964,0,0,0,0,0,0,1915.0,0,0,0,0,0,1697.3657979999991
0,0,0,0,0,0,0,0,92024.0,0,0,0,0,0,1021.7960989999998
0,736765,0,0,0,0,0,0,94109.0,0,0,0,0,0,1020.744503
735755,735938,0,0,0,0,0,0,60623.0,0,0,0,0,0,1130.023984
735755,735938,0,0,0,0,0,0,60623.0,0,0,0,0,0,1130.023984
0,0,0,0,0,0,0,0,75220.0,0,0,0,0,0,1100.3046960000001
0,0,0,0,0,0,0,0,78415.0,0,0,0,0,0,1016.702718
736819,736819,0,0,0,0,0,0,10035.0,0,0,0,0,0,1424.4183199999998
736430,736491,0,0,0,0,0,0,97405.0,0,0,0,0,0,1046.7881549999997
736430,736491,0,0,0,0,0,0,97405.0,0,0,0,0,0,1046.7881549999997
736430,736491,0,0,0,0,0,0,97405.0,0,0,0,0,0,1046.7881549999997
736430,736491,0,0,0,0,0,0,97405.0,0,0,0,0,0,1046.7881549999997
736430,736491,0,0,0,0,0,0,97405.0,0,0,0,0,0,1046.7881549999997
736430,736491,0,0,0,0,0,0,97405.0,0,0,0,0,0,1046.7881549999997
735911,0,0,0,0,0,0,0,93030.0,0,0,0,0,0,1028.6964579999997
0,0,0,0,0,0,0,0,6824.0,0,0,0,0,0,1750.2965979999994
0,0,0,0,0,0,0,0,6824.0,0,0,0,0,0,1750.2965979999994
0,0,0,0,0,0,0,0,49201.0,0,0,0,0,0,1127.0040120000003
0,0,0,0,0,0,0,0,49201.0,0,0,0,0,0,1127.0040120000003
0,0,0,0,0,0,0,0,49201.0,0,0,0,0,0,1127.0040120000003
0,0,0,0,0,0,0,0,49201.0,0,0,0,0,0,1127.0040120000003
0,0,0,0,0,0,0,0,92677.0,0,0,0,0,0,1027.342234
0,0,0,0,0,0,0,0,92677.0,0,0,0,0,0,1027.342234
0,736735,0,0,0,0,0,0,32216.0,0,0,0,0,0,1135.3924760000002
0,0,0,0,0,0,0,0,10550.0,0,0,0,0,0,1720.0015379999995
735663,735785,0,0,0,0,0,0,48640.0,0,0,0,0,0,1116.71825
0,0,0,0,0,0,0,0,19711.0,0,0,0,0,0,1365.6374599999995
0,736005,0,0,0,0,0,0,94109.0,0,0,0,0,0,1093.638057
0,736005,0,0,0,0,0,0,94109.0,0,0,0,0,0,1093.638057
0,0,0,0,0,0,0,0,48185.0,0,0,0,0,0,1131.1612920000002
0,0,0,0,0,0,0,0,48185.0,0,0,0,0,0,1131.1612920000002
0,0,0,0,0,0,0,0,48185.0,0,0,0,0,0,1131.1612920000002
0,0,0,0,0,0,0,0,48185.0,0,0,0,0,0,1131.1612920000002
0,0,0,0,0,0,0,0,48185.0,0,0,0,0,0,1131.1612920000002
0,0,0,0,0,0,0,0,48185.0,0,0,0,0,0,1131.1612920000002
0,0,0,0,0,0,0,0,48185.0,0,0,0,0,0,1131.1612920000002
0,0,0,0,0,0,0,0,48185.0,0,0,0,0,0,1131.1612920000002
735909,0,0,0,0,0,0,0,10011.0,0,0,0,0,0,1690.7814439999995
735909,0,0,0,0,0,0,0,10011.0,0,0,0,0,0,1690.7814439999995
0,736489,0,0,0,0,0,0,90008.0,0,0,0,0,0,1096.2619809999999
0,736489,0,0,0,0,0,0,90008.0,0,0,0,0,0,1096.2619809999999
736824,736947,0,0,0,0,0,0,10035.0,0,0,0,0,0,1452.2830359999998
736824,736947,0,0,0,0,0,0,10035.0,0,0,0,0,0,1452.2830359999998
736824,736947,0,0,0,0,0,0,10035.0,0,0,0,0,0,1452.2830359999998
0,736726,0,0,0,0,0,0,43130.0,0,0,0,0,0,1083.5571520000003
736148,736240,0,0,0,0,0,0,19711.0,0,0,0,0,0,1262.9515639999997
736148,736240,0,0,0,0,0,0,19711.0,0,0,0,0,0,1262.9515639999997
736148,736240,0,0,0,0,0,0,19711.0,0,0,0,0,0,1262.9515639999997
736148,736240,0,0,0,0,0,0,19711.0,0,0,0,0,0,1262.9515639999997
0,0,0,0,0,0,0,0,10024.0,0,0,0,0,0,1743.6276379999993
735968,736120,0,0,0,0,0,0,94109.0,0,0,0,0,0,1108.5757449999996
735968,736120,0,0,0,0,0,0,94109.0,0,0,0,0,0,1108.5757449999996
735968,736120,0,0,0,0,0,0,94109.0,0,0,0,0,0,1108.5757449999996
736762,736915,0,0,0,0,0,0,75217.0,0,0,0,0,0,1083.5673719999998
736764,736917,0,0,0,0,0,0,33178.0,0,0,0,0,0,1058.356036
0,0,0,0,0,0,0,0,19120.0,0,0,0,0,0,1404.99292
736124,736307,0,0,0,0,0,0,10011.0,0,0,0,0,0,1493.4546759999998
736124,736307,0,0,0,0,0,0,10011.0,0,0,0,0,0,1493.4546759999998
735759,0,0,0,0,0,0,0,19120.0,0,0,0,0,0,1394.8523039999998
0,0,0,0,0,0,0,0,98103.0,0,0,0,0,0,1048.076349
0,0,0,0,0,0,0,0,98103.0,0,0,0,0,0,1048.076349
0,0,0,0,0,0,0,0,98103.0,0,0,0,0,0,1048.076349
0,0,0,0,0,0,0,0,98103.0,0,0,0,0,0,1048.076349
736249,0,0,0,0,0,0,0,90032.0,0,0,0,0,0,1013.3158209999997
0,0,0,0,0,0,0,0,97477.0,0,0,0,0,0,1048.076349
0,0,0,0,0,0,0,0,98059.0,0,0,0,0,0,1048.076349
0,0,0,0,0,0,0,0,98059.0,0,0,0,0,0,1048.076349
0,0,0,0,0,0,0,0,98059.0,0,0,0,0,0,1048.076349
736788,736818,0,0,0,0,0,0,10009.0,0,0,0,0,0,1403.01686
736788,736818,0,0,0,0,0,0,10009.0,0,0,0,0,0,1403.01686
736788,736818,0,0,0,0,0,0,10009.0,0,0,0,0,0,1403.01686
0,0,0,0,0,0,0,0,95123.0,0,0,0,0,0,1048.076349
736398,736520,0,0,0,0,0,0,75051.0,0,0,0,0,0,1089.264718
0,0,0,0,0,0,0,0,10009.0,0,0,0,0,0,1742.9310379999993
736763,736824,0,0,0,0,0,0,10009.0,0,0,0,0,0,1403.01686
736763,736824,0,0,0,0,0,0,10009.0,0,0,0,0,0,1403.01686
736763,736824,0,0,0,0,0,0,10009.0,0,0,0,0,0,1403.01686
0,735662,0,0,0,0,0,0,38109.0,0,0,0,0,0,1181.4108400000002
0,735662,0,0,0,0,0,0,38109.0,0,0,0,0,0,1181.4108400000002
736520,736612,0,0,0,0,0,0,19143.0,0,0,0,0,0,1215.1823039999997
0,0,0,0,0,0,0,0,90004.0,0,0,0,0,0,1030.255799
736971,0,0,0,0,0,0,0,6708.0,0,0,0,0,0,1601.31808
736971,0,0,0,0,0,0,0,6708.0,0,0,0,0,0,1601.31808
735814,0,0,0,0,0,0,0,85224.0,0,0,0,0,0,1021.2540959999999
0,736364,0,0,0,0,0,0,45503.0,0,0,0,0,0,1122.2581720000003
0,736364,0,0,0,0,0,0,45503.0,0,0,0,0,0,1122.2581720000003
0,0,0,0,0,0,0,0,78745.0,0,0,0,0,0,1016.702718
0,0,0,0,0,0,0,0,78745.0,0,0,0,0,0,1016.702718
0,0,0,0,0,0,0,0,78745.0,0,0,0,0,0,1016.702718
0,0,0,0,0,0,0,0,78745.0,0,0,0,0,0,1016.702718
0,735690,0,0,0,0,0,0,48234.0,0,0,0,0,0,1158.8429360000002
0,735690,0,0,0,0,0,0,48234.0,0,0,0,0,0,1158.8429360000002
736147,736270,0,0,0,0,0,0,22153.0,0,0,0,0,0,1209.4686459999998
736147,736270,0,0,0,0,0,0,22153.0,0,0,0,0,0,1209.4686459999998
0,0,0,0,0,0,0,0,10011.0,0,0,0,0,0,1747.7220079999993
0,0,0,0,0,0,0,0,10011.0,0,0,0,0,0,1747.7220079999993
0,0,0,0,0,0,0,0,10011.0,0,0,0,0,0,1747.7220079999993
0,0,0,0,0,0,0,0,10011.0,0,0,0,0,0,1747.7220079999993
0,0,0,0,0,0,0,0,10011.0,0,0,0,0,0,1747.7220079999993
0,0,0,0,0,0,0,0,10011.0,0,0,0,0,0,1747.7220079999993
0,736795,0,0,0,0,0,0,75217.0,0,0,0,0,0,1086.5499160000002
736853,737036,0,0,0,0,0,0,3301.0,0,0,0,0,0,1441.3963739999997
736853,737036,0,0,0,0,0,0,3301.0,0,0,0,0,0,1441.3963739999997
736853,737036,0,0,0,0,0,0,3301.0,0,0,0,0,0,1441.3963739999997
0,0,0,0,0,0,0,0,70506.0,0,0,0,0,0,1100.3046960000001
0,0,0,0,0,0,0,0,70506.0,0,0,0,0,0,1100.3046960000001
0,0,0,0,0,0,0,0,70506.0,0,0,0,0,0,1100.3046960000001
0,736096,0,0,0,0,0,0,27604.0,0,0,0,0,0,1240.48336
0,736734,0,0,0,0,0,0,99207.0,0,0,0,0,0,1043.3186850000002
0,736734,0,0,0,0,0,0,99207.0,0,0,0,0,0,1043.3186850000002
0,0,0,0,0,0,0,0,77041.0,0,0,0,0,0,1074.552944
0,0,0,0,0,0,0,0,77041.0,0,0,0,0,0,1074.552944
0,0,0,0,0,0,0,0,77041.0,0,0,0,0,0,1074.552944
0,0,0,0,0,0,0,0,77041.0,0,0,0,0,0,1074.552944
0,0,0,0,0,0,0,0,77041.0,0,0,0,0,0,1074.552944
0,0,0,0,0,0,0,0,40214.0,0,0,0,0,0,1118.4940360000003
0,0,0,0,0,0,0,0,40214.0,0,0,0,0,0,1118.4940360000003
736978,0,0,0,0,0,0,0,33021.0,0,0,0,0,0,1089.04684
0,0,0,0,0,0,0,0,85224.0,0,0,0,0,0,1005.7666279999999
736544,736666,0,0,0,0,0,0,19120.0,0,0,0,0,0,1242.152384
736544,736666,0,0,0,0,0,0,19120.0,0,0,0,0,0,1242.152384
0,736460,0,0,0,0,0,0,74133.0,0,0,0,0,0,1145.064662
0,736460,0,0,0,0,0,0,74133.0,0,0,0,0,0,1145.064662
0,736460,0,0,0,0,0,0,74133.0,0,0,0,0,0,1145.064662
0,736460,0,0,0,0,0,0,74133.0,0,0,0,0,0,1145.064662
0,735606,0,0,0,0,0,0,84020.0,0,0,0,0,0,1061.5475059999999
0,0,0,0,0,0,0,0,94601.0,0,0,0,0,0,1048.9307489999999
0,0,0,0,0,0,0,0,1841.0,0,0,0,0,0,1749.7338779999993
0,0,0,0,0,0,0,0,19120.0,0,0,0,0,0,1404.99292
0,0,0,0,0,0,0,0,19120.0,0,0,0,0,0,1404.99292
0,0,0,0,0,0,0,0,19120.0,0,0,0,0,0,1404.99292
0,0,0,0,0,0,0,0,19120.0,0,0,0,0,0,1404.99292
735668,735790,0,0,0,0,0,0,28540.0,0,0,0,0,0,1179.0963219999999
735668,735790,0,0,0,0,0,0,28540.0,0,0,0,0,0,1179.0963219999999
735668,735790,0,0,0,0,0,0,28540.0,0,0,0,0,0,1179.0963219999999
735668,735790,0,0,0,0,0,0,28540.0,0,0,0,0,0,1179.0963219999999
0,736058,0,0,0,0,0,0,60610.0,0,0,0,0,0,1166.490848
0,736058,0,0,0,0,0,0,60610.0,0,0,0,0,0,1166.490848
0,0,0,0,0,0,0,0,83201.0,0,0,0,0,0,1013.919368
0,0,0,0,0,0,0,0,83201.0,0,0,0,0,0,1013.919368
0,0,0,0,0,0,0,0,83201.0,0,0,0,0,0,1013.919368
0,0,0,0,0,0,0,0,75023.0,0,0,0,0,0,1100.3046960000001
735698,735759,0,0,0,0,0,0,10024.0,0,0,0,0,0,1638.4993739999993
0,0,0,0,0,0,0,0,10024.0,0,0,0,0,0,1743.6276379999993
0,0,0,0,0,0,0,0,10024.0,0,0,0,0,0,1743.6276379999993
0,0,0,0,0,0,0,0,10024.0,0,0,0,0,0,1743.6276379999993
0,0,0,0,0,0,0,0,10024.0,0,0,0,0,0,1743.6276379999993
0,0,0,0,0,0,0,0,10024.0,0,0,0,0,0,1743.6276379999993
736087,736240,0,0,0,0,0,0,60623.0,0,0,0,0,0,1104.836382
736787,736848,0,0,0,0,0,0,77095.0,0,0,0,0,0,1032.2911299999998
736787,736848,0,0,0,0,0,0,77095.0,0,0,0,0,0,1032.2911299999998
736787,736848,0,0,0,0,0,0,77095.0,0,0,0,0,0,1032.2911299999998
0,0,0,0,0,0,0,0,6450.0,0,0,0,0,0,1750.2965979999994
0,0,0,0,0,0,0,0,6450.0,0,0,0,0,0,1750.2965979999994
0,0,0,0,0,0,0,0,6450.0,0,0,0,0,0,1750.2965979999994
0,0,0,0,0,0,0,0,60025.0,0,0,0,0,0,1133.037544
736186,0,0,0,0,0,0,0,77036.0,0,0,0,0,0,1104.6017920000002
0,736761,0,0,0,0,0,0,94110.0,0,0,0,0,0,1020.744503
0,736761,0,0,0,0,0,0,94110.0,0,0,0,0,0,1020.744503
735726,735910,0,0,0,0,0,0,10009.0,0,0,0,0,0,1613.3355939999997
735726,735910,0,0,0,0,0,0,10009.0,0,0,0,0,0,1613.3355939999997
0,0,0,0,0,0,0,0,21215.0,0,0,0,0,0,1369.0632739999994
0,0,0,0,0,0,0,0,21215.0,0,0,0,0,0,1369.0632739999994
0,0,0,0,0,0,0,0,21215.0,0,0,0,0,0,1369.0632739999994
0,0,0,0,0,0,0,0,21215.0,0,0,0,0,0,1369.0632739999994
0,0,0,0,0,0,0,0,21215.0,0,0,0,0,0,1369.0632739999994
0,0,0,0,0,0,0,0,21215.0,0,0,0,0,0,1369.0632739999994
0,0,0,0,0,0,0,0,40214.0,0,0,0,0,0,1118.4940360000003
0,0,0,0,0,0,0,0,37087.0,0,0,0,0,0,1159.0822960000003
0,0,0,0,0,0,0,0,90008.0,0,0,0,0,0,1030.255799
736372,736553,0,0,0,0,0,0,2908.0,0,0,0,0,0,1483.4296259999996
736372,736553,0,0,0,0,0,0,2908.0,0,0,0,0,0,1483.4296259999996
736372,736553,0,0,0,0,0,0,2908.0,0,0,0,0,0,1483.4296259999996
0,736003,0,0,0,0,0,0,48234.0,0,0,0,0,0,1154.1146540000002
0,736003,0,0,0,0,0,0,48234.0,0,0,0,0,0,1154.1146540000002
735755,735877,0,0,0,0,0,0,77070.0,0,0,0,0,0,1116.057788
0,0,0,0,0,0,0,0,38401.0,0,0,0,0,0,1159.0822960000003
0,0,0,0,0,0,0,0,19140.0,0,0,0,0,0,1365.6374599999995
736759,736973,0,0,0,0,0,0,33024.0,0,0,0,0,0,1057.2013639999998
736759,736973,0,0,0,0,0,0,33024.0,0,0,0,0,0,1057.2013639999998
736759,736973,0,0,0,0,0,0,33024.0,0,0,0,0,0,1057.2013639999998
736759,736973,0,0,0,0,0,0,33024.0,0,0,0,0,0,1057.2013639999998
736759,736973,0,0,0,0,0,0,33024.0,0,0,0,0,0,1057.2013639999998
736759,736973,0,0,0,0,0,0,33024.0,0,0,0,0,0,1057.2013639999998
736759,736973,0,0,0,0,0,0,33024.0,0,0,0,0,0,1057.2013639999998
736759,736973,0,0,0,0,0,0,33024.0,0,0,0,0,0,1057.2013639999998
736759,736943,0,0,0,0,0,0,10011.0,0,0,0,0,0,1409.4785959999997
736759,736943,0,0,0,0,0,0,10011.0,0,0,0,0,0,1409.4785959999997
736759,736943,0,0,0,0,0,0,10011.0,0,0,0,0,0,1409.4785959999997
0,0,0,0,0,0,0,0,28540.0,0,0,0,0,0,1216.254424
0,0,0,0,0,0,0,0,28540.0,0,0,0,0,0,1216.254424
0,0,0,0,0,0,0,0,28540.0,0,0,0,0,0,1216.254424
0,0,0,0,0,0,0,0,10011.0,0,0,0,0,0,1747.7220079999993
0,0,0,0,0,0,0,0,19120.0,0,0,0,0,0,1404.99292
0,0,0,0,0,0,0,0,32839.0,0,0,0,0,0,1194.7120960000002
0,0,0,0,0,0,0,0,32839.0,0,0,0,0,0,1194.7120960000002
0,0,0,0,0,0,0,0,32839.0,0,0,0,0,0,1194.7120960000002
0,736705,0,0,0,0,0,0,77095.0,0,0,0,0,0,1057.6159080000002
0,736705,0,0,0,0,0,0,77095.0,0,0,0,0,0,1057.6159080000002
0,736705,0,0,0,0,0,0,77095.0,0,0,0,0,0,1057.6159080000002
0,0,0,0,0,0,0,0,40214.0,0,0,0,0,0,1118.4940360000003
0,0,0,0,0,0,0,0,40214.0,0,0,0,0,0,1118.4940360000003
0,0,0,0,0,0,0,0,40214.0,0,0,0,0,0,1118.4940360000003
0,0,0,0,0,0,0,0,40214.0,0,0,0,0,0,1118.4940360000003
735640,735760,0,0,0,0,0,0,44256.0,0,0,0,0,0,1109.708934
735640,735760,0,0,0,0,0,0,44256.0,0,0,0,0,0,1109.708934
735640,735760,0,0,0,0,0,0,44256.0,0,0,0,0,0,1109.708934
0,0,0,0,0,0,0,0,10011.0,0,0,0,0,0,1747.7220079999993
0,0,0,0,0,0,0,0,60653.0,0,0,0,0,0,1100.3046960000001
736582,736643,0,0,0,0,0,0,19143.0,0,0,0,0,0,1208.7941839999999
736582,736643,0,0,0,0,0,0,19143.0,0,0,0,0,0,1208.7941839999999
0,0,0,0,0,0,0,0,10009.0,0,0,0,0,0,1742.9310379999993
0,0,0,0,0,0,0,0,10009.0,0,0,0,0,0,1742.9310379999993
0,0,0,0,0,0,0,0,10009.0,0,0,0,0,0,1742.9310379999993
736848,736970,0,0,0,0,0,0,94109.0,0,0,0,0,0,1029.8530369999996
736848,736970,0,0,0,0,0,0,94109.0,0,0,0,0,0,1029.8530369999996
736848,736970,0,0,0,0,0,0,94109.0,0,0,0,0,0,1029.8530369999996
736848,736970,0,0,0,0,0,0,94109.0,0,0,0,0,0,1029.8530369999996
0,0,0,0,0,0,0,0,94122.0,0,0,0,0,0,1048.9307489999999
0,0,0,0,0,0,0,0,94122.0,0,0,0,0,0,1048.9307489999999
0,0,0,0,0,0,0,0,94122.0,0,0,0,0,0,1048.9307489999999
0,0,0,0,0,0,0,0,94122.0,0,0,0,0,0,1048.9307489999999
0,0,0,0,0,0,0,0,94122.0,0,0,0,0,0,1048.9307489999999
0,0,0,0,0,0,0,0,49201.0,0,0,0,0,0,1127.0040120000003
0,0,0,0,0,0,0,0,49201.0,0,0,0,0,0,1127.0040120000003
0,0,0,0,0,0,0,0,49201.0,0,0,0,0,0,1127.0040120000003
736517,0,0,0,0,0,0,0,19120.0,0,0,0,0,0,1293.0264039999997
736517,0,0,0,0,0,0,0,19120.0,0,0,0,0,0,1293.0264039999997
736517,0,0,0,0,0,0,0,19120.0,0,0,0,0,0,1293.0264039999997
736517,0,0,0,0,0,0,0,19120.0,0,0,0,0,0,1293.0264039999997
0,0,0,0,0,0,0,0,2886.0,0,0,0,0,0,1749.7338779999993
0,0,0,0,0,0,0,0,10024.0,0,0,0,0,0,1743.6276379999993
0,0,0,0,0,0,0,0,79907.0,0,0,0,0,0,1014.861718
0,0,0,0,0,0,0,0,79907.0,0,0,0,0,0,1014.861718
736796,736918,0,0,0,0,0,0,55901.0,0,0,0,0,0,1117.1928479999997
736796,736918,0,0,0,0,0,0,55901.0,0,0,0,0,0,1117.1928479999997
736796,736918,0,0,0,0,0,0,55901.0,0,0,0,0,0,1117.1928479999997
0,0,0,0,0,0,0,0,14215.0,0,0,0,0,0,2048.773129999999
0,0,0,0,0,0,0,0,14215.0,0,0,0,0,0,2048.773129999999
0,0,0,0,0,0,0,0,37918.0,0,0,0,0,0,1159.0822960000003
0,0,0,0,0,0,0,0,37918.0,0,0,0,0,0,1159.0822960000003
0,0,0,0,0,0,0,0,19711.0,0,0,0,0,0,1365.6374599999995
0,0,0,0,0,0,0,0,19711.0,0,0,0,0,0,1365.6374599999995
0,0,0,0,0,0,0,0,98103.0,0,0,0,0,0,1048.076349
0,0,0,0,0,0,0,0,98103.0,0,0,0,0,0,1048.076349
0,0,0,0,0,0,0,0,98103.0,0,0,0,0,0,1048.076349
0,0,0,0,0,0,0,0,98103.0,0,0,0,0,0,1048.076349
0,0,0,0,0,0,0,0,44105.0,0,0,0,0,0,1118.4940360000003
0,0,0,0,0,0,0,0,44105.0,0,0,0,0,0,1118.4940360000003
0,0,0,0,0,0,0,0,44105.0,0,0,0,0,0,1118.4940360000003
735601,735721,0,0,0,0,0,0,60126.0,0,0,0,0,0,1180.0279959999998
735601,735721,0,0,0,0,0,0,60126.0,0,0,0,0,0,1180.0279959999998
0,735971,0,0,0,0,0,0,55044.0,0,0,0,0,0,1200.0725240000002
735974,736034,0,0,0,0,0,0,10035.0,0,0,0,0,0,1685.4416139999992
0,0,0,0,0,0,0,0,90036.0,0,0,0,0,0,1034.961929
0,0,0,0,0,0,0,0,90036.0,0,0,0,0,0,1034.961929
0,0,0,0,0,0,0,0,60653.0,0,0,0,0,0,1100.3046960000001
0,0,0,0,0,0,0,0,60653.0,0,0,0,0,0,1100.3046960000001
0,0,0,0,0,0,0,0,60653.0,0,0,0,0,0,1100.3046960000001
0,0,0,0,0,0,0,0,60653.0,0,0,0,0,0,1100.3046960000001
0,0,0,0,0,0,0,0,60653.0,0,0,0,0,0,1100.3046960000001
736090,736243,0,0,0,0,0,0,14215.0,0,0,0,0,0,1801.4157619999996
0,0,0,0,0,0,0,0,95661.0,0,0,0,0,0,1048.076349
0,0,0,0,0,0,0,0,95661.0,0,0,0,0,0,1048.076349
0,736729,0,0,0,0,0,0,76017.0,0,0,0,0,0,1093.325038
735784,735937,0,0,0,0,0,0,1841.0,0,0,0,0,0,1620.1384339999995
735784,735937,0,0,0,0,0,0,1841.0,0,0,0,0,0,1620.1384339999995
735784,735937,0,0,0,0,0,0,1841.0,0,0,0,0,0,1620.1384339999995
735784,735937,0,0,0,0,0,0,1841.0,0,0,0,0,0,1620.1384339999995
736816,736908,0,0,0,0,0,0,76706.0,0,0,0,0,0,1085.5489519999996
736816,736908,0,0,0,0,0,0,76706.0,0,0,0,0,0,1085.5489519999996
0,0,0,0,0,0,0,0,77095.0,0,0,0,0,0,1049.1600080000003
0,0,0,0,0,0,0,0,77095.0,0,0,0,0,0,1049.1600080000003
0,0,0,0,0,0,0,0,77095.0,0,0,0,0,0,1049.1600080000003
0,0,0,0,0,0,0,0,77095.0,0,0,0,0,0,1049.1600080000003
736607,0,0,0,0,0,0,0,98105.0,0,0,0,0,0,1039.9426609999996
0,0,0,0,0,0,0,0,7060.0,0,0,0,0,0,1742.9310379999993
0,0,0,0,0,0,0,0,7060.0,0,0,0,0,0,1742.9310379999993
736756,736909,0,0,0,0,0,0,90008.0,0,0,0,0,0,1050.6136969999995
736756,736909,0,0,0,0,0,0,90008.0,0,0,0,0,0,1050.6136969999995
736127,736280,0,0,0,0,0,0,22204.0,0,0,0,0,0,1171.9239659999998
0,0,0,0,0,0,0,0,98103.0,0,0,0,0,0,1048.076349
0,0,0,0,0,0,0,0,98105.0,0,0,0,0,0,1056.132109
0,0,0,0,0,0,0,0,98105.0,0,0,0,0,0,1056.132109
0,0,0,0,0,0,0,0,98105.0,0,0,0,0,0,1056.132109
736518,736641,0,0,0,0,0,0,98026.0,0,0,0,0,0,1025.6870269999997
0,0,0,0,0,0,0,0,24153.0,0,0,0,0,0,1253.799104
0,0,0,0,0,0,0,0,24153.0,0,0,0,0,0,1253.799104
0,0,0,0,0,0,0,0,24153.0,0,0,0,0,0,1253.799104
0,0,0,0,0,0,0,0,24153.0,0,0,0,0,0,1253.799104
0,0,0,0,0,0,0,0,24153.0,0,0,0,0,0,1253.799104
0,0,0,0,0,0,0,0,24153.0,0,0,0,0,0,1253.799104
0,0,0,0,0,0,0,0,24153.0,0,0,0,0,0,1253.799104
0,0,0,0,0,0,0,0,33445.0,0,0,0,0,0,1194.7120960000002
0,736120,0,0,0,0,0,0,94110.0,0,0,0,0,0,1090.9691589999998
0,736120,0,0,0,0,0,0,94110.0,0,0,0,0,0,1090.9691589999998
0,0,0,0,0,0,0,0,10024.0,0,0,0,0,0,1743.6276379999993
736059,736273,0,0,0,0,0,0,46203.0,0,0,0,0,0,1061.457176
0,0,0,0,0,0,0,0,43229.0,0,0,0,0,0,1118.4940360000003
0,0,0,0,0,0,0,0,43229.0,0,0,0,0,0,1118.4940360000003
735755,735938,0,0,0,0,0,0,32216.0,0,0,0,0,0,1167.1473139999998
735755,735938,0,0,0,0,0,0,32216.0,0,0,0,0,0,1167.1473139999998
735641,735791,0,0,0,0,0,0,20735.0,0,0,0,0,0,1322.879812
735641,735791,0,0,0,0,0,0,20735.0,0,0,0,0,0,1322.879812
735641,735791,0,0,0,0,0,0,20735.0,0,0,0,0,0,1322.879812
735641,735791,0,0,0,0,0,0,20735.0,0,0,0,0,0,1322.879812
0,0,0,0,0,0,0,0,80022.0,0,0,0,0,0,1014.861718
0,0,0,0,0,0,0,0,92704.0,0,0,0,0,0,1027.342234
0,0,0,0,0,0,0,0,92704.0,0,0,0,0,0,1027.342234
0,0,0,0,0,0,0,0,92704.0,0,0,0,0,0,1027.342234
0,0,0,0,0,0,0,0,92704.0,0,0,0,0,0,1027.342234
0,0,0,0,0,0,0,0,92704.0,0,0,0,0,0,1027.342234
736240,736240,0,0,0,0,0,0,20735.0,0,0,0,0,0,1247.5615879999998
0,0,0,0,0,0,0,0,90049.0,0,0,0,0,0,1021.7960989999998
0,0,0,0,0,0,0,0,40214.0,0,0,0,0,0,1118.4940360000003
0,0,0,0,0,0,0,0,40214.0,0,0,0,0,0,1118.4940360000003
0,0,0,0,0,0,0,0,40214.0,0,0,0,0,0,1118.4940360000003
0,0,0,0,0,0,0,0,40214.0,0,0,0,0,0,1118.4940360000003
0,0,0,0,0,0,0,0,90045.0,0,0,0,0,0,1021.7960989999998
0,0,0,0,0,0,0,0,90045.0,0,0,0,0,0,1021.7960989999998
0,0,0,0,0,0,0,0,90045.0,0,0,0,0,0,1021.7960989999998
0,0,0,0,0,0,0,0,65807.0,0,0,0,0,0,1100.3046960000001
0,0,0,0,0,0,0,0,65807.0,0,0,0,0,0,1100.3046960000001
0,0,0,0,0,0,0,0,65807.0,0,0,0,0,0,1100.3046960000001
0,0,0,0,0,0,0,0,65807.0,0,0,0,0,0,1100.3046960000001
735758,735850,0,0,0,0,0,0,94109.0,0,0,0,0,0,1081.0186849999998
735758,735850,0,0,0,0,0,0,94109.0,0,0,0,0,0,1081.0186849999998
0,0,0,0,0,0,0,0,77590.0,0,0,0,0,0,1010.713668
0,0,0,0,0,0,0,0,77590.0,0,0,0,0,0,1010.713668
0,0,0,0,0,0,0,0,10024.0,0,0,0,0,0,1743.6276379999993
0,0,0,0,0,0,0,0,98006.0,0,0,0,0,0,1048.076349
0,0,0,0,0,0,0,0,10024.0,0,0,0,0,0,1743.6276379999993
736004,736125,0,0,0,0,0,0,27893.0,0,0,0,0,0,1216.1687979999997
0,0,0,0,0,0,0,0,98115.0,0,0,0,0,0,1056.132109
0,0,0,0,0,0,0,0,98115.0,0,0,0,0,0,1056.132109
736485,736546,0,0,0,0,0,0,65807.0,0,0,0,0,0,1089.264718
0,0,0,0,0,0,0,0,94109.0,0,0,0,0,0,1038.179099
736850,736850,0,0,0,0,0,0,28205.0,0,0,0,0,0,1038.5749
736850,736850,0,0,0,0,0,0,28205.0,0,0,0,0,0,1038.5749
736850,736850,0,0,0,0,0,0,28205.0,0,0,0,0,0,1038.5749
0,0,0,0,0,0,0,0,10011.0,0,0,0,0,0,1747.7220079999993
0,0,0,0,0,0,0,0,10011.0,0,0,0,0,0,1747.7220079999993
0,735640,0,0,0,0,0,0,44052.0,0,0,0,0,0,1150.3329600000002
736822,736945,0,0,0,0,0,0,46203.0,0,0,0,0,0,1035.1157599999997
736822,736945,0,0,0,0,0,0,46203.0,0,0,0,0,0,1035.1157599999997
736822,736945,0,0,0,0,0,0,46203.0,0,0,0,0,0,1035.1157599999997
736245,0,0,0,0,0,0,0,97756.0,0,0,0,0,0,1031.1413009999997
736245,0,0,0,0,0,0,0,97756.0,0,0,0,0,0,1031.1413009999997
736245,0,0,0,0,0,0,0,97756.0,0,0,0,0,0,1031.1413009999997
0,0,0,0,0,0,0,0,97477.0,0,0,0,0,0,1048.076349
0,0,0,0,0,0,0,0,97477.0,0,0,0,0,0,1048.076349
736915,737007,0,0,0,0,0,0,76017.0,0,0,0,0,0,1084.3207099999997
736915,737007,0,0,0,0,0,0,76017.0,0,0,0,0,0,1084.3207099999997
736915,737007,0,0,0,0,0,0,76017.0,0,0,0,0,0,1084.3207099999997
736915,737007,0,0,0,0,0,0,76017.0,0,0,0,0,0,1084.3207099999997
736915,737007,0,0,0,0,0,0,76017.0,0,0,0,0,0,1084.3207099999997
736915,737007,0,0,0,0,0,0,76017.0,0,0,0,0,0,1084.3207099999997
0,0,0,0,0,0,0,0,85234.0,0,0,0,0,0,1006.5456479999999
0,0,0,0,0,0,0,0,85234.0,0,0,0,0,0,1006.5456479999999
0,0,0,0,0,0,0,0,85234.0,0,0,0,0,0,1006.5456479999999
0,0,0,0,0,0,0,0,85234.0,0,0,0,0,0,1006.5456479999999
0,0,0,0,0,0,0,0,85234.0,0,0,0,0,0,1006.5456479999999
0,0,0,0,0,0,0,0,85234.0,0,0,0,0,0,1006.5456479999999
736184,736245,0,0,0,0,0,0,1841.0,0,0,0,0,0,1518.1991659999999
736184,736245,0,0,0,0,0,0,1841.0,0,0,0,0,0,1518.1991659999999
736184,736245,0,0,0,0,0,0,1841.0,0,0,0,0,0,1518.1991659999999
0,736705,0,0,0,0,0,0,23464.0,0,0,0,0,0,1228.519802
0,736705,0,0,0,0,0,0,23464.0,0,0,0,0,0,1228.519802
0,0,0,0,0,0,0,0,75061.0,0,0,0,0,0,1100.3046960000001
737033,0,0,0,0,0,0,0,8360.0,0,0,0,0,0,1715.2081799999994
737033,0,0,0,0,0,0,0,8360.0,0,0,0,0,0,1715.2081799999994
737033,0,0,0,0,0,0,0,8360.0,0,0,0,0,0,1715.2081799999994
737033,0,0,0,0,0,0,0,8360.0,0,0,0,0,0,1715.2081799999994
0,0,0,0,0,0,0,0,31907.0,0,0,0,0,0,1194.7120960000002
0,0,0,0,0,0,0,0,90032.0,0,0,0,0,0,1034.961929
736277,0,0,0,0,0,0,0,92024.0,0,0,0,0,0,1001.5896709999996
736093,736307,0,0,0,0,0,0,22901.0,0,0,0,0,0,1171.9239659999998
0,0,0,0,0,0,0,0,46226.0,0,0,0,0,0,1115.7379360000004
0,0,0,0,0,0,0,0,46226.0,0,0,0,0,0,1115.7379360000004
0,0,0,0,0,0,0,0,46226.0,0,0,0,0,0,1115.7379360000004
0,0,0,0,0,0,0,0,46226.0,0,0,0,0,0,1115.7379360000004
735881,0,0,0,0,0,0,0,85023.0,0,0,0,0,0,1018.2914359999999
736734,736884,0,0,0,0,0,0,6450.0,0,0,0,0,0,1450.304916
736734,736884,0,0,0,0,0,0,6450.0,0,0,0,0,0,1450.304916
736734,736884,0,0,0,0,0,0,6450.0,0,0,0,0,0,1450.304916
736695,736726,0,0,0,0,0,0,53132.0,0,0,0,0,0,1032.3195080000003
735729,735882,0,0,0,0,0,0,90008.0,0,0,0,0,0,1083.2728049999996
0,0,0,0,0,0,0,0,61701.0,0,0,0,0,0,1100.3046960000001
0,0,0,0,0,0,0,0,61701.0,0,0,0,0,0,1100.3046960000001
0,0,0,0,0,0,0,0,61701.0,0,0,0,0,0,1100.3046960000001
0,0,0,0,0,0,0,0,90032.0,0,0,0,0,0,1034.961929
736970,0,0,0,0,0,0,0,94109.0,0,0,0,0,0,1027.8853109999995
736737,736949,0,0,0,0,0,0,77095.0,0,0,0,0,0,1048.8903939999996
0,736822,0,0,0,0,0,0,53209.0,0,0,0,0,0,1099.0950360000002
0,736822,0,0,0,0,0,0,53209.0,0,0,0,0,0,1099.0950360000002
737006,0,0,0,0,0,0,0,70601.0,0,0,0,0,0,1175.907532
0,736735,0,0,0,0,0,0,21215.0,0,0,0,0,0,1303.481198
0,0,0,0,0,0,0,0,53132.0,0,0,0,0,0,1137.4537320000002
736372,736522,0,0,0,0,0,0,10024.0,0,0,0,0,0,1476.0490659999996
736372,736522,0,0,0,0,0,0,10024.0,0,0,0,0,0,1476.0490659999996
736372,736522,0,0,0,0,0,0,10024.0,0,0,0,0,0,1476.0490659999996
0,0,0,0,0,0,0,0,92024.0,0,0,0,0,0,1021.7960989999998
0,0,0,0,0,0,0,0,92024.0,0,0,0,0,0,1021.7960989999998
0,0,0,0,0,0,0,0,92024.0,0,0,0,0,0,1021.7960989999998
0,0,0,0,0,0,0,0,27893.0,0,0,0,0,0,1253.799104
0,0,0,0,0,0,0,0,27893.0,0,0,0,0,0,1253.799104
0,0,0,0,0,0,0,0,90805.0,0,0,0,0,0,1021.7960989999998
0,0,0,0,0,0,0,0,90805.0,0,0,0,0,0,1021.7960989999998
0,0,0,0,0,0,0,0,90805.0,0,0,0,0,0,1021.7960989999998
736611,0,0,0,0,0,0,0,33311.0,0,0,0,0,0,1086.30936
0,0,0,0,0,0,0,0,21215.0,0,0,0,0,0,1369.0632739999994
0,0,0,0,0,0,0,0,87124.0,0,0,0,0,0,1026.954284
0,0,0,0,0,0,0,0,87124.0,0,0,0,0,0,1026.954284
736584,736675,0,0,0,0,0,0,95207.0,0,0,0,0,0,1036.067355
0,0,0,0,0,0,0,0,43229.0,0,0,0,0,0,1118.4940360000003
0,0,0,0,0,0,0,0,60076.0,0,0,0,0,0,1133.037544
0,0,0,0,0,0,0,0,60076.0,0,0,0,0,0,1133.037544
0,0,0,0,0,0,0,0,60076.0,0,0,0,0,0,1133.037544
0,0,0,0,0,0,0,0,60076.0,0,0,0,0,0,1133.037544
736545,0,0,0,0,0,0,0,71901.0,0,0,0,0,0,1061.7147320000001
736545,0,0,0,0,0,0,0,71901.0,0,0,0,0,0,1061.7147320000001
736545,0,0,0,0,0,0,0,71901.0,0,0,0,0,0,1061.7147320000001
0,0,0,0,0,0,0,0,27534.0,0,0,0,0,0,1253.799104
0,0,0,0,0,0,0,0,90032.0,0,0,0,0,0,1034.961929
0,0,0,0,0,0,0,0,90032.0,0,0,0,0,0,1034.961929
0,0,0,0,0,0,0,0,90032.0,0,0,0,0,0,1034.961929
736793,736854,0,0,0,0,0,0,3060.0,0,0,0,0,0,1416.0416
736672,0,0,0,0,0,0,0,98103.0,0,0,0,0,0,1033.5618809999996
736672,0,0,0,0,0,0,0,98103.0,0,0,0,0,0,1033.5618809999996
736672,0,0,0,0,0,0,0,98103.0,0,0,0,0,0,1033.5618809999996
736975,0,0,0,0,0,0,0,47374.0,0,0,0,0,0,1059.316216
736430,736583,0,0,0,0,0,0,33180.0,0,0,0,0,0,1073.986176
0,0,0,0,0,0,0,0,37167.0,0,0,0,0,0,1159.0822960000003
0,0,0,0,0,0,0,0,37167.0,0,0,0,0,0,1159.0822960000003
0,0,0,0,0,0,0,0,37167.0,0,0,0,0,0,1159.0822960000003
735695,735786,0,0,0,0,0,0,80013.0,0,0,0,0,0,1056.4776579999996
735695,735786,0,0,0,0,0,0,80013.0,0,0,0,0,0,1056.4776579999996
0,0,0,0,0,0,0,0,33142.0,0,0,0,0,0,1194.7120960000002
736606,0,0,0,0,0,0,0,94122.0,0,0,0,0,0,1032.7413009999996
736606,0,0,0,0,0,0,0,94122.0,0,0,0,0,0,1032.7413009999996
736606,0,0,0,0,0,0,0,94122.0,0,0,0,0,0,1032.7413009999996
736606,0,0,0,0,0,0,0,94122.0,0,0,0,0,0,1032.7413009999996
0,0,0,0,0,0,0,0,60623.0,0,0,0,0,0,1100.3046960000001
0,0,0,0,0,0,0,0,60623.0,0,0,0,0,0,1100.3046960000001
0,0,0,0,0,0,0,0,60623.0,0,0,0,0,0,1100.3046960000001
736852,737005,0,0,0,0,0,0,90008.0,0,0,0,0,0,1049.2245849999997
0,0,0,0,0,0,0,0,3820.0,0,0,0,0,0,1749.7338779999993
0,0,0,0,0,0,0,0,43017.0,0,0,0,0,0,1118.4940360000003
0,0,0,0,0,0,0,0,43017.0,0,0,0,0,0,1118.4940360000003
0,0,0,0,0,0,0,0,10009.0,0,0,0,0,0,1742.9310379999993
737010,0,0,0,0,0,0,0,10035.0,0,0,0,0,0,1686.0228399999996
737010,0,0,0,0,0,0,0,10035.0,0,0,0,0,0,1686.0228399999996
737010,0,0,0,0,0,0,0,10035.0,0,0,0,0,0,1686.0228399999996
0,0,0,0,0,0,0,0,7501.0,0,0,0,0,0,1742.9310379999993
0,0,0,0,0,0,0,0,7501.0,0,0,0,0,0,1742.9310379999993
0,0,0,0,0,0,0,0,7501.0,0,0,0,0,0,1742.9310379999993
0,0,0,0,0,0,0,0,7501.0,0,0,0,0,0,1742.9310379999993
0,0,0,0,0,0,0,0,7501.0,0,0,0,0,0,1742.9310379999993
0,0,0,0,0,0,0,0,8701.0,0,0,0,0,0,1742.9310379999993
0,0,0,0,0,0,0,0,8701.0,0,0,0,0,0,1742.9310379999993
0,0,0,0,0,0,0,0,8701.0,0,0,0,0,0,1742.9310379999993
0,0,0,0,0,0,0,0,8701.0,0,0,0,0,0,1742.9310379999993
736737,736918,0,0,0,0,0,0,27405.0,0,0,0,0,0,1094.7460439999998
0,0,0,0,0,0,0,0,10035.0,0,0,0,0,0,1720.0015379999995
0,0,0,0,0,0,0,0,10035.0,0,0,0,0,0,1720.0015379999995
736369,736550,0,0,0,0,0,0,60623.0,0,0,0,0,0,1087.301438
736369,736550,0,0,0,0,0,0,60623.0,0,0,0,0,0,1087.301438
736369,736550,0,0,0,0,0,0,60623.0,0,0,0,0,0,1087.301438
0,0,0,0,0,0,0,0,60653.0,0,0,0,0,0,1100.3046960000001
0,0,0,0,0,0,0,0,60653.0,0,0,0,0,0,1100.3046960000001
0,0,0,0,0,0,0,0,60653.0,0,0,0,0,0,1100.3046960000001
735940,0,0,0,0,0,0,0,8701.0,0,0,0,0,0,1686.2627739999994
0,0,0,0,0,0,0,0,31907.0,0,0,0,0,0,1194.7120960000002
736949,0,0,0,0,0,0,0,85023.0,0,0,0,0,0,990.0161799999997
736949,0,0,0,0,0,0,0,85023.0,0,0,0,0,0,990.0161799999997
736430,736552,0,0,0,0,0,0,90004.0,0,0,0,0,0,1055.4080529999997
736430,736552,0,0,0,0,0,0,90004.0,0,0,0,0,0,1055.4080529999997
736430,736552,0,0,0,0,0,0,90004.0,0,0,0,0,0,1055.4080529999997
0,736058,0,0,0,0,0,0,10024.0,0,0,0,0,0,1701.4237779999994
736458,736642,0,0,0,0,0,0,78207.0,0,0,0,0,0,1010.5858279999999
0,736696,0,0,0,0,0,0,10009.0,0,0,0,0,0,1576.8716939999995
736397,736550,0,0,0,0,0,0,21215.0,0,0,0,0,0,1248.8678979999997
736397,736550,0,0,0,0,0,0,21215.0,0,0,0,0,0,1248.8678979999997
736397,736550,0,0,0,0,0,0,21215.0,0,0,0,0,0,1248.8678979999997
736397,736550,0,0,0,0,0,0,21215.0,0,0,0,0,0,1248.8678979999997
0,0,0,0,0,0,0,0,19143.0,0,0,0,0,0,1365.6374599999995
0,0,0,0,0,0,0,0,19143.0,0,0,0,0,0,1365.6374599999995
0,0,0,0,0,0,0,0,19143.0,0,0,0,0,0,1365.6374599999995
0,0,0,0,0,0,0,0,19143.0,0,0,0,0,0,1365.6374599999995
0,0,0,0,0,0,0,0,19143.0,0,0,0,0,0,1365.6374599999995
0,0,0,0,0,0,0,0,30318.0,0,0,0,0,0,1216.254424
0,0,0,0,0,0,0,0,30318.0,0,0,0,0,0,1216.254424
736154,736216,0,0,0,0,0,0,27707.0,0,0,0,0,0,1123.632746
0,0,0,0,0,0,0,0,95661.0,0,0,0,0,0,1048.076349
736613,0,0,0,0,0,0,0,95823.0,0,0,0,0,0,1031.1413009999997
0,0,0,0,0,0,0,0,6824.0,0,0,0,0,0,1750.2965979999994
0,0,0,0,0,0,0,0,60610.0,0,0,0,0,0,1100.3046960000001
0,0,0,0,0,0,0,0,60610.0,0,0,0,0,0,1100.3046960000001
0,0,0,0,0,0,0,0,60610.0,0,0,0,0,0,1100.3046960000001
0,0,0,0,0,0,0,0,77041.0,0,0,0,0,0,1074.552944
0,0,0,0,0,0,0,0,77041.0,0,0,0,0,0,1074.552944
0,0,0,0,0,0,0,0,77041.0,0,0,0,0,0,1074.552944
0,736695,0,0,0,0,0,0,85023.0,0,0,0,0,0,1043.4076759999998
0,736695,0,0,0,0,0,0,85023.0,0,0,0,0,0,1043.4076759999998
0,736695,0,0,0,0,0,0,85023.0,0,0,0,0,0,1043.4076759999998
0,736695,0,0,0,0,0,0,85023.0,0,0,0,0,0,1043.4076759999998
0,736695,0,0,0,0,0,0,85023.0,0,0,0,0,0,1043.4076759999998
735728,735759,0,0,0,0,0,0,91767.0,0,0,0,0,0,1076.2527849999997
0,0,0,0,0,0,0,0,30318.0,0,0,0,0,0,1216.254424
0,0,0,0,0,0,0,0,98208.0,0,0,0,0,0,1056.132109
0,736088,0,0,0,0,0,0,77095.0,0,0,0,0,0,1115.152302
0,736088,0,0,0,0,0,0,77095.0,0,0,0,0,0,1115.152302
0,0,0,0,0,0,0,0,19140.0,0,0,0,0,0,1365.6374599999995
0,0,0,0,0,0,0,0,19140.0,0,0,0,0,0,1365.6374599999995
0,0,0,0,0,0,0,0,19140.0,0,0,0,0,0,1365.6374599999995
0,0,0,0,0,0,0,0,19140.0,0,0,0,0,0,1365.6374599999995
0,0,0,0,0,0,0,0,19140.0,0,0,0,0,0,1365.6374599999995
0,0,0,0,0,0,0,0,19140.0,0,0,0,0,0,1365.6374599999995
0,0,0,0,0,0,0,0,98105.0,0,0,0,0,0,1056.132109
0,0,0,0,0,0,0,0,98105.0,0,0,0,0,0,1056.132109
0,0,0,0,0,0,0,0,98105.0,0,0,0,0,0,1056.132109
0,737060,0,0,0,0,0,0,61604.0,0,0,0,0,0,1095.638338
0,737060,0,0,0,0,0,0,61604.0,0,0,0,0,0,1095.638338
0,737060,0,0,0,0,0,0,61604.0,0,0,0,0,0,1095.638338
0,737060,0,0,0,0,0,0,61604.0,0,0,0,0,0,1095.638338
736736,736886,0,0,0,0,0,0,90036.0,0,0,0,0,0,1046.8635319999996
0,0,0,0,0,0,0,0,36116.0,0,0,0,0,0,1174.3422960000003
0,0,0,0,0,0,0,0,36116.0,0,0,0,0,0,1174.3422960000003
736370,736582,0,0,0,0,0,0,47905.0,0,0,0,0,0,1043.922232
736370,736582,0,0,0,0,0,0,47905.0,0,0,0,0,0,1043.922232
736370,736582,0,0,0,0,0,0,47905.0,0,0,0,0,0,1043.922232
736370,736582,0,0,0,0,0,0,47905.0,0,0,0,0,0,1043.922232
736370,736582,0,0,0,0,0,0,47905.0,0,0,0,0,0,1043.922232
0,0,0,0,0,0,0,0,10009.0,0,0,0,0,0,1742.9310379999993
0,0,0,0,0,0,0,0,10024.0,0,0,0,0,0,1743.6276379999993
736247,0,0,0,0,0,0,0,60610.0,0,0,0,0,0,1062.205852
736550,736550,0,0,0,0,0,0,92704.0,0,0,0,0,0,1050.4325129999995
0,0,0,0,0,0,0,0,90640.0,0,0,0,0,0,1021.7960989999998
0,0,0,0,0,0,0,0,91360.0,0,0,0,0,0,1021.7960989999998
0,0,0,0,0,0,0,0,91360.0,0,0,0,0,0,1021.7960989999998
736122,736305,0,0,0,0,0,0,8360.0,0,0,0,0,0,1488.6637059999996
736816,736939,0,0,0,0,0,0,90503.0,0,0,0,0,0,1047.9990969999997
736816,736939,0,0,0,0,0,0,90503.0,0,0,0,0,0,1047.9990969999997
736127,736157,0,0,0,0,0,0,45373.0,0,0,0,0,0,1093.0560099999996
736672,0,0,0,0,0,0,0,22153.0,0,0,0,0,0,1224.8364379999998
736672,0,0,0,0,0,0,0,22153.0,0,0,0,0,0,1224.8364379999998
736672,0,0,0,0,0,0,0,22153.0,0,0,0,0,0,1224.8364379999998
736672,0,0,0,0,0,0,0,22153.0,0,0,0,0,0,1224.8364379999998
735756,735939,0,0,0,0,0,0,92020.0,0,0,0,0,0,1080.4954409999998
736577,0,0,0,0,0,0,0,90036.0,0,0,0,0,0,1013.3158209999997
0,0,0,0,0,0,0,0,85023.0,0,0,0,0,0,1005.7666279999999
0,0,0,0,0,0,0,0,60423.0,0,0,0,0,0,1100.3046960000001
0,0,0,0,0,0,0,0,90045.0,0,0,0,0,0,1021.7960989999998
736542,736664,0,0,0,0,0,0,53132.0,0,0,0,0,0,1026.587468
736542,736664,0,0,0,0,0,0,53132.0,0,0,0,0,0,1026.587468
0,0,0,0,0,0,0,0,72209.0,0,0,0,0,0,1100.3046960000001
0,0,0,0,0,0,0,0,72209.0,0,0,0,0,0,1100.3046960000001
0,0,0,0,0,0,0,0,72209.0,0,0,0,0,0,1100.3046960000001
0,0,0,0,0,0,0,0,72209.0,0,0,0,0,0,1100.3046960000001
0,0,0,0,0,0,0,0,72209.0,0,0,0,0,0,1100.3046960000001
0,0,0,0,0,0,0,0,90008.0,0,0,0,0,0,1030.255799
0,0,0,0,0,0,0,0,90008.0,0,0,0,0,0,1030.255799
0,0,0,0,0,0,0,0,90008.0,0,0,0,0,0,1030.255799
0,0,0,0,0,0,0,0,90008.0,0,0,0,0,0,1030.255799
0,0,0,0,0,0,0,0,90008.0,0,0,0,0,0,1030.255799
0,0,0,0,0,0,0,0,90008.0,0,0,0,0,0,1030.255799
736706,736918,0,0,0,0,0,0,78207.0,0,0,0,0,0,1020.2346779999997
0,0,0,0,0,0,0,0,90004.0,0,0,0,0,0,1030.255799
0,0,0,0,0,0,0,0,90004.0,0,0,0,0,0,1030.255799
0,0,0,0,0,0,0,0,90004.0,0,0,0,0,0,1030.255799
0,0,0,0,0,0,0,0,90004.0,0,0,0,0,0,1030.255799
0,0,0,0,0,0,0,0,90004.0,0,0,0,0,0,1030.255799
0,0,0,0,0,0,0,0,90004.0,0,0,0,0,0,1030.255799
0,0,0,0,0,0,0,0,90004.0,0,0,0,0,0,1030.255799
736461,736553,0,0,0,0,0,0,60610.0,0,0,0,0,0,1087.301438
0,0,0,0,0,0,0,0,98105.0,0,0,0,0,0,1056.132109
0,0,0,0,0,0,0,0,77705.0,0,0,0,0,0,1015.049928
0,0,0,0,0,0,0,0,77705.0,0,0,0,0,0,1015.049928
736458,736611,0,0,0,0,0,0,23320.0,0,0,0,0,0,1134.0417459999999
736458,736611,0,0,0,0,0,0,23320.0,0,0,0,0,0,1134.0417459999999
0,0,0,0,0,0,0,0,75217.0,0,0,0,0,0,1100.3046960000001
0,0,0,0,0,0,0,0,75217.0,0,0,0,0,0,1100.3046960000001
735975,736096,0,0,0,0,0,0,98105.0,0,0,0,0,0,1146.7133049999998
735975,736096,0,0,0,0,0,0,98105.0,0,0,0,0,0,1146.7133049999998
735975,736096,0,0,0,0,0,0,98105.0,0,0,0,0,0,1146.7133049999998
735975,736096,0,0,0,0,0,0,98105.0,0,0,0,0,0,1146.7133049999998
735975,736096,0,0,0,0,0,0,98105.0,0,0,0,0,0,1146.7133049999998
0,736060,0,0,0,0,0,0,55407.0,0,0,0,0,0,1319.0364999999993
736976,0,0,0,0,0,0,0,45503.0,0,0,0,0,0,1062.767776
736976,0,0,0,0,0,0,0,45503.0,0,0,0,0,0,1062.767776
0,736730,0,0,0,0,0,0,90032.0,0,0,0,0,0,1045.988068
0,736730,0,0,0,0,0,0,90032.0,0,0,0,0,0,1045.988068
0,0,0,0,0,0,0,0,31907.0,0,0,0,0,0,1194.7120960000002
0,0,0,0,0,0,0,0,31907.0,0,0,0,0,0,1194.7120960000002
0,0,0,0,0,0,0,0,31907.0,0,0,0,0,0,1194.7120960000002
0,0,0,0,0,0,0,0,31907.0,0,0,0,0,0,1194.7120960000002
0,0,0,0,0,0,0,0,31907.0,0,0,0,0,0,1194.7120960000002
0,0,0,0,0,0,0,0,31907.0,0,0,0,0,0,1194.7120960000002
0,0,0,0,0,0,0,0,31907.0,0,0,0,0,0,1194.7120960000002
0,0,0,0,0,0,0,0,31907.0,0,0,0,0,0,1194.7120960000002
0,0,0,0,0,0,0,0,44107.0,0,0,0,0,0,1118.4940360000003
0,0,0,0,0,0,0,0,60540.0,0,0,0,0,0,1100.3046960000001
0,0,0,0,0,0,0,0,60540.0,0,0,0,0,0,1100.3046960000001
736154,736277,0,0,0,0,0,0,10009.0,0,0,0,0,0,1488.6637059999996
0,0,0,0,0,0,0,0,92646.0,0,0,0,0,0,1027.342234
736734,736915,0,0,0,0,0,0,60653.0,0,0,0,0,0,1079.622512
736734,736915,0,0,0,0,0,0,60653.0,0,0,0,0,0,1079.622512
736734,736915,0,0,0,0,0,0,60653.0,0,0,0,0,0,1079.622512
736857,736918,0,0,0,0,0,0,94513.0,0,0,0,0,0,1040.6046869999998
0,0,0,0,0,0,0,0,48183.0,0,0,0,0,0,1131.1612920000002
0,736398,0,0,0,0,0,0,98103.0,0,0,0,0,0,1077.9788629999998
736979,0,0,0,0,0,0,0,29406.0,0,0,0,0,0,1110.589168
0,0,0,0,0,0,0,0,43229.0,0,0,0,0,0,1118.4940360000003
0,736733,0,0,0,0,0,0,98103.0,0,0,0,0,0,1040.583005
736702,736822,0,0,0,0,0,0,94109.0,0,0,0,0,0,1012.1575489999997
736730,736819,0,0,0,0,0,0,90049.0,0,0,0,0,0,1019.3275369999997
736304,0,0,0,0,0,0,0,33407.0,0,0,0,0,0,1090.80504
0,0,0,0,0,0,0,0,60623.0,0,0,0,0,0,1100.3046960000001
0,0,0,0,0,0,0,0,60623.0,0,0,0,0,0,1100.3046960000001
0,0,0,0,0,0,0,0,60623.0,0,0,0,0,0,1100.3046960000001
0,0,0,0,0,0,0,0,95823.0,0,0,0,0,0,1048.076349
0,0,0,0,0,0,0,0,98115.0,0,0,0,0,0,1056.132109
0,0,0,0,0,0,0,0,19143.0,0,0,0,0,0,1365.6374599999995
0,736728,0,0,0,0,0,0,93101.0,0,0,0,0,0,1026.891605
736788,736971,0,0,0,0,0,0,10011.0,0,0,0,0,0,1409.4785959999997
0,0,0,0,0,0,0,0,36830.0,0,0,0,0,0,1159.0822960000003
0,0,0,0,0,0,0,0,36830.0,0,0,0,0,0,1159.0822960000003
0,736066,0,0,0,0,0,0,10035.0,0,0,0,0,0,1682.9044979999992
0,736066,0,0,0,0,0,0,10035.0,0,0,0,0,0,1682.9044979999992
0,736396,0,0,0,0,0,0,90032.0,0,0,0,0,0,1092.6996909999998
0,0,0,0,0,0,0,0,94109.0,0,0,0,0,0,1038.179099
0,0,0,0,0,0,0,0,94109.0,0,0,0,0,0,1038.179099
0,0,0,0,0,0,0,0,94109.0,0,0,0,0,0,1038.179099
0,0,0,0,0,0,0,0,94109.0,0,0,0,0,0,1038.179099
0,0,0,0,0,0,0,0,19140.0,0,0,0,0,0,1365.6374599999995
0,0,0,0,0,0,0,0,19140.0,0,0,0,0,0,1365.6374599999995
0,0,0,0,0,0,0,0,19140.0,0,0,0,0,0,1365.6374599999995
0,0,0,0,0,0,0,0,19140.0,0,0,0,0,0,1365.6374599999995
0,736765,0,0,0,0,0,0,79907.0,0,0,0,0,0,1016.2916840000001
736369,736428,0,0,0,0,0,0,60653.0,0,0,0,0,0,1087.301438
0,0,0,0,0,0,0,0,79907.0,0,0,0,0,0,1014.861718
736460,736583,0,0,0,0,0,0,98105.0,0,0,0,0,0,1056.9710449999998
0,0,0,0,0,0,0,0,10009.0,0,0,0,0,0,1742.9310379999993
0,0,0,0,0,0,0,0,10009.0,0,0,0,0,0,1742.9310379999993
0,0,0,0,0,0,0,0,10009.0,0,0,0,0,0,1742.9310379999993
0,0,0,0,0,0,0,0,10009.0,0,0,0,0,0,1742.9310379999993
0,0,0,0,0,0,0,0,90032.0,0,0,0,0,0,1034.961929
0,0,0,0,0,0,0,0,19711.0,0,0,0,0,0,1365.6374599999995
0,736429,0,0,0,0,0,0,10011.0,0,0,0,0,0,1629.5128439999994
736218,0,0,0,0,0,0,0,95661.0,0,0,0,0,0,1031.1413009999997
0,0,0,0,0,0,0,0,60505.0,0,0,0,0,0,1100.3046960000001
0,0,0,0,0,0,0,0,60505.0,0,0,0,0,0,1100.3046960000001
0,0,0,0,0,0,0,0,10011.0,0,0,0,0,0,1747.7220079999993
0,0,0,0,0,0,0,0,10011.0,0,0,0,0,0,1747.7220079999993
0,0,0,0,0,0,0,0,75217.0,0,0,0,0,0,1100.3046960000001
736004,736033,0,0,0,0,0,0,90008.0,0,0,0,0,0,1107.2052529999996
736004,736033,0,0,0,0,0,0,90008.0,0,0,0,0,0,1107.2052529999996
736004,736033,0,0,0,0,0,0,90008.0,0,0,0,0,0,1107.2052529999996
0,735999,0,0,0,0,0,0,90004.0,0,0,0,0,0,1095.8921769999997
0,0,0,0,0,0,0,0,31907.0,0,0,0,0,0,1194.7120960000002
0,0,0,0,0,0,0,0,31907.0,0,0,0,0,0,1194.7120960000002
0,0,0,0,0,0,0,0,94110.0,0,0,0,0,0,1038.179099
0,0,0,0,0,0,0,0,94110.0,0,0,0,0,0,1038.179099
0,0,0,0,0,0,0,0,94110.0,0,0,0,0,0,1038.179099
736978,736978,0,0,0,0,0,0,92503.0,0,0,0,0,0,1031.7610469999997
0,0,0,0,0,0,0,0,29203.0,0,0,0,0,0,1216.254424
0,0,0,0,0,0,0,0,29203.0,0,0,0,0,0,1216.254424
0,0,0,0,0,0,0,0,29203.0,0,0,0,0,0,1216.254424
0,0,0,0,0,0,0,0,29203.0,0,0,0,0,0,1216.254424
0,0,0,0,0,0,0,0,29203.0,0,0,0,0,0,1216.254424
0,0,0,0,0,0,0,0,29203.0,0,0,0,0,0,1216.254424
0,0,0,0,0,0,0,0,10011.0,0,0,0,0,0,1747.7220079999993
736603,0,0,0,0,0,0,0,98632.0,0,0,0,0,0,1039.9426609999996
0,0,0,0,0,0,0,0,85023.0,0,0,0,0,0,1005.7666279999999
0,0,0,0,0,0,0,0,85023.0,0,0,0,0,0,1005.7666279999999
0,0,0,0,0,0,0,0,85023.0,0,0,0,0,0,1005.7666279999999
0,0,0,0,0,0,0,0,85023.0,0,0,0,0,0,1005.7666279999999
0,0,0,0,0,0,0,0,77095.0,0,0,0,0,0,1049.1600080000003
0,736001,0,0,0,0,0,0,85234.0,0,0,0,0,0,1068.9336999999998
0,736001,0,0,0,0,0,0,85234.0,0,0,0,0,0,1068.9336999999998
0,0,0,0,0,0,0,0,72401.0,0,0,0,0,0,1100.3046960000001
0,0,0,0,0,0,0,0,30318.0,0,0,0,0,0,1216.254424
0,0,0,0,0,0,0,0,90036.0,0,0,0,0,0,1034.961929
735790,735821,0,0,0,0,0,0,10024.0,0,0,0,0,0,1617.6521939999993
735790,735821,0,0,0,0,0,0,10024.0,0,0,0,0,0,1617.6521939999993
736338,736458,0,0,0,0,0,0,48227.0,0,0,0,0,0,1055.1883079999998
736338,736458,0,0,0,0,0,0,48227.0,0,0,0,0,0,1055.1883079999998
736338,736458,0,0,0,0,0,0,48227.0,0,0,0,0,0,1055.1883079999998
736338,736458,0,0,0,0,0,0,48227.0,0,0,0,0,0,1055.1883079999998
736338,736458,0,0,0,0,0,0,48227.0,0,0,0,0,0,1055.1883079999998
736338,736458,0,0,0,0,0,0,48227.0,0,0,0,0,0,1055.1883079999998
737009,0,0,0,0,0,0,0,33311.0,0,0,0,0,0,1183.1069400000001
737010,0,0,0,0,0,0,0,79605.0,0,0,0,0,0,1125.64213
736187,0,0,0,0,0,0,0,23666.0,0,0,0,0,0,1190.1319279999998
736187,0,0,0,0,0,0,0,23666.0,0,0,0,0,0,1190.1319279999998
736187,0,0,0,0,0,0,0,23666.0,0,0,0,0,0,1190.1319279999998
736187,0,0,0,0,0,0,0,23666.0,0,0,0,0,0,1190.1319279999998
736187,0,0,0,0,0,0,0,23666.0,0,0,0,0,0,1190.1319279999998
0,0,0,0,0,0,0,0,89115.0,0,0,0,0,0,1029.9250639999998
0,0,0,0,0,0,0,0,61107.0,0,0,0,0,0,1100.3046960000001
0,0,0,0,0,0,0,0,61107.0,0,0,0,0,0,1100.3046960000001
0,0,0,0,0,0,0,0,92677.0,0,0,0,0,0,1027.342234
0,0,0,0,0,0,0,0,40214.0,0,0,0,0,0,1118.4940360000003
0,0,0,0,0,0,0,0,40214.0,0,0,0,0,0,1118.4940360000003
0,736027,0,0,0,0,0,0,61761.0,0,0,0,0,0,1166.490848
0,0,0,0,0,0,0,0,90045.0,0,0,0,0,0,1021.7960989999998
0,0,0,0,0,0,0,0,90045.0,0,0,0,0,0,1021.7960989999998
0,0,0,0,0,0,0,0,77642.0,0,0,0,0,0,1015.049928
735974,736095,0,0,0,0,0,0,10009.0,0,0,0,0,0,1608.8006299999993
0,0,0,0,0,0,0,0,60623.0,0,0,0,0,0,1100.3046960000001
0,0,0,0,0,0,0,0,45503.0,0,0,0,0,0,1115.7379360000004
0,0,0,0,0,0,0,0,45503.0,0,0,0,0,0,1115.7379360000004
0,0,0,0,0,0,0,0,45503.0,0,0,0,0,0,1115.7379360000004
0,0,0,0,0,0,0,0,10035.0,0,0,0,0,0,1720.0015379999995
0,0,0,0,0,0,0,0,10035.0,0,0,0,0,0,1720.0015379999995
0,0,0,0,0,0,0,0,10035.0,0,0,0,0,0,1720.0015379999995
736949,737010,0,0,0,0,0,0,93905.0,0,0,0,0,0,1031.7610469999997
735905,0,0,0,0,0,0,0,40475.0,0,0,0,0,0,1096.0384760000002
735905,0,0,0,0,0,0,0,40475.0,0,0,0,0,0,1096.0384760000002
735905,0,0,0,0,0,0,0,40475.0,0,0,0,0,0,1096.0384760000002
735905,0,0,0,0,0,0,0,40475.0,0,0,0,0,0,1096.0384760000002
0,0,0,0,0,0,0,0,10035.0,0,0,0,0,0,1720.0015379999995
0,0,0,0,0,0,0,0,80219.0,0,0,0,0,0,1014.861718
0,0,0,0,0,0,0,0,80219.0,0,0,0,0,0,1014.861718
0,0,0,0,0,0,0,0,80219.0,0,0,0,0,0,1014.861718
0,0,0,0,0,0,0,0,80219.0,0,0,0,0,0,1014.861718
0,0,0,0,0,0,0,0,80219.0,0,0,0,0,0,1014.861718
0,0,0,0,0,0,0,0,80219.0,0,0,0,0,0,1014.861718
736847,737030,0,0,0,0,0,0,10024.0,0,0,0,0,0,1406.6412259999995
736847,737030,0,0,0,0,0,0,10024.0,0,0,0,0,0,1406.6412259999995
0,736816,0,0,0,0,0,0,10011.0,0,0,0,0,0,1587.2850439999997
0,0,0,0,0,0,0,0,68025.0,0,0,0,0,0,1100.3046960000001
736644,0,0,0,0,0,0,0,10011.0,0,0,0,0,0,1584.7818199999997
736644,0,0,0,0,0,0,0,10011.0,0,0,0,0,0,1584.7818199999997
736644,0,0,0,0,0,0,0,10011.0,0,0,0,0,0,1584.7818199999997
736644,0,0,0,0,0,0,0,10011.0,0,0,0,0,0,1584.7818199999997
736644,0,0,0,0,0,0,0,10011.0,0,0,0,0,0,1584.7818199999997
736644,0,0,0,0,0,0,0,10011.0,0,0,0,0,0,1584.7818199999997
736948,0,0,0,0,0,0,0,92105.0,0,0,0,0,0,1011.2770109999998
735634,735693,0,0,0,0,0,0,33801.0,0,0,0,0,0,1187.452654
0,0,0,0,0,0,0,0,30080.0,0,0,0,0,0,1216.254424
0,0,0,0,0,0,0,0,30080.0,0,0,0,0,0,1216.254424
0,0,0,0,0,0,0,0,10009.0,0,0,0,0,0,1742.9310379999993
0,0,0,0,0,0,0,0,10009.0,0,0,0,0,0,1742.9310379999993
0,0,0,0,0,0,0,0,10009.0,0,0,0,0,0,1742.9310379999993
0,0,0,0,0,0,0,0,19134.0,0,0,0,0,0,1404.99292
0,0,0,0,0,0,0,0,19134.0,0,0,0,0,0,1404.99292
0,0,0,0,0,0,0,0,19134.0,0,0,0,0,0,1404.99292
736399,736583,0,0,0,0,0,0,75217.0,0,0,0,0,0,1094.721378
735814,735936,0,0,0,0,0,0,94521.0,0,0,0,0,0,1089.7724949999997
735814,735936,0,0,0,0,0,0,94521.0,0,0,0,0,0,1089.7724949999997
0,0,0,0,0,0,0,0,37211.0,0,0,0,0,0,1159.0822960000003
0,0,0,0,0,0,0,0,80013.0,0,0,0,0,0,1014.861718
736645,736645,0,0,0,0,0,0,92804.0,0,0,0,0,0,1029.3313849999997
736645,736645,0,0,0,0,0,0,92804.0,0,0,0,0,0,1029.3313849999997
736645,736645,0,0,0,0,0,0,92804.0,0,0,0,0,0,1029.3313849999997
736645,736645,0,0,0,0,0,0,92804.0,0,0,0,0,0,1029.3313849999997
736645,736645,0,0,0,0,0,0,92804.0,0,0,0,0,0,1029.3313849999997
736645,736645,0,0,0,0,0,0,92804.0,0,0,0,0,0,1029.3313849999997
736645,736645,0,0,0,0,0,0,92804.0,0,0,0,0,0,1029.3313849999997
736645,736645,0,0,0,0,0,0,92804.0,0,0,0,0,0,1029.3313849999997
736645,736645,0,0,0,0,0,0,92804.0,0,0,0,0,0,1029.3313849999997
736645,736645,0,0,0,0,0,0,92804.0,0,0,0,0,0,1029.3313849999997
736645,736645,0,0,0,0,0,0,92804.0,0,0,0,0,0,1029.3313849999997
736025,736086,0,0,0,0,0,0,84062.0,0,0,0,0,0,1046.7121839999998
0,0,0,0,0,0,0,0,97477.0,0,0,0,0,0,1048.076349
0,736823,0,0,0,0,0,0,97301.0,0,0,0,0,0,1032.901023
736786,736939,0,0,0,0,0,0,14609.0,0,0,0,0,0,1713.0083679999998
735761,735822,0,0,0,0,0,0,90008.0,0,0,0,0,0,1083.2728049999996
0,736394,0,0,0,0,0,0,90049.0,0,0,0,0,0,1075.4769009999998
0,0,0,0,0,0,0,0,75081.0,0,0,0,0,0,1100.3046960000001
0,0,0,0,0,0,0,0,75081.0,0,0,0,0,0,1100.3046960000001
735849,0,0,0,0,0,0,0,93727.0,0,0,0,0,0,1054.8069619999999
736458,736611,0,0,0,0,0,0,60653.0,0,0,0,0,0,1081.3247059999999
0,0,0,0,0,0,0,0,78501.0,0,0,0,0,0,1016.702718
0,0,0,0,0,0,0,0,78501.0,0,0,0,0,0,1016.702718
0,0,0,0,0,0,0,0,78501.0,0,0,0,0,0,1016.702718
0,0,0,0,0,0,0,0,78501.0,0,0,0,0,0,1016.702718
0,0,0,0,0,0,0,0,78501.0,0,0,0,0,0,1016.702718
736668,0,0,0,0,0,0,0,98105.0,0,0,0,0,0,1042.3632409999998
736369,736489,0,0,0,0,0,0,28205.0,0,0,0,0,0,1067.125396
736369,736489,0,0,0,0,0,0,28205.0,0,0,0,0,0,1067.125396
736369,736489,0,0,0,0,0,0,28205.0,0,0,0,0,0,1067.125396
736369,736489,0,0,0,0,0,0,28205.0,0,0,0,0,0,1067.125396
736369,736489,0,0,0,0,0,0,28205.0,0,0,0,0,0,1067.125396
736369,736489,0,0,0,0,0,0,28205.0,0,0,0,0,0,1067.125396
0,0,0,0,0,0,0,0,94521.0,0,0,0,0,0,1048.9307489999999
0,0,0,0,0,0,0,0,94521.0,0,0,0,0,0,1048.9307489999999
0,0,0,0,0,0,0,0,19013.0,0,0,0,0,0,1434.3321199999998
0,0,0,0,0,0,0,0,19013.0,0,0,0,0,0,1434.3321199999998
736761,736853,0,0,0,0,0,0,90004.0,0,0,0,0,0,1031.5290969999996
0,0,0,0,0,0,0,0,89431.0,0,0,0,0,0,1021.7723239999998
0,0,0,0,0,0,0,0,90032.0,0,0,0,0,0,1034.961929
736208,0,0,0,0,0,0,0,42420.0,0,0,0,0,0,1063.82484
736208,0,0,0,0,0,0,0,42420.0,0,0,0,0,0,1063.82484
736208,0,0,0,0,0,0,0,42420.0,0,0,0,0,0,1063.82484
736208,0,0,0,0,0,0,0,42420.0,0,0,0,0,0,1063.82484
736209,0,0,0,0,0,0,0,62521.0,0,0,0,0,0,1061.7147320000001
0,0,0,0,0,0,0,0,10009.0,0,0,0,0,0,1742.9310379999993
0,0,0,0,0,0,0,0,10009.0,0,0,0,0,0,1742.9310379999993
0,0,0,0,0,0,0,0,10009.0,0,0,0,0,0,1742.9310379999993
736856,736978,0,0,0,0,0,0,10011.0,0,0,0,0,0,1423.8040759999997
0,0,0,0,0,0,0,0,10009.0,0,0,0,0,0,1742.9310379999993
0,0,0,0,0,0,0,0,85254.0,0,0,0,0,0,1006.5456479999999
736337,736457,0,0,0,0,0,0,79109.0,0,0,0,0,0,1020.3355759999996
0,0,0,0,0,0,0,0,19140.0,0,0,0,0,0,1365.6374599999995
736793,736915,0,0,0,0,0,0,92704.0,0,0,0,0,0,1031.2421489999997
0,0,0,0,0,0,0,0,43055.0,0,0,0,0,0,1118.4940360000003
0,0,0,0,0,0,0,0,43055.0,0,0,0,0,0,1118.4940360000003
0,0,0,0,0,0,0,0,43055.0,0,0,0,0,0,1118.4940360000003
0,0,0,0,0,0,0,0,10035.0,0,0,0,0,0,1720.0015379999995
0,0,0,0,0,0,0,0,10035.0,0,0,0,0,0,1720.0015379999995
0,0,0,0,0,0,0,0,10035.0,0,0,0,0,0,1720.0015379999995
0,0,0,0,0,0,0,0,10035.0,0,0,0,0,0,1720.0015379999995
0,0,0,0,0,0,0,0,10035.0,0,0,0,0,0,1720.0015379999995
0,0,0,0,0,0,0,0,10035.0,0,0,0,0,0,1720.0015379999995
0,0,0,0,0,0,0,0,10035.0,0,0,0,0,0,1720.0015379999995
736454,736485,0,0,0,0,0,0,89015.0,0,0,0,0,0,1046.8088979999998
736454,736485,0,0,0,0,0,0,89015.0,0,0,0,0,0,1046.8088979999998
0,0,0,0,0,0,0,0,98103.0,0,0,0,0,0,1048.076349
0,0,0,0,0,0,0,0,98103.0,0,0,0,0,0,1048.076349
0,0,0,0,0,0,0,0,10009.0,0,0,0,0,0,1742.9310379999993
0,0,0,0,0,0,0,0,98103.0,0,0,0,0,0,1048.076349
0,0,0,0,0,0,0,0,37167.0,0,0,0,0,0,1159.0822960000003
736706,736918,0,0,0,0,0,0,98105.0,0,0,0,0,0,1041.2793869999996
736706,736918,0,0,0,0,0,0,98105.0,0,0,0,0,0,1041.2793869999996
736215,0,0,0,0,0,0,0,10035.0,0,0,0,0,0,1582.9076899999993
736215,0,0,0,0,0,0,0,10035.0,0,0,0,0,0,1582.9076899999993
0,0,0,0,0,0,0,0,30318.0,0,0,0,0,0,1216.254424
0,0,0,0,0,0,0,0,30318.0,0,0,0,0,0,1216.254424
0,0,0,0,0,0,0,0,19711.0,0,0,0,0,0,1365.6374599999995
0,0,0,0,0,0,0,0,19711.0,0,0,0,0,0,1365.6374599999995
0,0,0,0,0,0,0,0,37211.0,0,0,0,0,0,1159.0822960000003
0,0,0,0,0,0,0,0,37211.0,0,0,0,0,0,1159.0822960000003
0,736706,0,0,0,0,0,0,47374.0,0,0,0,0,0,1080.8010520000003
0,736706,0,0,0,0,0,0,47374.0,0,0,0,0,0,1080.8010520000003
0,736706,0,0,0,0,0,0,47374.0,0,0,0,0,0,1080.8010520000003
0,736706,0,0,0,0,0,0,47374.0,0,0,0,0,0,1080.8010520000003
0,736706,0,0,0,0,0,0,47374.0,0,0,0,0,0,1080.8010520000003
0,0,0,0,0,0,0,0,33180.0,0,0,0,0,0,1194.7120960000002
0,0,0,0,0,0,0,0,33180.0,0,0,0,0,0,1194.7120960000002
0,0,0,0,0,0,0,0,33180.0,0,0,0,0,0,1194.7120960000002
0,0,0,0,0,0,0,0,33180.0,0,0,0,0,0,1194.7120960000002
736884,736884,0,0,0,0,0,0,63301.0,0,0,0,0,0,1081.5857919999999
736884,736884,0,0,0,0,0,0,63301.0,0,0,0,0,0,1081.5857919999999
0,0,0,0,0,0,0,0,23464.0,0,0,0,0,0,1302.1393939999998
737001,0,0,0,0,0,0,0,19140.0,0,0,0,0,0,1246.648134
737001,0,0,0,0,0,0,0,19140.0,0,0,0,0,0,1246.648134
737001,0,0,0,0,0,0,0,19140.0,0,0,0,0,0,1246.648134
737001,0,0,0,0,0,0,0,19140.0,0,0,0,0,0,1246.648134
736669,0,0,0,0,0,0,0,11561.0,0,0,0,0,0,1578.187002
736669,0,0,0,0,0,0,0,11561.0,0,0,0,0,0,1578.187002
0,0,0,0,0,0,0,0,77070.0,0,0,0,0,0,1070.2188320000002
0,0,0,0,0,0,0,0,35401.0,0,0,0,0,0,1194.7120960000002
0,0,0,0,0,0,0,0,85204.0,0,0,0,0,0,1005.7666279999999
735851,0,0,0,0,0,0,0,28540.0,0,0,0,0,0,1213.370308
736249,0,0,0,0,0,0,0,60610.0,0,0,0,0,0,1062.205852
0,0,0,0,0,0,0,0,31907.0,0,0,0,0,0,1194.7120960000002
0,0,0,0,0,0,0,0,31907.0,0,0,0,0,0,1194.7120960000002
0,736789,0,0,0,0,0,0,7050.0,0,0,0,0,0,1576.2889979999995
0,0,0,0,0,0,0,0,90032.0,0,0,0,0,0,1034.961929
0,0,0,0,0,0,0,0,90032.0,0,0,0,0,0,1034.961929
0,0,0,0,0,0,0,0,60623.0,0,0,0,0,0,1100.3046960000001
0,0,0,0,0,0,0,0,60623.0,0,0,0,0,0,1100.3046960000001
735695,735848,0,0,0,0,0,0,23223.0,0,0,0,0,0,1264.9812919999997
735695,735848,0,0,0,0,0,0,23223.0,0,0,0,0,0,1264.9812919999997
0,0,0,0,0,0,0,0,12180.0,0,0,0,0,0,1739.0681099999993
0,0,0,0,0,0,0,0,12180.0,0,0,0,0,0,1739.0681099999993
0,0,0,0,0,0,0,0,2908.0,0,0,0,0,0,1749.7338779999993
0,0,0,0,0,0,0,0,94122.0,0,0,0,0,0,1048.9307489999999
0,0,0,0,0,0,0,0,94122.0,0,0,0,0,0,1048.9307489999999
0,0,0,0,0,0,0,0,94122.0,0,0,0,0,0,1048.9307489999999
0,0,0,0,0,0,0,0,94122.0,0,0,0,0,0,1048.9307489999999
736916,0,0,0,0,0,0,0,10009.0,0,0,0,0,0,1571.4303199999997
0,0,0,0,0,0,0,0,94109.0,0,0,0,0,0,1038.179099
0,0,0,0,0,0,0,0,77070.0,0,0,0,0,0,1070.2188320000002
0,0,0,0,0,0,0,0,77070.0,0,0,0,0,0,1070.2188320000002
0,0,0,0,0,0,0,0,77070.0,0,0,0,0,0,1070.2188320000002
0,0,0,0,0,0,0,0,77070.0,0,0,0,0,0,1070.2188320000002
0,0,0,0,0,0,0,0,77070.0,0,0,0,0,0,1070.2188320000002
736789,736972,0,0,0,0,0,0,19140.0,0,0,0,0,0,1190.1267419999997
736789,736972,0,0,0,0,0,0,19140.0,0,0,0,0,0,1190.1267419999997
0,0,0,0,0,0,0,0,21215.0,0,0,0,0,0,1369.0632739999994
735750,735780,0,0,0,0,0,0,30605.0,0,0,0,0,0,1172.584314
0,0,0,0,0,0,0,0,43130.0,0,0,0,0,0,1118.4940360000003
0,736789,0,0,0,0,0,0,90032.0,0,0,0,0,0,1037.5986860000003
0,0,0,0,0,0,0,0,21215.0,0,0,0,0,0,1369.0632739999994
0,0,0,0,0,0,0,0,77095.0,0,0,0,0,0,1049.1600080000003
0,0,0,0,0,0,0,0,77095.0,0,0,0,0,0,1049.1600080000003
0,0,0,0,0,0,0,0,77095.0,0,0,0,0,0,1049.1600080000003
0,0,0,0,0,0,0,0,77095.0,0,0,0,0,0,1049.1600080000003
0,0,0,0,0,0,0,0,77095.0,0,0,0,0,0,1049.1600080000003
736674,0,0,0,0,0,0,0,92024.0,0,0,0,0,0,1004.0102509999997
736674,0,0,0,0,0,0,0,92024.0,0,0,0,0,0,1004.0102509999997
736339,736490,0,0,0,0,0,0,33012.0,0,0,0,0,0,1067.125396
736339,736490,0,0,0,0,0,0,33012.0,0,0,0,0,0,1067.125396
736665,0,0,0,0,0,0,0,30318.0,0,0,0,0,0,1110.272268
736665,0,0,0,0,0,0,0,30318.0,0,0,0,0,0,1110.272268
0,0,0,0,0,0,0,0,98103.0,0,0,0,0,0,1048.076349
0,0,0,0,0,0,0,0,90036.0,0,0,0,0,0,1034.961929
0,0,0,0,0,0,0,0,90036.0,0,0,0,0,0,1034.961929
736276,0,0,0,0,0,0,0,10035.0,0,0,0,0,0,1582.9076899999993
736276,0,0,0,0,0,0,0,10035.0,0,0,0,0,0,1582.9076899999993
0,736400,0,0,0,0,0,0,33311.0,0,0,0,0,0,1184.0919520000002
0,736400,0,0,0,0,0,0,33311.0,0,0,0,0,0,1184.0919520000002
0,0,0,0,0,0,0,0,14609.0,0,0,0,0,0,2048.773129999999
0,735995,0,0,0,0,0,0,60174.0,0,0,0,0,0,1166.490848
736246,0,0,0,0,0,0,0,10024.0,0,0,0,0,0,1592.40665
736735,736855,0,0,0,0,0,0,94109.0,0,0,0,0,0,1033.4029089999997
736735,736855,0,0,0,0,0,0,94109.0,0,0,0,0,0,1033.4029089999997
736642,0,0,0,0,0,0,0,85023.0,0,0,0,0,0,984.1205199999997
736642,0,0,0,0,0,0,0,85023.0,0,0,0,0,0,984.1205199999997
736642,0,0,0,0,0,0,0,85023.0,0,0,0,0,0,984.1205199999997
736366,736486,0,0,0,0,0,0,98115.0,0,0,0,0,0,1048.4349849999996
736366,736486,0,0,0,0,0,0,98115.0,0,0,0,0,0,1048.4349849999996
736366,736486,0,0,0,0,0,0,98115.0,0,0,0,0,0,1048.4349849999996
0,0,0,0,0,0,0,0,93010.0,0,0,0,0,0,1027.342234
0,0,0,0,0,0,0,0,48205.0,0,0,0,0,0,1127.0040120000003
0,0,0,0,0,0,0,0,48205.0,0,0,0,0,0,1127.0040120000003
736028,736120,0,0,0,0,0,0,94109.0,0,0,0,0,0,1067.1643809999996
736028,736120,0,0,0,0,0,0,94109.0,0,0,0,0,0,1067.1643809999996
736028,736120,0,0,0,0,0,0,94109.0,0,0,0,0,0,1067.1643809999996
736028,736120,0,0,0,0,0,0,94109.0,0,0,0,0,0,1067.1643809999996
736938,0,0,0,0,0,0,0,19140.0,0,0,0,0,0,1240.659514
0,0,0,0,0,0,0,0,10035.0,0,0,0,0,0,1720.0015379999995
736734,736854,0,0,0,0,0,0,60623.0,0,0,0,0,0,1072.300276
0,0,0,0,0,0,0,0,94122.0,0,0,0,0,0,1048.9307489999999
0,0,0,0,0,0,0,0,94122.0,0,0,0,0,0,1048.9307489999999
0,0,0,0,0,0,0,0,94122.0,0,0,0,0,0,1048.9307489999999
0,0,0,0,0,0,0,0,19134.0,0,0,0,0,0,1404.99292
0,0,0,0,0,0,0,0,19134.0,0,0,0,0,0,1404.99292
0,0,0,0,0,0,0,0,94122.0,0,0,0,0,0,1048.9307489999999
0,0,0,0,0,0,0,0,94122.0,0,0,0,0,0,1048.9307489999999
0,0,0,0,0,0,0,0,6824.0,0,0,0,0,0,1750.2965979999994
0,0,0,0,0,0,0,0,6824.0,0,0,0,0,0,1750.2965979999994
0,0,0,0,0,0,0,0,6824.0,0,0,0,0,0,1750.2965979999994
736544,736666,0,0,0,0,0,0,10011.0,0,0,0,0,0,1429.9192959999993
736544,736666,0,0,0,0,0,0,10011.0,0,0,0,0,0,1429.9192959999993
736544,736666,0,0,0,0,0,0,10011.0,0,0,0,0,0,1429.9192959999993
735791,735883,0,0,0,0,0,0,90049.0,0,0,0,0,0,1076.2527849999997
736609,736609,0,0,0,0,0,0,19143.0,0,0,0,0,0,1215.1823039999997
0,0,0,0,0,0,0,0,95123.0,0,0,0,0,0,1048.076349
0,0,0,0,0,0,0,0,95123.0,0,0,0,0,0,1048.076349
0,0,0,0,0,0,0,0,91104.0,0,0,0,0,0,1021.7960989999998
0,0,0,0,0,0,0,0,91104.0,0,0,0,0,0,1021.7960989999998
0,0,0,0,0,0,0,0,91104.0,0,0,0,0,0,1021.7960989999998
0,0,0,0,0,0,0,0,19134.0,0,0,0,0,0,1404.99292
0,0,0,0,0,0,0,0,90049.0,0,0,0,0,0,1021.7960989999998
736939,0,0,0,0,0,0,0,90032.0,0,0,0,0,0,1019.2114809999998
735660,735813,0,0,0,0,0,0,43229.0,0,0,0,0,0,1102.486298
735660,735813,0,0,0,0,0,0,43229.0,0,0,0,0,0,1102.486298
735660,735813,0,0,0,0,0,0,43229.0,0,0,0,0,0,1102.486298
736060,736213,0,0,0,0,0,0,90008.0,0,0,0,0,0,1056.1236429999997
736060,736213,0,0,0,0,0,0,90008.0,0,0,0,0,0,1056.1236429999997
0,736369,0,0,0,0,0,0,33021.0,0,0,0,0,0,1184.0919520000002
736672,0,0,0,0,0,0,0,48066.0,0,0,0,0,0,1073.291692
0,736425,0,0,0,0,0,0,54880.0,0,0,0,0,0,1179.4821180000001
0,736425,0,0,0,0,0,0,54880.0,0,0,0,0,0,1179.4821180000001
0,736425,0,0,0,0,0,0,54880.0,0,0,0,0,0,1179.4821180000001
0,736425,0,0,0,0,0,0,54880.0,0,0,0,0,0,1179.4821180000001
0,736425,0,0,0,0,0,0,54880.0,0,0,0,0,0,1179.4821180000001
0,736425,0,0,0,0,0,0,54880.0,0,0,0,0,0,1179.4821180000001
0,736425,0,0,0,0,0,0,54880.0,0,0,0,0,0,1179.4821180000001
0,736425,0,0,0,0,0,0,54880.0,0,0,0,0,0,1179.4821180000001
736973,0,0,0,0,0,0,0,91360.0,0,0,0,0,0,1007.4853309999997
0,0,0,0,0,0,0,0,19134.0,0,0,0,0,0,1404.99292
0,0,0,0,0,0,0,0,19134.0,0,0,0,0,0,1404.99292
0,0,0,0,0,0,0,0,22153.0,0,0,0,0,0,1330.8185939999996
0,0,0,0,0,0,0,0,77095.0,0,0,0,0,0,1049.1600080000003
0,0,0,0,0,0,0,0,38401.0,0,0,0,0,0,1159.0822960000003
0,0,0,0,0,0,0,0,38401.0,0,0,0,0,0,1159.0822960000003
0,0,0,0,0,0,0,0,28027.0,0,0,0,0,0,1253.799104
0,0,0,0,0,0,0,0,28027.0,0,0,0,0,0,1253.799104
0,0,0,0,0,0,0,0,95123.0,0,0,0,0,0,1048.076349
0,0,0,0,0,0,0,0,95123.0,0,0,0,0,0,1048.076349
736612,0,0,0,0,0,0,0,27405.0,0,0,0,0,0,1145.396368
736612,0,0,0,0,0,0,0,27405.0,0,0,0,0,0,1145.396368
0,0,0,0,0,0,0,0,59601.0,0,0,0,0,0,1133.037544
0,0,0,0,0,0,0,0,59601.0,0,0,0,0,0,1133.037544
735640,735760,0,0,0,0,0,0,33311.0,0,0,0,0,0,1161.6232539999999
0,0,0,0,0,0,0,0,94110.0,0,0,0,0,0,1038.179099
0,0,0,0,0,0,0,0,94110.0,0,0,0,0,0,1038.179099
0,0,0,0,0,0,0,0,85364.0,0,0,0,0,0,1006.5456479999999
0,0,0,0,0,0,0,0,21044.0,0,0,0,0,0,1362.1825639999995
0,0,0,0,0,0,0,0,85364.0,0,0,0,0,0,1006.5456479999999
0,0,0,0,0,0,0,0,60653.0,0,0,0,0,0,1100.3046960000001
736946,0,0,0,0,0,0,0,44105.0,0,0,0,0,0,1065.2388999999998
736946,0,0,0,0,0,0,0,44105.0,0,0,0,0,0,1065.2388999999998
0,0,0,0,0,0,0,0,94110.0,0,0,0,0,0,1038.179099
0,0,0,0,0,0,0,0,73120.0,0,0,0,0,0,1100.3046960000001
0,0,0,0,0,0,0,0,73120.0,0,0,0,0,0,1100.3046960000001
735638,735788,0,0,0,0,0,0,77095.0,0,0,0,0,0,1094.998964
0,0,0,0,0,0,0,0,94122.0,0,0,0,0,0,1048.9307489999999
0,0,0,0,0,0,0,0,94122.0,0,0,0,0,0,1048.9307489999999
0,0,0,0,0,0,0,0,94122.0,0,0,0,0,0,1048.9307489999999
736796,736949,0,0,0,0,0,0,37211.0,0,0,0,0,0,1035.8172439999998
0,0,0,0,0,0,0,0,90036.0,0,0,0,0,0,1034.961929
0,0,0,0,0,0,0,0,98006.0,0,0,0,0,0,1048.076349
735693,735723,0,0,0,0,0,0,77036.0,0,0,0,0,0,1137.1137840000001
735693,735723,0,0,0,0,0,0,77036.0,0,0,0,0,0,1137.1137840000001
736239,0,0,0,0,0,0,0,19143.0,0,0,0,0,0,1274.6165039999998
0,0,0,0,0,0,0,0,60016.0,0,0,0,0,0,1133.037544
0,0,0,0,0,0,0,0,60016.0,0,0,0,0,0,1133.037544
0,0,0,0,0,0,0,0,60016.0,0,0,0,0,0,1133.037544
0,0,0,0,0,0,0,0,60016.0,0,0,0,0,0,1133.037544
0,0,0,0,0,0,0,0,60016.0,0,0,0,0,0,1133.037544
736793,736915,0,0,0,0,0,0,33437.0,0,0,0,0,0,1058.356036
736793,736915,0,0,0,0,0,0,33437.0,0,0,0,0,0,1058.356036
0,735633,0,0,0,0,0,0,75023.0,0,0,0,0,0,1134.874294
736460,736521,0,0,0,0,0,0,95123.0,0,0,0,0,0,1046.7881549999997
736460,736521,0,0,0,0,0,0,95123.0,0,0,0,0,0,1046.7881549999997
736460,736521,0,0,0,0,0,0,95123.0,0,0,0,0,0,1046.7881549999997
736973,0,0,0,0,0,0,0,10024.0,0,0,0,0,0,1598.16232
736245,0,0,0,0,0,0,0,48227.0,0,0,0,0,0,1069.168232
736217,0,0,0,0,0,0,0,33178.0,0,0,0,0,0,1093.25944
736217,0,0,0,0,0,0,0,33178.0,0,0,0,0,0,1093.25944
736217,0,0,0,0,0,0,0,33178.0,0,0,0,0,0,1093.25944
0,736366,0,0,0,0,0,0,60068.0,0,0,0,0,0,1179.78871
737003,0,0,0,0,0,0,0,10024.0,0,0,0,0,0,1634.0602599999997
0,0,0,0,0,0,0,0,10011.0,0,0,0,0,0,1747.7220079999993
0,0,0,0,0,0,0,0,97123.0,0,0,0,0,0,1048.076349
0,0,0,0,0,0,0,0,97123.0,0,0,0,0,0,1048.076349
0,0,0,0,0,0,0,0,10009.0,0,0,0,0,0,1742.9310379999993
0,0,0,0,0,0,0,0,10009.0,0,0,0,0,0,1742.9310379999993
736762,736884,0,0,0,0,0,0,60623.0,0,0,0,0,0,1079.622512
736762,736884,0,0,0,0,0,0,60623.0,0,0,0,0,0,1079.622512
736826,736918,0,0,0,0,0,0,10024.0,0,0,0,0,0,1423.8040759999997
736826,736918,0,0,0,0,0,0,10024.0,0,0,0,0,0,1423.8040759999997
736978,0,0,0,0,0,0,0,99301.0,0,0,0,0,0,1048.614001
736978,0,0,0,0,0,0,0,99301.0,0,0,0,0,0,1048.614001
0,0,0,0,0,0,0,0,91505.0,0,0,0,0,0,1021.7960989999998
0,0,0,0,0,0,0,0,91505.0,0,0,0,0,0,1021.7960989999998
0,0,0,0,0,0,0,0,91505.0,0,0,0,0,0,1021.7960989999998
736674,0,0,0,0,0,0,0,60623.0,0,0,0,0,0,1062.172032
0,0,0,0,0,0,0,0,17602.0,0,0,0,0,0,1434.3321199999998
0,0,0,0,0,0,0,0,17602.0,0,0,0,0,0,1434.3321199999998
736272,0,0,0,0,0,0,0,33614.0,0,0,0,0,0,1093.25944
736272,0,0,0,0,0,0,0,33614.0,0,0,0,0,0,1093.25944
0,0,0,0,0,0,0,0,10024.0,0,0,0,0,0,1743.6276379999993
0,0,0,0,0,0,0,0,10024.0,0,0,0,0,0,1743.6276379999993
0,0,0,0,0,0,0,0,90045.0,0,0,0,0,0,1021.7960989999998
0,0,0,0,0,0,0,0,10035.0,0,0,0,0,0,1720.0015379999995
0,0,0,0,0,0,0,0,10009.0,0,0,0,0,0,1742.9310379999993
0,735606,0,0,0,0,0,0,30318.0,0,0,0,0,0,1244.885448
0,735606,0,0,0,0,0,0,30318.0,0,0,0,0,0,1244.885448
0,735606,0,0,0,0,0,0,30318.0,0,0,0,0,0,1244.885448
0,735964,0,0,0,0,0,0,10009.0,0,0,0,0,0,1690.562957999999
737010,0,0,0,0,0,0,0,32216.0,0,0,0,0,0,1183.1069400000001
737010,0,0,0,0,0,0,0,32216.0,0,0,0,0,0,1183.1069400000001
737010,0,0,0,0,0,0,0,32216.0,0,0,0,0,0,1183.1069400000001
737010,0,0,0,0,0,0,0,32216.0,0,0,0,0,0,1183.1069400000001
735660,735782,0,0,0,0,0,0,77095.0,0,0,0,0,0,1094.998964
0,0,0,0,0,0,0,0,53209.0,0,0,0,0,0,1137.4537320000002
0,0,0,0,0,0,0,0,53209.0,0,0,0,0,0,1137.4537320000002
736978,0,0,0,0,0,0,0,95351.0,0,0,0,0,0,1037.0369609999998
0,0,0,0,0,0,0,0,44107.0,0,0,0,0,0,1118.4940360000003
0,0,0,0,0,0,0,0,19134.0,0,0,0,0,0,1404.99292
736847,0,0,0,0,0,0,0,94109.0,0,0,0,0,0,1027.8853109999995
0,736361,0,0,0,0,0,0,48205.0,0,0,0,0,0,1133.5242480000002
736582,0,0,0,0,0,0,0,85023.0,0,0,0,0,0,984.1205199999997
736582,0,0,0,0,0,0,0,85023.0,0,0,0,0,0,984.1205199999997
0,736024,0,0,0,0,0,0,19143.0,0,0,0,0,0,1354.9161839999997
0,736024,0,0,0,0,0,0,19143.0,0,0,0,0,0,1354.9161839999997
736667,0,0,0,0,0,0,0,90036.0,0,0,0,0,0,1015.7364009999998
736667,0,0,0,0,0,0,0,90036.0,0,0,0,0,0,1015.7364009999998
736667,0,0,0,0,0,0,0,90036.0,0,0,0,0,0,1015.7364009999998
0,736431,0,0,0,0,0,0,19140.0,0,0,0,0,0,1342.0374399999998
0,736431,0,0,0,0,0,0,19140.0,0,0,0,0,0,1342.0374399999998
0,736431,0,0,0,0,0,0,19140.0,0,0,0,0,0,1342.0374399999998
0,736431,0,0,0,0,0,0,19140.0,0,0,0,0,0,1342.0374399999998
0,736431,0,0,0,0,0,0,19140.0,0,0,0,0,0,1342.0374399999998
0,0,0,0,0,0,0,0,33180.0,0,0,0,0,0,1194.7120960000002
736210,736271,0,0,0,0,0,0,27604.0,0,0,0,0,0,1111.648596
0,735609,0,0,0,0,0,0,67846.0,0,0,0,0,0,1150.770094
736876,736938,0,0,0,0,0,0,90805.0,0,0,0,0,0,1047.9990969999997
736876,736938,0,0,0,0,0,0,90805.0,0,0,0,0,0,1047.9990969999997
736876,736938,0,0,0,0,0,0,90805.0,0,0,0,0,0,1047.9990969999997
736876,736938,0,0,0,0,0,0,90805.0,0,0,0,0,0,1047.9990969999997
0,0,0,0,0,0,0,0,92037.0,0,0,0,0,0,1021.7960989999998
736736,736825,0,0,0,0,0,0,61701.0,0,0,0,0,0,1063.831856
0,0,0,0,0,0,0,0,98115.0,0,0,0,0,0,1056.132109
0,0,0,0,0,0,0,0,28314.0,0,0,0,0,0,1216.254424
0,0,0,0,0,0,0,0,68104.0,0,0,0,0,0,1100.3046960000001
0,0,0,0,0,0,0,0,68104.0,0,0,0,0,0,1100.3046960000001
0,0,0,0,0,0,0,0,68104.0,0,0,0,0,0,1100.3046960000001
0,0,0,0,0,0,0,0,68104.0,0,0,0,0,0,1100.3046960000001
0,0,0,0,0,0,0,0,68104.0,0,0,0,0,0,1100.3046960000001
0,0,0,0,0,0,0,0,68104.0,0,0,0,0,0,1100.3046960000001
0,0,0,0,0,0,0,0,68104.0,0,0,0,0,0,1100.3046960000001
0,0,0,0,0,0,0,0,68104.0,0,0,0,0,0,1100.3046960000001
0,0,0,0,0,0,0,0,68104.0,0,0,0,0,0,1100.3046960000001
0,0,0,0,0,0,0,0,68104.0,0,0,0,0,0,1100.3046960000001
0,736765,0,0,0,0,0,0,37421.0,0,0,0,0,0,1107.3926760000002
0,736765,0,0,0,0,0,0,37421.0,0,0,0,0,0,1107.3926760000002
736796,736887,0,0,0,0,0,0,45014.0,0,0,0,0,0,1046.806592
736730,736850,0,0,0,0,0,0,90049.0,0,0,0,0,0,1019.3275369999997
736730,736850,0,0,0,0,0,0,90049.0,0,0,0,0,0,1019.3275369999997
736730,736850,0,0,0,0,0,0,90049.0,0,0,0,0,0,1019.3275369999997
0,0,0,0,0,0,0,0,10024.0,0,0,0,0,0,1743.6276379999993
0,0,0,0,0,0,0,0,10024.0,0,0,0,0,0,1743.6276379999993
0,0,0,0,0,0,0,0,45014.0,0,0,0,0,0,1130.9557560000003
735939,0,0,0,0,0,0,0,60610.0,0,0,0,0,0,1092.943056
735939,0,0,0,0,0,0,0,60610.0,0,0,0,0,0,1092.943056
736550,0,0,0,0,0,0,0,98103.0,0,0,0,0,0,1031.1413009999997
736550,0,0,0,0,0,0,0,98103.0,0,0,0,0,0,1031.1413009999997
736853,736975,0,0,0,0,0,0,10011.0,0,0,0,0,0,1423.8040759999997
0,0,0,0,0,0,0,0,93010.0,0,0,0,0,0,1027.342234
0,0,0,0,0,0,0,0,93010.0,0,0,0,0,0,1027.342234
0,0,0,0,0,0,0,0,93010.0,0,0,0,0,0,1027.342234
0,0,0,0,0,0,0,0,93010.0,0,0,0,0,0,1027.342234
0,0,0,0,0,0,0,0,60653.0,0,0,0,0,0,1100.3046960000001
0,736486,0,0,0,0,0,0,90032.0,0,0,0,0,0,1092.6996909999998
735814,735936,0,0,0,0,0,0,43615.0,0,0,0,0,0,1102.486298
0,0,0,0,0,0,0,0,10011.0,0,0,0,0,0,1747.7220079999993
0,736759,0,0,0,0,0,0,97224.0,0,0,0,0,0,1031.496153
0,736759,0,0,0,0,0,0,97224.0,0,0,0,0,0,1031.496153
0,736759,0,0,0,0,0,0,97224.0,0,0,0,0,0,1031.496153
0,0,0,0,0,0,0,0,19134.0,0,0,0,0,0,1404.99292
0,0,0,0,0,0,0,0,19134.0,0,0,0,0,0,1404.99292
0,0,0,0,0,0,0,0,19134.0,0,0,0,0,0,1404.99292
0,0,0,0,0,0,0,0,19134.0,0,0,0,0,0,1404.99292
0,0,0,0,0,0,0,0,19134.0,0,0,0,0,0,1404.99292
0,0,0,0,0,0,0,0,19134.0,0,0,0,0,0,1404.99292
0,0,0,0,0,0,0,0,19134.0,0,0,0,0,0,1404.99292
0,0,0,0,0,0,0,0,19134.0,0,0,0,0,0,1404.99292
0,0,0,0,0,0,0,0,19134.0,0,0,0,0,0,1404.99292
736971,0,0,0,0,0,0,0,19143.0,0,0,0,0,0,1239.528534
736971,0,0,0,0,0,0,0,19143.0,0,0,0,0,0,1239.528534
0,0,0,0,0,0,0,0,77070.0,0,0,0,0,0,1070.2188320000002
0,0,0,0,0,0,0,0,77070.0,0,0,0,0,0,1070.2188320000002
0,0,0,0,0,0,0,0,39212.0,0,0,0,0,0,1157.8494960000003
0,0,0,0,0,0,0,0,39212.0,0,0,0,0,0,1157.8494960000003
0,0,0,0,0,0,0,0,39212.0,0,0,0,0,0,1157.8494960000003
0,0,0,0,0,0,0,0,39212.0,0,0,0,0,0,1157.8494960000003
0,0,0,0,0,0,0,0,39212.0,0,0,0,0,0,1157.8494960000003
735849,0,0,0,0,0,0,0,85023.0,0,0,0,0,0,1028.5105959999999
735849,0,0,0,0,0,0,0,85023.0,0,0,0,0,0,1028.5105959999999
0,0,0,0,0,0,0,0,93030.0,0,0,0,0,0,1027.342234
0,0,0,0,0,0,0,0,93030.0,0,0,0,0,0,1027.342234
0,0,0,0,0,0,0,0,93030.0,0,0,0,0,0,1027.342234
0,0,0,0,0,0,0,0,98105.0,0,0,0,0,0,1056.132109
0,0,0,0,0,0,0,0,98042.0,0,0,0,0,0,1048.076349
736734,736854,0,0,0,0,0,0,90049.0,0,0,0,0,0,1029.7592369999998
736734,736854,0,0,0,0,0,0,90049.0,0,0,0,0,0,1029.7592369999998
0,0,0,0,0,0,0,0,92105.0,0,0,0,0,0,1027.027459
735853,735914,0,0,0,0,0,0,78521.0,0,0,0,0,0,1063.5684079999999
735853,735914,0,0,0,0,0,0,78521.0,0,0,0,0,0,1063.5684079999999
736755,736877,0,0,0,0,0,0,60610.0,0,0,0,0,0,1079.2613359999998
736755,736877,0,0,0,0,0,0,60610.0,0,0,0,0,0,1079.2613359999998
736755,736877,0,0,0,0,0,0,60610.0,0,0,0,0,0,1079.2613359999998
736755,736877,0,0,0,0,0,0,60610.0,0,0,0,0,0,1079.2613359999998
737009,0,0,0,0,0,0,0,37918.0,0,0,0,0,0,1168.1617999999999
0,0,0,0,0,0,0,0,77036.0,0,0,0,0,0,1108.4913520000002
0,0,0,0,0,0,0,0,77036.0,0,0,0,0,0,1108.4913520000002
0,0,0,0,0,0,0,0,77036.0,0,0,0,0,0,1108.4913520000002
0,0,0,0,0,0,0,0,77036.0,0,0,0,0,0,1108.4913520000002
0,736701,0,0,0,0,0,0,60440.0,0,0,0,0,0,1101.2642460000002
0,736427,0,0,0,0,0,0,60623.0,0,0,0,0,0,1145.900442
0,736427,0,0,0,0,0,0,60623.0,0,0,0,0,0,1145.900442
0,0,0,0,0,0,0,0,22980.0,0,0,0,0,0,1302.1393939999998
0,0,0,0,0,0,0,0,22980.0,0,0,0,0,0,1302.1393939999998
0,0,0,0,0,0,0,0,22980.0,0,0,0,0,0,1302.1393939999998
0,0,0,0,0,0,0,0,22980.0,0,0,0,0,0,1302.1393939999998
736272,0,0,0,0,0,0,0,90004.0,0,0,0,0,0,1008.6096909999998
736272,0,0,0,0,0,0,0,90004.0,0,0,0,0,0,1008.6096909999998
0,735966,0,0,0,0,0,0,98105.0,0,0,0,0,0,1111.5910669999998
736550,0,0,0,0,0,0,0,93277.0,0,0,0,0,0,1005.6961259999996
736550,0,0,0,0,0,0,0,93277.0,0,0,0,0,0,1005.6961259999996
736550,0,0,0,0,0,0,0,93277.0,0,0,0,0,0,1005.6961259999996
0,0,0,0,0,0,0,0,90008.0,0,0,0,0,0,1030.255799
737009,0,0,0,0,0,0,0,90045.0,0,0,0,0,0,1133.7654109999999
0,0,0,0,0,0,0,0,10011.0,0,0,0,0,0,1747.7220079999993
0,0,0,0,0,0,0,0,10011.0,0,0,0,0,0,1747.7220079999993
0,0,0,0,0,0,0,0,19143.0,0,0,0,0,0,1365.6374599999995
0,0,0,0,0,0,0,0,19143.0,0,0,0,0,0,1365.6374599999995
736336,736395,0,0,0,0,0,0,84043.0,0,0,0,0,0,1019.4021359999996
736606,0,0,0,0,0,0,0,60653.0,0,0,0,0,0,1059.751452
735750,735872,0,0,0,0,0,0,42420.0,0,0,0,0,0,1102.486298
735750,735872,0,0,0,0,0,0,42420.0,0,0,0,0,0,1102.486298
735750,735872,0,0,0,0,0,0,42420.0,0,0,0,0,0,1102.486298
735750,735872,0,0,0,0,0,0,42420.0,0,0,0,0,0,1102.486298
735750,735872,0,0,0,0,0,0,42420.0,0,0,0,0,0,1102.486298
735750,735872,0,0,0,0,0,0,42420.0,0,0,0,0,0,1102.486298
735750,735872,0,0,0,0,0,0,42420.0,0,0,0,0,0,1102.486298
736338,736397,0,0,0,0,0,0,92646.0,0,0,0,0,0,1032.6843449999997
0,0,0,0,0,0,0,0,10011.0,0,0,0,0,0,1747.7220079999993
0,0,0,0,0,0,0,0,19140.0,0,0,0,0,0,1365.6374599999995
0,737091,0,0,0,0,0,0,58103.0,0,0,0,0,0,1137.7065979999998
0,737091,0,0,0,0,0,0,58103.0,0,0,0,0,0,1137.7065979999998
0,0,0,0,0,0,0,0,3820.0,0,0,0,0,0,1749.7338779999993
0,0,0,0,0,0,0,0,3820.0,0,0,0,0,0,1749.7338779999993
0,0,0,0,0,0,0,0,3820.0,0,0,0,0,0,1749.7338779999993
736825,736948,0,0,0,0,0,0,92105.0,0,0,0,0,0,1029.8530369999996
736246,0,0,0,0,0,0,0,90032.0,0,0,0,0,0,1013.3158209999997
0,0,0,0,0,0,0,0,13501.0,0,0,0,0,0,1782.0985099999994
737007,0,0,0,0,0,0,0,77070.0,0,0,0,0,0,1160.840556
737007,0,0,0,0,0,0,0,77070.0,0,0,0,0,0,1160.840556
737007,0,0,0,0,0,0,0,77070.0,0,0,0,0,0,1160.840556
0,0,0,0,0,0,0,0,92683.0,0,0,0,0,0,1027.342234
0,0,0,0,0,0,0,0,92683.0,0,0,0,0,0,1027.342234
0,0,0,0,0,0,0,0,92683.0,0,0,0,0,0,1027.342234
0,0,0,0,0,0,0,0,92683.0,0,0,0,0,0,1027.342234
0,0,0,0,0,0,0,0,92683.0,0,0,0,0,0,1027.342234
0,0,0,0,0,0,0,0,92683.0,0,0,0,0,0,1027.342234
0,0,0,0,0,0,0,0,92683.0,0,0,0,0,0,1027.342234
0,0,0,0,0,0,0,0,90036.0,0,0,0,0,0,1034.961929
0,0,0,0,0,0,0,0,90036.0,0,0,0,0,0,1034.961929
0,736421,0,0,0,0,0,0,8401.0,0,0,0,0,0,1624.7218739999994
736912,0,0,0,0,0,0,0,60076.0,0,0,0,0,0,1102.34492
735640,735760,0,0,0,0,0,0,94122.0,0,0,0,0,0,1091.7703349999997
735640,735760,0,0,0,0,0,0,94122.0,0,0,0,0,0,1091.7703349999997
0,0,0,0,0,0,0,0,43229.0,0,0,0,0,0,1118.4940360000003
0,0,0,0,0,0,0,0,43229.0,0,0,0,0,0,1118.4940360000003
0,0,0,0,0,0,0,0,43229.0,0,0,0,0,0,1118.4940360000003
0,0,0,0,0,0,0,0,43229.0,0,0,0,0,0,1118.4940360000003
0,0,0,0,0,0,0,0,43229.0,0,0,0,0,0,1118.4940360000003
0,0,0,0,0,0,0,0,43229.0,0,0,0,0,0,1118.4940360000003
736949,737040,0,0,0,0,0,0,40475.0,0,0,0,0,0,1071.2772039999995
736949,737040,0,0,0,0,0,0,40475.0,0,0,0,0,0,1071.2772039999995
736949,737040,0,0,0,0,0,0,40475.0,0,0,0,0,0,1071.2772039999995
736949,737040,0,0,0,0,0,0,40475.0,0,0,0,0,0,1071.2772039999995
736949,737040,0,0,0,0,0,0,40475.0,0,0,0,0,0,1071.2772039999995
736949,737040,0,0,0,0,0,0,40475.0,0,0,0,0,0,1071.2772039999995
736949,737040,0,0,0,0,0,0,40475.0,0,0,0,0,0,1071.2772039999995
736458,736642,0,0,0,0,0,0,43130.0,0,0,0,0,0,1012.2976159999998
736458,736642,0,0,0,0,0,0,43130.0,0,0,0,0,0,1012.2976159999998
736458,736642,0,0,0,0,0,0,43130.0,0,0,0,0,0,1012.2976159999998
735880,0,0,0,0,0,0,0,97030.0,0,0,0,0,0,1060.6011569999998
735880,0,0,0,0,0,0,0,97030.0,0,0,0,0,0,1060.6011569999998
0,0,0,0,0,0,0,0,94109.0,0,0,0,0,0,1038.179099
0,0,0,0,0,0,0,0,94109.0,0,0,0,0,0,1038.179099
0,0,0,0,0,0,0,0,94109.0,0,0,0,0,0,1038.179099
0,0,0,0,0,0,0,0,94109.0,0,0,0,0,0,1038.179099
0,0,0,0,0,0,0,0,94109.0,0,0,0,0,0,1038.179099
0,0,0,0,0,0,0,0,80501.0,0,0,0,0,0,1014.447608
0,0,0,0,0,0,0,0,80501.0,0,0,0,0,0,1014.447608
0,736697,0,0,0,0,0,0,27834.0,0,0,0,0,0,1188.878512
0,736697,0,0,0,0,0,0,27834.0,0,0,0,0,0,1188.878512
0,736879,0,0,0,0,0,0,90004.0,0,0,0,0,0,1060.605521
736765,736918,0,0,0,0,0,0,77041.0,0,0,0,0,0,1061.331534
0,0,0,0,0,0,0,0,94109.0,0,0,0,0,0,1038.179099
736737,736857,0,0,0,0,0,0,80219.0,0,0,0,0,0,1025.0974899999997
736737,736857,0,0,0,0,0,0,80219.0,0,0,0,0,0,1025.0974899999997
736737,736857,0,0,0,0,0,0,80219.0,0,0,0,0,0,1025.0974899999997
736737,736857,0,0,0,0,0,0,80219.0,0,0,0,0,0,1025.0974899999997
736737,736857,0,0,0,0,0,0,80219.0,0,0,0,0,0,1025.0974899999997
736737,736857,0,0,0,0,0,0,80219.0,0,0,0,0,0,1025.0974899999997
736737,736857,0,0,0,0,0,0,80219.0,0,0,0,0,0,1025.0974899999997
735881,0,0,0,0,0,0,0,77340.0,0,0,0,0,0,1061.969792
735881,0,0,0,0,0,0,0,77340.0,0,0,0,0,0,1061.969792
735881,0,0,0,0,0,0,0,77340.0,0,0,0,0,0,1061.969792
735881,0,0,0,0,0,0,0,77340.0,0,0,0,0,0,1061.969792
736458,736519,0,0,0,0,0,0,77036.0,0,0,0,0,0,1096.3545179999999
0,0,0,0,0,0,0,0,10024.0,0,0,0,0,0,1743.6276379999993
0,0,0,0,0,0,0,0,10024.0,0,0,0,0,0,1743.6276379999993
0,0,0,0,0,0,0,0,10024.0,0,0,0,0,0,1743.6276379999993
0,0,0,0,0,0,0,0,10024.0,0,0,0,0,0,1743.6276379999993
735876,0,0,0,0,0,0,0,19134.0,0,0,0,0,0,1402.108804
735876,0,0,0,0,0,0,0,19134.0,0,0,0,0,0,1402.108804
0,736737,0,0,0,0,0,0,47201.0,0,0,0,0,0,1079.0602560000002
0,736737,0,0,0,0,0,0,47201.0,0,0,0,0,0,1079.0602560000002
735609,735729,0,0,0,0,0,0,11561.0,0,0,0,0,0,1723.9433259999994
735609,735729,0,0,0,0,0,0,11561.0,0,0,0,0,0,1723.9433259999994
735609,735729,0,0,0,0,0,0,11561.0,0,0,0,0,0,1723.9433259999994
0,736695,0,0,0,0,0,0,17602.0,0,0,0,0,0,1377.9739799999995
736397,736519,0,0,0,0,0,0,60610.0,0,0,0,0,0,1087.301438
736824,736885,0,0,0,0,0,0,80219.0,0,0,0,0,0,1026.3752199999997
0,736331,0,0,0,0,0,0,98103.0,0,0,0,0,0,1077.9788629999998
0,736331,0,0,0,0,0,0,98103.0,0,0,0,0,0,1077.9788629999998
0,0,0,0,0,0,0,0,77070.0,0,0,0,0,0,1070.2188320000002
0,0,0,0,0,0,0,0,77070.0,0,0,0,0,0,1070.2188320000002
735730,735883,0,0,0,0,0,0,90045.0,0,0,0,0,0,1076.2527849999997
735730,735883,0,0,0,0,0,0,90045.0,0,0,0,0,0,1076.2527849999997
735730,735883,0,0,0,0,0,0,90045.0,0,0,0,0,0,1076.2527849999997
0,0,0,0,0,0,0,0,23602.0,0,0,0,0,0,1253.799104
0,0,0,0,0,0,0,0,23602.0,0,0,0,0,0,1253.799104
0,0,0,0,0,0,0,0,23602.0,0,0,0,0,0,1253.799104
736188,736310,0,0,0,0,0,0,90036.0,0,0,0,0,0,1087.6430229999999
736188,736310,0,0,0,0,0,0,90036.0,0,0,0,0,0,1087.6430229999999
735640,735790,0,0,0,0,0,0,98115.0,0,0,0,0,0,1098.9716949999997
735640,735790,0,0,0,0,0,0,98115.0,0,0,0,0,0,1098.9716949999997
0,0,0,0,0,0,0,0,68104.0,0,0,0,0,0,1100.3046960000001
0,0,0,0,0,0,0,0,7960.0,0,0,0,0,0,1742.9310379999993
0,0,0,0,0,0,0,0,7960.0,0,0,0,0,0,1742.9310379999993
0,0,0,0,0,0,0,0,19143.0,0,0,0,0,0,1365.6374599999995
0,0,0,0,0,0,0,0,10024.0,0,0,0,0,0,1743.6276379999993
0,0,0,0,0,0,0,0,22153.0,0,0,0,0,0,1330.8185939999996
0,0,0,0,0,0,0,0,22153.0,0,0,0,0,0,1330.8185939999996
0,0,0,0,0,0,0,0,22153.0,0,0,0,0,0,1330.8185939999996
0,0,0,0,0,0,0,0,22153.0,0,0,0,0,0,1330.8185939999996
0,0,0,0,0,0,0,0,22153.0,0,0,0,0,0,1330.8185939999996
0,0,0,0,0,0,0,0,95661.0,0,0,0,0,0,1048.076349
0,0,0,0,0,0,0,0,61107.0,0,0,0,0,0,1100.3046960000001
736458,736581,0,0,0,0,0,0,19134.0,0,0,0,0,0,1288.8775439999997
736458,736581,0,0,0,0,0,0,19134.0,0,0,0,0,0,1288.8775439999997
736458,736581,0,0,0,0,0,0,19134.0,0,0,0,0,0,1288.8775439999997
736458,736581,0,0,0,0,0,0,19134.0,0,0,0,0,0,1288.8775439999997
0,0,0,0,0,0,0,0,48234.0,0,0,0,0,0,1127.0040120000003
0,0,0,0,0,0,0,0,48234.0,0,0,0,0,0,1127.0040120000003
0,0,0,0,0,0,0,0,90004.0,0,0,0,0,0,1030.255799
0,0,0,0,0,0,0,0,97477.0,0,0,0,0,0,1048.076349
0,0,0,0,0,0,0,0,97477.0,0,0,0,0,0,1048.076349
0,0,0,0,0,0,0,0,97477.0,0,0,0,0,0,1048.076349
0,0,0,0,0,0,0,0,97477.0,0,0,0,0,0,1048.076349
0,0,0,0,0,0,0,0,97477.0,0,0,0,0,0,1048.076349
0,0,0,0,0,0,0,0,97477.0,0,0,0,0,0,1048.076349
736548,736670,0,0,0,0,0,0,2908.0,0,0,0,0,0,1427.7213659999998
0,0,0,0,0,0,0,0,60623.0,0,0,0,0,0,1100.3046960000001
0,0,0,0,0,0,0,0,60623.0,0,0,0,0,0,1100.3046960000001
0,0,0,0,0,0,0,0,60623.0,0,0,0,0,0,1100.3046960000001
0,0,0,0,0,0,0,0,75220.0,0,0,0,0,0,1100.3046960000001
736758,736880,0,0,0,0,0,0,94122.0,0,0,0,0,0,1041.9937989999996
736758,736880,0,0,0,0,0,0,94122.0,0,0,0,0,0,1041.9937989999996
0,0,0,0,0,0,0,0,92553.0,0,0,0,0,0,1027.342234
736178,736270,0,0,0,0,0,0,67846.0,0,0,0,0,0,1125.061978
736178,736270,0,0,0,0,0,0,67846.0,0,0,0,0,0,1125.061978
736178,736270,0,0,0,0,0,0,67846.0,0,0,0,0,0,1125.061978
0,0,0,0,0,0,0,0,10035.0,0,0,0,0,0,1720.0015379999995
0,735700,0,0,0,0,0,0,32839.0,0,0,0,0,0,1217.0406400000002
736614,0,0,0,0,0,0,0,13601.0,0,0,0,0,0,1659.1507619999995
736614,0,0,0,0,0,0,0,13601.0,0,0,0,0,0,1659.1507619999995
0,0,0,0,0,0,0,0,90032.0,0,0,0,0,0,1034.961929
0,0,0,0,0,0,0,0,90032.0,0,0,0,0,0,1034.961929
0,0,0,0,0,0,0,0,90004.0,0,0,0,0,0,1030.255799
0,0,0,0,0,0,0,0,90004.0,0,0,0,0,0,1030.255799
0,0,0,0,0,0,0,0,90004.0,0,0,0,0,0,1030.255799
0,0,0,0,0,0,0,0,19711.0,0,0,0,0,0,1365.6374599999995
0,0,0,0,0,0,0,0,48234.0,0,0,0,0,0,1127.0040120000003
0,0,0,0,0,0,0,0,48234.0,0,0,0,0,0,1127.0040120000003
0,0,0,0,0,0,0,0,85023.0,0,0,0,0,0,1005.7666279999999
0,0,0,0,0,0,0,0,85023.0,0,0,0,0,0,1005.7666279999999
0,0,0,0,0,0,0,0,85023.0,0,0,0,0,0,1005.7666279999999
0,735602,0,0,0,0,0,0,78521.0,0,0,0,0,0,1064.3308559999998
0,735602,0,0,0,0,0,0,78521.0,0,0,0,0,0,1064.3308559999998
0,735602,0,0,0,0,0,0,78521.0,0,0,0,0,0,1064.3308559999998
0,737060,0,0,0,0,0,0,40214.0,0,0,0,0,0,1089.807644
0,737060,0,0,0,0,0,0,40214.0,0,0,0,0,0,1089.807644
0,737060,0,0,0,0,0,0,40214.0,0,0,0,0,0,1089.807644
0,737060,0,0,0,0,0,0,40214.0,0,0,0,0,0,1089.807644
0,737060,0,0,0,0,0,0,40214.0,0,0,0,0,0,1089.807644
736728,736909,0,0,0,0,0,0,19711.0,0,0,0,0,0,1228.9519739999998
736728,736909,0,0,0,0,0,0,19711.0,0,0,0,0,0,1228.9519739999998
736728,736909,0,0,0,0,0,0,19711.0,0,0,0,0,0,1228.9519739999998
736728,736909,0,0,0,0,0,0,19711.0,0,0,0,0,0,1228.9519739999998
736490,736520,0,0,0,0,0,0,81001.0,0,0,0,0,0,1028.1987959999997
736490,736520,0,0,0,0,0,0,81001.0,0,0,0,0,0,1028.1987959999997
736490,736520,0,0,0,0,0,0,81001.0,0,0,0,0,0,1028.1987959999997
736490,736520,0,0,0,0,0,0,81001.0,0,0,0,0,0,1028.1987959999997
736088,736272,0,0,0,0,0,0,90036.0,0,0,0,0,0,1060.7807029999997
735850,0,0,0,0,0,0,0,27834.0,0,0,0,0,0,1250.914988
0,0,0,0,0,0,0,0,94110.0,0,0,0,0,0,1038.179099
0,0,0,0,0,0,0,0,94110.0,0,0,0,0,0,1038.179099
0,0,0,0,0,0,0,0,43302.0,0,0,0,0,0,1118.4940360000003
0,0,0,0,0,0,0,0,43302.0,0,0,0,0,0,1118.4940360000003
736883,736914,0,0,0,0,0,0,75081.0,0,0,0,0,0,1083.5673719999998
736883,736914,0,0,0,0,0,0,75081.0,0,0,0,0,0,1083.5673719999998
0,0,0,0,0,0,0,0,35810.0,0,0,0,0,0,1194.7120960000002
0,736006,0,0,0,0,0,0,89115.0,0,0,0,0,0,1095.5614419999997
0,736006,0,0,0,0,0,0,89115.0,0,0,0,0,0,1095.5614419999997
0,0,0,0,0,0,0,0,90049.0,0,0,0,0,0,1021.7960989999998
0,0,0,0,0,0,0,0,90049.0,0,0,0,0,0,1021.7960989999998
0,736733,0,0,0,0,0,0,44107.0,0,0,0,0,0,1076.3147960000001
736700,736820,0,0,0,0,0,0,68025.0,0,0,0,0,0,1063.831856
735780,735933,0,0,0,0,0,0,77340.0,0,0,0,0,0,1094.998964
735780,735933,0,0,0,0,0,0,77340.0,0,0,0,0,0,1094.998964
0,736704,0,0,0,0,0,0,90036.0,0,0,0,0,0,1050.69298
0,0,0,0,0,0,0,0,28806.0,0,0,0,0,0,1216.254424
0,0,0,0,0,0,0,0,71111.0,0,0,0,0,0,1100.3046960000001
736429,736551,0,0,0,0,0,0,2908.0,0,0,0,0,0,1483.4296259999996
736429,736551,0,0,0,0,0,0,2908.0,0,0,0,0,0,1483.4296259999996
736429,736551,0,0,0,0,0,0,2908.0,0,0,0,0,0,1483.4296259999996
0,0,0,0,0,0,0,0,2149.0,0,0,0,0,0,1749.7338779999993
0,0,0,0,0,0,0,0,2149.0,0,0,0,0,0,1749.7338779999993
0,0,0,0,0,0,0,0,2149.0,0,0,0,0,0,1749.7338779999993
0,0,0,0,0,0,0,0,2149.0,0,0,0,0,0,1749.7338779999993
0,0,0,0,0,0,0,0,2149.0,0,0,0,0,0,1749.7338779999993
0,0,0,0,0,0,0,0,2149.0,0,0,0,0,0,1749.7338779999993
0,0,0,0,0,0,0,0,2149.0,0,0,0,0,0,1749.7338779999993
736850,736942,0,0,0,0,0,0,91730.0,0,0,0,0,0,1029.8530369999996
735820,735820,0,0,0,0,0,0,28205.0,0,0,0,0,0,1179.0963219999999
0,736146,0,0,0,0,0,0,2908.0,0,0,0,0,0,1657.1318339999996
0,736146,0,0,0,0,0,0,2908.0,0,0,0,0,0,1657.1318339999996
0,736146,0,0,0,0,0,0,2908.0,0,0,0,0,0,1657.1318339999996
0,736146,0,0,0,0,0,0,2908.0,0,0,0,0,0,1657.1318339999996
0,736146,0,0,0,0,0,0,2908.0,0,0,0,0,0,1657.1318339999996
0,735968,0,0,0,0,0,0,48640.0,0,0,0,0,0,1154.1146540000002
0,735968,0,0,0,0,0,0,48640.0,0,0,0,0,0,1154.1146540000002
0,0,0,0,0,0,0,0,14609.0,0,0,0,0,0,2048.773129999999
0,0,0,0,0,0,0,0,14609.0,0,0,0,0,0,2048.773129999999
0,0,0,0,0,0,0,0,49201.0,0,0,0,0,0,1127.0040120000003
0,0,0,0,0,0,0,0,49201.0,0,0,0,0,0,1127.0040120000003
0,0,0,0,0,0,0,0,49201.0,0,0,0,0,0,1127.0040120000003
0,0,0,0,0,0,0,0,23434.0,0,0,0,0,0,1302.1393939999998
0,0,0,0,0,0,0,0,23434.0,0,0,0,0,0,1302.1393939999998
0,0,0,0,0,0,0,0,23434.0,0,0,0,0,0,1302.1393939999998
0,736024,0,0,0,0,0,0,94513.0,0,0,0,0,0,1106.195217
0,736024,0,0,0,0,0,0,94513.0,0,0,0,0,0,1106.195217
0,0,0,0,0,0,0,0,98103.0,0,0,0,0,0,1048.076349
736732,736821,0,0,0,0,0,0,77036.0,0,0,0,0,0,1067.7950159999998
736732,736821,0,0,0,0,0,0,77036.0,0,0,0,0,0,1067.7950159999998
0,0,0,0,0,0,0,0,1841.0,0,0,0,0,0,1749.7338779999993
0,0,0,0,0,0,0,0,1841.0,0,0,0,0,0,1749.7338779999993
0,0,0,0,0,0,0,0,1841.0,0,0,0,0,0,1749.7338779999993
0,0,0,0,0,0,0,0,1841.0,0,0,0,0,0,1749.7338779999993
0,0,0,0,0,0,0,0,1841.0,0,0,0,0,0,1749.7338779999993
0,736369,0,0,0,0,0,0,48234.0,0,0,0,0,0,1133.5242480000002
0,736369,0,0,0,0,0,0,48234.0,0,0,0,0,0,1133.5242480000002
0,736369,0,0,0,0,0,0,48234.0,0,0,0,0,0,1133.5242480000002
0,736369,0,0,0,0,0,0,48234.0,0,0,0,0,0,1133.5242480000002
0,736369,0,0,0,0,0,0,48234.0,0,0,0,0,0,1133.5242480000002
0,0,0,0,0,0,0,0,84057.0,0,0,0,0,0,1013.919368
0,0,0,0,0,0,0,0,19120.0,0,0,0,0,0,1404.99292
0,0,0,0,0,0,0,0,19120.0,0,0,0,0,0,1404.99292
735998,736149,0,0,0,0,0,0,85204.0,0,0,0,0,0,1096.7195979999997
0,0,0,0,0,0,0,0,28314.0,0,0,0,0,0,1216.254424
0,0,0,0,0,0,0,0,28314.0,0,0,0,0,0,1216.254424
0,0,0,0,0,0,0,0,28314.0,0,0,0,0,0,1216.254424
735730,735791,0,0,0,0,0,0,90032.0,0,0,0,0,0,1087.9789349999999
736764,736917,0,0,0,0,0,0,19140.0,0,0,0,0,0,1191.2814139999998
736116,736299,0,0,0,0,0,0,80906.0,0,0,0,0,0,1029.8772359999996
736116,736299,0,0,0,0,0,0,80906.0,0,0,0,0,0,1029.8772359999996
736946,0,0,0,0,0,0,0,90032.0,0,0,0,0,0,1019.2114809999998
736085,736238,0,0,0,0,0,0,10009.0,0,0,0,0,0,1494.6801699999996
736085,736238,0,0,0,0,0,0,10009.0,0,0,0,0,0,1494.6801699999996
736085,736238,0,0,0,0,0,0,10009.0,0,0,0,0,0,1494.6801699999996
0,0,0,0,0,0,0,0,94109.0,0,0,0,0,0,1038.179099
736246,0,0,0,0,0,0,0,78745.0,0,0,0,0,0,995.0566099999998
0,0,0,0,0,0,0,0,44105.0,0,0,0,0,0,1118.4940360000003
0,0,0,0,0,0,0,0,44105.0,0,0,0,0,0,1118.4940360000003
0,0,0,0,0,0,0,0,44105.0,0,0,0,0,0,1118.4940360000003
0,0,0,0,0,0,0,0,10009.0,0,0,0,0,0,1742.9310379999993
0,736372,0,0,0,0,0,0,79907.0,0,0,0,0,0,1061.1984139999997
0,736339,0,0,0,0,0,0,32303.0,0,0,0,0,0,1184.0919520000002
0,0,0,0,0,0,0,0,98103.0,0,0,0,0,0,1048.076349
0,0,0,0,0,0,0,0,75220.0,0,0,0,0,0,1100.3046960000001
736731,736912,0,0,0,0,0,0,77070.0,0,0,0,0,0,1062.4862059999998
0,0,0,0,0,0,0,0,45503.0,0,0,0,0,0,1115.7379360000004
0,0,0,0,0,0,0,0,98103.0,0,0,0,0,0,1048.076349
0,0,0,0,0,0,0,0,98105.0,0,0,0,0,0,1056.132109
0,735755,0,0,0,0,0,0,10024.0,0,0,0,0,0,1712.8606579999996
0,0,0,0,0,0,0,0,28205.0,0,0,0,0,0,1216.254424
0,736853,0,0,0,0,0,0,21215.0,0,0,0,0,0,1310.919074
0,0,0,0,0,0,0,0,94110.0,0,0,0,0,0,1038.179099
0,0,0,0,0,0,0,0,94110.0,0,0,0,0,0,1038.179099
0,0,0,0,0,0,0,0,85705.0,0,0,0,0,0,1026.954284
0,0,0,0,0,0,0,0,90036.0,0,0,0,0,0,1034.961929
0,0,0,0,0,0,0,0,6708.0,0,0,0,0,0,1750.2965979999994
0,0,0,0,0,0,0,0,6708.0,0,0,0,0,0,1750.2965979999994
0,0,0,0,0,0,0,0,6708.0,0,0,0,0,0,1750.2965979999994
0,0,0,0,0,0,0,0,60610.0,0,0,0,0,0,1100.3046960000001
0,736000,0,0,0,0,0,0,11561.0,0,0,0,0,0,1687.3220699999993
0,0,0,0,0,0,0,0,22204.0,0,0,0,0,0,1302.1393939999998
0,0,0,0,0,0,0,0,22204.0,0,0,0,0,0,1302.1393939999998
0,0,0,0,0,0,0,0,22204.0,0,0,0,0,0,1302.1393939999998
0,0,0,0,0,0,0,0,22204.0,0,0,0,0,0,1302.1393939999998
0,0,0,0,0,0,0,0,22204.0,0,0,0,0,0,1302.1393939999998
0,736035,0,0,0,0,0,0,28540.0,0,0,0,0,0,1205.203048
0,0,0,0,0,0,0,0,43229.0,0,0,0,0,0,1118.4940360000003
0,0,0,0,0,0,0,0,28205.0,0,0,0,0,0,1216.254424
0,0,0,0,0,0,0,0,28205.0,0,0,0,0,0,1216.254424
0,0,0,0,0,0,0,0,14215.0,0,0,0,0,0,2048.773129999999
0,0,0,0,0,0,0,0,14215.0,0,0,0,0,0,2048.773129999999
0,0,0,0,0,0,0,0,77041.0,0,0,0,0,0,1074.552944
735761,735914,0,0,0,0,0,0,38109.0,0,0,0,0,0,1131.517514
736765,736857,0,0,0,0,0,0,75023.0,0,0,0,0,0,1083.2061959999999
0,0,0,0,0,0,0,0,97301.0,0,0,0,0,0,1048.076349
736025,736147,0,0,0,0,0,0,31907.0,0,0,0,0,0,1122.7744179999997
737036,737036,0,0,0,0,0,0,21044.0,0,0,0,0,0,1492.930667999999
737036,737036,0,0,0,0,0,0,21044.0,0,0,0,0,0,1492.930667999999
737036,737036,0,0,0,0,0,0,21044.0,0,0,0,0,0,1492.930667999999
0,0,0,0,0,0,0,0,97206.0,0,0,0,0,0,1048.076349
737039,0,0,0,0,0,0,0,32303.0,0,0,0,0,0,1274.4304919999997
736337,736337,0,0,0,0,0,0,92503.0,0,0,0,0,0,1032.6843449999997
736337,736337,0,0,0,0,0,0,92503.0,0,0,0,0,0,1032.6843449999997
0,736372,0,0,0,0,0,0,43130.0,0,0,0,0,0,1125.0142720000001
0,736372,0,0,0,0,0,0,43130.0,0,0,0,0,0,1125.0142720000001
0,736372,0,0,0,0,0,0,43130.0,0,0,0,0,0,1125.0142720000001
0,0,0,0,0,0,0,0,94109.0,0,0,0,0,0,1038.179099
0,0,0,0,0,0,0,0,92553.0,0,0,0,0,0,1027.342234
0,0,0,0,0,0,0,0,92553.0,0,0,0,0,0,1027.342234
0,0,0,0,0,0,0,0,92553.0,0,0,0,0,0,1027.342234
0,0,0,0,0,0,0,0,92553.0,0,0,0,0,0,1027.342234
0,0,0,0,0,0,0,0,23320.0,0,0,0,0,0,1302.1393939999998
0,0,0,0,0,0,0,0,23320.0,0,0,0,0,0,1302.1393939999998
736179,736301,0,0,0,0,0,0,60623.0,0,0,0,0,0,1125.5530979999999
736430,736491,0,0,0,0,0,0,28205.0,0,0,0,0,0,1067.125396
736430,736491,0,0,0,0,0,0,28205.0,0,0,0,0,0,1067.125396
736430,736491,0,0,0,0,0,0,28205.0,0,0,0,0,0,1067.125396
0,735761,0,0,0,0,0,0,10009.0,0,0,0,0,0,1696.7538779999993
0,0,0,0,0,0,0,0,60653.0,0,0,0,0,0,1100.3046960000001
0,0,0,0,0,0,0,0,60653.0,0,0,0,0,0,1100.3046960000001
0,0,0,0,0,0,0,0,60653.0,0,0,0,0,0,1100.3046960000001
0,0,0,0,0,0,0,0,60653.0,0,0,0,0,0,1100.3046960000001
0,0,0,0,0,0,0,0,19120.0,0,0,0,0,0,1404.99292
0,0,0,0,0,0,0,0,60623.0,0,0,0,0,0,1100.3046960000001
737038,0,0,0,0,0,0,0,75217.0,0,0,0,0,0,1269.4191879999996
736310,0,0,0,0,0,0,0,89115.0,0,0,0,0,0,1008.2789559999998
736310,0,0,0,0,0,0,0,89115.0,0,0,0,0,0,1008.2789559999998
736305,0,0,0,0,0,0,0,79109.0,0,0,0,0,0,993.2156099999997
736004,736125,0,0,0,0,0,0,6457.0,0,0,0,0,0,1609.1036499999996
0,0,0,0,0,0,0,0,10035.0,0,0,0,0,0,1720.0015379999995
0,0,0,0,0,0,0,0,10035.0,0,0,0,0,0,1720.0015379999995
0,0,0,0,0,0,0,0,10035.0,0,0,0,0,0,1720.0015379999995
736700,736851,0,0,0,0,0,0,19120.0,0,0,0,0,0,1244.4294479999999
0,0,0,0,0,0,0,0,93727.0,0,0,0,0,0,1032.062994
0,0,0,0,0,0,0,0,37064.0,0,0,0,0,0,1159.0822960000003
0,0,0,0,0,0,0,0,37064.0,0,0,0,0,0,1159.0822960000003
0,0,0,0,0,0,0,0,37064.0,0,0,0,0,0,1159.0822960000003
0,0,0,0,0,0,0,0,37064.0,0,0,0,0,0,1159.0822960000003
0,0,0,0,0,0,0,0,37064.0,0,0,0,0,0,1159.0822960000003
736542,0,0,0,0,0,0,0,27604.0,0,0,0,0,0,1145.367928
736542,0,0,0,0,0,0,0,27604.0,0,0,0,0,0,1145.367928
736542,0,0,0,0,0,0,0,27604.0,0,0,0,0,0,1145.367928
0,0,0,0,0,0,0,0,20735.0,0,0,0,0,0,1362.1825639999995
0,0,0,0,0,0,0,0,20735.0,0,0,0,0,0,1362.1825639999995
0,0,0,0,0,0,0,0,20735.0,0,0,0,0,0,1362.1825639999995
0,0,0,0,0,0,0,0,20735.0,0,0,0,0,0,1362.1825639999995
736912,736973,0,0,0,0,0,0,90049.0,0,0,0,0,0,1038.9310349999996
736912,736973,0,0,0,0,0,0,90049.0,0,0,0,0,0,1038.9310349999996
0,0,0,0,0,0,0,0,89031.0,0,0,0,0,0,1029.9250639999998
0,0,0,0,0,0,0,0,89031.0,0,0,0,0,0,1029.9250639999998
0,0,0,0,0,0,0,0,89031.0,0,0,0,0,0,1029.9250639999998
0,0,0,0,0,0,0,0,94109.0,0,0,0,0,0,1038.179099
736918,736979,0,0,0,0,0,0,2920.0,0,0,0,0,0,1438.368736
0,0,0,0,0,0,0,0,38301.0,0,0,0,0,0,1159.0822960000003
0,735607,0,0,0,0,0,0,19711.0,0,0,0,0,0,1394.5985839999996
0,735607,0,0,0,0,0,0,19711.0,0,0,0,0,0,1394.5985839999996
0,0,0,0,0,0,0,0,90036.0,0,0,0,0,0,1034.961929
736025,736147,0,0,0,0,0,0,13440.0,0,0,0,0,0,1641.928962
0,736825,0,0,0,0,0,0,60610.0,0,0,0,0,0,1090.773412
0,736825,0,0,0,0,0,0,60610.0,0,0,0,0,0,1090.773412
0,735968,0,0,0,0,0,0,92105.0,0,0,0,0,0,1092.6638369999998
0,735968,0,0,0,0,0,0,92105.0,0,0,0,0,0,1092.6638369999998
0,735968,0,0,0,0,0,0,92105.0,0,0,0,0,0,1092.6638369999998
0,735968,0,0,0,0,0,0,92105.0,0,0,0,0,0,1092.6638369999998
736577,0,0,0,0,0,0,0,77036.0,0,0,0,0,0,1068.804532
0,0,0,0,0,0,0,0,33407.0,0,0,0,0,0,1194.7120960000002
0,0,0,0,0,0,0,0,90045.0,0,0,0,0,0,1021.7960989999998
0,0,0,0,0,0,0,0,90045.0,0,0,0,0,0,1021.7960989999998
0,0,0,0,0,0,0,0,98103.0,0,0,0,0,0,1048.076349
0,0,0,0,0,0,0,0,98103.0,0,0,0,0,0,1048.076349
0,0,0,0,0,0,0,0,98103.0,0,0,0,0,0,1048.076349
0,735633,0,0,0,0,0,0,50315.0,0,0,0,0,0,1183.2500960000002
0,735633,0,0,0,0,0,0,50315.0,0,0,0,0,0,1183.2500960000002
0,0,0,0,0,0,0,0,10024.0,0,0,0,0,0,1743.6276379999993
0,0,0,0,0,0,0,0,22204.0,0,0,0,0,0,1302.1393939999998
0,0,0,0,0,0,0,0,22204.0,0,0,0,0,0,1302.1393939999998
0,0,0,0,0,0,0,0,78577.0,0,0,0,0,0,1016.702718
0,736004,0,0,0,0,0,0,22204.0,0,0,0,0,0,1291.088018
0,736004,0,0,0,0,0,0,22204.0,0,0,0,0,0,1291.088018
0,736363,0,0,0,0,0,0,77070.0,0,0,0,0,0,1116.0795779999999
736365,736485,0,0,0,0,0,0,75061.0,0,0,0,0,0,1089.264718
736365,736485,0,0,0,0,0,0,75061.0,0,0,0,0,0,1089.264718
736365,736485,0,0,0,0,0,0,75061.0,0,0,0,0,0,1089.264718
735853,0,0,0,0,0,0,0,60653.0,0,0,0,0,0,1108.3147520000002
735853,0,0,0,0,0,0,0,60653.0,0,0,0,0,0,1108.3147520000002
0,0,0,0,0,0,0,0,90049.0,0,0,0,0,0,1021.7960989999998
736887,737040,0,0,0,0,0,0,39401.0,0,0,0,0,0,1071.2772039999995
736887,737040,0,0,0,0,0,0,39401.0,0,0,0,0,0,1071.2772039999995
0,735604,0,0,0,0,0,0,10024.0,0,0,0,0,0,1754.5858579999995
0,735604,0,0,0,0,0,0,10024.0,0,0,0,0,0,1754.5858579999995
0,735604,0,0,0,0,0,0,10024.0,0,0,0,0,0,1754.5858579999995
0,735604,0,0,0,0,0,0,10024.0,0,0,0,0,0,1754.5858579999995
736728,736848,0,0,0,0,0,0,44221.0,0,0,0,0,0,1029.052656
736308,0,0,0,0,0,0,0,98103.0,0,0,0,0,0,1031.1413009999997
736308,0,0,0,0,0,0,0,98103.0,0,0,0,0,0,1031.1413009999997
0,0,0,0,0,0,0,0,85204.0,0,0,0,0,0,1005.7666279999999
0,0,0,0,0,0,0,0,85204.0,0,0,0,0,0,1005.7666279999999
0,0,0,0,0,0,0,0,85204.0,0,0,0,0,0,1005.7666279999999
0,0,0,0,0,0,0,0,85204.0,0,0,0,0,0,1005.7666279999999
0,0,0,0,0,0,0,0,84106.0,0,0,0,0,0,1013.919368
0,736366,0,0,0,0,0,0,90045.0,0,0,0,0,0,1075.4769009999998
736760,736944,0,0,0,0,0,0,28540.0,0,0,0,0,0,1057.2013639999998
0,0,0,0,0,0,0,0,44107.0,0,0,0,0,0,1118.4940360000003
736398,736520,0,0,0,0,0,0,92630.0,0,0,0,0,0,1036.0365049999996
736398,736520,0,0,0,0,0,0,92630.0,0,0,0,0,0,1036.0365049999996
736398,736520,0,0,0,0,0,0,92630.0,0,0,0,0,0,1036.0365049999996
736398,736520,0,0,0,0,0,0,92630.0,0,0,0,0,0,1036.0365049999996
736946,0,0,0,0,0,0,0,97206.0,0,0,0,0,0,1037.0369609999998
736946,0,0,0,0,0,0,0,97206.0,0,0,0,0,0,1037.0369609999998
736301,0,0,0,0,0,0,0,28205.0,0,0,0,0,0,1114.8017679999998
0,736431,0,0,0,0,0,0,60505.0,0,0,0,0,0,1145.900442
0,0,0,0,0,0,0,0,19140.0,0,0,0,0,0,1365.6374599999995
736765,736857,0,0,0,0,0,0,80229.0,0,0,0,0,0,1025.0974899999997
736765,736857,0,0,0,0,0,0,80229.0,0,0,0,0,0,1025.0974899999997
736765,736857,0,0,0,0,0,0,80229.0,0,0,0,0,0,1025.0974899999997
736765,736857,0,0,0,0,0,0,80229.0,0,0,0,0,0,1025.0974899999997
736765,736857,0,0,0,0,0,0,80229.0,0,0,0,0,0,1025.0974899999997
736765,736857,0,0,0,0,0,0,80229.0,0,0,0,0,0,1025.0974899999997
736765,736857,0,0,0,0,0,0,80229.0,0,0,0,0,0,1025.0974899999997
736765,736857,0,0,0,0,0,0,80229.0,0,0,0,0,0,1025.0974899999997
0,0,0,0,0,0,0,0,95616.0,0,0,0,0,0,1048.076349
0,0,0,0,0,0,0,0,72701.0,0,0,0,0,0,1100.3046960000001
0,0,0,0,0,0,0,0,72701.0,0,0,0,0,0,1100.3046960000001
0,0,0,0,0,0,0,0,72701.0,0,0,0,0,0,1100.3046960000001
0,0,0,0,0,0,0,0,72701.0,0,0,0,0,0,1100.3046960000001
0,0,0,0,0,0,0,0,10011.0,0,0,0,0,0,1747.7220079999993
0,0,0,0,0,0,0,0,26003.0,0,0,0,0,0,1253.799104
0,0,0,0,0,0,0,0,26003.0,0,0,0,0,0,1253.799104
0,0,0,0,0,0,0,0,26003.0,0,0,0,0,0,1253.799104
0,0,0,0,0,0,0,0,38109.0,0,0,0,0,0,1159.0822960000003
0,0,0,0,0,0,0,0,38109.0,0,0,0,0,0,1159.0822960000003
0,0,0,0,0,0,0,0,38109.0,0,0,0,0,0,1159.0822960000003
0,0,0,0,0,0,0,0,38109.0,0,0,0,0,0,1159.0822960000003
0,0,0,0,0,0,0,0,38109.0,0,0,0,0,0,1159.0822960000003
0,0,0,0,0,0,0,0,38109.0,0,0,0,0,0,1159.0822960000003
0,0,0,0,0,0,0,0,38109.0,0,0,0,0,0,1159.0822960000003
736156,0,0,0,0,0,0,0,77036.0,0,0,0,0,0,1078.7513920000001
0,0,0,0,0,0,0,0,75217.0,0,0,0,0,0,1100.3046960000001
0,0,0,0,0,0,0,0,75217.0,0,0,0,0,0,1100.3046960000001
0,736368,0,0,0,0,0,0,94122.0,0,0,0,0,0,1078.8332629999998
736400,736522,0,0,0,0,0,0,95037.0,0,0,0,0,0,1046.7881549999997
736400,736522,0,0,0,0,0,0,95037.0,0,0,0,0,0,1046.7881549999997
736400,736522,0,0,0,0,0,0,95037.0,0,0,0,0,0,1046.7881549999997
736400,736522,0,0,0,0,0,0,95037.0,0,0,0,0,0,1046.7881549999997
0,0,0,0,0,0,0,0,60174.0,0,0,0,0,0,1100.3046960000001
0,0,0,0,0,0,0,0,44105.0,0,0,0,0,0,1118.4940360000003
0,0,0,0,0,0,0,0,10024.0,0,0,0,0,0,1743.6276379999993
0,0,0,0,0,0,0,0,10024.0,0,0,0,0,0,1743.6276379999993
0,0,0,0,0,0,0,0,19140.0,0,0,0,0,0,1365.6374599999995
736793,736915,0,0,0,0,0,0,75043.0,0,0,0,0,0,1083.5673719999998
736061,736183,0,0,0,0,0,0,92024.0,0,0,0,0,0,1037.8766749999995
0,0,0,0,0,0,0,0,6708.0,0,0,0,0,0,1750.2965979999994
0,0,0,0,0,0,0,0,6708.0,0,0,0,0,0,1750.2965979999994
0,0,0,0,0,0,0,0,21044.0,0,0,0,0,0,1362.1825639999995
0,0,0,0,0,0,0,0,33021.0,0,0,0,0,0,1194.7120960000002
0,0,0,0,0,0,0,0,33021.0,0,0,0,0,0,1194.7120960000002
0,0,0,0,0,0,0,0,22153.0,0,0,0,0,0,1330.8185939999996
0,0,0,0,0,0,0,0,22153.0,0,0,0,0,0,1330.8185939999996
0,0,0,0,0,0,0,0,10035.0,0,0,0,0,0,1720.0015379999995
0,0,0,0,0,0,0,0,10035.0,0,0,0,0,0,1720.0015379999995
0,0,0,0,0,0,0,0,10035.0,0,0,0,0,0,1720.0015379999995
0,0,0,0,0,0,0,0,75217.0,0,0,0,0,0,1100.3046960000001
0,0,0,0,0,0,0,0,10024.0,0,0,0,0,0,1743.6276379999993
0,0,0,0,0,0,0,0,97206.0,0,0,0,0,0,1048.076349
0,0,0,0,0,0,0,0,97206.0,0,0,0,0,0,1048.076349
0,0,0,0,0,0,0,0,94513.0,0,0,0,0,0,1048.9307489999999
0,0,0,0,0,0,0,0,94513.0,0,0,0,0,0,1048.9307489999999
0,0,0,0,0,0,0,0,94513.0,0,0,0,0,0,1048.9307489999999
0,0,0,0,0,0,0,0,94513.0,0,0,0,0,0,1048.9307489999999
0,0,0,0,0,0,0,0,94513.0,0,0,0,0,0,1048.9307489999999
0,0,0,0,0,0,0,0,94513.0,0,0,0,0,0,1048.9307489999999
0,0,0,0,0,0,0,0,94513.0,0,0,0,0,0,1048.9307489999999
0,0,0,0,0,0,0,0,92037.0,0,0,0,0,0,1021.7960989999998
0,0,0,0,0,0,0,0,92037.0,0,0,0,0,0,1021.7960989999998
0,737060,0,0,0,0,0,0,75081.0,0,0,0,0,0,1095.638338
0,737060,0,0,0,0,0,0,75081.0,0,0,0,0,0,1095.638338
0,737060,0,0,0,0,0,0,75081.0,0,0,0,0,0,1095.638338
0,737060,0,0,0,0,0,0,75081.0,0,0,0,0,0,1095.638338
0,737060,0,0,0,0,0,0,75081.0,0,0,0,0,0,1095.638338
735601,735721,0,0,0,0,0,0,79907.0,0,0,0,0,0,1056.4776579999996
735601,735721,0,0,0,0,0,0,79907.0,0,0,0,0,0,1056.4776579999996
735601,735721,0,0,0,0,0,0,79907.0,0,0,0,0,0,1056.4776579999996
735601,735721,0,0,0,0,0,0,79907.0,0,0,0,0,0,1056.4776579999996
0,0,0,0,0,0,0,0,10035.0,0,0,0,0,0,1720.0015379999995
0,0,0,0,0,0,0,0,10035.0,0,0,0,0,0,1720.0015379999995
735602,735753,0,0,0,0,0,0,2151.0,0,0,0,0,0,1671.3305539999992
735602,735753,0,0,0,0,0,0,2151.0,0,0,0,0,0,1671.3305539999992
736824,736977,0,0,0,0,0,0,95928.0,0,0,0,0,0,1040.6046869999998
736824,736977,0,0,0,0,0,0,95928.0,0,0,0,0,0,1040.6046869999998
736824,736977,0,0,0,0,0,0,95928.0,0,0,0,0,0,1040.6046869999998
736824,736977,0,0,0,0,0,0,95928.0,0,0,0,0,0,1040.6046869999998
736824,736977,0,0,0,0,0,0,95928.0,0,0,0,0,0,1040.6046869999998
736824,736977,0,0,0,0,0,0,95928.0,0,0,0,0,0,1040.6046869999998
0,0,0,0,0,0,0,0,33023.0,0,0,0,0,0,1194.7120960000002
0,0,0,0,0,0,0,0,33023.0,0,0,0,0,0,1194.7120960000002
0,0,0,0,0,0,0,0,33023.0,0,0,0,0,0,1194.7120960000002
0,0,0,0,0,0,0,0,33023.0,0,0,0,0,0,1194.7120960000002
0,0,0,0,0,0,0,0,33023.0,0,0,0,0,0,1194.7120960000002
0,0,0,0,0,0,0,0,90049.0,0,0,0,0,0,1021.7960989999998
736612,736673,0,0,0,0,0,0,80219.0,0,0,0,0,0,1017.8921059999997
736612,736673,0,0,0,0,0,0,80219.0,0,0,0,0,0,1017.8921059999997
736612,736673,0,0,0,0,0,0,80219.0,0,0,0,0,0,1017.8921059999997
0,0,0,0,0,0,0,0,19134.0,0,0,0,0,0,1404.99292
0,0,0,0,0,0,0,0,19134.0,0,0,0,0,0,1404.99292
0,0,0,0,0,0,0,0,19134.0,0,0,0,0,0,1404.99292
0,0,0,0,0,0,0,0,19134.0,0,0,0,0,0,1404.99292
0,0,0,0,0,0,0,0,19134.0,0,0,0,0,0,1404.99292
0,0,0,0,0,0,0,0,19134.0,0,0,0,0,0,1404.99292
0,0,0,0,0,0,0,0,19134.0,0,0,0,0,0,1404.99292
0,735724,0,0,0,0,0,0,39212.0,0,0,0,0,0,1180.1780400000002
0,735724,0,0,0,0,0,0,39212.0,0,0,0,0,0,1180.1780400000002
0,0,0,0,0,0,0,0,90045.0,0,0,0,0,0,1021.7960989999998
735658,735780,0,0,0,0,0,0,77095.0,0,0,0,0,0,1094.998964
735880,0,0,0,0,0,0,0,7011.0,0,0,0,0,0,1685.9904739999995
735880,0,0,0,0,0,0,0,7011.0,0,0,0,0,0,1685.9904739999995
0,0,0,0,0,0,0,0,60623.0,0,0,0,0,0,1100.3046960000001
0,0,0,0,0,0,0,0,60623.0,0,0,0,0,0,1100.3046960000001
0,0,0,0,0,0,0,0,98115.0,0,0,0,0,0,1056.132109
0,0,0,0,0,0,0,0,11561.0,0,0,0,0,0,1724.4191099999994
0,0,0,0,0,0,0,0,53081.0,0,0,0,0,0,1137.4537320000002
0,0,0,0,0,0,0,0,53081.0,0,0,0,0,0,1137.4537320000002
0,0,0,0,0,0,0,0,53081.0,0,0,0,0,0,1137.4537320000002
0,0,0,0,0,0,0,0,53081.0,0,0,0,0,0,1137.4537320000002
0,0,0,0,0,0,0,0,33433.0,0,0,0,0,0,1194.7120960000002
0,0,0,0,0,0,0,0,33433.0,0,0,0,0,0,1194.7120960000002
0,0,0,0,0,0,0,0,80013.0,0,0,0,0,0,1014.861718
0,0,0,0,0,0,0,0,80013.0,0,0,0,0,0,1014.861718
0,0,0,0,0,0,0,0,80013.0,0,0,0,0,0,1014.861718
736764,736825,0,0,0,0,0,0,92037.0,0,0,0,0,0,1012.1575489999997
736764,736825,0,0,0,0,0,0,92037.0,0,0,0,0,0,1012.1575489999997
735693,735784,0,0,0,0,0,0,98105.0,0,0,0,0,0,1098.9716949999997
735693,735784,0,0,0,0,0,0,98105.0,0,0,0,0,0,1098.9716949999997
736187,736309,0,0,0,0,0,0,52001.0,0,0,0,0,0,1093.4399680000001
736310,0,0,0,0,0,0,0,90032.0,0,0,0,0,0,1013.3158209999997
736310,0,0,0,0,0,0,0,90032.0,0,0,0,0,0,1013.3158209999997
735610,735669,0,0,0,0,0,0,1852.0,0,0,0,0,0,1697.1599539999993
735610,735669,0,0,0,0,0,0,1852.0,0,0,0,0,0,1697.1599539999993
735610,735669,0,0,0,0,0,0,1852.0,0,0,0,0,0,1697.1599539999993
736520,736643,0,0,0,0,0,0,98270.0,0,0,0,0,0,1029.3416969999996
0,0,0,0,0,0,0,0,73120.0,0,0,0,0,0,1100.3046960000001
0,0,0,0,0,0,0,0,73120.0,0,0,0,0,0,1100.3046960000001
0,0,0,0,0,0,0,0,73120.0,0,0,0,0,0,1100.3046960000001
0,0,0,0,0,0,0,0,19134.0,0,0,0,0,0,1404.99292
0,0,0,0,0,0,0,0,80013.0,0,0,0,0,0,1014.861718
0,0,0,0,0,0,0,0,10009.0,0,0,0,0,0,1742.9310379999993
0,0,0,0,0,0,0,0,10009.0,0,0,0,0,0,1742.9310379999993
0,0,0,0,0,0,0,0,10009.0,0,0,0,0,0,1742.9310379999993
0,0,0,0,0,0,0,0,10009.0,0,0,0,0,0,1742.9310379999993
735850,735911,0,0,0,0,0,0,43130.0,0,0,0,0,0,1109.742798
735850,735911,0,0,0,0,0,0,43130.0,0,0,0,0,0,1109.742798
0,0,0,0,0,0,0,0,95351.0,0,0,0,0,0,1048.076349
736736,736825,0,0,0,0,0,0,63116.0,0,0,0,0,0,1063.831856
736736,736825,0,0,0,0,0,0,63116.0,0,0,0,0,0,1063.831856
0,0,0,0,0,0,0,0,75217.0,0,0,0,0,0,1100.3046960000001
0,0,0,0,0,0,0,0,75217.0,0,0,0,0,0,1100.3046960000001
0,0,0,0,0,0,0,0,75217.0,0,0,0,0,0,1100.3046960000001
0,0,0,0,0,0,0,0,75217.0,0,0,0,0,0,1100.3046960000001
736277,0,0,0,0,0,0,0,10035.0,0,0,0,0,0,1582.9076899999993
736277,0,0,0,0,0,0,0,10035.0,0,0,0,0,0,1582.9076899999993
736277,0,0,0,0,0,0,0,10035.0,0,0,0,0,0,1582.9076899999993
736277,0,0,0,0,0,0,0,10035.0,0,0,0,0,0,1582.9076899999993
0,0,0,0,0,0,0,0,78207.0,0,0,0,0,0,1014.0066380000001
736511,736634,0,0,0,0,0,0,79109.0,0,0,0,0,0,1007.5028679999996
736511,736634,0,0,0,0,0,0,79109.0,0,0,0,0,0,1007.5028679999996
0,0,0,0,0,0,0,0,77041.0,0,0,0,0,0,1074.552944
0,0,0,0,0,0,0,0,77041.0,0,0,0,0,0,1074.552944
0,0,0,0,0,0,0,0,77041.0,0,0,0,0,0,1074.552944
0,0,0,0,0,0,0,0,77041.0,0,0,0,0,0,1074.552944
0,0,0,0,0,0,0,0,1841.0,0,0,0,0,0,1749.7338779999993
736974,0,0,0,0,0,0,0,31907.0,0,0,0,0,0,1089.04684
0,736732,0,0,0,0,0,0,90032.0,0,0,0,0,0,1045.988068
0,0,0,0,0,0,0,0,98115.0,0,0,0,0,0,1056.132109
0,0,0,0,0,0,0,0,98115.0,0,0,0,0,0,1056.132109
0,0,0,0,0,0,0,0,98115.0,0,0,0,0,0,1056.132109
737001,0,0,0,0,0,0,0,2138.0,0,0,0,0,0,1634.1672199999998
737001,0,0,0,0,0,0,0,2138.0,0,0,0,0,0,1634.1672199999998
0,0,0,0,0,0,0,0,84106.0,0,0,0,0,0,1013.919368
0,0,0,0,0,0,0,0,10035.0,0,0,0,0,0,1720.0015379999995
0,0,0,0,0,0,0,0,44221.0,0,0,0,0,0,1130.9557560000003
736764,736856,0,0,0,0,0,0,28403.0,0,0,0,0,0,1057.9948599999998
736395,736517,0,0,0,0,0,0,10035.0,0,0,0,0,0,1491.6066259999996
0,0,0,0,0,0,0,0,19140.0,0,0,0,0,0,1365.6374599999995
0,0,0,0,0,0,0,0,19140.0,0,0,0,0,0,1365.6374599999995
0,0,0,0,0,0,0,0,19140.0,0,0,0,0,0,1365.6374599999995
0,0,0,0,0,0,0,0,10009.0,0,0,0,0,0,1742.9310379999993
0,736824,0,0,0,0,0,0,19134.0,0,0,0,0,0,1346.84872
0,736063,0,0,0,0,0,0,90049.0,0,0,0,0,0,1089.8325629999997
0,736063,0,0,0,0,0,0,90049.0,0,0,0,0,0,1089.8325629999997
0,736063,0,0,0,0,0,0,90049.0,0,0,0,0,0,1089.8325629999997
0,736063,0,0,0,0,0,0,90049.0,0,0,0,0,0,1089.8325629999997
0,736063,0,0,0,0,0,0,90049.0,0,0,0,0,0,1089.8325629999997
0,736063,0,0,0,0,0,0,90049.0,0,0,0,0,0,1089.8325629999997
0,0,0,0,0,0,0,0,11561.0,0,0,0,0,0,1724.4191099999994
0,0,0,0,0,0,0,0,11561.0,0,0,0,0,0,1724.4191099999994
736521,736583,0,0,0,0,0,0,14609.0,0,0,0,0,0,1773.4293979999995
736521,736583,0,0,0,0,0,0,14609.0,0,0,0,0,0,1773.4293979999995
736521,736583,0,0,0,0,0,0,14609.0,0,0,0,0,0,1773.4293979999995
736521,736583,0,0,0,0,0,0,14609.0,0,0,0,0,0,1773.4293979999995
736521,736583,0,0,0,0,0,0,14609.0,0,0,0,0,0,1773.4293979999995
0,0,0,0,0,0,0,0,94109.0,0,0,0,0,0,1038.179099
0,0,0,0,0,0,0,0,94109.0,0,0,0,0,0,1038.179099
736695,736815,0,0,0,0,0,0,77340.0,0,0,0,0,0,1032.2911299999998
736695,736815,0,0,0,0,0,0,77340.0,0,0,0,0,0,1032.2911299999998
736695,736815,0,0,0,0,0,0,77340.0,0,0,0,0,0,1032.2911299999998
736695,736815,0,0,0,0,0,0,77340.0,0,0,0,0,0,1032.2911299999998
736695,736815,0,0,0,0,0,0,77340.0,0,0,0,0,0,1032.2911299999998
736695,736815,0,0,0,0,0,0,77340.0,0,0,0,0,0,1032.2911299999998
736695,736815,0,0,0,0,0,0,77340.0,0,0,0,0,0,1032.2911299999998
0,0,0,0,0,0,0,0,30344.0,0,0,0,0,0,1204.3054160000002
0,0,0,0,0,0,0,0,30344.0,0,0,0,0,0,1204.3054160000002
0,0,0,0,0,0,0,0,30344.0,0,0,0,0,0,1204.3054160000002
0,0,0,0,0,0,0,0,10009.0,0,0,0,0,0,1742.9310379999993
0,735974,0,0,0,0,0,0,97477.0,0,0,0,0,0,1103.5353069999999
0,735974,0,0,0,0,0,0,97477.0,0,0,0,0,0,1103.5353069999999
0,735974,0,0,0,0,0,0,97477.0,0,0,0,0,0,1103.5353069999999
0,735974,0,0,0,0,0,0,97477.0,0,0,0,0,0,1103.5353069999999
0,735974,0,0,0,0,0,0,97477.0,0,0,0,0,0,1103.5353069999999
0,0,0,0,0,0,0,0,22204.0,0,0,0,0,0,1302.1393939999998
0,736730,0,0,0,0,0,0,28403.0,0,0,0,0,0,1135.3924760000002
0,736339,0,0,0,0,0,0,85364.0,0,0,0,0,0,1061.0350839999999
736244,0,0,0,0,0,0,0,92404.0,0,0,0,0,0,1005.3813509999997
736153,736215,0,0,0,0,0,0,21215.0,0,0,0,0,0,1266.3773779999997
735791,0,0,0,0,0,0,0,98103.0,0,0,0,0,0,1063.5638169999997
736249,0,0,0,0,0,0,0,94110.0,0,0,0,0,0,1021.9896509999995
736917,0,0,0,0,0,0,0,10035.0,0,0,0,0,0,1561.9313599999996
0,736702,0,0,0,0,0,0,98115.0,0,0,0,0,0,1044.021257
0,736702,0,0,0,0,0,0,98115.0,0,0,0,0,0,1044.021257
0,736702,0,0,0,0,0,0,98115.0,0,0,0,0,0,1044.021257
0,736702,0,0,0,0,0,0,98115.0,0,0,0,0,0,1044.021257
0,737060,0,0,0,0,0,0,87105.0,0,0,0,0,0,1046.990986
0,737060,0,0,0,0,0,0,87105.0,0,0,0,0,0,1046.990986
736605,0,0,0,0,0,0,0,90045.0,0,0,0,0,0,1001.5896709999996
736605,0,0,0,0,0,0,0,90045.0,0,0,0,0,0,1001.5896709999996
0,0,0,0,0,0,0,0,90045.0,0,0,0,0,0,1021.7960989999998
0,0,0,0,0,0,0,0,90045.0,0,0,0,0,0,1021.7960989999998
0,0,0,0,0,0,0,0,90045.0,0,0,0,0,0,1021.7960989999998
0,0,0,0,0,0,0,0,90045.0,0,0,0,0,0,1021.7960989999998
0,0,0,0,0,0,0,0,77041.0,0,0,0,0,0,1074.552944
0,0,0,0,0,0,0,0,77041.0,0,0,0,0,0,1074.552944
0,0,0,0,0,0,0,0,77041.0,0,0,0,0,0,1074.552944
736918,0,0,0,0,0,0,0,19140.0,0,0,0,0,0,1240.659514
0,0,0,0,0,0,0,0,60623.0,0,0,0,0,0,1100.3046960000001
0,0,0,0,0,0,0,0,60623.0,0,0,0,0,0,1100.3046960000001
736341,736400,0,0,0,0,0,0,76903.0,0,0,0,0,0,1096.3545179999999
736341,736400,0,0,0,0,0,0,76903.0,0,0,0,0,0,1096.3545179999999
736341,736400,0,0,0,0,0,0,76903.0,0,0,0,0,0,1096.3545179999999
736763,736885,0,0,0,0,0,0,77506.0,0,0,0,0,0,1031.6996059999997
0,736793,0,0,0,0,0,0,90049.0,0,0,0,0,0,1029.3193609999998
0,0,0,0,0,0,0,0,67846.0,0,0,0,0,0,1100.3046960000001
0,736821,0,0,0,0,0,0,90045.0,0,0,0,0,0,1029.3193609999998
0,0,0,0,0,0,0,0,60653.0,0,0,0,0,0,1100.3046960000001
736644,0,0,0,0,0,0,0,94110.0,0,0,0,0,0,1021.9896509999995
736644,0,0,0,0,0,0,0,94110.0,0,0,0,0,0,1021.9896509999995
736644,0,0,0,0,0,0,0,94110.0,0,0,0,0,0,1021.9896509999995
735853,0,0,0,0,0,0,0,19134.0,0,0,0,0,0,1402.108804
735853,0,0,0,0,0,0,0,19134.0,0,0,0,0,0,1402.108804
736884,737037,0,0,0,0,0,0,95351.0,0,0,0,0,0,1093.5451909999997
736117,0,0,0,0,0,0,0,77070.0,0,0,0,0,0,1056.594616
736117,0,0,0,0,0,0,0,77070.0,0,0,0,0,0,1056.594616
736117,0,0,0,0,0,0,0,77070.0,0,0,0,0,0,1056.594616
0,736703,0,0,0,0,0,0,60610.0,0,0,0,0,0,1101.2642460000002
0,0,0,0,0,0,0,0,92503.0,0,0,0,0,0,1027.027459
0,0,0,0,0,0,0,0,92503.0,0,0,0,0,0,1027.027459
0,0,0,0,0,0,0,0,92503.0,0,0,0,0,0,1027.027459
0,0,0,0,0,0,0,0,92503.0,0,0,0,0,0,1027.027459
736186,0,0,0,0,0,0,0,75081.0,0,0,0,0,0,1097.5119920000002
0,0,0,0,0,0,0,0,90008.0,0,0,0,0,0,1030.255799
0,0,0,0,0,0,0,0,90008.0,0,0,0,0,0,1030.255799
736671,0,0,0,0,0,0,0,33801.0,0,0,0,0,0,1088.7299400000002
735852,0,0,0,0,0,0,0,10035.0,0,0,0,0,0,1698.9920339999994
0,0,0,0,0,0,0,0,19140.0,0,0,0,0,0,1365.6374599999995
0,0,0,0,0,0,0,0,19140.0,0,0,0,0,0,1365.6374599999995
0,0,0,0,0,0,0,0,19140.0,0,0,0,0,0,1365.6374599999995
736451,736604,0,0,0,0,0,0,92037.0,0,0,0,0,0,1030.0597729999995
736451,736604,0,0,0,0,0,0,92037.0,0,0,0,0,0,1030.0597729999995
736451,736604,0,0,0,0,0,0,92037.0,0,0,0,0,0,1030.0597729999995
736451,736604,0,0,0,0,0,0,92037.0,0,0,0,0,0,1030.0597729999995
0,0,0,0,0,0,0,0,73505.0,0,0,0,0,0,1100.3046960000001
0,0,0,0,0,0,0,0,73505.0,0,0,0,0,0,1100.3046960000001
736943,0,0,0,0,0,0,0,24153.0,0,0,0,0,0,1149.264828
0,0,0,0,0,0,0,0,92704.0,0,0,0,0,0,1027.342234
0,0,0,0,0,0,0,0,57701.0,0,0,0,0,0,1133.037544
0,0,0,0,0,0,0,0,57701.0,0,0,0,0,0,1133.037544
0,0,0,0,0,0,0,0,98115.0,0,0,0,0,0,1056.132109
0,0,0,0,0,0,0,0,98115.0,0,0,0,0,0,1056.132109
0,0,0,0,0,0,0,0,98115.0,0,0,0,0,0,1056.132109
0,0,0,0,0,0,0,0,6457.0,0,0,0,0,0,1750.2965979999994
0,0,0,0,0,0,0,0,6457.0,0,0,0,0,0,1750.2965979999994
736429,736582,0,0,0,0,0,0,21215.0,0,0,0,0,0,1248.8678979999997
0,0,0,0,0,0,0,0,92105.0,0,0,0,0,0,1027.027459
0,737060,0,0,0,0,0,0,79762.0,0,0,0,0,0,1023.0832439999998
736575,0,0,0,0,0,0,0,6460.0,0,0,0,0,0,1583.1181699999997
0,0,0,0,0,0,0,0,7109.0,0,0,0,0,0,1742.9310379999993
0,736033,0,0,0,0,0,0,10035.0,0,0,0,0,0,1682.9044979999992
0,736033,0,0,0,0,0,0,10035.0,0,0,0,0,0,1682.9044979999992
736005,736126,0,0,0,0,0,0,92105.0,0,0,0,0,0,1105.9333849999996
736005,736126,0,0,0,0,0,0,92105.0,0,0,0,0,0,1105.9333849999996
736005,736126,0,0,0,0,0,0,92105.0,0,0,0,0,0,1105.9333849999996
736005,736126,0,0,0,0,0,0,92105.0,0,0,0,0,0,1105.9333849999996
0,736457,0,0,0,0,0,0,94122.0,0,0,0,0,0,1078.8332629999998
736856,0,0,0,0,0,0,0,98105.0,0,0,0,0,0,1045.838321
736856,0,0,0,0,0,0,0,98105.0,0,0,0,0,0,1045.838321
736856,0,0,0,0,0,0,0,98105.0,0,0,0,0,0,1045.838321
0,0,0,0,0,0,0,0,39212.0,0,0,0,0,0,1157.8494960000003
735848,0,0,0,0,0,0,0,90049.0,0,0,0,0,0,1045.9797469999999
735848,0,0,0,0,0,0,0,90049.0,0,0,0,0,0,1045.9797469999999
735848,0,0,0,0,0,0,0,90049.0,0,0,0,0,0,1045.9797469999999
0,736421,0,0,0,0,0,0,60623.0,0,0,0,0,0,1145.900442
0,0,0,0,0,0,0,0,10035.0,0,0,0,0,0,1720.0015379999995
0,0,0,0,0,0,0,0,90008.0,0,0,0,0,0,1030.255799
736369,736550,0,0,0,0,0,0,98198.0,0,0,0,0,0,1050.4428249999996
736002,736123,0,0,0,0,0,0,97477.0,0,0,0,0,0,1115.8306349999996
0,0,0,0,0,0,0,0,19120.0,0,0,0,0,0,1404.99292
0,0,0,0,0,0,0,0,19120.0,0,0,0,0,0,1404.99292
0,0,0,0,0,0,0,0,60653.0,0,0,0,0,0,1100.3046960000001
0,0,0,0,0,0,0,0,60653.0,0,0,0,0,0,1100.3046960000001
0,0,0,0,0,0,0,0,60623.0,0,0,0,0,0,1100.3046960000001
0,0,0,0,0,0,0,0,60623.0,0,0,0,0,0,1100.3046960000001
0,0,0,0,0,0,0,0,60623.0,0,0,0,0,0,1100.3046960000001
736614,0,0,0,0,0,0,0,10024.0,0,0,0,0,0,1580.6874499999997
736004,736094,0,0,0,0,0,0,20852.0,0,0,0,0,0,1333.3686679999996
736004,736094,0,0,0,0,0,0,20852.0,0,0,0,0,0,1333.3686679999996
0,0,0,0,0,0,0,0,10011.0,0,0,0,0,0,1747.7220079999993
0,0,0,0,0,0,0,0,10011.0,0,0,0,0,0,1747.7220079999993
0,736035,0,0,0,0,0,0,27707.0,0,0,0,0,0,1242.7477279999998
0,736035,0,0,0,0,0,0,27707.0,0,0,0,0,0,1242.7477279999998
0,736035,0,0,0,0,0,0,27707.0,0,0,0,0,0,1242.7477279999998
736127,736280,0,0,0,0,0,0,93101.0,0,0,0,0,0,1042.6312049999997
736823,736946,0,0,0,0,0,0,37918.0,0,0,0,0,0,1038.4930239999999
736823,736946,0,0,0,0,0,0,37918.0,0,0,0,0,0,1038.4930239999999
736823,736946,0,0,0,0,0,0,37918.0,0,0,0,0,0,1038.4930239999999
0,0,0,0,0,0,0,0,60610.0,0,0,0,0,0,1100.3046960000001
0,0,0,0,0,0,0,0,60610.0,0,0,0,0,0,1100.3046960000001
736187,736187,0,0,0,0,0,0,10024.0,0,0,0,0,0,1518.1829259999995
736187,736187,0,0,0,0,0,0,10024.0,0,0,0,0,0,1518.1829259999995
736187,736187,0,0,0,0,0,0,10024.0,0,0,0,0,0,1518.1829259999995
736187,736187,0,0,0,0,0,0,10024.0,0,0,0,0,0,1518.1829259999995
736187,736187,0,0,0,0,0,0,10024.0,0,0,0,0,0,1518.1829259999995
0,0,0,0,0,0,0,0,32114.0,0,0,0,0,0,1194.7120960000002
0,0,0,0,0,0,0,0,32114.0,0,0,0,0,0,1194.7120960000002
0,0,0,0,0,0,0,0,37211.0,0,0,0,0,0,1159.0822960000003
0,0,0,0,0,0,0,0,37211.0,0,0,0,0,0,1159.0822960000003
736884,737037,0,0,0,0,0,0,37211.0,0,0,0,0,0,1083.8825039999997
736521,736674,0,0,0,0,0,0,75220.0,0,0,0,0,0,1064.14791
736521,736674,0,0,0,0,0,0,75220.0,0,0,0,0,0,1064.14791
0,736004,0,0,0,0,0,0,37130.0,0,0,0,0,0,1176.6825580000002
0,736004,0,0,0,0,0,0,37130.0,0,0,0,0,0,1176.6825580000002
0,736004,0,0,0,0,0,0,37130.0,0,0,0,0,0,1176.6825580000002
0,736004,0,0,0,0,0,0,37130.0,0,0,0,0,0,1176.6825580000002
735667,735789,0,0,0,0,0,0,75217.0,0,0,0,0,0,1130.023984
735667,735789,0,0,0,0,0,0,75217.0,0,0,0,0,0,1130.023984
735667,735789,0,0,0,0,0,0,75217.0,0,0,0,0,0,1130.023984
735667,735789,0,0,0,0,0,0,75217.0,0,0,0,0,0,1130.023984
735667,735789,0,0,0,0,0,0,75217.0,0,0,0,0,0,1130.023984
0,0,0,0,0,0,0,0,76017.0,0,0,0,0,0,1100.3046960000001
736669,0,0,0,0,0,0,0,91104.0,0,0,0,0,0,1004.0102509999997
736669,0,0,0,0,0,0,0,91104.0,0,0,0,0,0,1004.0102509999997
736705,736795,0,0,0,0,0,0,2149.0,0,0,0,0,0,1432.17975
736705,736795,0,0,0,0,0,0,2149.0,0,0,0,0,0,1432.17975
736423,736545,0,0,0,0,0,0,12180.0,0,0,0,0,0,1512.1751179999999
736423,736545,0,0,0,0,0,0,12180.0,0,0,0,0,0,1512.1751179999999
736423,736545,0,0,0,0,0,0,12180.0,0,0,0,0,0,1512.1751179999999
0,736367,0,0,0,0,0,0,30328.0,0,0,0,0,0,1184.0919520000002
0,736367,0,0,0,0,0,0,30328.0,0,0,0,0,0,1184.0919520000002
0,0,0,0,0,0,0,0,95123.0,0,0,0,0,0,1048.076349
0,0,0,0,0,0,0,0,95123.0,0,0,0,0,0,1048.076349
736699,736850,0,0,0,0,0,0,32216.0,0,0,0,0,0,1040.6021
736699,736850,0,0,0,0,0,0,32216.0,0,0,0,0,0,1040.6021
736699,736850,0,0,0,0,0,0,32216.0,0,0,0,0,0,1040.6021
0,0,0,0,0,0,0,0,32216.0,0,0,0,0,0,1194.7120960000002
0,0,0,0,0,0,0,0,32216.0,0,0,0,0,0,1194.7120960000002
0,0,0,0,0,0,0,0,32216.0,0,0,0,0,0,1194.7120960000002
0,0,0,0,0,0,0,0,32216.0,0,0,0,0,0,1194.7120960000002
735607,735727,0,0,0,0,0,0,10009.0,0,0,0,0,0,1690.3571139999995
735607,735727,0,0,0,0,0,0,10009.0,0,0,0,0,0,1690.3571139999995
735940,0,0,0,0,0,0,0,94122.0,0,0,0,0,0,1054.4847209999998
735940,0,0,0,0,0,0,0,94122.0,0,0,0,0,0,1054.4847209999998
0,0,0,0,0,0,0,0,31907.0,0,0,0,0,0,1194.7120960000002
736242,736242,0,0,0,0,0,0,60505.0,0,0,0,0,0,1089.755838
736242,736242,0,0,0,0,0,0,60505.0,0,0,0,0,0,1089.755838
736607,0,0,0,0,0,0,0,19134.0,0,0,0,0,0,1293.0548439999998
736087,736210,0,0,0,0,0,0,60653.0,0,0,0,0,0,1104.8854519999998
736087,736210,0,0,0,0,0,0,60653.0,0,0,0,0,0,1104.8854519999998
736087,736210,0,0,0,0,0,0,60653.0,0,0,0,0,0,1104.8854519999998
736087,736210,0,0,0,0,0,0,60653.0,0,0,0,0,0,1104.8854519999998
737036,0,0,0,0,0,0,0,98103.0,0,0,0,0,0,1247.340137
737036,0,0,0,0,0,0,0,98103.0,0,0,0,0,0,1247.340137
737036,0,0,0,0,0,0,0,98103.0,0,0,0,0,0,1247.340137
737036,0,0,0,0,0,0,0,98103.0,0,0,0,0,0,1247.340137
737036,0,0,0,0,0,0,0,98103.0,0,0,0,0,0,1247.340137
737036,0,0,0,0,0,0,0,98103.0,0,0,0,0,0,1247.340137
0,0,0,0,0,0,0,0,48066.0,0,0,0,0,0,1131.1612920000002
0,0,0,0,0,0,0,0,48066.0,0,0,0,0,0,1131.1612920000002
0,0,0,0,0,0,0,0,48066.0,0,0,0,0,0,1131.1612920000002
0,0,0,0,0,0,0,0,72701.0,0,0,0,0,0,1100.3046960000001
0,0,0,0,0,0,0,0,28540.0,0,0,0,0,0,1216.254424
0,736055,0,0,0,0,0,0,10035.0,0,0,0,0,0,1682.9044979999992
0,736055,0,0,0,0,0,0,10035.0,0,0,0,0,0,1682.9044979999992
0,735693,0,0,0,0,0,0,19901.0,0,0,0,0,0,1378.7027839999996
0,736847,0,0,0,0,0,0,60505.0,0,0,0,0,0,1090.773412
0,736847,0,0,0,0,0,0,60505.0,0,0,0,0,0,1090.773412
0,736847,0,0,0,0,0,0,60505.0,0,0,0,0,0,1090.773412
0,736847,0,0,0,0,0,0,60505.0,0,0,0,0,0,1090.773412
0,0,0,0,0,0,0,0,10009.0,0,0,0,0,0,1742.9310379999993
0,0,0,0,0,0,0,0,92020.0,0,0,0,0,0,1021.7960989999998
0,0,0,0,0,0,0,0,45503.0,0,0,0,0,0,1115.7379360000004
0,736791,0,0,0,0,0,0,10550.0,0,0,0,0,0,1584.2599179999995
0,0,0,0,0,0,0,0,44107.0,0,0,0,0,0,1118.4940360000003
0,0,0,0,0,0,0,0,33614.0,0,0,0,0,0,1194.7120960000002
0,0,0,0,0,0,0,0,33614.0,0,0,0,0,0,1194.7120960000002
0,0,0,0,0,0,0,0,33614.0,0,0,0,0,0,1194.7120960000002
0,0,0,0,0,0,0,0,31907.0,0,0,0,0,0,1194.7120960000002
736942,736972,0,0,0,0,0,0,28540.0,0,0,0,0,0,1055.1741639999998
736942,736972,0,0,0,0,0,0,28540.0,0,0,0,0,0,1055.1741639999998
0,0,0,0,0,0,0,0,60174.0,0,0,0,0,0,1100.3046960000001
0,0,0,0,0,0,0,0,60174.0,0,0,0,0,0,1100.3046960000001
0,0,0,0,0,0,0,0,60174.0,0,0,0,0,0,1100.3046960000001
0,0,0,0,0,0,0,0,60174.0,0,0,0,0,0,1100.3046960000001
735940,0,0,0,0,0,0,0,33180.0,0,0,0,0,0,1176.456284
735940,0,0,0,0,0,0,0,33180.0,0,0,0,0,0,1176.456284
735940,0,0,0,0,0,0,0,33180.0,0,0,0,0,0,1176.456284
735940,0,0,0,0,0,0,0,33180.0,0,0,0,0,0,1176.456284
735940,0,0,0,0,0,0,0,33180.0,0,0,0,0,0,1176.456284
735940,0,0,0,0,0,0,0,33180.0,0,0,0,0,0,1176.456284
736280,0,0,0,0,0,0,0,45373.0,0,0,0,0,0,1061.353716
736764,736886,0,0,0,0,0,0,98103.0,0,0,0,0,0,1041.9937989999996
0,0,0,0,0,0,0,0,10011.0,0,0,0,0,0,1747.7220079999993
0,736394,0,0,0,0,0,0,22204.0,0,0,0,0,0,1269.976922
0,736394,0,0,0,0,0,0,22204.0,0,0,0,0,0,1269.976922
736091,736275,0,0,0,0,0,0,28205.0,0,0,0,0,0,1093.1608999999999
736091,736275,0,0,0,0,0,0,28205.0,0,0,0,0,0,1093.1608999999999
735905,0,0,0,0,0,0,0,95661.0,0,0,0,0,0,1049.4305729999996
0,0,0,0,0,0,0,0,48234.0,0,0,0,0,0,1127.0040120000003
0,736702,0,0,0,0,0,0,90036.0,0,0,0,0,0,1050.69298
0,736702,0,0,0,0,0,0,90036.0,0,0,0,0,0,1050.69298
0,735640,0,0,0,0,0,0,94110.0,0,0,0,0,0,1071.135083
736764,736948,0,0,0,0,0,0,93309.0,0,0,0,0,0,1029.8530369999996
736641,0,0,0,0,0,0,0,74133.0,0,0,0,0,0,1061.7147320000001
736641,0,0,0,0,0,0,0,74133.0,0,0,0,0,0,1061.7147320000001
736641,0,0,0,0,0,0,0,74133.0,0,0,0,0,0,1061.7147320000001
0,0,0,0,0,0,0,0,94122.0,0,0,0,0,0,1048.9307489999999
735601,735782,0,0,0,0,0,0,77036.0,0,0,0,0,0,1153.229528
735601,735782,0,0,0,0,0,0,77036.0,0,0,0,0,0,1153.229528
0,0,0,0,0,0,0,0,31907.0,0,0,0,0,0,1194.7120960000002
0,0,0,0,0,0,0,0,31907.0,0,0,0,0,0,1194.7120960000002
735939,0,0,0,0,0,0,0,77573.0,0,0,0,0,0,1018.0859399999998
735939,0,0,0,0,0,0,0,77573.0,0,0,0,0,0,1018.0859399999998
735939,0,0,0,0,0,0,0,77573.0,0,0,0,0,0,1018.0859399999998
735939,0,0,0,0,0,0,0,77573.0,0,0,0,0,0,1018.0859399999998
737002,0,0,0,0,0,0,0,27217.0,0,0,0,0,0,1155.2534480000002
737002,0,0,0,0,0,0,0,27217.0,0,0,0,0,0,1155.2534480000002
0,0,0,0,0,0,0,0,10009.0,0,0,0,0,0,1742.9310379999993
736096,736127,0,0,0,0,0,0,75220.0,0,0,0,0,0,1128.8250959999998
0,736339,0,0,0,0,0,0,77095.0,0,0,0,0,0,1099.434744
0,0,0,0,0,0,0,0,11561.0,0,0,0,0,0,1724.4191099999994
0,0,0,0,0,0,0,0,11561.0,0,0,0,0,0,1724.4191099999994
736915,736946,0,0,0,0,0,0,33012.0,0,0,0,0,0,1055.1741639999998
736915,736946,0,0,0,0,0,0,33012.0,0,0,0,0,0,1055.1741639999998
0,0,0,0,0,0,0,0,60505.0,0,0,0,0,0,1100.3046960000001
0,0,0,0,0,0,0,0,60505.0,0,0,0,0,0,1100.3046960000001
736855,737008,0,0,0,0,0,0,7109.0,0,0,0,0,0,1423.8040759999997
736855,737008,0,0,0,0,0,0,7109.0,0,0,0,0,0,1423.8040759999997
736886,737009,0,0,0,0,0,0,10024.0,0,0,0,0,0,1423.8040759999997
736575,736666,0,0,0,0,0,0,1810.0,0,0,0,0,0,1425.8411659999997
736575,736666,0,0,0,0,0,0,1810.0,0,0,0,0,0,1425.8411659999997
736575,736666,0,0,0,0,0,0,1810.0,0,0,0,0,0,1425.8411659999997
736575,736666,0,0,0,0,0,0,1810.0,0,0,0,0,0,1425.8411659999997
0,0,0,0,0,0,0,0,19711.0,0,0,0,0,0,1365.6374599999995
736367,736548,0,0,0,0,0,0,22204.0,0,0,0,0,0,1153.010366
0,736024,0,0,0,0,0,0,35601.0,0,0,0,0,0,1204.682358
0,736024,0,0,0,0,0,0,35601.0,0,0,0,0,0,1204.682358
0,0,0,0,0,0,0,0,92345.0,0,0,0,0,0,1027.027459
0,0,0,0,0,0,0,0,23320.0,0,0,0,0,0,1302.1393939999998
737004,0,0,0,0,0,0,0,90036.0,0,0,0,0,0,1028.172081
0,0,0,0,0,0,0,0,35810.0,0,0,0,0,0,1194.7120960000002
0,0,0,0,0,0,0,0,37918.0,0,0,0,0,0,1159.0822960000003
0,0,0,0,0,0,0,0,37918.0,0,0,0,0,0,1159.0822960000003
0,0,0,0,0,0,0,0,37918.0,0,0,0,0,0,1159.0822960000003
0,736059,0,0,0,0,0,0,1841.0,0,0,0,0,0,1707.5300179999995
0,736059,0,0,0,0,0,0,1841.0,0,0,0,0,0,1707.5300179999995
0,736059,0,0,0,0,0,0,1841.0,0,0,0,0,0,1707.5300179999995
0,736059,0,0,0,0,0,0,1841.0,0,0,0,0,0,1707.5300179999995
0,736059,0,0,0,0,0,0,1841.0,0,0,0,0,0,1707.5300179999995
736758,736911,0,0,0,0,0,0,19134.0,0,0,0,0,0,1230.6368739999998
736758,736911,0,0,0,0,0,0,19134.0,0,0,0,0,0,1230.6368739999998
736758,736911,0,0,0,0,0,0,19134.0,0,0,0,0,0,1230.6368739999998
736758,736911,0,0,0,0,0,0,19134.0,0,0,0,0,0,1230.6368739999998
736758,736911,0,0,0,0,0,0,19134.0,0,0,0,0,0,1230.6368739999998
0,0,0,0,0,0,0,0,30605.0,0,0,0,0,0,1194.7120960000002
735906,0,0,0,0,0,0,0,59405.0,0,0,0,0,0,1137.253596
735906,0,0,0,0,0,0,0,59405.0,0,0,0,0,0,1137.253596
735906,0,0,0,0,0,0,0,59405.0,0,0,0,0,0,1137.253596
736726,736785,0,0,0,0,0,0,79907.0,0,0,0,0,0,1007.5237499999997
736726,736785,0,0,0,0,0,0,79907.0,0,0,0,0,0,1007.5237499999997
736726,736785,0,0,0,0,0,0,79907.0,0,0,0,0,0,1007.5237499999997
736726,736785,0,0,0,0,0,0,79907.0,0,0,0,0,0,1007.5237499999997
0,736730,0,0,0,0,0,0,34741.0,0,0,0,0,0,1135.3924760000002
0,736727,0,0,0,0,0,0,98105.0,0,0,0,0,0,1042.3694850000002
735788,735941,0,0,0,0,0,0,95051.0,0,0,0,0,0,1101.9905909999998
735788,735941,0,0,0,0,0,0,95051.0,0,0,0,0,0,1101.9905909999998
735788,735941,0,0,0,0,0,0,95051.0,0,0,0,0,0,1101.9905909999998
736639,0,0,0,0,0,0,0,90049.0,0,0,0,0,0,1001.5896709999996
0,0,0,0,0,0,0,0,93727.0,0,0,0,0,0,1032.062994
0,0,0,0,0,0,0,0,76106.0,0,0,0,0,0,1100.3046960000001
0,736341,0,0,0,0,0,0,98105.0,0,0,0,0,0,1084.903813
736613,0,0,0,0,0,0,0,94110.0,0,0,0,0,0,1021.9896509999995
736085,736238,0,0,0,0,0,0,94110.0,0,0,0,0,0,1041.6192849999998
736085,736238,0,0,0,0,0,0,94110.0,0,0,0,0,0,1041.6192849999998
0,0,0,0,0,0,0,0,33068.0,0,0,0,0,0,1194.7120960000002
736309,0,0,0,0,0,0,0,77095.0,0,0,0,0,0,1029.617176
736309,0,0,0,0,0,0,0,77095.0,0,0,0,0,0,1029.617176
736309,0,0,0,0,0,0,0,77095.0,0,0,0,0,0,1029.617176
735850,0,0,0,0,0,0,0,60653.0,0,0,0,0,0,1108.3147520000002
0,0,0,0,0,0,0,0,94109.0,0,0,0,0,0,1038.179099
736543,0,0,0,0,0,0,0,77036.0,0,0,0,0,0,1068.804532
0,0,0,0,0,0,0,0,6484.0,0,0,0,0,0,1750.2965979999994
0,0,0,0,0,0,0,0,6484.0,0,0,0,0,0,1750.2965979999994
736793,736915,0,0,0,0,0,0,94601.0,0,0,0,0,0,1041.9937989999996
0,736029,0,0,0,0,0,0,6040.0,0,0,0,0,0,1698.534397999999
0,736029,0,0,0,0,0,0,6040.0,0,0,0,0,0,1698.534397999999
735609,735729,0,0,0,0,0,0,7050.0,0,0,0,0,0,1690.3571139999995
0,0,0,0,0,0,0,0,44312.0,0,0,0,0,0,1130.9557560000003
736796,736857,0,0,0,0,0,0,90032.0,0,0,0,0,0,1045.1716919999997
0,0,0,0,0,0,0,0,6810.0,0,0,0,0,0,1750.2965979999994
736341,736492,0,0,0,0,0,0,2038.0,0,0,0,0,0,1476.0653059999997
736341,736492,0,0,0,0,0,0,2038.0,0,0,0,0,0,1476.0653059999997
736341,736492,0,0,0,0,0,0,2038.0,0,0,0,0,0,1476.0653059999997
736341,736492,0,0,0,0,0,0,2038.0,0,0,0,0,0,1476.0653059999997
0,0,0,0,0,0,0,0,28403.0,0,0,0,0,0,1216.254424
735666,735697,0,0,0,0,0,0,77095.0,0,0,0,0,0,1094.998964
736736,736886,0,0,0,0,0,0,45503.0,0,0,0,0,0,1037.0903319999998
0,0,0,0,0,0,0,0,85301.0,0,0,0,0,0,1006.5456479999999
736096,736219,0,0,0,0,0,0,10009.0,0,0,0,0,0,1488.6637059999996
736096,736219,0,0,0,0,0,0,10009.0,0,0,0,0,0,1488.6637059999996
736096,736219,0,0,0,0,0,0,10009.0,0,0,0,0,0,1488.6637059999996
736331,736512,0,0,0,0,0,0,90036.0,0,0,0,0,0,1051.6578879999997
736913,737035,0,0,0,0,0,0,19711.0,0,0,0,0,0,1228.7065699999996
736913,737035,0,0,0,0,0,0,19711.0,0,0,0,0,0,1228.7065699999996
736913,737035,0,0,0,0,0,0,19711.0,0,0,0,0,0,1228.7065699999996
736913,737035,0,0,0,0,0,0,19711.0,0,0,0,0,0,1228.7065699999996
736913,737035,0,0,0,0,0,0,19711.0,0,0,0,0,0,1228.7065699999996
736280,0,0,0,0,0,0,0,92404.0,0,0,0,0,0,1005.3813509999997
0,0,0,0,0,0,0,0,27217.0,0,0,0,0,0,1253.799104
736577,736668,0,0,0,0,0,0,24153.0,0,0,0,0,0,1073.316076
736970,0,0,0,0,0,0,0,75217.0,0,0,0,0,0,1067.610392
0,0,0,0,0,0,0,0,76017.0,0,0,0,0,0,1100.3046960000001
0,0,0,0,0,0,0,0,76017.0,0,0,0,0,0,1100.3046960000001
736849,737032,0,0,0,0,0,0,52302.0,0,0,0,0,0,1084.660296
736942,737003,0,0,0,0,0,0,98105.0,0,0,0,0,0,1043.1873969999997
736942,737003,0,0,0,0,0,0,98105.0,0,0,0,0,0,1043.1873969999997
736942,737003,0,0,0,0,0,0,98105.0,0,0,0,0,0,1043.1873969999997
736942,737003,0,0,0,0,0,0,98105.0,0,0,0,0,0,1043.1873969999997
736942,737003,0,0,0,0,0,0,98105.0,0,0,0,0,0,1043.1873969999997
737038,0,0,0,0,0,0,0,8701.0,0,0,0,0,0,1785.301879999999
737038,0,0,0,0,0,0,0,8701.0,0,0,0,0,0,1785.301879999999
737038,0,0,0,0,0,0,0,8701.0,0,0,0,0,0,1785.301879999999
737038,0,0,0,0,0,0,0,8701.0,0,0,0,0,0,1785.301879999999
0,0,0,0,0,0,0,0,45231.0,0,0,0,0,0,1121.2394960000001
736004,736155,0,0,0,0,0,0,80229.0,0,0,0,0,0,1097.6619479999997
0,0,0,0,0,0,0,0,48066.0,0,0,0,0,0,1131.1612920000002
737039,0,0,0,0,0,0,0,85281.0,0,0,0,0,0,1189.9572719999999
0,0,0,0,0,0,0,0,19601.0,0,0,0,0,0,1365.6374599999995
0,735722,0,0,0,0,0,0,55124.0,0,0,0,0,0,1191.1606060000001
736917,0,0,0,0,0,0,0,21215.0,0,0,0,0,0,1236.5544579999998
0,0,0,0,0,0,0,0,78415.0,0,0,0,0,0,1016.702718
0,0,0,0,0,0,0,0,78415.0,0,0,0,0,0,1016.702718
0,0,0,0,0,0,0,0,78415.0,0,0,0,0,0,1016.702718
0,0,0,0,0,0,0,0,78415.0,0,0,0,0,0,1016.702718
0,0,0,0,0,0,0,0,89115.0,0,0,0,0,0,1029.9250639999998
736249,0,0,0,0,0,0,0,44105.0,0,0,0,0,0,1063.82484
0,735604,0,0,0,0,0,0,98105.0,0,0,0,0,0,1104.9838929999999
0,0,0,0,0,0,0,0,60623.0,0,0,0,0,0,1100.3046960000001
736553,736675,0,0,0,0,0,0,43229.0,0,0,0,0,0,1006.3003559999997
736850,736972,0,0,0,0,0,0,85705.0,0,0,0,0,0,1048.8938499999997
736483,736605,0,0,0,0,0,0,19120.0,0,0,0,0,0,1268.5048039999997
736483,736605,0,0,0,0,0,0,19120.0,0,0,0,0,0,1268.5048039999997
736483,736605,0,0,0,0,0,0,19120.0,0,0,0,0,0,1268.5048039999997
0,0,0,0,0,0,0,0,2920.0,0,0,0,0,0,1749.7338779999993
0,0,0,0,0,0,0,0,2920.0,0,0,0,0,0,1749.7338779999993
0,0,0,0,0,0,0,0,2920.0,0,0,0,0,0,1749.7338779999993
0,0,0,0,0,0,0,0,2920.0,0,0,0,0,0,1749.7338779999993
0,0,0,0,0,0,0,0,2920.0,0,0,0,0,0,1749.7338779999993
0,0,0,0,0,0,0,0,2920.0,0,0,0,0,0,1749.7338779999993
0,0,0,0,0,0,0,0,94122.0,0,0,0,0,0,1048.9307489999999
0,0,0,0,0,0,0,0,77070.0,0,0,0,0,0,1070.2188320000002
0,0,0,0,0,0,0,0,77070.0,0,0,0,0,0,1070.2188320000002
0,0,0,0,0,0,0,0,77070.0,0,0,0,0,0,1070.2188320000002
0,0,0,0,0,0,0,0,90049.0,0,0,0,0,0,1021.7960989999998
0,736731,0,0,0,0,0,0,60653.0,0,0,0,0,0,1091.343458
0,736731,0,0,0,0,0,0,60653.0,0,0,0,0,0,1091.343458
0,0,0,0,0,0,0,0,77070.0,0,0,0,0,0,1070.2188320000002
0,0,0,0,0,0,0,0,77070.0,0,0,0,0,0,1070.2188320000002
0,735697,0,0,0,0,0,0,6010.0,0,0,0,0,0,1745.9648979999995
0,735697,0,0,0,0,0,0,6010.0,0,0,0,0,0,1745.9648979999995
736032,736154,0,0,0,0,0,0,49423.0,0,0,0,0,0,1102.33677
0,735602,0,0,0,0,0,0,87105.0,0,0,0,0,0,1085.9834879999999
736242,0,0,0,0,0,0,0,80027.0,0,0,0,0,0,993.2156099999997
736211,0,0,0,0,0,0,0,10024.0,0,0,0,0,0,1592.40665
736211,0,0,0,0,0,0,0,6360.0,0,0,0,0,0,1594.8658099999998
0,0,0,0,0,0,0,0,94122.0,0,0,0,0,0,1048.9307489999999
736644,0,0,0,0,0,0,0,46060.0,0,0,0,0,0,1058.899316
0,0,0,0,0,0,0,0,37042.0,0,0,0,0,0,1159.0822960000003
0,0,0,0,0,0,0,0,37042.0,0,0,0,0,0,1159.0822960000003
0,0,0,0,0,0,0,0,37042.0,0,0,0,0,0,1159.0822960000003
0,0,0,0,0,0,0,0,37042.0,0,0,0,0,0,1159.0822960000003
0,0,0,0,0,0,0,0,33021.0,0,0,0,0,0,1194.7120960000002
736941,0,0,0,0,0,0,0,17403.0,0,0,0,0,0,1279.98013
736941,0,0,0,0,0,0,0,17403.0,0,0,0,0,0,1279.98013
0,736705,0,0,0,0,0,0,85204.0,0,0,0,0,0,1026.7056479999999
0,0,0,0,0,0,0,0,10024.0,0,0,0,0,0,1743.6276379999993
0,0,0,0,0,0,0,0,94110.0,0,0,0,0,0,1038.179099
736666,0,0,0,0,0,0,0,90036.0,0,0,0,0,0,1015.7364009999998
0,0,0,0,0,0,0,0,68104.0,0,0,0,0,0,1100.3046960000001
0,0,0,0,0,0,0,0,19120.0,0,0,0,0,0,1404.99292
737000,0,0,0,0,0,0,0,10024.0,0,0,0,0,0,1634.0602599999997
0,0,0,0,0,0,0,0,49505.0,0,0,0,0,0,1127.0040120000003
0,0,0,0,0,0,0,0,98115.0,0,0,0,0,0,1056.132109
0,0,0,0,0,0,0,0,93727.0,0,0,0,0,0,1032.062994
0,0,0,0,0,0,0,0,93727.0,0,0,0,0,0,1032.062994
0,0,0,0,0,0,0,0,93727.0,0,0,0,0,0,1032.062994
736362,736421,0,0,0,0,0,0,22204.0,0,0,0,0,0,1153.010366
736362,736421,0,0,0,0,0,0,22204.0,0,0,0,0,0,1153.010366
736362,736421,0,0,0,0,0,0,22204.0,0,0,0,0,0,1153.010366
736882,737005,0,0,0,0,0,0,90049.0,0,0,0,0,0,1037.0230249999995
0,0,0,0,0,0,0,0,79424.0,0,0,0,0,0,1014.861718
0,0,0,0,0,0,0,0,79424.0,0,0,0,0,0,1014.861718
0,0,0,0,0,0,0,0,79424.0,0,0,0,0,0,1014.861718
736372,736553,0,0,0,0,0,0,80501.0,0,0,0,0,0,1028.1987959999997
735721,735813,0,0,0,0,0,0,10701.0,0,0,0,0,0,1645.2281939999996
735721,735813,0,0,0,0,0,0,10701.0,0,0,0,0,0,1645.2281939999996
735721,735813,0,0,0,0,0,0,10701.0,0,0,0,0,0,1645.2281939999996
735721,735813,0,0,0,0,0,0,10701.0,0,0,0,0,0,1645.2281939999996
735721,735813,0,0,0,0,0,0,10701.0,0,0,0,0,0,1645.2281939999996
735966,736026,0,0,0,0,0,0,90045.0,0,0,0,0,0,1108.2842529999996
735966,736026,0,0,0,0,0,0,90045.0,0,0,0,0,0,1108.2842529999996
0,0,0,0,0,0,0,0,90049.0,0,0,0,0,0,1021.7960989999998
736365,736485,0,0,0,0,0,0,79109.0,0,0,0,0,0,1020.3355759999996
736544,736666,0,0,0,0,0,0,75217.0,0,0,0,0,0,1064.14791
736544,736666,0,0,0,0,0,0,75217.0,0,0,0,0,0,1064.14791
736544,736666,0,0,0,0,0,0,75217.0,0,0,0,0,0,1064.14791
736280,0,0,0,0,0,0,0,48205.0,0,0,0,0,0,1069.168232
736280,0,0,0,0,0,0,0,48205.0,0,0,0,0,0,1069.168232
736280,0,0,0,0,0,0,0,48205.0,0,0,0,0,0,1069.168232
0,0,0,0,0,0,0,0,10035.0,0,0,0,0,0,1720.0015379999995
736362,736543,0,0,0,0,0,0,77041.0,0,0,0,0,0,1073.2917719999998
736820,736943,0,0,0,0,0,0,32839.0,0,0,0,0,0,1057.2013639999998
0,0,0,0,0,0,0,0,41042.0,0,0,0,0,0,1118.4940360000003
0,0,0,0,0,0,0,0,41042.0,0,0,0,0,0,1118.4940360000003
736514,736637,0,0,0,0,0,0,10009.0,0,0,0,0,0,1425.1283259999996
736790,736881,0,0,0,0,0,0,75034.0,0,0,0,0,0,1083.5673719999998
736796,736979,0,0,0,0,0,0,7501.0,0,0,0,0,0,1409.4785959999997
736796,736979,0,0,0,0,0,0,7501.0,0,0,0,0,0,1409.4785959999997
736796,736979,0,0,0,0,0,0,7501.0,0,0,0,0,0,1409.4785959999997
736634,0,0,0,0,0,0,0,43229.0,0,0,0,0,0,1061.3704399999997
736333,736514,0,0,0,0,0,0,53209.0,0,0,0,0,0,1055.1883079999998
0,0,0,0,0,0,0,0,94109.0,0,0,0,0,0,1038.179099
0,0,0,0,0,0,0,0,43229.0,0,0,0,0,0,1118.4940360000003
0,0,0,0,0,0,0,0,43229.0,0,0,0,0,0,1118.4940360000003
0,0,0,0,0,0,0,0,43229.0,0,0,0,0,0,1118.4940360000003
0,0,0,0,0,0,0,0,43229.0,0,0,0,0,0,1118.4940360000003
0,0,0,0,0,0,0,0,43229.0,0,0,0,0,0,1118.4940360000003
736978,0,0,0,0,0,0,0,90008.0,0,0,0,0,0,1014.5053509999998
0,736492,0,0,0,0,0,0,48227.0,0,0,0,0,0,1133.5242480000002
0,736492,0,0,0,0,0,0,48227.0,0,0,0,0,0,1133.5242480000002
0,736492,0,0,0,0,0,0,48227.0,0,0,0,0,0,1133.5242480000002
0,736492,0,0,0,0,0,0,48227.0,0,0,0,0,0,1133.5242480000002
0,0,0,0,0,0,0,0,31907.0,0,0,0,0,0,1194.7120960000002
0,0,0,0,0,0,0,0,94122.0,0,0,0,0,0,1048.9307489999999
736151,736274,0,0,0,0,0,0,19143.0,0,0,0,0,0,1262.9515639999997
736151,736274,0,0,0,0,0,0,19143.0,0,0,0,0,0,1262.9515639999997
736151,736274,0,0,0,0,0,0,19143.0,0,0,0,0,0,1262.9515639999997
736940,0,0,0,0,0,0,0,90008.0,0,0,0,0,0,1014.5053509999998
736940,0,0,0,0,0,0,0,90008.0,0,0,0,0,0,1014.5053509999998
0,0,0,0,0,0,0,0,19140.0,0,0,0,0,0,1365.6374599999995
0,0,0,0,0,0,0,0,19140.0,0,0,0,0,0,1365.6374599999995
735757,735910,0,0,0,0,0,0,10035.0,0,0,0,0,0,1641.6081939999995
0,0,0,0,0,0,0,0,31907.0,0,0,0,0,0,1194.7120960000002
0,0,0,0,0,0,0,0,31907.0,0,0,0,0,0,1194.7120960000002
0,0,0,0,0,0,0,0,31907.0,0,0,0,0,0,1194.7120960000002
736096,736249,0,0,0,0,0,0,90049.0,0,0,0,0,0,1043.4010329999996
736096,736249,0,0,0,0,0,0,90049.0,0,0,0,0,0,1043.4010329999996
736277,736307,0,0,0,0,0,0,80013.0,0,0,0,0,0,1020.3355759999996
0,0,0,0,0,0,0,0,77041.0,0,0,0,0,0,1074.552944
0,0,0,0,0,0,0,0,77041.0,0,0,0,0,0,1074.552944
0,735663,0,0,0,0,0,0,60623.0,0,0,0,0,0,1135.710074
0,0,0,0,0,0,0,0,35601.0,0,0,0,0,0,1194.7120960000002
736584,736645,0,0,0,0,0,0,22153.0,0,0,0,0,0,1165.1983059999998
0,0,0,0,0,0,0,0,33317.0,0,0,0,0,0,1194.7120960000002
0,0,0,0,0,0,0,0,33317.0,0,0,0,0,0,1194.7120960000002
0,0,0,0,0,0,0,0,77041.0,0,0,0,0,0,1074.552944
0,0,0,0,0,0,0,0,77041.0,0,0,0,0,0,1074.552944
0,0,0,0,0,0,0,0,77041.0,0,0,0,0,0,1074.552944
0,0,0,0,0,0,0,0,77041.0,0,0,0,0,0,1074.552944
0,0,0,0,0,0,0,0,77041.0,0,0,0,0,0,1074.552944
736364,736484,0,0,0,0,0,0,53209.0,0,0,0,0,0,1055.1883079999998
0,736789,0,0,0,0,0,0,32771.0,0,0,0,0,0,1136.6252760000002
0,736789,0,0,0,0,0,0,32771.0,0,0,0,0,0,1136.6252760000002
0,0,0,0,0,0,0,0,75056.0,0,0,0,0,0,1100.3046960000001
0,0,0,0,0,0,0,0,75056.0,0,0,0,0,0,1100.3046960000001
736613,736674,0,0,0,0,0,0,45373.0,0,0,0,0,0,1003.8292319999997
736492,736675,0,0,0,0,0,0,11550.0,0,0,0,0,0,1457.7437179999997
736492,736675,0,0,0,0,0,0,11550.0,0,0,0,0,0,1457.7437179999997
736492,736675,0,0,0,0,0,0,11550.0,0,0,0,0,0,1457.7437179999997
736392,736392,0,0,0,0,0,0,75081.0,0,0,0,0,0,1089.264718
0,735641,0,0,0,0,0,0,77041.0,0,0,0,0,0,1105.88921
0,0,0,0,0,0,0,0,10035.0,0,0,0,0,0,1720.0015379999995
0,0,0,0,0,0,0,0,94110.0,0,0,0,0,0,1038.179099
0,0,0,0,0,0,0,0,34952.0,0,0,0,0,0,1194.7120960000002
736760,736791,0,0,0,0,0,0,3301.0,0,0,0,0,0,1400.5016799999999
0,0,0,0,0,0,0,0,55901.0,0,0,0,0,0,1152.327744
0,0,0,0,0,0,0,0,55901.0,0,0,0,0,0,1152.327744
0,736726,0,0,0,0,0,0,40214.0,0,0,0,0,0,1083.5571520000003
0,0,0,0,0,0,0,0,78666.0,0,0,0,0,0,1016.702718
0,0,0,0,0,0,0,0,78666.0,0,0,0,0,0,1016.702718
0,0,0,0,0,0,0,0,78666.0,0,0,0,0,0,1016.702718
0,0,0,0,0,0,0,0,78666.0,0,0,0,0,0,1016.702718
735690,735812,0,0,0,0,0,0,92025.0,0,0,0,0,0,1076.2527849999997
736949,0,0,0,0,0,0,0,19134.0,0,0,0,0,0,1280.0149739999997
737005,0,0,0,0,0,0,0,90049.0,0,0,0,0,0,1016.4459309999999
737005,0,0,0,0,0,0,0,90049.0,0,0,0,0,0,1016.4459309999999
0,0,0,0,0,0,0,0,19140.0,0,0,0,0,0,1365.6374599999995
0,736696,0,0,0,0,0,0,19120.0,0,0,0,0,0,1348.6347799999996
0,736704,0,0,0,0,0,0,11550.0,0,0,0,0,0,1586.7815659999997
0,0,0,0,0,0,0,0,80634.0,0,0,0,0,0,1014.447608
0,0,0,0,0,0,0,0,80634.0,0,0,0,0,0,1014.447608
736948,0,0,0,0,0,0,0,32216.0,0,0,0,0,0,1090.17782
736948,0,0,0,0,0,0,0,32216.0,0,0,0,0,0,1090.17782
735723,735784,0,0,0,0,0,0,22204.0,0,0,0,0,0,1270.4182919999998
735723,735784,0,0,0,0,0,0,22204.0,0,0,0,0,0,1270.4182919999998
0,0,0,0,0,0,0,0,94122.0,0,0,0,0,0,1048.9307489999999
0,735610,0,0,0,0,0,0,93727.0,0,0,0,0,0,1080.9147779999998
0,735610,0,0,0,0,0,0,93727.0,0,0,0,0,0,1080.9147779999998
0,735610,0,0,0,0,0,0,93727.0,0,0,0,0,0,1080.9147779999998
0,735610,0,0,0,0,0,0,93727.0,0,0,0,0,0,1080.9147779999998
0,0,0,0,0,0,0,0,89502.0,0,0,0,0,0,1021.7723239999998
736389,736542,0,0,0,0,0,0,78207.0,0,0,0,0,0,1031.6869559999998
736389,736542,0,0,0,0,0,0,78207.0,0,0,0,0,0,1031.6869559999998
736389,736542,0,0,0,0,0,0,78207.0,0,0,0,0,0,1031.6869559999998
0,0,0,0,0,0,0,0,2740.0,0,0,0,0,0,1749.7338779999993
735694,735847,0,0,0,0,0,0,10035.0,0,0,0,0,0,1645.2281939999996
735694,735847,0,0,0,0,0,0,10035.0,0,0,0,0,0,1645.2281939999996
735694,735847,0,0,0,0,0,0,10035.0,0,0,0,0,0,1645.2281939999996
735694,735847,0,0,0,0,0,0,10035.0,0,0,0,0,0,1645.2281939999996
0,0,0,0,0,0,0,0,93030.0,0,0,0,0,0,1027.342234
0,736331,0,0,0,0,0,0,90036.0,0,0,0,0,0,1092.6996909999998
736583,0,0,0,0,0,0,0,94601.0,0,0,0,0,0,1032.7413009999996
736611,0,0,0,0,0,0,0,98026.0,0,0,0,0,0,1031.1413009999997
736611,0,0,0,0,0,0,0,98026.0,0,0,0,0,0,1031.1413009999997
736611,0,0,0,0,0,0,0,98026.0,0,0,0,0,0,1031.1413009999997
736611,0,0,0,0,0,0,0,98026.0,0,0,0,0,0,1031.1413009999997
736756,736909,0,0,0,0,0,0,90004.0,0,0,0,0,0,1050.6136969999995
736915,0,0,0,0,0,0,0,10024.0,0,0,0,0,0,1571.4303199999997
736856,736948,0,0,0,0,0,0,75217.0,0,0,0,0,0,1082.4126999999999
0,0,0,0,0,0,0,0,37064.0,0,0,0,0,0,1159.0822960000003
0,736341,0,0,0,0,0,0,85023.0,0,0,0,0,0,1060.2560639999997
0,0,0,0,0,0,0,0,33178.0,0,0,0,0,0,1194.7120960000002
0,0,0,0,0,0,0,0,33178.0,0,0,0,0,0,1194.7120960000002
736188,736310,0,0,0,0,0,0,80906.0,0,0,0,0,0,1055.7276359999998
736154,736307,0,0,0,0,0,0,10011.0,0,0,0,0,0,1493.4546759999998
736154,736307,0,0,0,0,0,0,10011.0,0,0,0,0,0,1493.4546759999998
736154,736307,0,0,0,0,0,0,10011.0,0,0,0,0,0,1493.4546759999998
736154,736307,0,0,0,0,0,0,10011.0,0,0,0,0,0,1493.4546759999998
736154,736307,0,0,0,0,0,0,10011.0,0,0,0,0,0,1493.4546759999998
0,0,0,0,0,0,0,0,18018.0,0,0,0,0,0,1434.3321199999998
0,0,0,0,0,0,0,0,18018.0,0,0,0,0,0,1434.3321199999998
0,0,0,0,0,0,0,0,18018.0,0,0,0,0,0,1434.3321199999998
0,0,0,0,0,0,0,0,19140.0,0,0,0,0,0,1365.6374599999995
0,735634,0,0,0,0,0,0,40214.0,0,0,0,0,0,1150.3329600000002
0,735634,0,0,0,0,0,0,40214.0,0,0,0,0,0,1150.3329600000002
0,736730,0,0,0,0,0,0,98105.0,0,0,0,0,0,1045.844565
0,0,0,0,0,0,0,0,53142.0,0,0,0,0,0,1137.4537320000002
0,0,0,0,0,0,0,0,42420.0,0,0,0,0,0,1118.4940360000003
737029,0,0,0,0,0,0,0,75217.0,0,0,0,0,0,1231.8654119999997
736737,736737,0,0,0,0,0,0,85345.0,0,0,0,0,0,1006.1365299999998
736187,0,0,0,0,0,0,0,28540.0,0,0,0,0,0,1152.587248
736187,0,0,0,0,0,0,0,28540.0,0,0,0,0,0,1152.587248
736187,0,0,0,0,0,0,0,28540.0,0,0,0,0,0,1152.587248
736187,0,0,0,0,0,0,0,28540.0,0,0,0,0,0,1152.587248
0,0,0,0,0,0,0,0,90032.0,0,0,0,0,0,1034.961929
736096,736188,0,0,0,0,0,0,37211.0,0,0,0,0,0,1058.0882659999997
0,736396,0,0,0,0,0,0,28205.0,0,0,0,0,0,1184.0919520000002
0,736396,0,0,0,0,0,0,28205.0,0,0,0,0,0,1184.0919520000002
0,0,0,0,0,0,0,0,98103.0,0,0,0,0,0,1048.076349
0,0,0,0,0,0,0,0,98103.0,0,0,0,0,0,1048.076349
0,0,0,0,0,0,0,0,98103.0,0,0,0,0,0,1048.076349
0,0,0,0,0,0,0,0,98103.0,0,0,0,0,0,1048.076349
0,0,0,0,0,0,0,0,98103.0,0,0,0,0,0,1048.076349
0,0,0,0,0,0,0,0,98103.0,0,0,0,0,0,1048.076349
0,0,0,0,0,0,0,0,98103.0,0,0,0,0,0,1048.076349
0,0,0,0,0,0,0,0,98103.0,0,0,0,0,0,1048.076349
0,0,0,0,0,0,0,0,60623.0,0,0,0,0,0,1100.3046960000001
736397,736550,0,0,0,0,0,0,45231.0,0,0,0,0,0,1052.8753519999998
0,0,0,0,0,0,0,0,33311.0,0,0,0,0,0,1194.7120960000002
736303,0,0,0,0,0,0,0,77041.0,0,0,0,0,0,1050.981868
736303,0,0,0,0,0,0,0,77041.0,0,0,0,0,0,1050.981868
736303,0,0,0,0,0,0,0,77041.0,0,0,0,0,0,1050.981868
0,736698,0,0,0,0,0,0,90712.0,0,0,0,0,0,1069.9196849999998
0,0,0,0,0,0,0,0,94122.0,0,0,0,0,0,1048.9307489999999
0,736726,0,0,0,0,0,0,19140.0,0,0,0,0,0,1307.29774
0,0,0,0,0,0,0,0,98115.0,0,0,0,0,0,1056.132109
0,0,0,0,0,0,0,0,98115.0,0,0,0,0,0,1056.132109
0,0,0,0,0,0,0,0,90036.0,0,0,0,0,0,1034.961929
0,735964,0,0,0,0,0,0,44105.0,0,0,0,0,0,1145.6046780000001
0,735964,0,0,0,0,0,0,44105.0,0,0,0,0,0,1145.6046780000001
0,0,0,0,0,0,0,0,62521.0,0,0,0,0,0,1100.3046960000001
0,0,0,0,0,0,0,0,62521.0,0,0,0,0,0,1100.3046960000001
0,0,0,0,0,0,0,0,62521.0,0,0,0,0,0,1100.3046960000001
0,0,0,0,0,0,0,0,62521.0,0,0,0,0,0,1100.3046960000001
0,0,0,0,0,0,0,0,62521.0,0,0,0,0,0,1100.3046960000001
0,0,0,0,0,0,0,0,76063.0,0,0,0,0,0,1100.3046960000001
736369,736519,0,0,0,0,0,0,77070.0,0,0,0,0,0,1073.2917719999998
736369,736519,0,0,0,0,0,0,77070.0,0,0,0,0,0,1073.2917719999998
736341,736400,0,0,0,0,0,0,23223.0,0,0,0,0,0,1153.010366
736341,736400,0,0,0,0,0,0,23223.0,0,0,0,0,0,1153.010366
735729,735882,0,0,0,0,0,0,22204.0,0,0,0,0,0,1264.9812919999997
0,736706,0,0,0,0,0,0,94122.0,0,0,0,0,0,1040.366587
0,0,0,0,0,0,0,0,92024.0,0,0,0,0,0,1021.7960989999998
0,0,0,0,0,0,0,0,13601.0,0,0,0,0,0,1814.3475099999994
0,0,0,0,0,0,0,0,90036.0,0,0,0,0,0,1034.961929
0,0,0,0,0,0,0,0,90036.0,0,0,0,0,0,1034.961929
0,0,0,0,0,0,0,0,90036.0,0,0,0,0,0,1034.961929
0,0,0,0,0,0,0,0,19140.0,0,0,0,0,0,1365.6374599999995
0,0,0,0,0,0,0,0,44312.0,0,0,0,0,0,1130.9557560000003
0,0,0,0,0,0,0,0,44312.0,0,0,0,0,0,1130.9557560000003
0,0,0,0,0,0,0,0,44312.0,0,0,0,0,0,1130.9557560000003
0,0,0,0,0,0,0,0,94110.0,0,0,0,0,0,1038.179099
0,0,0,0,0,0,0,0,49505.0,0,0,0,0,0,1127.0040120000003
0,0,0,0,0,0,0,0,94109.0,0,0,0,0,0,1038.179099
0,0,0,0,0,0,0,0,37211.0,0,0,0,0,0,1159.0822960000003
0,0,0,0,0,0,0,0,37211.0,0,0,0,0,0,1159.0822960000003
0,0,0,0,0,0,0,0,37211.0,0,0,0,0,0,1159.0822960000003
0,0,0,0,0,0,0,0,37211.0,0,0,0,0,0,1159.0822960000003
0,0,0,0,0,0,0,0,37211.0,0,0,0,0,0,1159.0822960000003
0,0,0,0,0,0,0,0,37211.0,0,0,0,0,0,1159.0822960000003
0,0,0,0,0,0,0,0,37211.0,0,0,0,0,0,1159.0822960000003
735966,736087,0,0,0,0,0,0,19120.0,0,0,0,0,0,1393.4057839999996
0,0,0,0,0,0,0,0,77041.0,0,0,0,0,0,1074.552944
735608,735728,0,0,0,0,0,0,89502.0,0,0,0,0,0,1074.7893299999998
735819,0,0,0,0,0,0,0,10009.0,0,0,0,0,0,1668.5697539999996
735819,0,0,0,0,0,0,0,10009.0,0,0,0,0,0,1668.5697539999996
0,0,0,0,0,0,0,0,90008.0,0,0,0,0,0,1030.255799
0,0,0,0,0,0,0,0,90008.0,0,0,0,0,0,1030.255799
0,0,0,0,0,0,0,0,90008.0,0,0,0,0,0,1030.255799
735660,735782,0,0,0,0,0,0,92037.0,0,0,0,0,0,1076.2527849999997
736035,736157,0,0,0,0,0,0,94110.0,0,0,0,0,0,1078.4027909999995
737005,0,0,0,0,0,0,0,92105.0,0,0,0,0,0,1020.2376109999999
737005,0,0,0,0,0,0,0,92105.0,0,0,0,0,0,1020.2376109999999
0,0,0,0,0,0,0,0,44035.0,0,0,0,0,0,1118.4940360000003
736669,0,0,0,0,0,0,0,77070.0,0,0,0,0,0,1049.068336
736669,0,0,0,0,0,0,0,77070.0,0,0,0,0,0,1049.068336
736669,0,0,0,0,0,0,0,77070.0,0,0,0,0,0,1049.068336
736669,0,0,0,0,0,0,0,77070.0,0,0,0,0,0,1049.068336
736669,0,0,0,0,0,0,0,77070.0,0,0,0,0,0,1049.068336
736669,0,0,0,0,0,0,0,77070.0,0,0,0,0,0,1049.068336
736669,0,0,0,0,0,0,0,77070.0,0,0,0,0,0,1049.068336
0,0,0,0,0,0,0,0,33178.0,0,0,0,0,0,1194.7120960000002
0,0,0,0,0,0,0,0,33178.0,0,0,0,0,0,1194.7120960000002
0,0,0,0,0,0,0,0,98115.0,0,0,0,0,0,1056.132109
0,0,0,0,0,0,0,0,37130.0,0,0,0,0,0,1159.0822960000003
0,0,0,0,0,0,0,0,37130.0,0,0,0,0,0,1159.0822960000003
0,0,0,0,0,0,0,0,37130.0,0,0,0,0,0,1159.0822960000003
0,0,0,0,0,0,0,0,37130.0,0,0,0,0,0,1159.0822960000003
0,0,0,0,0,0,0,0,37130.0,0,0,0,0,0,1159.0822960000003
0,736123,0,0,0,0,0,0,63116.0,0,0,0,0,0,1163.3907
0,0,0,0,0,0,0,0,98105.0,0,0,0,0,0,1056.132109
0,0,0,0,0,0,0,0,98105.0,0,0,0,0,0,1056.132109
0,0,0,0,0,0,0,0,98105.0,0,0,0,0,0,1056.132109
735781,735873,0,0,0,0,0,0,10024.0,0,0,0,0,0,1617.6521939999993
736428,736581,0,0,0,0,0,0,55125.0,0,0,0,0,0,1118.525354
736849,736971,0,0,0,0,0,0,37421.0,0,0,0,0,0,1034.9973439999999
736918,737010,0,0,0,0,0,0,19140.0,0,0,0,0,0,1200.6694819999998
736918,737010,0,0,0,0,0,0,19140.0,0,0,0,0,0,1200.6694819999998
0,0,0,0,0,0,0,0,70506.0,0,0,0,0,0,1100.3046960000001
736218,736218,0,0,0,0,0,0,46226.0,0,0,0,0,0,1049.8772619999997
736004,736064,0,0,0,0,0,0,97123.0,0,0,0,0,0,1120.8996189999996
736004,736064,0,0,0,0,0,0,97123.0,0,0,0,0,0,1120.8996189999996
0,0,0,0,0,0,0,0,2138.0,0,0,0,0,0,1749.7338779999993
0,0,0,0,0,0,0,0,2138.0,0,0,0,0,0,1749.7338779999993
736727,736877,0,0,0,0,0,0,92105.0,0,0,0,0,0,1031.2421489999997
736727,736877,0,0,0,0,0,0,92105.0,0,0,0,0,0,1031.2421489999997
736727,736877,0,0,0,0,0,0,92105.0,0,0,0,0,0,1031.2421489999997
0,0,0,0,0,0,0,0,10009.0,0,0,0,0,0,1742.9310379999993
0,0,0,0,0,0,0,0,10009.0,0,0,0,0,0,1742.9310379999993
736454,736577,0,0,0,0,0,0,32303.0,0,0,0,0,0,1068.5295159999998
736454,736577,0,0,0,0,0,0,32303.0,0,0,0,0,0,1068.5295159999998
736946,736976,0,0,0,0,0,0,43615.0,0,0,0,0,0,1030.8780239999999
736946,736976,0,0,0,0,0,0,43615.0,0,0,0,0,0,1030.8780239999999
736946,736976,0,0,0,0,0,0,43615.0,0,0,0,0,0,1030.8780239999999
0,0,0,0,0,0,0,0,21044.0,0,0,0,0,0,1362.1825639999995
0,0,0,0,0,0,0,0,21044.0,0,0,0,0,0,1362.1825639999995
0,0,0,0,0,0,0,0,21044.0,0,0,0,0,0,1362.1825639999995
0,0,0,0,0,0,0,0,21044.0,0,0,0,0,0,1362.1825639999995
0,736482,0,0,0,0,0,0,30318.0,0,0,0,0,0,1184.0919520000002
0,736482,0,0,0,0,0,0,30318.0,0,0,0,0,0,1184.0919520000002
0,736726,0,0,0,0,0,0,95823.0,0,0,0,0,0,1037.643255
0,736726,0,0,0,0,0,0,95823.0,0,0,0,0,0,1037.643255
0,0,0,0,0,0,0,0,76106.0,0,0,0,0,0,1100.3046960000001
0,0,0,0,0,0,0,0,76106.0,0,0,0,0,0,1100.3046960000001
0,0,0,0,0,0,0,0,76106.0,0,0,0,0,0,1100.3046960000001
0,0,0,0,0,0,0,0,76106.0,0,0,0,0,0,1100.3046960000001
736094,736217,0,0,0,0,0,0,43229.0,0,0,0,0,0,1065.9626859999998
736672,0,0,0,0,0,0,0,80027.0,0,0,0,0,0,995.6361899999997
736672,0,0,0,0,0,0,0,80027.0,0,0,0,0,0,995.6361899999997
0,0,0,0,0,0,0,0,27604.0,0,0,0,0,0,1253.799104
0,0,0,0,0,0,0,0,27604.0,0,0,0,0,0,1253.799104
0,0,0,0,0,0,0,0,10024.0,0,0,0,0,0,1743.6276379999993
0,0,0,0,0,0,0,0,10024.0,0,0,0,0,0,1743.6276379999993
736461,736584,0,0,0,0,0,0,60623.0,0,0,0,0,0,1092.7580979999998
736367,736395,0,0,0,0,0,0,77340.0,0,0,0,0,0,1060.6751819999997
736367,736395,0,0,0,0,0,0,77340.0,0,0,0,0,0,1060.6751819999997
0,0,0,0,0,0,0,0,10024.0,0,0,0,0,0,1743.6276379999993
0,0,0,0,0,0,0,0,97301.0,0,0,0,0,0,1048.076349
735966,736057,0,0,0,0,0,0,77070.0,0,0,0,0,0,1148.093136
735966,736057,0,0,0,0,0,0,77070.0,0,0,0,0,0,1148.093136
0,0,0,0,0,0,0,0,83301.0,0,0,0,0,0,1013.919368
0,0,0,0,0,0,0,0,83301.0,0,0,0,0,0,1013.919368
0,0,0,0,0,0,0,0,37918.0,0,0,0,0,0,1159.0822960000003
0,736731,0,0,0,0,0,0,85023.0,0,0,0,0,0,1024.971516
0,736731,0,0,0,0,0,0,85023.0,0,0,0,0,0,1024.971516
0,736731,0,0,0,0,0,0,85023.0,0,0,0,0,0,1024.971516
0,0,0,0,0,0,0,0,28110.0,0,0,0,0,0,1253.799104
0,0,0,0,0,0,0,0,28110.0,0,0,0,0,0,1253.799104
736124,736307,0,0,0,0,0,0,23223.0,0,0,0,0,0,1171.9239659999998
0,0,0,0,0,0,0,0,77041.0,0,0,0,0,0,1074.552944
0,0,0,0,0,0,0,0,90008.0,0,0,0,0,0,1030.255799
0,0,0,0,0,0,0,0,90008.0,0,0,0,0,0,1030.255799
0,0,0,0,0,0,0,0,90008.0,0,0,0,0,0,1030.255799
0,0,0,0,0,0,0,0,90008.0,0,0,0,0,0,1030.255799
736517,0,0,0,0,0,0,0,84057.0,0,0,0,0,0,992.2732599999997
736517,0,0,0,0,0,0,0,84057.0,0,0,0,0,0,992.2732599999997
736484,736606,0,0,0,0,0,0,0.0,0,0,0,0,0,1455.7200259999997
735815,735876,0,0,0,0,0,0,19134.0,0,0,0,0,0,1376.6512279999995
0,0,0,0,0,0,0,0,60623.0,0,0,0,0,0,1100.3046960000001
736613,736674,0,0,0,0,0,0,73120.0,0,0,0,0,0,1078.543918
736613,736674,0,0,0,0,0,0,73120.0,0,0,0,0,0,1078.543918
0,735964,0,0,0,0,0,0,10035.0,0,0,0,0,0,1682.9044979999992
0,735964,0,0,0,0,0,0,10035.0,0,0,0,0,0,1682.9044979999992
0,0,0,0,0,0,0,0,84106.0,0,0,0,0,0,1013.919368
736672,0,0,0,0,0,0,0,13501.0,0,0,0,0,0,1629.728762
0,0,0,0,0,0,0,0,19134.0,0,0,0,0,0,1404.99292
0,0,0,0,0,0,0,0,19134.0,0,0,0,0,0,1404.99292
0,0,0,0,0,0,0,0,19134.0,0,0,0,0,0,1404.99292
0,736790,0,0,0,0,0,0,90004.0,0,0,0,0,0,1041.3488510000002
736544,0,0,0,0,0,0,0,49201.0,0,0,0,0,0,1066.713832
736544,0,0,0,0,0,0,0,49201.0,0,0,0,0,0,1066.713832
0,0,0,0,0,0,0,0,85301.0,0,0,0,0,0,1006.5456479999999
0,0,0,0,0,0,0,0,19805.0,0,0,0,0,0,1365.6374599999995
0,0,0,0,0,0,0,0,19805.0,0,0,0,0,0,1365.6374599999995
0,0,0,0,0,0,0,0,19805.0,0,0,0,0,0,1365.6374599999995
0,0,0,0,0,0,0,0,19805.0,0,0,0,0,0,1365.6374599999995
0,0,0,0,0,0,0,0,19805.0,0,0,0,0,0,1365.6374599999995
0,736006,0,0,0,0,0,0,78745.0,0,0,0,0,0,1070.9380299999998
736764,736886,0,0,0,0,0,0,32839.0,0,0,0,0,0,1058.356036
736764,736886,0,0,0,0,0,0,32839.0,0,0,0,0,0,1058.356036
736764,736886,0,0,0,0,0,0,32839.0,0,0,0,0,0,1058.356036
736764,736886,0,0,0,0,0,0,32839.0,0,0,0,0,0,1058.356036
0,0,0,0,0,0,0,0,19601.0,0,0,0,0,0,1365.6374599999995
0,0,0,0,0,0,0,0,19134.0,0,0,0,0,0,1404.99292
735633,735753,0,0,0,0,0,0,77095.0,0,0,0,0,0,1094.998964
735633,735753,0,0,0,0,0,0,77095.0,0,0,0,0,0,1094.998964
736090,736213,0,0,0,0,0,0,63301.0,0,0,0,0,0,1104.8854519999998
735759,735851,0,0,0,0,0,0,46203.0,0,0,0,0,0,1100.0151740000001
0,0,0,0,0,0,0,0,98115.0,0,0,0,0,0,1056.132109
0,0,0,0,0,0,0,0,22801.0,0,0,0,0,0,1302.1393939999998
0,0,0,0,0,0,0,0,14609.0,0,0,0,0,0,2048.773129999999
0,0,0,0,0,0,0,0,30328.0,0,0,0,0,0,1204.3054160000002
0,0,0,0,0,0,0,0,30328.0,0,0,0,0,0,1204.3054160000002
0,0,0,0,0,0,0,0,30328.0,0,0,0,0,0,1204.3054160000002
0,0,0,0,0,0,0,0,30328.0,0,0,0,0,0,1204.3054160000002
0,0,0,0,0,0,0,0,30328.0,0,0,0,0,0,1204.3054160000002
735753,735875,0,0,0,0,0,0,90004.0,0,0,0,0,0,1083.2728049999996
735753,735875,0,0,0,0,0,0,90004.0,0,0,0,0,0,1083.2728049999996
735753,735875,0,0,0,0,0,0,90004.0,0,0,0,0,0,1083.2728049999996
736574,0,0,0,0,0,0,0,94110.0,0,0,0,0,0,1021.9896509999995
736574,0,0,0,0,0,0,0,94110.0,0,0,0,0,0,1021.9896509999995
0,0,0,0,0,0,0,0,55407.0,0,0,0,0,0,1259.116032
0,0,0,0,0,0,0,0,43229.0,0,0,0,0,0,1118.4940360000003
0,0,0,0,0,0,0,0,43229.0,0,0,0,0,0,1118.4940360000003
0,0,0,0,0,0,0,0,43229.0,0,0,0,0,0,1118.4940360000003
0,0,0,0,0,0,0,0,43229.0,0,0,0,0,0,1118.4940360000003
736001,736061,0,0,0,0,0,0,27604.0,0,0,0,0,0,1219.0277419999998
736001,736061,0,0,0,0,0,0,27604.0,0,0,0,0,0,1219.0277419999998
736001,736061,0,0,0,0,0,0,27604.0,0,0,0,0,0,1219.0277419999998
736001,736061,0,0,0,0,0,0,27604.0,0,0,0,0,0,1219.0277419999998
735820,0,0,0,0,0,0,0,10011.0,0,0,0,0,0,1683.5249439999998
0,0,0,0,0,0,0,0,19143.0,0,0,0,0,0,1365.6374599999995
0,0,0,0,0,0,0,0,19143.0,0,0,0,0,0,1365.6374599999995
0,0,0,0,0,0,0,0,83642.0,0,0,0,0,0,1013.919368
0,0,0,0,0,0,0,0,95823.0,0,0,0,0,0,1048.076349
0,0,0,0,0,0,0,0,95823.0,0,0,0,0,0,1048.076349
0,0,0,0,0,0,0,0,95823.0,0,0,0,0,0,1048.076349
0,0,0,0,0,0,0,0,28205.0,0,0,0,0,0,1216.254424
736277,0,0,0,0,0,0,0,7501.0,0,0,0,0,0,1591.7100499999997
736277,0,0,0,0,0,0,0,7501.0,0,0,0,0,0,1591.7100499999997
736277,0,0,0,0,0,0,0,7501.0,0,0,0,0,0,1591.7100499999997
736277,0,0,0,0,0,0,0,7501.0,0,0,0,0,0,1591.7100499999997
736277,0,0,0,0,0,0,0,7501.0,0,0,0,0,0,1591.7100499999997
0,0,0,0,0,0,0,0,22204.0,0,0,0,0,0,1302.1393939999998
0,0,0,0,0,0,0,0,60653.0,0,0,0,0,0,1100.3046960000001
0,0,0,0,0,0,0,0,60653.0,0,0,0,0,0,1100.3046960000001
736430,736552,0,0,0,0,0,0,92037.0,0,0,0,0,0,1036.0365049999996
736706,736857,0,0,0,0,0,0,98105.0,0,0,0,0,0,1040.9766589999997
736706,736857,0,0,0,0,0,0,98105.0,0,0,0,0,0,1040.9766589999997
736706,736857,0,0,0,0,0,0,98105.0,0,0,0,0,0,1040.9766589999997
735881,735881,0,0,0,0,0,0,43229.0,0,0,0,0,0,1099.523638
735881,735881,0,0,0,0,0,0,43229.0,0,0,0,0,0,1099.523638
0,0,0,0,0,0,0,0,77095.0,0,0,0,0,0,1049.1600080000003
0,0,0,0,0,0,0,0,75061.0,0,0,0,0,0,1100.3046960000001
0,0,0,0,0,0,0,0,75061.0,0,0,0,0,0,1100.3046960000001
0,0,0,0,0,0,0,0,7960.0,0,0,0,0,0,1742.9310379999993
0,0,0,0,0,0,0,0,7960.0,0,0,0,0,0,1742.9310379999993
0,0,0,0,0,0,0,0,90008.0,0,0,0,0,0,1030.255799
0,0,0,0,0,0,0,0,90008.0,0,0,0,0,0,1030.255799
0,736395,0,0,0,0,0,0,60505.0,0,0,0,0,0,1145.900442
0,0,0,0,0,0,0,0,27707.0,0,0,0,0,0,1253.799104
0,0,0,0,0,0,0,0,27707.0,0,0,0,0,0,1253.799104
0,0,0,0,0,0,0,0,43229.0,0,0,0,0,0,1118.4940360000003
0,0,0,0,0,0,0,0,43229.0,0,0,0,0,0,1118.4940360000003
0,0,0,0,0,0,0,0,43229.0,0,0,0,0,0,1118.4940360000003
0,0,0,0,0,0,0,0,90036.0,0,0,0,0,0,1034.961929
736706,736887,0,0,0,0,0,0,95207.0,0,0,0,0,0,1041.9937989999996
0,0,0,0,0,0,0,0,65203.0,0,0,0,0,0,1100.3046960000001
0,0,0,0,0,0,0,0,65203.0,0,0,0,0,0,1100.3046960000001
0,0,0,0,0,0,0,0,31907.0,0,0,0,0,0,1194.7120960000002
735975,736127,0,0,0,0,0,0,92037.0,0,0,0,0,0,1138.0125349999996
735726,735940,0,0,0,0,0,0,77590.0,0,0,0,0,0,1060.5103039999997
0,0,0,0,0,0,0,0,90004.0,0,0,0,0,0,1030.255799
0,0,0,0,0,0,0,0,90004.0,0,0,0,0,0,1030.255799
0,0,0,0,0,0,0,0,90004.0,0,0,0,0,0,1030.255799
0,0,0,0,0,0,0,0,90004.0,0,0,0,0,0,1030.255799
736153,736215,0,0,0,0,0,0,22153.0,0,0,0,0,0,1209.4686459999998
736153,736215,0,0,0,0,0,0,22153.0,0,0,0,0,0,1209.4686459999998
0,736425,0,0,0,0,0,0,62521.0,0,0,0,0,0,1145.900442
0,736425,0,0,0,0,0,0,62521.0,0,0,0,0,0,1145.900442
0,736425,0,0,0,0,0,0,62521.0,0,0,0,0,0,1145.900442
0,736425,0,0,0,0,0,0,62521.0,0,0,0,0,0,1145.900442
736336,736336,0,0,0,0,0,0,10009.0,0,0,0,0,0,1486.6122459999997
736336,736336,0,0,0,0,0,0,10009.0,0,0,0,0,0,1486.6122459999997
736336,736336,0,0,0,0,0,0,10009.0,0,0,0,0,0,1486.6122459999997
0,0,0,0,0,0,0,0,94110.0,0,0,0,0,0,1038.179099
0,735965,0,0,0,0,0,0,92553.0,0,0,0,0,0,1092.9786119999999
0,736705,0,0,0,0,0,0,2149.0,0,0,0,0,0,1583.6745339999998
736795,736917,0,0,0,0,0,0,37421.0,0,0,0,0,0,1036.971916
736795,736917,0,0,0,0,0,0,37421.0,0,0,0,0,0,1036.971916
736795,736917,0,0,0,0,0,0,37421.0,0,0,0,0,0,1036.971916
736795,736917,0,0,0,0,0,0,37421.0,0,0,0,0,0,1036.971916
736577,0,0,0,0,0,0,0,78745.0,0,0,0,0,0,995.0566099999998
736577,0,0,0,0,0,0,0,78745.0,0,0,0,0,0,995.0566099999998
736577,0,0,0,0,0,0,0,78745.0,0,0,0,0,0,995.0566099999998
736577,0,0,0,0,0,0,0,78745.0,0,0,0,0,0,995.0566099999998
736577,0,0,0,0,0,0,0,78745.0,0,0,0,0,0,995.0566099999998
735633,735814,0,0,0,0,0,0,23464.0,0,0,0,0,0,1254.0202319999999
0,735662,0,0,0,0,0,0,14701.0,0,0,0,0,0,2034.2545699999991
736429,736551,0,0,0,0,0,0,33134.0,0,0,0,0,0,1068.5295159999998
736429,736551,0,0,0,0,0,0,33134.0,0,0,0,0,0,1068.5295159999998
737004,0,0,0,0,0,0,0,28601.0,0,0,0,0,0,1117.708768
0,736390,0,0,0,0,0,0,61107.0,0,0,0,0,0,1145.900442
0,736390,0,0,0,0,0,0,61107.0,0,0,0,0,0,1145.900442
0,736390,0,0,0,0,0,0,61107.0,0,0,0,0,0,1145.900442
0,0,0,0,0,0,0,0,98103.0,0,0,0,0,0,1048.076349
0,0,0,0,0,0,0,0,77340.0,0,0,0,0,0,1049.1600080000003
0,0,0,0,0,0,0,0,77340.0,0,0,0,0,0,1049.1600080000003
0,0,0,0,0,0,0,0,77340.0,0,0,0,0,0,1049.1600080000003
0,0,0,0,0,0,0,0,53209.0,0,0,0,0,0,1137.4537320000002
0,0,0,0,0,0,0,0,53209.0,0,0,0,0,0,1137.4537320000002
0,0,0,0,0,0,0,0,54302.0,0,0,0,0,0,1150.2444320000002
0,0,0,0,0,0,0,0,19120.0,0,0,0,0,0,1404.99292
0,0,0,0,0,0,0,0,19120.0,0,0,0,0,0,1404.99292
0,0,0,0,0,0,0,0,90008.0,0,0,0,0,0,1030.255799
0,0,0,0,0,0,0,0,90008.0,0,0,0,0,0,1030.255799
0,0,0,0,0,0,0,0,90008.0,0,0,0,0,0,1030.255799
0,0,0,0,0,0,0,0,90008.0,0,0,0,0,0,1030.255799
0,0,0,0,0,0,0,0,33161.0,0,0,0,0,0,1194.7120960000002
736399,736460,0,0,0,0,0,0,97206.0,0,0,0,0,0,1041.8359949999997
736399,736460,0,0,0,0,0,0,97206.0,0,0,0,0,0,1041.8359949999997
736977,0,0,0,0,0,0,0,60505.0,0,0,0,0,0,1063.619912
735791,735822,0,0,0,0,0,0,94109.0,0,0,0,0,0,1081.0186849999998
0,0,0,0,0,0,0,0,94110.0,0,0,0,0,0,1038.179099
0,0,0,0,0,0,0,0,2740.0,0,0,0,0,0,1749.7338779999993
0,0,0,0,0,0,0,0,2740.0,0,0,0,0,0,1749.7338779999993
0,0,0,0,0,0,0,0,92037.0,0,0,0,0,0,1021.7960989999998
0,0,0,0,0,0,0,0,38301.0,0,0,0,0,0,1159.0822960000003
0,0,0,0,0,0,0,0,38301.0,0,0,0,0,0,1159.0822960000003
0,0,0,0,0,0,0,0,38301.0,0,0,0,0,0,1159.0822960000003
0,0,0,0,0,0,0,0,38301.0,0,0,0,0,0,1159.0822960000003
0,0,0,0,0,0,0,0,38301.0,0,0,0,0,0,1159.0822960000003
735818,735879,0,0,0,0,0,0,32216.0,0,0,0,0,0,1167.1473139999998
0,0,0,0,0,0,0,0,92024.0,0,0,0,0,0,1021.7960989999998
0,0,0,0,0,0,0,0,33012.0,0,0,0,0,0,1194.7120960000002
0,0,0,0,0,0,0,0,33012.0,0,0,0,0,0,1194.7120960000002
0,0,0,0,0,0,0,0,77070.0,0,0,0,0,0,1070.2188320000002
0,0,0,0,0,0,0,0,77070.0,0,0,0,0,0,1070.2188320000002
0,0,0,0,0,0,0,0,77070.0,0,0,0,0,0,1070.2188320000002
0,0,0,0,0,0,0,0,77070.0,0,0,0,0,0,1070.2188320000002
736460,736521,0,0,0,0,0,0,23464.0,0,0,0,0,0,1153.010366
736460,736521,0,0,0,0,0,0,23464.0,0,0,0,0,0,1153.010366
736460,736521,0,0,0,0,0,0,23464.0,0,0,0,0,0,1153.010366
736856,737039,0,0,0,0,0,0,77070.0,0,0,0,0,0,1093.3193579999997
736399,736521,0,0,0,0,0,0,19120.0,0,0,0,0,0,1283.3934239999999
736399,736521,0,0,0,0,0,0,19120.0,0,0,0,0,0,1283.3934239999999
0,735964,0,0,0,0,0,0,38109.0,0,0,0,0,0,1176.6825580000002
736737,736887,0,0,0,0,0,0,44107.0,0,0,0,0,0,1034.0598959999998
736737,736887,0,0,0,0,0,0,44107.0,0,0,0,0,0,1034.0598959999998
0,0,0,0,0,0,0,0,10011.0,0,0,0,0,0,1747.7220079999993
0,0,0,0,0,0,0,0,19120.0,0,0,0,0,0,1404.99292
0,0,0,0,0,0,0,0,90008.0,0,0,0,0,0,1030.255799
0,0,0,0,0,0,0,0,75220.0,0,0,0,0,0,1100.3046960000001
0,0,0,0,0,0,0,0,75220.0,0,0,0,0,0,1100.3046960000001
0,0,0,0,0,0,0,0,75220.0,0,0,0,0,0,1100.3046960000001
0,0,0,0,0,0,0,0,75220.0,0,0,0,0,0,1100.3046960000001
735668,735729,0,0,0,0,0,0,7050.0,0,0,0,0,0,1663.6321739999996
0,0,0,0,0,0,0,0,75220.0,0,0,0,0,0,1100.3046960000001
735751,735873,0,0,0,0,0,0,60441.0,0,0,0,0,0,1130.023984
736483,736666,0,0,0,0,0,0,60623.0,0,0,0,0,0,1060.2030499999998
736483,736666,0,0,0,0,0,0,60623.0,0,0,0,0,0,1060.2030499999998
736483,736666,0,0,0,0,0,0,60623.0,0,0,0,0,0,1060.2030499999998
736483,736666,0,0,0,0,0,0,60623.0,0,0,0,0,0,1060.2030499999998
736035,736157,0,0,0,0,0,0,28540.0,0,0,0,0,0,1122.7744179999997
736035,736157,0,0,0,0,0,0,28540.0,0,0,0,0,0,1122.7744179999997
736035,736157,0,0,0,0,0,0,28540.0,0,0,0,0,0,1122.7744179999997
736035,736157,0,0,0,0,0,0,28540.0,0,0,0,0,0,1122.7744179999997
0,0,0,0,0,0,0,0,65807.0,0,0,0,0,0,1100.3046960000001
0,0,0,0,0,0,0,0,65807.0,0,0,0,0,0,1100.3046960000001
736704,736855,0,0,0,0,0,0,94110.0,0,0,0,0,0,1033.4029089999997
0,0,0,0,0,0,0,0,38401.0,0,0,0,0,0,1159.0822960000003
0,0,0,0,0,0,0,0,38401.0,0,0,0,0,0,1159.0822960000003
0,0,0,0,0,0,0,0,33021.0,0,0,0,0,0,1194.7120960000002
0,0,0,0,0,0,0,0,33021.0,0,0,0,0,0,1194.7120960000002
737009,0,0,0,0,0,0,0,75081.0,0,0,0,0,0,1175.907532
0,0,0,0,0,0,0,0,77041.0,0,0,0,0,0,1074.552944
0,0,0,0,0,0,0,0,77041.0,0,0,0,0,0,1074.552944
0,0,0,0,0,0,0,0,19140.0,0,0,0,0,0,1365.6374599999995
0,0,0,0,0,0,0,0,85023.0,0,0,0,0,0,1005.7666279999999
735641,735853,0,0,0,0,0,0,30328.0,0,0,0,0,0,1156.186254
735641,735853,0,0,0,0,0,0,30328.0,0,0,0,0,0,1156.186254
736088,736119,0,0,0,0,0,0,99207.0,0,0,0,0,0,1091.2179409999997
736088,736119,0,0,0,0,0,0,99207.0,0,0,0,0,0,1091.2179409999997
0,0,0,0,0,0,0,0,53209.0,0,0,0,0,0,1137.4537320000002
0,0,0,0,0,0,0,0,53209.0,0,0,0,0,0,1137.4537320000002
0,0,0,0,0,0,0,0,53209.0,0,0,0,0,0,1137.4537320000002
0,0,0,0,0,0,0,0,53209.0,0,0,0,0,0,1137.4537320000002
737035,0,0,0,0,0,0,0,45014.0,0,0,0,0,0,1206.2351759999997
0,0,0,0,0,0,0,0,35810.0,0,0,0,0,0,1194.7120960000002
0,0,0,0,0,0,0,0,77036.0,0,0,0,0,0,1108.4913520000002
0,0,0,0,0,0,0,0,10011.0,0,0,0,0,0,1747.7220079999993
0,0,0,0,0,0,0,0,90008.0,0,0,0,0,0,1030.255799
0,0,0,0,0,0,0,0,90008.0,0,0,0,0,0,1030.255799
0,0,0,0,0,0,0,0,88220.0,0,0,0,0,0,1029.9250639999998
0,0,0,0,0,0,0,0,88220.0,0,0,0,0,0,1029.9250639999998
0,0,0,0,0,0,0,0,83201.0,0,0,0,0,0,1013.919368
0,0,0,0,0,0,0,0,83201.0,0,0,0,0,0,1013.919368
0,0,0,0,0,0,0,0,22153.0,0,0,0,0,0,1330.8185939999996
0,0,0,0,0,0,0,0,22153.0,0,0,0,0,0,1330.8185939999996
0,0,0,0,0,0,0,0,43615.0,0,0,0,0,0,1118.4940360000003
0,0,0,0,0,0,0,0,80525.0,0,0,0,0,0,1014.447608
0,736001,0,0,0,0,0,0,10024.0,0,0,0,0,0,1691.259557999999
0,736367,0,0,0,0,0,0,10035.0,0,0,0,0,0,1626.8488939999995
0,736367,0,0,0,0,0,0,10035.0,0,0,0,0,0,1626.8488939999995
0,736367,0,0,0,0,0,0,10035.0,0,0,0,0,0,1626.8488939999995
0,0,0,0,0,0,0,0,1752.0,0,0,0,0,0,1749.7338779999993
0,0,0,0,0,0,0,0,1752.0,0,0,0,0,0,1749.7338779999993
0,0,0,0,0,0,0,0,10801.0,0,0,0,0,0,1715.3671099999992
736703,736703,0,0,0,0,0,0,98103.0,0,0,0,0,0,1018.564579
736703,736703,0,0,0,0,0,0,98103.0,0,0,0,0,0,1018.564579
0,0,0,0,0,0,0,0,48227.0,0,0,0,0,0,1127.0040120000003
735638,735788,0,0,0,0,0,0,72701.0,0,0,0,0,0,1130.023984
735973,736094,0,0,0,0,0,0,62301.0,0,0,0,0,0,1170.0795139999998
735973,736094,0,0,0,0,0,0,62301.0,0,0,0,0,0,1170.0795139999998
736149,736241,0,0,0,0,0,0,10035.0,0,0,0,0,0,1504.9178659999995
736149,736241,0,0,0,0,0,0,10035.0,0,0,0,0,0,1504.9178659999995
0,0,0,0,0,0,0,0,77095.0,0,0,0,0,0,1049.1600080000003
0,0,0,0,0,0,0,0,48205.0,0,0,0,0,0,1127.0040120000003
0,0,0,0,0,0,0,0,85224.0,0,0,0,0,0,1005.7666279999999
0,735667,0,0,0,0,0,0,33021.0,0,0,0,0,0,1217.0406400000002
0,0,0,0,0,0,0,0,90049.0,0,0,0,0,0,1021.7960989999998
736521,0,0,0,0,0,0,0,94122.0,0,0,0,0,0,1032.7413009999996
0,0,0,0,0,0,0,0,94086.0,0,0,0,0,0,1038.179099
0,0,0,0,0,0,0,0,94086.0,0,0,0,0,0,1038.179099
0,0,0,0,0,0,0,0,94086.0,0,0,0,0,0,1038.179099
0,0,0,0,0,0,0,0,94086.0,0,0,0,0,0,1038.179099
0,0,0,0,0,0,0,0,94086.0,0,0,0,0,0,1038.179099
0,0,0,0,0,0,0,0,10011.0,0,0,0,0,0,1747.7220079999993
0,0,0,0,0,0,0,0,90004.0,0,0,0,0,0,1030.255799
0,0,0,0,0,0,0,0,94122.0,0,0,0,0,0,1048.9307489999999
0,0,0,0,0,0,0,0,94122.0,0,0,0,0,0,1048.9307489999999
0,0,0,0,0,0,0,0,94122.0,0,0,0,0,0,1048.9307489999999
0,0,0,0,0,0,0,0,92704.0,0,0,0,0,0,1027.342234
736307,0,0,0,0,0,0,0,98103.0,0,0,0,0,0,1031.1413009999997
736005,736065,0,0,0,0,0,0,10011.0,0,0,0,0,0,1665.0616639999996
0,0,0,0,0,0,0,0,90045.0,0,0,0,0,0,1021.7960989999998
0,0,0,0,0,0,0,0,90045.0,0,0,0,0,0,1021.7960989999998
0,0,0,0,0,0,0,0,98103.0,0,0,0,0,0,1048.076349
0,0,0,0,0,0,0,0,92024.0,0,0,0,0,0,1021.7960989999998
0,0,0,0,0,0,0,0,92024.0,0,0,0,0,0,1021.7960989999998
0,736483,0,0,0,0,0,0,10035.0,0,0,0,0,0,1627.0246339999994
0,0,0,0,0,0,0,0,60653.0,0,0,0,0,0,1100.3046960000001
0,0,0,0,0,0,0,0,60653.0,0,0,0,0,0,1100.3046960000001
0,0,0,0,0,0,0,0,60653.0,0,0,0,0,0,1100.3046960000001
0,0,0,0,0,0,0,0,22801.0,0,0,0,0,0,1302.1393939999998
736421,736604,0,0,0,0,0,0,20852.0,0,0,0,0,0,1221.6144479999996
736369,736458,0,0,0,0,0,0,98198.0,0,0,0,0,0,1048.4349849999996
736369,736458,0,0,0,0,0,0,98198.0,0,0,0,0,0,1048.4349849999996
736796,736826,0,0,0,0,0,0,19134.0,0,0,0,0,0,1212.882938
736304,0,0,0,0,0,0,0,47201.0,0,0,0,0,0,1055.447756
736428,736550,0,0,0,0,0,0,65807.0,0,0,0,0,0,1089.264718
736428,736550,0,0,0,0,0,0,65807.0,0,0,0,0,0,1089.264718
0,0,0,0,0,0,0,0,42420.0,0,0,0,0,0,1118.4940360000003
736095,736187,0,0,0,0,0,0,44107.0,0,0,0,0,0,1065.9626859999998
736095,736187,0,0,0,0,0,0,44107.0,0,0,0,0,0,1065.9626859999998
735668,735790,0,0,0,0,0,0,68104.0,0,0,0,0,0,1130.023984
0,0,0,0,0,0,0,0,42420.0,0,0,0,0,0,1118.4940360000003
0,0,0,0,0,0,0,0,42420.0,0,0,0,0,0,1118.4940360000003
737007,0,0,0,0,0,0,0,92704.0,0,0,0,0,0,1137.871866
737007,0,0,0,0,0,0,0,92704.0,0,0,0,0,0,1137.871866
736736,736856,0,0,0,0,0,0,22153.0,0,0,0,0,0,1179.6065499999997
736117,736178,0,0,0,0,0,0,23434.0,0,0,0,0,0,1201.5374839999997
736117,736178,0,0,0,0,0,0,23434.0,0,0,0,0,0,1201.5374839999997
736611,736672,0,0,0,0,0,0,90049.0,0,0,0,0,0,1032.4856929999996
0,0,0,0,0,0,0,0,77041.0,0,0,0,0,0,1074.552944
0,0,0,0,0,0,0,0,77041.0,0,0,0,0,0,1074.552944
0,0,0,0,0,0,0,0,27511.0,0,0,0,0,0,1253.799104
0,0,0,0,0,0,0,0,45503.0,0,0,0,0,0,1115.7379360000004
0,0,0,0,0,0,0,0,40214.0,0,0,0,0,0,1118.4940360000003
0,736030,0,0,0,0,0,0,45373.0,0,0,0,0,0,1142.8485780000003
0,736030,0,0,0,0,0,0,45373.0,0,0,0,0,0,1142.8485780000003
735969,736090,0,0,0,0,0,0,48227.0,0,0,0,0,0,1147.094124
735969,736090,0,0,0,0,0,0,48227.0,0,0,0,0,0,1147.094124
735969,736090,0,0,0,0,0,0,48227.0,0,0,0,0,0,1147.094124
735969,736090,0,0,0,0,0,0,48227.0,0,0,0,0,0,1147.094124
735936,0,0,0,0,0,0,0,47401.0,0,0,0,0,0,1097.7671
737038,0,0,0,0,0,0,0,75081.0,0,0,0,0,0,1269.4191879999996
737038,0,0,0,0,0,0,0,75081.0,0,0,0,0,0,1269.4191879999996
737038,0,0,0,0,0,0,0,75081.0,0,0,0,0,0,1269.4191879999996
736156,736309,0,0,0,0,0,0,77041.0,0,0,0,0,0,1083.2386319999998
736156,736309,0,0,0,0,0,0,77041.0,0,0,0,0,0,1083.2386319999998
736156,736309,0,0,0,0,0,0,77041.0,0,0,0,0,0,1083.2386319999998
736156,736309,0,0,0,0,0,0,77041.0,0,0,0,0,0,1083.2386319999998
736156,736309,0,0,0,0,0,0,77041.0,0,0,0,0,0,1083.2386319999998
736156,736309,0,0,0,0,0,0,77041.0,0,0,0,0,0,1083.2386319999998
0,0,0,0,0,0,0,0,76117.0,0,0,0,0,0,1100.3046960000001
0,0,0,0,0,0,0,0,76117.0,0,0,0,0,0,1100.3046960000001
0,0,0,0,0,0,0,0,76117.0,0,0,0,0,0,1100.3046960000001
0,0,0,0,0,0,0,0,23223.0,0,0,0,0,0,1302.1393939999998
0,0,0,0,0,0,0,0,23223.0,0,0,0,0,0,1302.1393939999998
0,0,0,0,0,0,0,0,23223.0,0,0,0,0,0,1302.1393939999998
0,0,0,0,0,0,0,0,23223.0,0,0,0,0,0,1302.1393939999998
736512,736604,0,0,0,0,0,0,90049.0,0,0,0,0,0,1037.2297609999996
0,0,0,0,0,0,0,0,19140.0,0,0,0,0,0,1365.6374599999995
0,0,0,0,0,0,0,0,19140.0,0,0,0,0,0,1365.6374599999995
0,0,0,0,0,0,0,0,19140.0,0,0,0,0,0,1365.6374599999995
0,0,0,0,0,0,0,0,19140.0,0,0,0,0,0,1365.6374599999995
736486,736669,0,0,0,0,0,0,90036.0,0,0,0,0,0,1026.5410799999997
736486,736669,0,0,0,0,0,0,90036.0,0,0,0,0,0,1026.5410799999997
0,0,0,0,0,0,0,0,90032.0,0,0,0,0,0,1034.961929
0,0,0,0,0,0,0,0,94109.0,0,0,0,0,0,1038.179099
0,0,0,0,0,0,0,0,19120.0,0,0,0,0,0,1404.99292
0,0,0,0,0,0,0,0,77070.0,0,0,0,0,0,1070.2188320000002
0,0,0,0,0,0,0,0,77070.0,0,0,0,0,0,1070.2188320000002
0,736035,0,0,0,0,0,0,88001.0,0,0,0,0,0,1097.3669519999999
0,736700,0,0,0,0,0,0,77070.0,0,0,0,0,0,1074.2607420000002
736793,736823,0,0,0,0,0,0,97756.0,0,0,0,0,0,1022.9091989999998
0,0,0,0,0,0,0,0,44105.0,0,0,0,0,0,1118.4940360000003
0,0,0,0,0,0,0,0,44105.0,0,0,0,0,0,1118.4940360000003
0,736700,0,0,0,0,0,0,20707.0,0,0,0,0,0,1303.8428439999998
0,736700,0,0,0,0,0,0,20707.0,0,0,0,0,0,1303.8428439999998
0,736063,0,0,0,0,0,0,92037.0,0,0,0,0,0,1089.8325629999997
736667,0,0,0,0,0,0,0,27893.0,0,0,0,0,0,1147.816948
736667,0,0,0,0,0,0,0,27893.0,0,0,0,0,0,1147.816948
736667,0,0,0,0,0,0,0,27893.0,0,0,0,0,0,1147.816948
735631,735843,0,0,0,0,0,0,33710.0,0,0,0,0,0,1193.872254
735631,735843,0,0,0,0,0,0,33710.0,0,0,0,0,0,1193.872254
735638,735819,0,0,0,0,0,0,60089.0,0,0,0,0,0,1178.5342719999999
0,736735,0,0,0,0,0,0,90049.0,0,0,0,0,0,1036.0944829999999
736458,736519,0,0,0,0,0,0,10011.0,0,0,0,0,0,1480.1434359999996
0,0,0,0,0,0,0,0,89115.0,0,0,0,0,0,1029.9250639999998
0,0,0,0,0,0,0,0,89115.0,0,0,0,0,0,1029.9250639999998
0,0,0,0,0,0,0,0,89115.0,0,0,0,0,0,1029.9250639999998
0,0,0,0,0,0,0,0,60540.0,0,0,0,0,0,1100.3046960000001
0,0,0,0,0,0,0,0,0.0,0,0,0,0,0,1749.7338779999993
0,0,0,0,0,0,0,0,0.0,0,0,0,0,0,1749.7338779999993
0,0,0,0,0,0,0,0,0.0,0,0,0,0,0,1749.7338779999993
735604,735755,0,0,0,0,0,0,48234.0,0,0,0,0,0,1143.44319
735604,735755,0,0,0,0,0,0,48234.0,0,0,0,0,0,1143.44319
0,0,0,0,0,0,0,0,85323.0,0,0,0,0,0,1006.5456479999999
0,0,0,0,0,0,0,0,85323.0,0,0,0,0,0,1006.5456479999999
0,0,0,0,0,0,0,0,85323.0,0,0,0,0,0,1006.5456479999999
736337,736396,0,0,0,0,0,0,19140.0,0,0,0,0,0,1255.4734839999996
0,0,0,0,0,0,0,0,89115.0,0,0,0,0,0,1029.9250639999998
735696,735818,0,0,0,0,0,0,4401.0,0,0,0,0,0,1624.9270339999994
735696,735818,0,0,0,0,0,0,4401.0,0,0,0,0,0,1624.9270339999994
735696,735818,0,0,0,0,0,0,4401.0,0,0,0,0,0,1624.9270339999994
736580,0,0,0,0,0,0,0,37075.0,0,0,0,0,0,1053.4960199999998
736580,0,0,0,0,0,0,0,37075.0,0,0,0,0,0,1053.4960199999998
736553,736675,0,0,0,0,0,0,54703.0,0,0,0,0,0,1030.332898
736553,736675,0,0,0,0,0,0,54703.0,0,0,0,0,0,1030.332898
736182,736304,0,0,0,0,0,0,60610.0,0,0,0,0,0,1125.5530979999999
736182,736304,0,0,0,0,0,0,60610.0,0,0,0,0,0,1125.5530979999999
0,0,0,0,0,0,0,0,92037.0,0,0,0,0,0,1021.7960989999998
0,0,0,0,0,0,0,0,92037.0,0,0,0,0,0,1021.7960989999998
0,0,0,0,0,0,0,0,92037.0,0,0,0,0,0,1021.7960989999998
0,0,0,0,0,0,0,0,39212.0,0,0,0,0,0,1157.8494960000003
0,0,0,0,0,0,0,0,39212.0,0,0,0,0,0,1157.8494960000003
736341,736341,0,0,0,0,0,0,93030.0,0,0,0,0,0,1032.6843449999997
736341,736341,0,0,0,0,0,0,93030.0,0,0,0,0,0,1032.6843449999997
736341,736341,0,0,0,0,0,0,93030.0,0,0,0,0,0,1032.6843449999997
736341,736341,0,0,0,0,0,0,93030.0,0,0,0,0,0,1032.6843449999997
737034,0,0,0,0,0,0,0,98031.0,0,0,0,0,0,1207.435061
737034,0,0,0,0,0,0,0,98031.0,0,0,0,0,0,1207.435061
0,0,0,0,0,0,0,0,37211.0,0,0,0,0,0,1159.0822960000003
0,0,0,0,0,0,0,0,10035.0,0,0,0,0,0,1720.0015379999995
0,0,0,0,0,0,0,0,10035.0,0,0,0,0,0,1720.0015379999995
736883,737006,0,0,0,0,0,0,92683.0,0,0,0,0,0,1029.8530369999996
736883,737006,0,0,0,0,0,0,92683.0,0,0,0,0,0,1029.8530369999996
736883,737006,0,0,0,0,0,0,92683.0,0,0,0,0,0,1029.8530369999996
736883,737006,0,0,0,0,0,0,92683.0,0,0,0,0,0,1029.8530369999996
736883,737006,0,0,0,0,0,0,92683.0,0,0,0,0,0,1029.8530369999996
736883,737006,0,0,0,0,0,0,92683.0,0,0,0,0,0,1029.8530369999996
736883,737006,0,0,0,0,0,0,92683.0,0,0,0,0,0,1029.8530369999996
736883,737006,0,0,0,0,0,0,92683.0,0,0,0,0,0,1029.8530369999996
0,0,0,0,0,0,0,0,18103.0,0,0,0,0,0,1434.3321199999998
0,0,0,0,0,0,0,0,18103.0,0,0,0,0,0,1434.3321199999998
0,0,0,0,0,0,0,0,18103.0,0,0,0,0,0,1434.3321199999998
0,0,0,0,0,0,0,0,18103.0,0,0,0,0,0,1434.3321199999998
0,0,0,0,0,0,0,0,18103.0,0,0,0,0,0,1434.3321199999998
736005,736156,0,0,0,0,0,0,78207.0,0,0,0,0,0,1100.7359979999999
736005,736156,0,0,0,0,0,0,78207.0,0,0,0,0,0,1100.7359979999999
0,735761,0,0,0,0,0,0,85323.0,0,0,0,0,0,1046.4307259999998
0,735761,0,0,0,0,0,0,85323.0,0,0,0,0,0,1046.4307259999998
735876,0,0,0,0,0,0,0,95123.0,0,0,0,0,0,1070.820317
735876,0,0,0,0,0,0,0,95123.0,0,0,0,0,0,1070.820317
735876,0,0,0,0,0,0,0,95123.0,0,0,0,0,0,1070.820317
735876,0,0,0,0,0,0,0,95123.0,0,0,0,0,0,1070.820317
0,0,0,0,0,0,0,0,8861.0,0,0,0,0,0,1742.9310379999993
0,0,0,0,0,0,0,0,8861.0,0,0,0,0,0,1742.9310379999993
0,736399,0,0,0,0,0,0,10011.0,0,0,0,0,0,1629.5128439999994
0,736399,0,0,0,0,0,0,10011.0,0,0,0,0,0,1629.5128439999994
736341,736461,0,0,0,0,0,0,90004.0,0,0,0,0,0,1047.1396329999995
0,0,0,0,0,0,0,0,6460.0,0,0,0,0,0,1750.2965979999994
0,0,0,0,0,0,0,0,6460.0,0,0,0,0,0,1750.2965979999994
736761,736883,0,0,0,0,0,0,61701.0,0,0,0,0,0,1081.5857919999999
736761,736914,0,0,0,0,0,0,98105.0,0,0,0,0,0,1042.6684989999997
737010,0,0,0,0,0,0,0,52601.0,0,0,0,0,0,1177.517712
737010,0,0,0,0,0,0,0,52601.0,0,0,0,0,0,1177.517712
0,0,0,0,0,0,0,0,95661.0,0,0,0,0,0,1048.076349
735822,0,0,0,0,0,0,0,94110.0,0,0,0,0,0,1053.6665669999998
735822,0,0,0,0,0,0,0,94110.0,0,0,0,0,0,1053.6665669999998
0,736735,0,0,0,0,0,0,19120.0,0,0,0,0,0,1339.410844
0,0,0,0,0,0,0,0,90049.0,0,0,0,0,0,1021.7960989999998
0,0,0,0,0,0,0,0,79762.0,0,0,0,0,0,1014.861718
0,0,0,0,0,0,0,0,55407.0,0,0,0,0,0,1259.116032
0,0,0,0,0,0,0,0,19120.0,0,0,0,0,0,1404.99292
0,0,0,0,0,0,0,0,19120.0,0,0,0,0,0,1404.99292
0,0,0,0,0,0,0,0,70506.0,0,0,0,0,0,1100.3046960000001
0,0,0,0,0,0,0,0,70506.0,0,0,0,0,0,1100.3046960000001
0,0,0,0,0,0,0,0,70506.0,0,0,0,0,0,1100.3046960000001
736795,736795,0,0,0,0,0,0,77803.0,0,0,0,0,0,1003.6354139999997
736795,736795,0,0,0,0,0,0,77803.0,0,0,0,0,0,1003.6354139999997
736795,736795,0,0,0,0,0,0,77803.0,0,0,0,0,0,1003.6354139999997
736795,736795,0,0,0,0,0,0,77803.0,0,0,0,0,0,1003.6354139999997
0,0,0,0,0,0,0,0,90008.0,0,0,0,0,0,1030.255799
735668,735668,0,0,0,0,0,0,90049.0,0,0,0,0,0,1076.2527849999997
0,0,0,0,0,0,0,0,90045.0,0,0,0,0,0,1021.7960989999998
0,0,0,0,0,0,0,0,90045.0,0,0,0,0,0,1021.7960989999998
0,0,0,0,0,0,0,0,85023.0,0,0,0,0,0,1005.7666279999999
736369,736489,0,0,0,0,0,0,90036.0,0,0,0,0,0,1051.6578879999997
736369,736489,0,0,0,0,0,0,90036.0,0,0,0,0,0,1051.6578879999997
736369,736489,0,0,0,0,0,0,90036.0,0,0,0,0,0,1051.6578879999997
736369,736489,0,0,0,0,0,0,90036.0,0,0,0,0,0,1051.6578879999997
736369,736489,0,0,0,0,0,0,90036.0,0,0,0,0,0,1051.6578879999997
736369,736489,0,0,0,0,0,0,90036.0,0,0,0,0,0,1051.6578879999997
737000,0,0,0,0,0,0,0,43229.0,0,0,0,0,0,1072.3584999999998
0,736736,0,0,0,0,0,0,32303.0,0,0,0,0,0,1135.3924760000002
0,736736,0,0,0,0,0,0,32303.0,0,0,0,0,0,1135.3924760000002
0,736736,0,0,0,0,0,0,32303.0,0,0,0,0,0,1135.3924760000002
735848,0,0,0,0,0,0,0,94122.0,0,0,0,0,0,1071.6747169999999
735848,0,0,0,0,0,0,0,94122.0,0,0,0,0,0,1071.6747169999999
735848,0,0,0,0,0,0,0,94122.0,0,0,0,0,0,1071.6747169999999
735848,0,0,0,0,0,0,0,94122.0,0,0,0,0,0,1071.6747169999999
0,0,0,0,0,0,0,0,94109.0,0,0,0,0,0,1038.179099
0,0,0,0,0,0,0,0,94109.0,0,0,0,0,0,1038.179099
736613,0,0,0,0,0,0,0,10009.0,0,0,0,0,0,1579.99085
736613,0,0,0,0,0,0,0,10009.0,0,0,0,0,0,1579.99085
736372,736492,0,0,0,0,0,0,52302.0,0,0,0,0,0,1055.1883079999998
736728,736909,0,0,0,0,0,0,90008.0,0,0,0,0,0,1050.6136969999995
0,0,0,0,0,0,0,0,71603.0,0,0,0,0,0,1100.3046960000001
0,0,0,0,0,0,0,0,71603.0,0,0,0,0,0,1100.3046960000001
735904,0,0,0,0,0,0,0,65203.0,0,0,0,0,0,1088.743308
735904,0,0,0,0,0,0,0,65203.0,0,0,0,0,0,1088.743308
735904,0,0,0,0,0,0,0,65203.0,0,0,0,0,0,1088.743308
735904,0,0,0,0,0,0,0,65203.0,0,0,0,0,0,1088.743308
735904,0,0,0,0,0,0,0,65203.0,0,0,0,0,0,1088.743308
735904,0,0,0,0,0,0,0,65203.0,0,0,0,0,0,1088.743308
737009,0,0,0,0,0,0,0,57401.0,0,0,0,0,0,1210.6420599999997
736734,736734,0,0,0,0,0,0,98103.0,0,0,0,0,0,1021.5043289999999
736217,0,0,0,0,0,0,0,48227.0,0,0,0,0,0,1069.168232
736217,0,0,0,0,0,0,0,48227.0,0,0,0,0,0,1069.168232
0,736706,0,0,0,0,0,0,38109.0,0,0,0,0,0,1114.6350320000001
0,736706,0,0,0,0,0,0,38109.0,0,0,0,0,0,1114.6350320000001
735812,735843,0,0,0,0,0,0,89031.0,0,0,0,0,0,1080.9442299999996
0,0,0,0,0,0,0,0,11520.0,0,0,0,0,0,1724.4191099999994
0,0,0,0,0,0,0,0,11520.0,0,0,0,0,0,1724.4191099999994
0,0,0,0,0,0,0,0,10035.0,0,0,0,0,0,1720.0015379999995
0,0,0,0,0,0,0,0,10035.0,0,0,0,0,0,1720.0015379999995
736668,0,0,0,0,0,0,0,10024.0,0,0,0,0,0,1582.3723499999999
736668,0,0,0,0,0,0,0,10024.0,0,0,0,0,0,1582.3723499999999
736734,736854,0,0,0,0,0,0,42420.0,0,0,0,0,0,1031.91256
735881,735881,0,0,0,0,0,0,87105.0,0,0,0,0,0,1075.0107899999996
0,0,0,0,0,0,0,0,33445.0,0,0,0,0,0,1194.7120960000002
0,0,0,0,0,0,0,0,33445.0,0,0,0,0,0,1194.7120960000002
736706,736826,0,0,0,0,0,0,19140.0,0,0,0,0,0,1205.0739879999999
736706,736826,0,0,0,0,0,0,19140.0,0,0,0,0,0,1205.0739879999999
736706,736826,0,0,0,0,0,0,19140.0,0,0,0,0,0,1205.0739879999999
0,0,0,0,0,0,0,0,98105.0,0,0,0,0,0,1056.132109
737007,0,0,0,0,0,0,0,23223.0,0,0,0,0,0,1252.8636779999997
0,736785,0,0,0,0,0,0,33407.0,0,0,0,0,0,1136.6252760000002
736734,736793,0,0,0,0,0,0,80525.0,0,0,0,0,0,1007.2906199999996
0,0,0,0,0,0,0,0,53132.0,0,0,0,0,0,1137.4537320000002
0,0,0,0,0,0,0,0,28110.0,0,0,0,0,0,1253.799104
0,0,0,0,0,0,0,0,75081.0,0,0,0,0,0,1100.3046960000001
0,0,0,0,0,0,0,0,75081.0,0,0,0,0,0,1100.3046960000001
0,736765,0,0,0,0,0,0,19134.0,0,0,0,0,0,1339.410844
0,0,0,0,0,0,0,0,94109.0,0,0,0,0,0,1038.179099
0,0,0,0,0,0,0,0,19901.0,0,0,0,0,0,1365.6374599999995
0,0,0,0,0,0,0,0,19901.0,0,0,0,0,0,1365.6374599999995
736728,736728,0,0,0,0,0,0,76706.0,0,0,0,0,0,1068.130942
0,0,0,0,0,0,0,0,21740.0,0,0,0,0,0,1330.8185939999996
0,736700,0,0,0,0,0,0,44105.0,0,0,0,0,0,1083.5571520000003
0,736700,0,0,0,0,0,0,44105.0,0,0,0,0,0,1083.5571520000003
0,0,0,0,0,0,0,0,78501.0,0,0,0,0,0,1016.702718
0,0,0,0,0,0,0,0,78501.0,0,0,0,0,0,1016.702718
0,0,0,0,0,0,0,0,78501.0,0,0,0,0,0,1016.702718
0,0,0,0,0,0,0,0,78501.0,0,0,0,0,0,1016.702718
0,0,0,0,0,0,0,0,78501.0,0,0,0,0,0,1016.702718
0,0,0,0,0,0,0,0,78501.0,0,0,0,0,0,1016.702718
0,0,0,0,0,0,0,0,78501.0,0,0,0,0,0,1016.702718
0,0,0,0,0,0,0,0,78501.0,0,0,0,0,0,1016.702718
0,0,0,0,0,0,0,0,78501.0,0,0,0,0,0,1016.702718
0,0,0,0,0,0,0,0,87505.0,0,0,0,0,0,1029.9250639999998
0,0,0,0,0,0,0,0,94110.0,0,0,0,0,0,1038.179099
0,0,0,0,0,0,0,0,94110.0,0,0,0,0,0,1038.179099
0,0,0,0,0,0,0,0,94110.0,0,0,0,0,0,1038.179099
0,0,0,0,0,0,0,0,94110.0,0,0,0,0,0,1038.179099
0,0,0,0,0,0,0,0,10024.0,0,0,0,0,0,1743.6276379999993
736848,737031,0,0,0,0,0,0,75220.0,0,0,0,0,0,1121.9872199999998
736848,737031,0,0,0,0,0,0,75220.0,0,0,0,0,0,1121.9872199999998
736279,736279,0,0,0,0,0,0,48234.0,0,0,0,0,0,1057.6427079999999
736279,736279,0,0,0,0,0,0,48234.0,0,0,0,0,0,1057.6427079999999
736453,736576,0,0,0,0,0,0,19140.0,0,0,0,0,0,1249.5220839999997
736453,736576,0,0,0,0,0,0,19140.0,0,0,0,0,0,1249.5220839999997
0,0,0,0,0,0,0,0,75007.0,0,0,0,0,0,1100.3046960000001
0,0,0,0,0,0,0,0,10009.0,0,0,0,0,0,1742.9310379999993
0,0,0,0,0,0,0,0,10009.0,0,0,0,0,0,1742.9310379999993
0,0,0,0,0,0,0,0,10009.0,0,0,0,0,0,1742.9310379999993
736430,736552,0,0,0,0,0,0,77041.0,0,0,0,0,0,1073.2917719999998
736430,736552,0,0,0,0,0,0,77041.0,0,0,0,0,0,1073.2917719999998
0,0,0,0,0,0,0,0,90036.0,0,0,0,0,0,1034.961929
0,0,0,0,0,0,0,0,90036.0,0,0,0,0,0,1034.961929
0,0,0,0,0,0,0,0,90036.0,0,0,0,0,0,1034.961929
736884,736976,0,0,0,0,0,0,98026.0,0,0,0,0,0,1040.6046869999998
736884,736976,0,0,0,0,0,0,98026.0,0,0,0,0,0,1040.6046869999998
736884,736976,0,0,0,0,0,0,98026.0,0,0,0,0,0,1040.6046869999998
0,0,0,0,0,0,0,0,94110.0,0,0,0,0,0,1038.179099
736309,0,0,0,0,0,0,0,10035.0,0,0,0,0,0,1582.9076899999993
0,736398,0,0,0,0,0,0,97477.0,0,0,0,0,0,1077.9788629999998
737007,0,0,0,0,0,0,0,40324.0,0,0,0,0,0,1166.9289999999999
737007,0,0,0,0,0,0,0,40324.0,0,0,0,0,0,1166.9289999999999
736699,736730,0,0,0,0,0,0,33065.0,0,0,0,0,0,1034.26108
736699,736730,0,0,0,0,0,0,33065.0,0,0,0,0,0,1034.26108
0,0,0,0,0,0,0,0,94110.0,0,0,0,0,0,1038.179099
0,0,0,0,0,0,0,0,94110.0,0,0,0,0,0,1038.179099
0,0,0,0,0,0,0,0,94110.0,0,0,0,0,0,1038.179099
0,0,0,0,0,0,0,0,94110.0,0,0,0,0,0,1038.179099
0,0,0,0,0,0,0,0,94110.0,0,0,0,0,0,1038.179099
0,0,0,0,0,0,0,0,94110.0,0,0,0,0,0,1038.179099
0,0,0,0,0,0,0,0,92503.0,0,0,0,0,0,1027.027459
0,0,0,0,0,0,0,0,45373.0,0,0,0,0,0,1115.7379360000004
0,0,0,0,0,0,0,0,45373.0,0,0,0,0,0,1115.7379360000004
0,0,0,0,0,0,0,0,45373.0,0,0,0,0,0,1115.7379360000004
0,0,0,0,0,0,0,0,45373.0,0,0,0,0,0,1115.7379360000004
0,0,0,0,0,0,0,0,45373.0,0,0,0,0,0,1115.7379360000004
0,0,0,0,0,0,0,0,92553.0,0,0,0,0,0,1027.342234
0,0,0,0,0,0,0,0,92553.0,0,0,0,0,0,1027.342234
0,0,0,0,0,0,0,0,98115.0,0,0,0,0,0,1056.132109
0,0,0,0,0,0,0,0,98115.0,0,0,0,0,0,1056.132109
0,0,0,0,0,0,0,0,60623.0,0,0,0,0,0,1100.3046960000001
0,0,0,0,0,0,0,0,60623.0,0,0,0,0,0,1100.3046960000001
735975,736096,0,0,0,0,0,0,49201.0,0,0,0,0,0,1155.662244
735975,736096,0,0,0,0,0,0,49201.0,0,0,0,0,0,1155.662244
735975,736096,0,0,0,0,0,0,49201.0,0,0,0,0,0,1155.662244
0,0,0,0,0,0,0,0,10024.0,0,0,0,0,0,1743.6276379999993
0,0,0,0,0,0,0,0,10024.0,0,0,0,0,0,1743.6276379999993
0,0,0,0,0,0,0,0,10024.0,0,0,0,0,0,1743.6276379999993
0,0,0,0,0,0,0,0,10024.0,0,0,0,0,0,1743.6276379999993
0,0,0,0,0,0,0,0,98105.0,0,0,0,0,0,1056.132109
0,0,0,0,0,0,0,0,98105.0,0,0,0,0,0,1056.132109
0,0,0,0,0,0,0,0,98105.0,0,0,0,0,0,1056.132109
0,0,0,0,0,0,0,0,98105.0,0,0,0,0,0,1056.132109
0,0,0,0,0,0,0,0,63301.0,0,0,0,0,0,1100.3046960000001
735816,0,0,0,0,0,0,0,11561.0,0,0,0,0,0,1686.8849259999995
735816,0,0,0,0,0,0,0,11561.0,0,0,0,0,0,1686.8849259999995
736514,736576,0,0,0,0,0,0,8701.0,0,0,0,0,0,1473.6130659999994
736886,736948,0,0,0,0,0,0,20735.0,0,0,0,0,0,1211.6610859999996
0,0,0,0,0,0,0,0,43229.0,0,0,0,0,0,1118.4940360000003
0,0,0,0,0,0,0,0,43229.0,0,0,0,0,0,1118.4940360000003
0,0,0,0,0,0,0,0,43229.0,0,0,0,0,0,1118.4940360000003
736880,737003,0,0,0,0,0,0,91104.0,0,0,0,0,0,1029.8530369999996
736455,736578,0,0,0,0,0,0,98105.0,0,0,0,0,0,1051.5143849999997
0,0,0,0,0,0,0,0,90045.0,0,0,0,0,0,1021.7960989999998
0,0,0,0,0,0,0,0,7017.0,0,0,0,0,0,1742.9310379999993
0,0,0,0,0,0,0,0,54703.0,0,0,0,0,0,1150.3552320000001
736607,0,0,0,0,0,0,0,60610.0,0,0,0,0,0,1059.751452
0,0,0,0,0,0,0,0,33614.0,0,0,0,0,0,1194.7120960000002
0,0,0,0,0,0,0,0,33614.0,0,0,0,0,0,1194.7120960000002
0,0,0,0,0,0,0,0,33614.0,0,0,0,0,0,1194.7120960000002
0,0,0,0,0,0,0,0,33614.0,0,0,0,0,0,1194.7120960000002
0,0,0,0,0,0,0,0,33614.0,0,0,0,0,0,1194.7120960000002
737006,0,0,0,0,0,0,0,10009.0,0,0,0,0,0,1701.0217999999993
0,0,0,0,0,0,0,0,85204.0,0,0,0,0,0,1005.7666279999999
0,0,0,0,0,0,0,0,0.0,0,0,0,0,0,1749.7338779999993
0,0,0,0,0,0,0,0,0.0,0,0,0,0,0,1749.7338779999993
0,0,0,0,0,0,0,0,0.0,0,0,0,0,0,1749.7338779999993
0,0,0,0,0,0,0,0,0.0,0,0,0,0,0,1749.7338779999993
0,0,0,0,0,0,0,0,77070.0,0,0,0,0,0,1070.2188320000002
0,0,0,0,0,0,0,0,60505.0,0,0,0,0,0,1100.3046960000001
0,0,0,0,0,0,0,0,80219.0,0,0,0,0,0,1014.861718
0,0,0,0,0,0,0,0,10011.0,0,0,0,0,0,1747.7220079999993
0,0,0,0,0,0,0,0,10011.0,0,0,0,0,0,1747.7220079999993
0,0,0,0,0,0,0,0,10011.0,0,0,0,0,0,1747.7220079999993
0,0,0,0,0,0,0,0,10011.0,0,0,0,0,0,1747.7220079999993
0,0,0,0,0,0,0,0,10011.0,0,0,0,0,0,1747.7220079999993
0,0,0,0,0,0,0,0,10011.0,0,0,0,0,0,1747.7220079999993
736644,0,0,0,0,0,0,0,60004.0,0,0,0,0,0,1098.4764599999999
0,0,0,0,0,0,0,0,23602.0,0,0,0,0,0,1253.799104
0,0,0,0,0,0,0,0,85705.0,0,0,0,0,0,1026.954284
736671,0,0,0,0,0,0,0,10024.0,0,0,0,0,0,1582.3723499999999
736671,0,0,0,0,0,0,0,10024.0,0,0,0,0,0,1582.3723499999999
0,0,0,0,0,0,0,0,19134.0,0,0,0,0,0,1404.99292
0,0,0,0,0,0,0,0,60653.0,0,0,0,0,0,1100.3046960000001
0,0,0,0,0,0,0,0,60653.0,0,0,0,0,0,1100.3046960000001
0,0,0,0,0,0,0,0,10035.0,0,0,0,0,0,1720.0015379999995
0,0,0,0,0,0,0,0,10035.0,0,0,0,0,0,1720.0015379999995
736979,0,0,0,0,0,0,0,19143.0,0,0,0,0,0,1239.528534
736979,0,0,0,0,0,0,0,19143.0,0,0,0,0,0,1239.528534
736605,0,0,0,0,0,0,0,85301.0,0,0,0,0,0,984.8995399999997
0,0,0,0,0,0,0,0,90036.0,0,0,0,0,0,1034.961929
0,0,0,0,0,0,0,0,77041.0,0,0,0,0,0,1074.552944
0,0,0,0,0,0,0,0,98115.0,0,0,0,0,0,1056.132109
0,0,0,0,0,0,0,0,98115.0,0,0,0,0,0,1056.132109
0,0,0,0,0,0,0,0,98115.0,0,0,0,0,0,1056.132109
0,735609,0,0,0,0,0,0,28314.0,0,0,0,0,0,1244.885448
0,735609,0,0,0,0,0,0,28314.0,0,0,0,0,0,1244.885448
736735,736794,0,0,0,0,0,0,77041.0,0,0,0,0,0,1044.73227
736735,736794,0,0,0,0,0,0,77041.0,0,0,0,0,0,1044.73227
0,0,0,0,0,0,0,0,94122.0,0,0,0,0,0,1048.9307489999999
0,0,0,0,0,0,0,0,94122.0,0,0,0,0,0,1048.9307489999999
0,0,0,0,0,0,0,0,94122.0,0,0,0,0,0,1048.9307489999999
0,0,0,0,0,0,0,0,94122.0,0,0,0,0,0,1048.9307489999999
735941,0,0,0,0,0,0,0,10035.0,0,0,0,0,0,1718.9186539999992
0,0,0,0,0,0,0,0,98105.0,0,0,0,0,0,1056.132109
0,735610,0,0,0,0,0,0,14215.0,0,0,0,0,0,2050.1503699999994
735907,0,0,0,0,0,0,0,77340.0,0,0,0,0,0,1052.617508
0,735972,0,0,0,0,0,0,75081.0,0,0,0,0,0,1157.377268
0,735972,0,0,0,0,0,0,75081.0,0,0,0,0,0,1157.377268
0,0,0,0,0,0,0,0,19134.0,0,0,0,0,0,1404.99292
0,0,0,0,0,0,0,0,85345.0,0,0,0,0,0,1006.5456479999999
0,0,0,0,0,0,0,0,85345.0,0,0,0,0,0,1006.5456479999999
0,0,0,0,0,0,0,0,85345.0,0,0,0,0,0,1006.5456479999999
0,0,0,0,0,0,0,0,85345.0,0,0,0,0,0,1006.5456479999999
0,0,0,0,0,0,0,0,19143.0,0,0,0,0,0,1365.6374599999995
0,0,0,0,0,0,0,0,92054.0,0,0,0,0,0,1021.7960989999998
0,736822,0,0,0,0,0,0,19134.0,0,0,0,0,0,1346.84872
735942,0,0,0,0,0,0,0,60623.0,0,0,0,0,0,1112.5973760000002
0,0,0,0,0,0,0,0,10035.0,0,0,0,0,0,1720.0015379999995
0,0,0,0,0,0,0,0,44240.0,0,0,0,0,0,1130.9557560000003
736879,737002,0,0,0,0,0,0,32216.0,0,0,0,0,0,1055.1741639999998
736879,737002,0,0,0,0,0,0,32216.0,0,0,0,0,0,1055.1741639999998
735966,735997,0,0,0,0,0,0,75019.0,0,0,0,0,0,1164.0660819999998
0,736029,0,0,0,0,0,0,46203.0,0,0,0,0,0,1142.8485780000003
0,0,0,0,0,0,0,0,46226.0,0,0,0,0,0,1115.7379360000004
0,736759,0,0,0,0,0,0,74133.0,0,0,0,0,0,1085.145046
0,0,0,0,0,0,0,0,98052.0,0,0,0,0,0,1048.076349
735819,0,0,0,0,0,0,0,94109.0,0,0,0,0,0,1053.6665669999998
736759,736881,0,0,0,0,0,0,99207.0,0,0,0,0,0,1046.7273189999996
0,736094,0,0,0,0,0,0,90032.0,0,0,0,0,0,1108.4172489999999
0,736094,0,0,0,0,0,0,90032.0,0,0,0,0,0,1108.4172489999999
0,736094,0,0,0,0,0,0,90032.0,0,0,0,0,0,1108.4172489999999
0,736094,0,0,0,0,0,0,90032.0,0,0,0,0,0,1108.4172489999999
0,0,0,0,0,0,0,0,37421.0,0,0,0,0,0,1159.0822960000003
0,736759,0,0,0,0,0,0,27405.0,0,0,0,0,0,1172.9371560000002
0,736759,0,0,0,0,0,0,27405.0,0,0,0,0,0,1172.9371560000002
735851,0,0,0,0,0,0,0,94122.0,0,0,0,0,0,1071.6747169999999
735851,0,0,0,0,0,0,0,94122.0,0,0,0,0,0,1071.6747169999999
0,0,0,0,0,0,0,0,10024.0,0,0,0,0,0,1743.6276379999993
0,0,0,0,0,0,0,0,90712.0,0,0,0,0,0,1021.7960989999998
0,0,0,0,0,0,0,0,40214.0,0,0,0,0,0,1118.4940360000003
0,735660,0,0,0,0,0,0,43229.0,0,0,0,0,0,1150.3329600000002
0,0,0,0,0,0,0,0,19711.0,0,0,0,0,0,1365.6374599999995
0,0,0,0,0,0,0,0,98115.0,0,0,0,0,0,1056.132109
736825,736978,0,0,0,0,0,0,10024.0,0,0,0,0,0,1423.8040759999997
736825,736978,0,0,0,0,0,0,10024.0,0,0,0,0,0,1423.8040759999997
736825,736978,0,0,0,0,0,0,10024.0,0,0,0,0,0,1423.8040759999997
736825,736978,0,0,0,0,0,0,10024.0,0,0,0,0,0,1423.8040759999997
736825,736978,0,0,0,0,0,0,10024.0,0,0,0,0,0,1423.8040759999997
736825,736978,0,0,0,0,0,0,10024.0,0,0,0,0,0,1423.8040759999997
736825,736978,0,0,0,0,0,0,10024.0,0,0,0,0,0,1423.8040759999997
736825,736978,0,0,0,0,0,0,10024.0,0,0,0,0,0,1423.8040759999997
0,736090,0,0,0,0,0,0,60653.0,0,0,0,0,0,1164.22648
0,736090,0,0,0,0,0,0,60653.0,0,0,0,0,0,1164.22648
0,736090,0,0,0,0,0,0,60653.0,0,0,0,0,0,1164.22648
0,736090,0,0,0,0,0,0,60653.0,0,0,0,0,0,1164.22648
735788,0,0,0,0,0,0,0,60543.0,0,0,0,0,0,1101.0582520000003
735788,0,0,0,0,0,0,0,60543.0,0,0,0,0,0,1101.0582520000003
735788,0,0,0,0,0,0,0,60543.0,0,0,0,0,0,1101.0582520000003
736856,737039,0,0,0,0,0,0,75220.0,0,0,0,0,0,1116.3821039999998
0,0,0,0,0,0,0,0,19134.0,0,0,0,0,0,1404.99292
0,0,0,0,0,0,0,0,90008.0,0,0,0,0,0,1030.255799
736372,736431,0,0,0,0,0,0,77036.0,0,0,0,0,0,1096.3545179999999
736372,736431,0,0,0,0,0,0,77036.0,0,0,0,0,0,1096.3545179999999
737038,737038,0,0,0,0,0,0,26003.0,0,0,0,0,0,1390.541721999999
737010,0,0,0,0,0,0,0,7501.0,0,0,0,0,0,1701.0217999999993
735973,736064,0,0,0,0,0,0,97206.0,0,0,0,0,0,1123.5419789999996
736457,736641,0,0,0,0,0,0,35810.0,0,0,0,0,0,1041.768656
736754,736876,0,0,0,0,0,0,94110.0,0,0,0,0,0,1031.2421489999997
736754,736876,0,0,0,0,0,0,94110.0,0,0,0,0,0,1031.2421489999997
736886,736886,0,0,0,0,0,0,73120.0,0,0,0,0,0,1083.5673719999998
736389,736542,0,0,0,0,0,0,74012.0,0,0,0,0,0,1089.264718
736389,736542,0,0,0,0,0,0,74012.0,0,0,0,0,0,1089.264718
736668,0,0,0,0,0,0,0,92691.0,0,0,0,0,0,1008.1167059999997
736668,0,0,0,0,0,0,0,92691.0,0,0,0,0,0,1008.1167059999997
736825,736886,0,0,0,0,0,0,46142.0,0,0,0,0,0,1036.2704319999998
736825,736886,0,0,0,0,0,0,46142.0,0,0,0,0,0,1036.2704319999998
736825,736886,0,0,0,0,0,0,46142.0,0,0,0,0,0,1036.2704319999998
0,0,0,0,0,0,0,0,53209.0,0,0,0,0,0,1137.4537320000002
0,0,0,0,0,0,0,0,94109.0,0,0,0,0,0,1038.179099
0,0,0,0,0,0,0,0,13440.0,0,0,0,0,0,1782.0985099999994
0,0,0,0,0,0,0,0,13440.0,0,0,0,0,0,1782.0985099999994
0,0,0,0,0,0,0,0,10009.0,0,0,0,0,0,1742.9310379999993
0,0,0,0,0,0,0,0,10009.0,0,0,0,0,0,1742.9310379999993
735722,735783,0,0,0,0,0,0,48127.0,0,0,0,0,0,1120.87553
735722,735783,0,0,0,0,0,0,48127.0,0,0,0,0,0,1120.87553
735722,735783,0,0,0,0,0,0,48127.0,0,0,0,0,0,1120.87553
735722,735783,0,0,0,0,0,0,48127.0,0,0,0,0,0,1120.87553
736488,736641,0,0,0,0,0,0,10024.0,0,0,0,0,0,1433.0484459999996
0,0,0,0,0,0,0,0,60623.0,0,0,0,0,0,1100.3046960000001
0,736759,0,0,0,0,0,0,75217.0,0,0,0,0,0,1085.145046
0,0,0,0,0,0,0,0,54915.0,0,0,0,0,0,1158.372832
0,0,0,0,0,0,0,0,32216.0,0,0,0,0,0,1194.7120960000002
0,0,0,0,0,0,0,0,60653.0,0,0,0,0,0,1100.3046960000001
0,0,0,0,0,0,0,0,43402.0,0,0,0,0,0,1118.4940360000003
0,0,0,0,0,0,0,0,43402.0,0,0,0,0,0,1118.4940360000003
0,0,0,0,0,0,0,0,43402.0,0,0,0,0,0,1118.4940360000003
736911,737033,0,0,0,0,0,0,94110.0,0,0,0,0,0,1072.0818569999997
736421,736574,0,0,0,0,0,0,90049.0,0,0,0,0,0,1043.2064929999997
0,0,0,0,0,0,0,0,60623.0,0,0,0,0,0,1100.3046960000001
0,0,0,0,0,0,0,0,60623.0,0,0,0,0,0,1100.3046960000001
0,0,0,0,0,0,0,0,60623.0,0,0,0,0,0,1100.3046960000001
736826,736857,0,0,0,0,0,0,98115.0,0,0,0,0,0,1039.9050989999996
736826,736857,0,0,0,0,0,0,98115.0,0,0,0,0,0,1039.9050989999996
736826,736857,0,0,0,0,0,0,98115.0,0,0,0,0,0,1039.9050989999996
736826,736857,0,0,0,0,0,0,98115.0,0,0,0,0,0,1039.9050989999996
736826,736857,0,0,0,0,0,0,98115.0,0,0,0,0,0,1039.9050989999996
0,0,0,0,0,0,0,0,77705.0,0,0,0,0,0,1015.049928
736913,737035,0,0,0,0,0,0,98103.0,0,0,0,0,0,1063.4124689999996
0,0,0,0,0,0,0,0,75217.0,0,0,0,0,0,1100.3046960000001
0,0,0,0,0,0,0,0,10011.0,0,0,0,0,0,1747.7220079999993
0,0,0,0,0,0,0,0,10011.0,0,0,0,0,0,1747.7220079999993
0,0,0,0,0,0,0,0,10011.0,0,0,0,0,0,1747.7220079999993
0,0,0,0,0,0,0,0,10011.0,0,0,0,0,0,1747.7220079999993
737034,0,0,0,0,0,0,0,60610.0,0,0,0,0,0,1227.8749319999995
0,0,0,0,0,0,0,0,94110.0,0,0,0,0,0,1038.179099
736884,736946,0,0,0,0,0,0,2908.0,0,0,0,0,0,1425.791236
736884,736946,0,0,0,0,0,0,2908.0,0,0,0,0,0,1425.791236
736273,0,0,0,0,0,0,0,85023.0,0,0,0,0,0,984.1205199999997
736123,736245,0,0,0,0,0,0,77095.0,0,0,0,0,0,1068.0135619999999
736123,736245,0,0,0,0,0,0,77095.0,0,0,0,0,0,1068.0135619999999
736123,736245,0,0,0,0,0,0,77095.0,0,0,0,0,0,1068.0135619999999
736123,736245,0,0,0,0,0,0,77095.0,0,0,0,0,0,1068.0135619999999
0,735640,0,0,0,0,0,0,47201.0,0,0,0,0,0,1147.5768600000004
0,735640,0,0,0,0,0,0,47201.0,0,0,0,0,0,1147.5768600000004
0,0,0,0,0,0,0,0,19134.0,0,0,0,0,0,1404.99292
0,0,0,0,0,0,0,0,19134.0,0,0,0,0,0,1404.99292
0,0,0,0,0,0,0,0,19134.0,0,0,0,0,0,1404.99292
736028,736120,0,0,0,0,0,0,95123.0,0,0,0,0,0,1077.0616309999996
736248,0,0,0,0,0,0,0,19140.0,0,0,0,0,0,1274.6165039999998
0,736029,0,0,0,0,0,0,22153.0,0,0,0,0,0,1320.0973179999999
0,0,0,0,0,0,0,0,80020.0,0,0,0,0,0,1014.861718
0,736006,0,0,0,0,0,0,43229.0,0,0,0,0,0,1145.6046780000001
0,736006,0,0,0,0,0,0,43229.0,0,0,0,0,0,1145.6046780000001
736035,736096,0,0,0,0,0,0,3301.0,0,0,0,0,0,1553.95123
0,0,0,0,0,0,0,0,77095.0,0,0,0,0,0,1049.1600080000003
736393,736454,0,0,0,0,0,0,43055.0,0,0,0,0,0,1049.844916
736393,736454,0,0,0,0,0,0,43055.0,0,0,0,0,0,1049.844916
736393,736454,0,0,0,0,0,0,43055.0,0,0,0,0,0,1049.844916
736393,736454,0,0,0,0,0,0,43055.0,0,0,0,0,0,1049.844916
736393,736454,0,0,0,0,0,0,43055.0,0,0,0,0,0,1049.844916
736393,736454,0,0,0,0,0,0,43055.0,0,0,0,0,0,1049.844916
735969,736182,0,0,0,0,0,0,90045.0,0,0,0,0,0,1091.9146869999995
0,0,0,0,0,0,0,0,33614.0,0,0,0,0,0,1194.7120960000002
0,0,0,0,0,0,0,0,33614.0,0,0,0,0,0,1194.7120960000002
0,0,0,0,0,0,0,0,33614.0,0,0,0,0,0,1194.7120960000002
736821,736882,0,0,0,0,0,0,68025.0,0,0,0,0,0,1081.5857919999999
0,0,0,0,0,0,0,0,43229.0,0,0,0,0,0,1118.4940360000003
0,0,0,0,0,0,0,0,43229.0,0,0,0,0,0,1118.4940360000003
0,0,0,0,0,0,0,0,43229.0,0,0,0,0,0,1118.4940360000003
0,0,0,0,0,0,0,0,43229.0,0,0,0,0,0,1118.4940360000003
0,0,0,0,0,0,0,0,43229.0,0,0,0,0,0,1118.4940360000003
0,0,0,0,0,0,0,0,91767.0,0,0,0,0,0,1021.7960989999998
0,0,0,0,0,0,0,0,78207.0,0,0,0,0,0,1014.0066380000001
0,0,0,0,0,0,0,0,78207.0,0,0,0,0,0,1014.0066380000001
0,0,0,0,0,0,0,0,78207.0,0,0,0,0,0,1014.0066380000001
0,0,0,0,0,0,0,0,10035.0,0,0,0,0,0,1720.0015379999995
0,0,0,0,0,0,0,0,10035.0,0,0,0,0,0,1720.0015379999995
0,0,0,0,0,0,0,0,10035.0,0,0,0,0,0,1720.0015379999995
0,0,0,0,0,0,0,0,10035.0,0,0,0,0,0,1720.0015379999995
736516,736639,0,0,0,0,0,0,19120.0,0,0,0,0,0,1248.1496439999999
0,0,0,0,0,0,0,0,10024.0,0,0,0,0,0,1743.6276379999993
0,0,0,0,0,0,0,0,48234.0,0,0,0,0,0,1127.0040120000003
0,0,0,0,0,0,0,0,33142.0,0,0,0,0,0,1194.7120960000002
0,0,0,0,0,0,0,0,94521.0,0,0,0,0,0,1048.9307489999999
0,0,0,0,0,0,0,0,60653.0,0,0,0,0,0,1100.3046960000001
0,0,0,0,0,0,0,0,60090.0,0,0,0,0,0,1133.037544
735907,0,0,0,0,0,0,0,60610.0,0,0,0,0,0,1088.743308
735907,0,0,0,0,0,0,0,60610.0,0,0,0,0,0,1088.743308
0,736337,0,0,0,0,0,0,77506.0,0,0,0,0,0,1073.531644
0,736337,0,0,0,0,0,0,77506.0,0,0,0,0,0,1073.531644
0,0,0,0,0,0,0,0,10024.0,0,0,0,0,0,1743.6276379999993
0,0,0,0,0,0,0,0,10024.0,0,0,0,0,0,1743.6276379999993
0,0,0,0,0,0,0,0,95123.0,0,0,0,0,0,1048.076349
0,0,0,0,0,0,0,0,95123.0,0,0,0,0,0,1048.076349
0,0,0,0,0,0,0,0,95123.0,0,0,0,0,0,1048.076349
0,0,0,0,0,0,0,0,95823.0,0,0,0,0,0,1048.076349
0,0,0,0,0,0,0,0,97477.0,0,0,0,0,0,1048.076349
736911,737003,0,0,0,0,0,0,76063.0,0,0,0,0,0,1082.4126999999999
736428,736581,0,0,0,0,0,0,72401.0,0,0,0,0,0,1089.264718
0,0,0,0,0,0,0,0,23464.0,0,0,0,0,0,1302.1393939999998
0,0,0,0,0,0,0,0,14609.0,0,0,0,0,0,2048.773129999999
736005,736095,0,0,0,0,0,0,23320.0,0,0,0,0,0,1264.5090879999996
736795,736948,0,0,0,0,0,0,43130.0,0,0,0,0,0,1032.9052239999999
736795,736948,0,0,0,0,0,0,43130.0,0,0,0,0,0,1032.9052239999999
736826,736918,0,0,0,0,0,0,10024.0,0,0,0,0,0,1423.8040759999997
736826,736918,0,0,0,0,0,0,10024.0,0,0,0,0,0,1423.8040759999997
0,0,0,0,0,0,0,0,90045.0,0,0,0,0,0,1021.7960989999998
0,0,0,0,0,0,0,0,90045.0,0,0,0,0,0,1021.7960989999998
0,0,0,0,0,0,0,0,39212.0,0,0,0,0,0,1157.8494960000003
0,0,0,0,0,0,0,0,95695.0,0,0,0,0,0,1048.076349
735913,0,0,0,0,0,0,0,98115.0,0,0,0,0,0,1057.4863329999998
735913,0,0,0,0,0,0,0,98115.0,0,0,0,0,0,1057.4863329999998
735913,0,0,0,0,0,0,0,98115.0,0,0,0,0,0,1057.4863329999998
0,0,0,0,0,0,0,0,90049.0,0,0,0,0,0,1021.7960989999998
0,0,0,0,0,0,0,0,43402.0,0,0,0,0,0,1118.4940360000003
0,0,0,0,0,0,0,0,43402.0,0,0,0,0,0,1118.4940360000003
0,0,0,0,0,0,0,0,43402.0,0,0,0,0,0,1118.4940360000003
0,0,0,0,0,0,0,0,43130.0,0,0,0,0,0,1118.4940360000003
0,0,0,0,0,0,0,0,43130.0,0,0,0,0,0,1118.4940360000003
0,0,0,0,0,0,0,0,43130.0,0,0,0,0,0,1118.4940360000003
0,0,0,0,0,0,0,0,75220.0,0,0,0,0,0,1100.3046960000001
0,0,0,0,0,0,0,0,75220.0,0,0,0,0,0,1100.3046960000001
0,0,0,0,0,0,0,0,75220.0,0,0,0,0,0,1100.3046960000001
0,0,0,0,0,0,0,0,79424.0,0,0,0,0,0,1014.861718
0,0,0,0,0,0,0,0,48227.0,0,0,0,0,0,1127.0040120000003
0,0,0,0,0,0,0,0,43055.0,0,0,0,0,0,1118.4940360000003
0,0,0,0,0,0,0,0,43055.0,0,0,0,0,0,1118.4940360000003
0,736486,0,0,0,0,0,0,10011.0,0,0,0,0,0,1629.6885839999993
0,736486,0,0,0,0,0,0,10011.0,0,0,0,0,0,1629.6885839999993
0,0,0,0,0,0,0,0,55407.0,0,0,0,0,0,1259.116032
0,0,0,0,0,0,0,0,2149.0,0,0,0,0,0,1749.7338779999993
0,0,0,0,0,0,0,0,2149.0,0,0,0,0,0,1749.7338779999993
0,0,0,0,0,0,0,0,2149.0,0,0,0,0,0,1749.7338779999993
0,0,0,0,0,0,0,0,98105.0,0,0,0,0,0,1056.132109
0,0,0,0,0,0,0,0,98105.0,0,0,0,0,0,1056.132109
737039,0,0,0,0,0,0,0,90032.0,0,0,0,0,0,1218.373553
0,0,0,0,0,0,0,0,28027.0,0,0,0,0,0,1253.799104
735782,735935,0,0,0,0,0,0,98103.0,0,0,0,0,0,1090.9159349999998
735782,735935,0,0,0,0,0,0,98103.0,0,0,0,0,0,1090.9159349999998
735782,735935,0,0,0,0,0,0,98103.0,0,0,0,0,0,1090.9159349999998
735782,735935,0,0,0,0,0,0,98103.0,0,0,0,0,0,1090.9159349999998
736912,0,0,0,0,0,0,0,85301.0,0,0,0,0,0,990.7951999999998
736912,0,0,0,0,0,0,0,85301.0,0,0,0,0,0,990.7951999999998
736912,0,0,0,0,0,0,0,85301.0,0,0,0,0,0,990.7951999999998
0,0,0,0,0,0,0,0,55433.0,0,0,0,0,0,1259.116032
0,0,0,0,0,0,0,0,55433.0,0,0,0,0,0,1259.116032
0,0,0,0,0,0,0,0,90045.0,0,0,0,0,0,1021.7960989999998
0,0,0,0,0,0,0,0,90045.0,0,0,0,0,0,1021.7960989999998
0,0,0,0,0,0,0,0,90045.0,0,0,0,0,0,1021.7960989999998
0,0,0,0,0,0,0,0,90045.0,0,0,0,0,0,1021.7960989999998
0,0,0,0,0,0,0,0,85705.0,0,0,0,0,0,1026.954284
0,0,0,0,0,0,0,0,85705.0,0,0,0,0,0,1026.954284
0,0,0,0,0,0,0,0,10035.0,0,0,0,0,0,1720.0015379999995
0,0,0,0,0,0,0,0,10035.0,0,0,0,0,0,1720.0015379999995
0,0,0,0,0,0,0,0,10035.0,0,0,0,0,0,1720.0015379999995
0,0,0,0,0,0,0,0,10035.0,0,0,0,0,0,1720.0015379999995
0,0,0,0,0,0,0,0,91767.0,0,0,0,0,0,1021.7960989999998
736486,736639,0,0,0,0,0,0,93101.0,0,0,0,0,0,1014.9353769999997
736486,736639,0,0,0,0,0,0,93101.0,0,0,0,0,0,1014.9353769999997
736486,736639,0,0,0,0,0,0,93101.0,0,0,0,0,0,1014.9353769999997
0,736823,0,0,0,0,0,0,94109.0,0,0,0,0,0,1022.1493729999999
736157,736157,0,0,0,0,0,0,92503.0,0,0,0,0,0,1076.8062309999996
0,0,0,0,0,0,0,0,90049.0,0,0,0,0,0,1021.7960989999998
0,0,0,0,0,0,0,0,90049.0,0,0,0,0,0,1021.7960989999998
0,0,0,0,0,0,0,0,92672.0,0,0,0,0,0,1027.342234
0,0,0,0,0,0,0,0,92672.0,0,0,0,0,0,1027.342234
736729,736849,0,0,0,0,0,0,35601.0,0,0,0,0,0,1040.6021
0,0,0,0,0,0,0,0,27405.0,0,0,0,0,0,1253.799104
0,0,0,0,0,0,0,0,94568.0,0,0,0,0,0,1048.9307489999999
0,0,0,0,0,0,0,0,19143.0,0,0,0,0,0,1365.6374599999995
0,0,0,0,0,0,0,0,19143.0,0,0,0,0,0,1365.6374599999995
0,0,0,0,0,0,0,0,77095.0,0,0,0,0,0,1049.1600080000003
736485,736607,0,0,0,0,0,0,93309.0,0,0,0,0,0,1030.0597729999995
0,735669,0,0,0,0,0,0,47374.0,0,0,0,0,0,1147.5768600000004
0,0,0,0,0,0,0,0,10009.0,0,0,0,0,0,1742.9310379999993
0,0,0,0,0,0,0,0,10009.0,0,0,0,0,0,1742.9310379999993
0,0,0,0,0,0,0,0,94122.0,0,0,0,0,0,1048.9307489999999
0,0,0,0,0,0,0,0,94122.0,0,0,0,0,0,1048.9307489999999
0,0,0,0,0,0,0,0,94122.0,0,0,0,0,0,1048.9307489999999
0,0,0,0,0,0,0,0,94122.0,0,0,0,0,0,1048.9307489999999
0,0,0,0,0,0,0,0,94122.0,0,0,0,0,0,1048.9307489999999
0,0,0,0,0,0,0,0,94122.0,0,0,0,0,0,1048.9307489999999
736726,736785,0,0,0,0,0,0,90032.0,0,0,0,0,0,1027.6068619999999
0,736759,0,0,0,0,0,0,92037.0,0,0,0,0,0,1020.744503
0,736855,0,0,0,0,0,0,76017.0,0,0,0,0,0,1114.000352
0,0,0,0,0,0,0,0,23223.0,0,0,0,0,0,1302.1393939999998
0,0,0,0,0,0,0,0,23223.0,0,0,0,0,0,1302.1393939999998
736788,736818,0,0,0,0,0,0,10035.0,0,0,0,0,0,1424.4183199999998
0,0,0,0,0,0,0,0,77041.0,0,0,0,0,0,1074.552944
0,736003,0,0,0,0,0,0,6824.0,0,0,0,0,0,1697.9285179999993
0,0,0,0,0,0,0,0,94110.0,0,0,0,0,0,1038.179099
0,0,0,0,0,0,0,0,94110.0,0,0,0,0,0,1038.179099
736645,0,0,0,0,0,0,0,45503.0,0,0,0,0,0,1058.899316
735877,0,0,0,0,0,0,0,48234.0,0,0,0,0,0,1124.4048720000003
736636,736636,0,0,0,0,0,0,19140.0,0,0,0,0,0,1208.7941839999999
0,0,0,0,0,0,0,0,90301.0,0,0,0,0,0,1021.7960989999998
0,0,0,0,0,0,0,0,90301.0,0,0,0,0,0,1021.7960989999998
0,0,0,0,0,0,0,0,90301.0,0,0,0,0,0,1021.7960989999998
0,736430,0,0,0,0,0,0,93405.0,0,0,0,0,0,1073.5382729999997
0,736792,0,0,0,0,0,0,19805.0,0,0,0,0,0,1301.288184
0,736792,0,0,0,0,0,0,19805.0,0,0,0,0,0,1301.288184
0,736792,0,0,0,0,0,0,19805.0,0,0,0,0,0,1301.288184
0,0,0,0,0,0,0,0,94122.0,0,0,0,0,0,1048.9307489999999
0,0,0,0,0,0,0,0,90045.0,0,0,0,0,0,1021.7960989999998
0,0,0,0,0,0,0,0,90045.0,0,0,0,0,0,1021.7960989999998
0,0,0,0,0,0,0,0,90045.0,0,0,0,0,0,1021.7960989999998
0,0,0,0,0,0,0,0,90045.0,0,0,0,0,0,1021.7960989999998
735729,735882,0,0,0,0,0,0,19143.0,0,0,0,0,0,1337.2957679999997
735729,735882,0,0,0,0,0,0,19143.0,0,0,0,0,0,1337.2957679999997
735729,735882,0,0,0,0,0,0,19143.0,0,0,0,0,0,1337.2957679999997
735729,735882,0,0,0,0,0,0,19143.0,0,0,0,0,0,1337.2957679999997
735729,735882,0,0,0,0,0,0,19143.0,0,0,0,0,0,1337.2957679999997
736521,736674,0,0,0,0,0,0,94122.0,0,0,0,0,0,1021.6713469999999
736671,0,0,0,0,0,0,0,19134.0,0,0,0,0,0,1294.739744
0,0,0,0,0,0,0,0,77041.0,0,0,0,0,0,1074.552944
0,0,0,0,0,0,0,0,77041.0,0,0,0,0,0,1074.552944
737039,0,0,0,0,0,0,0,17602.0,0,0,0,0,0,1478.9292859999994
0,0,0,0,0,0,0,0,54302.0,0,0,0,0,0,1150.2444320000002
0,0,0,0,0,0,0,0,10024.0,0,0,0,0,0,1743.6276379999993
0,0,0,0,0,0,0,0,10024.0,0,0,0,0,0,1743.6276379999993
0,0,0,0,0,0,0,0,10011.0,0,0,0,0,0,1747.7220079999993
736096,736280,0,0,0,0,0,0,61701.0,0,0,0,0,0,1099.211578
0,0,0,0,0,0,0,0,83704.0,0,0,0,0,0,1013.919368
736737,736796,0,0,0,0,0,0,1852.0,0,0,0,0,0,1436.2920400000003
736737,736796,0,0,0,0,0,0,1852.0,0,0,0,0,0,1436.2920400000003
736737,736796,0,0,0,0,0,0,1852.0,0,0,0,0,0,1436.2920400000003
0,735698,0,0,0,0,0,0,98115.0,0,0,0,0,0,1089.0880929999998
0,735698,0,0,0,0,0,0,98115.0,0,0,0,0,0,1089.0880929999998
0,0,0,0,0,0,0,0,90049.0,0,0,0,0,0,1021.7960989999998
0,0,0,0,0,0,0,0,23666.0,0,0,0,0,0,1253.799104
0,0,0,0,0,0,0,0,23666.0,0,0,0,0,0,1253.799104
0,0,0,0,0,0,0,0,23666.0,0,0,0,0,0,1253.799104
0,0,0,0,0,0,0,0,19134.0,0,0,0,0,0,1404.99292
0,736030,0,0,0,0,0,0,68104.0,0,0,0,0,0,1157.377268
0,0,0,0,0,0,0,0,90032.0,0,0,0,0,0,1034.961929
0,0,0,0,0,0,0,0,90032.0,0,0,0,0,0,1034.961929
0,0,0,0,0,0,0,0,90032.0,0,0,0,0,0,1034.961929
0,0,0,0,0,0,0,0,90032.0,0,0,0,0,0,1034.961929
736187,736309,0,0,0,0,0,0,0.0,0,0,0,0,0,1518.1991659999999
0,736737,0,0,0,0,0,0,92037.0,0,0,0,0,0,1028.924495
0,0,0,0,0,0,0,0,19711.0,0,0,0,0,0,1365.6374599999995
0,0,0,0,0,0,0,0,60505.0,0,0,0,0,0,1100.3046960000001
0,0,0,0,0,0,0,0,90008.0,0,0,0,0,0,1030.255799
0,0,0,0,0,0,0,0,90008.0,0,0,0,0,0,1030.255799
735913,0,0,0,0,0,0,0,60653.0,0,0,0,0,0,1088.743308
735913,0,0,0,0,0,0,0,60653.0,0,0,0,0,0,1088.743308
736422,736544,0,0,0,0,0,0,3820.0,0,0,0,0,0,1477.9455059999998
736643,0,0,0,0,0,0,0,60610.0,0,0,0,0,0,1059.751452
736643,0,0,0,0,0,0,0,60610.0,0,0,0,0,0,1059.751452
736336,736367,0,0,0,0,0,0,98115.0,0,0,0,0,0,1048.4349849999996
0,0,0,0,0,0,0,0,23223.0,0,0,0,0,0,1302.1393939999998
0,0,0,0,0,0,0,0,23223.0,0,0,0,0,0,1302.1393939999998
0,0,0,0,0,0,0,0,23223.0,0,0,0,0,0,1302.1393939999998
0,0,0,0,0,0,0,0,23223.0,0,0,0,0,0,1302.1393939999998
0,0,0,0,0,0,0,0,23223.0,0,0,0,0,0,1302.1393939999998
0,0,0,0,0,0,0,0,23223.0,0,0,0,0,0,1302.1393939999998
0,736460,0,0,0,0,0,0,94109.0,0,0,0,0,0,1068.0816129999998
736795,736917,0,0,0,0,0,0,72762.0,0,0,0,0,0,1083.5673719999998
0,0,0,0,0,0,0,0,98103.0,0,0,0,0,0,1048.076349
0,0,0,0,0,0,0,0,98103.0,0,0,0,0,0,1048.076349
0,0,0,0,0,0,0,0,98103.0,0,0,0,0,0,1048.076349
0,0,0,0,0,0,0,0,90036.0,0,0,0,0,0,1034.961929
0,736848,0,0,0,0,0,0,6457.0,0,0,0,0,0,1589.8596339999995
0,736848,0,0,0,0,0,0,6457.0,0,0,0,0,0,1589.8596339999995
736949,0,0,0,0,0,0,0,49505.0,0,0,0,0,0,1070.582292
736887,0,0,0,0,0,0,0,94122.0,0,0,0,0,0,1038.6369609999997
0,0,0,0,0,0,0,0,33012.0,0,0,0,0,0,1194.7120960000002
0,0,0,0,0,0,0,0,33012.0,0,0,0,0,0,1194.7120960000002
0,0,0,0,0,0,0,0,33012.0,0,0,0,0,0,1194.7120960000002
736395,736395,0,0,0,0,0,0,19143.0,0,0,0,0,0,1244.0379639999999
0,736395,0,0,0,0,0,0,30318.0,0,0,0,0,0,1184.0919520000002
0,0,0,0,0,0,0,0,78207.0,0,0,0,0,0,1014.0066380000001
0,0,0,0,0,0,0,0,78207.0,0,0,0,0,0,1014.0066380000001
0,0,0,0,0,0,0,0,78207.0,0,0,0,0,0,1014.0066380000001
0,0,0,0,0,0,0,0,78207.0,0,0,0,0,0,1014.0066380000001
0,0,0,0,0,0,0,0,78207.0,0,0,0,0,0,1014.0066380000001
0,0,0,0,0,0,0,0,78207.0,0,0,0,0,0,1014.0066380000001
0,0,0,0,0,0,0,0,11561.0,0,0,0,0,0,1724.4191099999994
0,0,0,0,0,0,0,0,11561.0,0,0,0,0,0,1724.4191099999994
0,736000,0,0,0,0,0,0,7501.0,0,0,0,0,0,1690.562957999999
0,736000,0,0,0,0,0,0,7501.0,0,0,0,0,0,1690.562957999999
0,736000,0,0,0,0,0,0,7501.0,0,0,0,0,0,1690.562957999999
736212,0,0,0,0,0,0,0,40214.0,0,0,0,0,0,1063.82484
735729,735729,0,0,0,0,0,0,23666.0,0,0,0,0,0,1247.9074019999998
0,736698,0,0,0,0,0,0,77070.0,0,0,0,0,0,1090.96277
0,736698,0,0,0,0,0,0,77070.0,0,0,0,0,0,1090.96277
0,736698,0,0,0,0,0,0,77070.0,0,0,0,0,0,1090.96277
0,736698,0,0,0,0,0,0,77070.0,0,0,0,0,0,1090.96277
0,0,0,0,0,0,0,0,77070.0,0,0,0,0,0,1070.2188320000002
0,0,0,0,0,0,0,0,77070.0,0,0,0,0,0,1070.2188320000002
0,0,0,0,0,0,0,0,77070.0,0,0,0,0,0,1070.2188320000002
0,0,0,0,0,0,0,0,77070.0,0,0,0,0,0,1070.2188320000002
0,0,0,0,0,0,0,0,60610.0,0,0,0,0,0,1100.3046960000001
736299,0,0,0,0,0,0,0,43615.0,0,0,0,0,0,1063.82484
736299,0,0,0,0,0,0,0,43615.0,0,0,0,0,0,1063.82484
736299,0,0,0,0,0,0,0,43615.0,0,0,0,0,0,1063.82484
736299,0,0,0,0,0,0,0,43615.0,0,0,0,0,0,1063.82484
